/*
 * Copyright (c) 2022, MediaTek Inc. All rights reserved.
 *
 * SPDX-License-Identifier: BSD-3-Clause
 */

#include <lib/mtk_init/mtk_init.h>
#include <mt_sspm.h>

_Alignas(8) static const uint8_t sspm_binary[] = {
	0x1e, 0x00, 0x00, 0x40, 0x1e, 0x00, 0x54, 0x24,
	0x1e, 0x00, 0x00, 0xdf, 0x1e, 0x00, 0x54, 0x5e,
	0x1e, 0x00, 0x00, 0xdb, 0x1e, 0x00, 0x00, 0xd9,
	0x1e, 0x00, 0x00, 0xd7, 0x1e, 0x00, 0x2d, 0x4e,
	0x1e, 0x00, 0x00, 0xd5, 0x1e, 0x00, 0x00, 0xd1,
	0x1e, 0x00, 0x00, 0xcf, 0x1e, 0x00, 0x00, 0xcd,
	0x1e, 0x00, 0x00, 0xcb, 0x1e, 0x00, 0x00, 0xc9,
	0x1e, 0x00, 0x00, 0xc7, 0x1e, 0x00, 0x00, 0xc9,
	0x1e, 0x00, 0x53, 0x6c, 0x1e, 0x00, 0x00, 0xc1,
	0x1e, 0x00, 0x2d, 0xe2, 0x1e, 0x00, 0x53, 0x71,
	0x1e, 0x00, 0x53, 0x7a, 0x1e, 0x00, 0x53, 0x83,
	0x1e, 0x00, 0x53, 0x8c, 0x1e, 0x00, 0x53, 0x95,
	0x1e, 0x00, 0x53, 0x9e, 0x1e, 0x00, 0x53, 0xa7,
	0x1e, 0x00, 0x53, 0xb0, 0x1e, 0x00, 0x53, 0xb9,
	0x1e, 0x00, 0x53, 0xc2, 0x1e, 0x00, 0x53, 0xcb,
	0x1e, 0x00, 0x53, 0xd4, 0x1e, 0x00, 0x53, 0xdd,
	0x1d, 0x00, 0x9d, 0x0e, 0x1d, 0x00, 0x9b, 0x0f,
	0x0f, 0x30, 0x04, 0x01, 0x06, 0x40, 0x20, 0x71,
	0x1c, 0x80, 0xfc, 0xe0, 0x0d, 0x01, 0x01, 0x02,
	0x06, 0x70, 0x04, 0x21, 0x93, 0x02, 0x04, 0x1c,
	0x7c, 0x74, 0x04, 0x1e, 0x64, 0x45, 0x8b, 0x52,
	0x86, 0x14, 0x81, 0x1b, 0x04, 0x1e, 0x6b, 0x45,
	0x8b, 0x52, 0x06, 0x70, 0x08, 0x21, 0x0f, 0x0f,
	0xff, 0x02, 0x0d, 0xff, 0xff, 0x22, 0x8a, 0x27,
	0x98, 0x86, 0x04, 0x1e, 0x7c, 0x66, 0x8b, 0x67,
	0x06, 0x40, 0x24, 0x81, 0x1c, 0x00, 0x4b, 0x80,
	0x0f, 0x00, 0x02, 0x05, 0x0d, 0x80, 0x00, 0x55,
	0x06, 0x40, 0x08, 0x47, 0x06, 0x70, 0x28, 0x41,
	0x88, 0x74, 0x0f, 0x00, 0x00, 0x03, 0x0d, 0xb2,
	0x2c, 0x33, 0x0f, 0x52, 0x44, 0x09, 0x0d, 0x4d,
	0x50, 0x99, 0x06, 0x70, 0x00, 0x93, 0x93, 0x03,
	0x1f, 0x00, 0x00, 0x03, 0xa1, 0xb3, 0x04, 0x1c,
	0x62, 0x51, 0x0c, 0x00, 0x03, 0x55, 0x1c, 0x80,
	0x18, 0x20, 0x06, 0xc0, 0x04, 0x23, 0x09, 0x00,
	0x01, 0x11, 0x06, 0xf0, 0x04, 0x24, 0x1d, 0x83,
	0xf4, 0x20, 0x1c, 0x80, 0x14, 0xa0, 0x06, 0xa0,
	0x01, 0x23, 0x09, 0x00, 0x01, 0x55, 0x06, 0xd0,
	0x01, 0x24, 0x1d, 0x83, 0xf4, 0xa0, 0xa0, 0x3f,
	0x1c, 0x00, 0x18, 0x34, 0x04, 0x01, 0xe3, 0x45,
	0x04, 0x1c, 0x62, 0x54, 0x0c, 0x00, 0x03, 0x55,
	0x1c, 0x80, 0x14, 0x80, 0x06, 0xf0, 0x04, 0x03,
	0x09, 0x00, 0x01, 0x44, 0x1d, 0x83, 0xf8, 0x80,
	0x1c, 0x80, 0x10, 0xa0, 0x06, 0xd0, 0x01, 0x03,
	0x09, 0x00, 0x01, 0x55, 0x1d, 0x83, 0xf8, 0xa0,
	0xa0, 0x3f, 0x0f, 0x00, 0x00, 0x04, 0x0d, 0xb2,
	0x2c, 0x44, 0x06, 0x40, 0x00, 0x37, 0x88, 0x73,
	0x06, 0x40, 0x04, 0x57, 0x1f, 0x1f, 0xff, 0xc5,
	0x0f, 0x30, 0x04, 0x01, 0x06, 0x70, 0x04, 0x01,
	0x0f, 0x0e, 0x18, 0x02, 0x0d, 0x28, 0x40, 0x22,
	0x06, 0x70, 0x08, 0x21, 0x0f, 0x00, 0x01, 0x0e,
	0x0d, 0x73, 0xb0, 0xee, 0x0f, 0x00, 0x00, 0x03,
	0x0d, 0xd7, 0x18, 0x33, 0x0f, 0x00, 0x01, 0x04,
	0x0d, 0x73, 0xb0, 0x44, 0x1f, 0x1f, 0xff, 0xc6,
	0x93, 0x03, 0x93, 0x04, 0x1f, 0x00, 0x54, 0xc4,
	0x93, 0x13, 0x1f, 0x00, 0x00, 0x06, 0x1e, 0x00,
	0x00, 0x00, 0x1f, 0x00, 0x4f, 0x77, 0x98, 0x11,
	0x05, 0xc0, 0x00, 0x20, 0xa0, 0x3f, 0x05, 0x80,
	0x00, 0x00, 0x05, 0xa0, 0x00, 0x00, 0x05, 0xa0,
	0x00, 0x00, 0x92, 0x03, 0xa7, 0xd6, 0xa7, 0xe5,
	0xa7, 0xf4, 0x93, 0xe4, 0x0f, 0x00, 0x01, 0x05,
	0x0d, 0x73, 0xb0, 0x55, 0x1b, 0x00, 0x08, 0x45,
	0x0f, 0x00, 0x01, 0x06, 0x0d, 0x77, 0xb0, 0x66,
	0x19, 0x00, 0x03, 0x46, 0x93, 0x5e, 0x92, 0x1d,
	0xa6, 0x3f, 0xa6, 0x41, 0x96, 0x51, 0xa7, 0xed,
	0xa7, 0xdc, 0xa7, 0xcb, 0xa7, 0xba, 0xa7, 0xa9,
	0xa7, 0x98, 0xa7, 0x87, 0xa7, 0x76, 0xa7, 0x65,
	0xa7, 0x54, 0xa7, 0x43, 0xa7, 0x32, 0xc0, 0x9d,
	0xa7, 0x26, 0xc0, 0x93, 0xa7, 0x14, 0x04, 0x15,
	0x40, 0xc5, 0xa7, 0x05, 0x04, 0x15, 0x40, 0x96,
	0xa6, 0xf6, 0x04, 0x15, 0x40, 0x64, 0xa6, 0xe4,
	0x04, 0x15, 0x40, 0xb5, 0xa6, 0xd5, 0x04, 0x15,
	0x40, 0x86, 0xa6, 0xc6, 0x04, 0x15, 0x40, 0x54,
	0xa6, 0xb4, 0x04, 0x15, 0x40, 0xd5, 0xa6, 0xa5,
	0x04, 0x15, 0x40, 0xa6, 0xa6, 0x96, 0x04, 0x15,
	0x40, 0x74, 0xa6, 0x84, 0x04, 0x15, 0x40, 0x45,
	0xa6, 0x75, 0x04, 0x18, 0x20, 0x04, 0x98, 0x35,
	0x04, 0x18, 0x20, 0x54, 0xa7, 0xf1, 0x1f, 0x00,
	0x04, 0xd5, 0xa5, 0xed, 0xa5, 0xdc, 0xa5, 0xcb,
	0xa5, 0xba, 0xa5, 0xa9, 0xa5, 0x98, 0xa5, 0x87,
	0xa5, 0x76, 0xa5, 0x32, 0xa5, 0x23, 0xc0, 0x8a,
	0xa5, 0x14, 0xc0, 0x83, 0xa5, 0x05, 0x04, 0x18,
	0x20, 0x5c, 0xa4, 0xf3, 0x04, 0x18, 0x20, 0x39,
	0xa4, 0xe4, 0x04, 0x18, 0x20, 0x46, 0xa4, 0xd5,
	0x04, 0x18, 0x20, 0x5b, 0xa4, 0xc3, 0x04, 0x18,
	0x20, 0x38, 0xa4, 0xb4, 0x04, 0x18, 0x20, 0x45,
	0xa4, 0xa5, 0x04, 0x18, 0x20, 0x5d, 0xa4, 0x93,
	0x04, 0x18, 0x20, 0x3a, 0xa4, 0x84, 0x04, 0x18,
	0x20, 0x47, 0xa4, 0x75, 0x04, 0x18, 0x20, 0x54,
	0xa5, 0x65, 0xa5, 0x54, 0xa5, 0x43, 0xa4, 0x3f,
	0xa4, 0x41, 0x96, 0x3e, 0x1c, 0x00, 0x03, 0x4e,
	0x93, 0x4e, 0xa5, 0xf4, 0xa5, 0xe5, 0xa5, 0xd6,
	0x97, 0xde, 0xa0, 0x3f, 0x00, 0x17, 0x14, 0x41,
	0x14, 0xc0, 0x16, 0x04, 0x40, 0x00, 0x28, 0x01,
	0x08, 0x01, 0x18, 0x11, 0xa8, 0x06, 0xc9, 0xfd,
	0xb5, 0x06, 0xa8, 0x06, 0xc9, 0x7d, 0x06, 0xf0,
	0xf8, 0x61, 0xa0, 0x3f, 0x00, 0x17, 0x14, 0x41,
	0x08, 0x00, 0x01, 0x36, 0x48, 0xc3, 0x28, 0x01,
	0x88, 0x16, 0x10, 0x80, 0x08, 0x60, 0x9f, 0xd1,
	0xa0, 0x3f, 0x18, 0x83, 0xfe, 0x64, 0x9b, 0x41,
	0x04, 0x0c, 0xe1, 0x37, 0x00, 0x0d, 0x71, 0xc1,
	0x88, 0x17, 0xa8, 0xe7, 0x14, 0x83, 0xec, 0xe0,
	0x9f, 0xc1, 0xab, 0x51, 0x04, 0x89, 0xaf, 0x17,
	0x93, 0x01, 0xaf, 0x57, 0x06, 0x40, 0x20, 0x76,
	0xc9, 0x7e, 0xa1, 0x6b, 0x06, 0x70, 0x20, 0x76,
	0x00, 0x17, 0x14, 0x41, 0x08, 0x00, 0x01, 0x36,
	0x48, 0xc3, 0x28, 0x01, 0x88, 0x16, 0x12, 0xc0,
	0x16, 0x60, 0x9f, 0xd1, 0x10, 0x80, 0x10, 0x64,
	0x00, 0x08, 0x00, 0x07, 0x93, 0x01, 0x06, 0x70,
	0x20, 0x76, 0xaf, 0x57, 0xa0, 0x3f, 0x80, 0x00,
	0x92, 0x02, 0x9f, 0xd1, 0x12, 0xc0, 0x48, 0x60,
	0xa7, 0xef, 0x18, 0x80, 0x42, 0x64, 0x9b, 0x41,
	0x04, 0x0c, 0xe1, 0x36, 0x00, 0x0d, 0x71, 0xc1,
	0x88, 0x16, 0xa8, 0xd6, 0xb9, 0x86, 0x9f, 0xc1,
	0x00, 0x17, 0x14, 0x41, 0x08, 0x00, 0x01, 0x37,
	0x49, 0xbb, 0x28, 0x01, 0x91, 0x87, 0x88, 0x71,
	0x00, 0x10, 0x00, 0x07, 0x06, 0x40, 0x24, 0x81,
	0x87, 0xf7, 0xbc, 0xc8, 0x1d, 0x83, 0xf8, 0xe0,
	0xa7, 0xf6, 0x17, 0x00, 0x51, 0xa1, 0x00, 0x0b,
	0x23, 0x43, 0x98, 0x11, 0xa5, 0xef, 0x97, 0xee,
	0xa0, 0x3f, 0x49, 0x80, 0xa1, 0xfd, 0x80, 0x00,
	0x49, 0x02, 0xf0, 0x37, 0x00, 0x17, 0x14, 0x41,
	0xa7, 0xbf, 0xa8, 0x06, 0x08, 0x00, 0x01, 0x71,
	0x91, 0x81, 0x12, 0xc1, 0x5a, 0xe0, 0x88, 0x61,
	0x10, 0x81, 0x54, 0xe4, 0x9b, 0x46, 0x04, 0x0c,
	0xe6, 0x76, 0x00, 0x0d, 0x71, 0xc8, 0x88, 0x86,
	0xa8, 0xd8, 0x14, 0x81, 0x3f, 0x00, 0x00, 0x0b,
	0x26, 0x03, 0x14, 0x81, 0x30, 0x80, 0x00, 0x0f,
	0xff, 0xf2, 0xa8, 0x38, 0x1b, 0x00, 0x8c, 0x28,
	0xab, 0x32, 0x15, 0x80, 0xfe, 0x40, 0x00, 0x0b,
	0x29, 0xc3, 0x06, 0x40, 0x24, 0x94, 0xa8, 0xb5,
	0x15, 0x80, 0xc5, 0x20, 0x04, 0x09, 0xe5, 0x8a,
	0x0f, 0x03, 0xff, 0x02, 0xab, 0xb8, 0x0d, 0xff,
	0xff, 0x23, 0x04, 0x00, 0xe8, 0xa7, 0x04, 0x04,
	0xe3, 0x82, 0x8a, 0x73, 0x11, 0x00, 0x54, 0x23,
	0x98, 0x17, 0x06, 0x70, 0x28, 0x04, 0x06, 0x70,
	0x24, 0x74, 0x0f, 0xfc, 0x00, 0x07, 0x8a, 0x87,
	0x0f, 0x04, 0x00, 0x02, 0x88, 0x72, 0x04, 0x01,
	0xe8, 0x27, 0x04, 0x0b, 0xe5, 0x77, 0x06, 0x70,
	0x30, 0x24, 0x06, 0x70, 0x2c, 0x74, 0x49, 0x83,
	0xab, 0xb8, 0xb4, 0x88, 0x06, 0x40, 0x20, 0x84,
	0xb5, 0x88, 0xa2, 0x5f, 0xb6, 0x08, 0x06, 0x40,
	0x24, 0x84, 0xbc, 0x38, 0x00, 0x20, 0x00, 0x07,
	0x06, 0x40, 0x28, 0x84, 0xbc, 0x38, 0x04, 0x89,
	0x90, 0x77, 0x06, 0x40, 0x2c, 0x84, 0xbc, 0x28,
	0xad, 0x08, 0x06, 0x40, 0x30, 0x84, 0xbc, 0x28,
	0xad, 0x88, 0xa9, 0x33, 0xbc, 0xa3, 0x06, 0x40,
	0x3c, 0x84, 0x06, 0x40, 0x40, 0x24, 0x06, 0x70,
	0x28, 0x86, 0xa1, 0x07, 0x06, 0x70, 0x2c, 0x26,
	0x06, 0x70, 0x2c, 0x06, 0x06, 0x70, 0x28, 0x06,
	0xaa, 0xb8, 0x20, 0x02, 0x38, 0x77, 0xaa, 0x38,
	0x20, 0x02, 0x28, 0x78, 0xa8, 0xb7, 0x45, 0xc3,
	0xa9, 0xb8, 0x20, 0x02, 0x88, 0x77, 0x20, 0x02,
	0xf3, 0x77, 0x06, 0x40, 0x44, 0x84, 0x49, 0x80,
	0xae, 0x87, 0x06, 0x70, 0x30, 0x86, 0xa5, 0xbf,
	0x97, 0xbe, 0xa0, 0x3f, 0x15, 0x83, 0x83, 0x20,
	0x0f, 0x03, 0xff, 0x02, 0x06, 0x40, 0x20, 0x84,
	0x0d, 0xff, 0xff, 0x23, 0x04, 0x00, 0xe8, 0xa7,
	0x04, 0x04, 0xe3, 0x82, 0x8a, 0x73, 0x11, 0x7f,
	0xb4, 0x23, 0x98, 0x17, 0x06, 0x70, 0x24, 0x74,
	0x16, 0x1f, 0xff, 0xa1, 0x06, 0x70, 0x28, 0x74,
	0x00, 0x00, 0x0f, 0xf1, 0x4f, 0xf0, 0xa7, 0xe1,
	0xa7, 0xc1, 0x17, 0x00, 0x50, 0xf1, 0xa7, 0xf7,
	0xa1, 0x5f, 0xa5, 0xc1, 0xa7, 0xe8, 0xa7, 0xd2,
	0x00, 0x0b, 0x28, 0x03, 0x9f, 0xe1, 0xa1, 0x76,
	0xa7, 0xc1, 0xa1, 0x7d, 0x00, 0x0b, 0x27, 0x03,
	0x9f, 0xc1, 0xa1, 0xfa, 0x4f, 0xe8, 0xa1, 0x7f,
	0x00, 0x0b, 0x25, 0x03, 0x92, 0x03, 0x9f, 0xd1,
	0x10, 0x80, 0x0c, 0x60, 0xa7, 0xdf, 0xa5, 0xdf,
	0x97, 0xde, 0xa0, 0x3f, 0x10, 0x83, 0xfa, 0x64,
	0x00, 0x0d, 0x71, 0xc6, 0x9b, 0x41, 0x04, 0x0c,
	0xe1, 0x31, 0x88, 0x61, 0x4f, 0xe0, 0xa7, 0xf1,
	0xa5, 0xf6, 0xa8, 0xd6, 0x1c, 0x83, 0xe2, 0xc0,
	0x1f, 0x1f, 0xfe, 0xce, 0x1f, 0x00, 0x03, 0x90,
	0xba, 0x41, 0xa7, 0xe1, 0x1f, 0x00, 0x2a, 0x2c,
	0xa5, 0xf1, 0x93, 0x16, 0x06, 0x70, 0x24, 0x01,
	0x06, 0x70, 0x2c, 0x01, 0x4c, 0x08, 0xac, 0x80,
	0x06, 0x70, 0x28, 0x06, 0x06, 0x70, 0x30, 0x16,
	0xa5, 0xe1, 0xbe, 0x31, 0x1f, 0x00, 0x2a, 0x38,
	0x49, 0x80, 0xa1, 0xd7, 0x92, 0x06, 0x00, 0x0d,
	0x7b, 0x81, 0x43, 0x20, 0xa7, 0xaf, 0x4f, 0xfb,
	0x27, 0xf3, 0x4c, 0x1b, 0xa7, 0xd1, 0xa7, 0xe6,
	0xa7, 0xc7, 0xa5, 0xc1, 0x1a, 0xc0, 0x5c, 0x20,
	0x1f, 0x00, 0x03, 0x6a, 0xba, 0x41, 0xa7, 0xb1,
	0x1f, 0x00, 0x2a, 0x06, 0xa5, 0xd1, 0x06, 0xcf,
	0xcc, 0x61, 0xbb, 0x56, 0xa7, 0xd1, 0xa5, 0xd6,
	0xa5, 0xf1, 0x93, 0x67, 0x06, 0x50, 0x30, 0x16,
	0x98, 0x11, 0x06, 0x70, 0x34, 0x16, 0x06, 0x40,
	0x50, 0x16, 0x43, 0x08, 0xa5, 0xc6, 0x17, 0x00,
	0x31, 0xa7, 0x06, 0x70, 0x50, 0x17, 0x06, 0x70,
	0x54, 0x17, 0xa7, 0xe6, 0xa5, 0xb1, 0xbe, 0x31,
	0x1f, 0x00, 0x2a, 0x06, 0xa5, 0xc1, 0x43, 0xf8,
	0xa5, 0xe7, 0x12, 0xc3, 0xb0, 0xe0, 0xa7, 0xc1,
	0x93, 0x71, 0xa5, 0xaf, 0x97, 0xae, 0xa0, 0x3f,
	0xa1, 0x7d, 0xa5, 0xe1, 0x92, 0x15, 0x96, 0xc1,
	0xa6, 0xbf, 0xa7, 0xf1, 0x93, 0x04, 0xa7, 0xe3,
	0xa5, 0xf3, 0x17, 0x00, 0x55, 0xc7, 0x00, 0x00,
	0x04, 0x85, 0xa5, 0xf4, 0x17, 0x1f, 0xfe, 0xce,
	0xa5, 0xe3, 0xa4, 0xbf, 0x96, 0xbe, 0xa0, 0x3f,
	0x92, 0x06, 0x97, 0xb1, 0xa7, 0xaf, 0xa7, 0xf1,
	0x4c, 0x1b, 0xa7, 0xb0, 0x00, 0x00, 0x40, 0x06,
	0x00, 0x0d, 0x7c, 0x01, 0xa7, 0xd7, 0xa7, 0xc6,
	0xa7, 0xe1, 0x00, 0x17, 0x14, 0x41, 0xa5, 0xc6,
	0xa8, 0x01, 0x88, 0x61, 0xab, 0x81, 0xbb, 0x81,
	0xa5, 0xe1, 0xa5, 0xd1, 0x08, 0xff, 0xff, 0x17,
	0xa5, 0xc1, 0x08, 0xff, 0x00, 0x16, 0xa5, 0xe1,
	0x08, 0xff, 0xcc, 0x11, 0xa7, 0xd7, 0xa7, 0xc6,
	0x10, 0x83, 0xda, 0xe0, 0xa7, 0xe1, 0xa5, 0xb1,
	0xbc, 0x31, 0x1f, 0x00, 0x29, 0x99, 0x49, 0x80,
	0xa5, 0xaf, 0x97, 0xae, 0xa0, 0x3f, 0x06, 0x40,
	0x20, 0x11, 0x14, 0x80, 0x64, 0x20, 0xa5, 0xe6,
	0x06, 0x40, 0x24, 0x36, 0x1f, 0x80, 0x00, 0x01,
	0x4c, 0x0b, 0xa5, 0xe8, 0x4c, 0x0b, 0x25, 0xe1,
	0xa9, 0x74, 0xa8, 0x73, 0x04, 0x01, 0xe3, 0x42,
	0xa9, 0x85, 0x49, 0x80, 0xa8, 0x89, 0x13, 0x00,
	0x05, 0x34, 0x04, 0x03, 0xe9, 0x58, 0x93, 0x06,
	0x1d, 0x00, 0x03, 0x95, 0x93, 0x61, 0x13, 0x00,
	0x04, 0x95, 0x98, 0x16, 0x93, 0x16, 0xb9, 0x46,
	0x49, 0x80, 0xa5, 0xe3, 0x4c, 0x0b, 0x25, 0xe4,
	0xaa, 0x23, 0xaa, 0xb4, 0x1b, 0x00, 0x03, 0x32,
	0x93, 0x06, 0x1d, 0x00, 0x03, 0x48, 0x93, 0x61,
	0x1b, 0x00, 0x03, 0x48, 0x93, 0x17, 0xb8, 0x47,
	0xa5, 0xe1, 0xae, 0x02, 0xae, 0x88, 0xa5, 0xe1,
	0x06, 0x40, 0x28, 0x11, 0x15, 0x80, 0x0e, 0x21,
	0xa5, 0xe1, 0xa5, 0xf4, 0x17, 0x00, 0x36, 0x24,
	0xab, 0x83, 0x17, 0x1f, 0xff, 0x19, 0xa5, 0xd3,
	0x1e, 0x1f, 0xff, 0xa9, 0x92, 0x05, 0x0f, 0x03,
	0xff, 0x01, 0xa7, 0xbf, 0xa7, 0xf4, 0xa8, 0x47,
	0xa8, 0x34, 0x0d, 0xff, 0xff, 0x18, 0x42, 0xcc,
	0x27, 0xe5, 0x8a, 0x81, 0xb8, 0x51, 0x04, 0x04,
	0xe8, 0x42, 0x19, 0x00, 0x05, 0x12, 0xa5, 0xbf,
	0x97, 0xbe, 0xa0, 0x3f, 0xa7, 0xd3, 0xa8, 0x23,
	0x88, 0x37, 0x04, 0x04, 0xe8, 0x71, 0x14, 0x83,
	0xf0, 0x20, 0x8a, 0x38, 0x13, 0x7f, 0xf5, 0x81,
	0x0f, 0xfc, 0x00, 0x01, 0x8a, 0x41, 0x0f, 0x04,
	0x00, 0x07, 0x88, 0x17, 0x04, 0x01, 0xe4, 0x71,
	0x98, 0x19, 0xa7, 0xc1, 0x17, 0x00, 0x00, 0x16,
	0xa5, 0xc5, 0xa5, 0xf1, 0x93, 0x18, 0xa8, 0x06,
	0xa5, 0xc1, 0x93, 0x17, 0x44, 0x33, 0xa5, 0xe6,
	0xb6, 0x77, 0xa5, 0xd7, 0xa8, 0x56, 0x44, 0x8b,
	0x28, 0x67, 0x44, 0x38, 0xa5, 0xe7, 0xb6, 0x66,
	0xa5, 0xd6, 0xa1, 0x56, 0xb6, 0x51, 0x80, 0x00,
	0x92, 0x1a, 0x96, 0x71, 0xa6, 0x6f, 0xa7, 0xe1,
	0xa7, 0xc9, 0xa6, 0x75, 0xa6, 0x84, 0xa6, 0x93,
	0x14, 0x81, 0x6c, 0xa0, 0xa7, 0xd6, 0x00, 0x3f,
	0xff, 0x81, 0x1b, 0x00, 0xac, 0x15, 0x1f, 0x00,
	0x02, 0x6f, 0xbd, 0x31, 0x15, 0x80, 0x25, 0x21,
	0xa5, 0xd1, 0x00, 0x0b, 0x2e, 0x43, 0x17, 0x00,
	0x4f, 0x9b, 0xa7, 0xf1, 0x1f, 0x00, 0x29, 0x3c,
	0x00, 0x00, 0x29, 0xc5, 0x00, 0x0b, 0x2b, 0x84,
	0x17, 0x00, 0x52, 0x00, 0x00, 0x0b, 0x2f, 0xc3,
	0x4b, 0x3a, 0xa5, 0xd6, 0x96, 0x84, 0x17, 0x1f,
	0xff, 0x9b, 0x96, 0x93, 0x4b, 0x51, 0xf0, 0x04,
	0x17, 0x00, 0x54, 0xe4, 0x00, 0x00, 0x04, 0x85,
	0x17, 0x1f, 0xfe, 0xd6, 0xa5, 0xd3, 0xa7, 0xe1,
	0xa5, 0xe1, 0x18, 0x80, 0x24, 0x20, 0x17, 0x1f,
	0xfe, 0xcf, 0xa5, 0xd3, 0x17, 0x00, 0x02, 0x44,
	0x93, 0x17, 0xbe, 0x61, 0x1f, 0x00, 0x28, 0xdc,
	0x14, 0x83, 0xe8, 0x20, 0xa7, 0xe7, 0x9f, 0xf1,
	0xa4, 0x6f, 0x96, 0x6e, 0xa0, 0x3f, 0x12, 0xc0,
	0xd6, 0x20, 0x00, 0x0b, 0x30, 0x43, 0x17, 0x00,
	0x28, 0xd3, 0xa6, 0xc0, 0xa4, 0x98, 0x80, 0x78,
	0xba, 0xa1, 0xa4, 0x81, 0x80, 0x45, 0xba, 0x76,
	0xa4, 0x76, 0x80, 0x6e, 0x14, 0x80, 0x92, 0xe0,
	0x04, 0x89, 0xe1, 0x87, 0x4c, 0x13, 0x26, 0xb0,
	0x98, 0x11, 0xa6, 0xd6, 0x4c, 0x0b, 0xa5, 0xc6,
	0x4b, 0x52, 0x27, 0x28, 0xa7, 0xb6, 0xa5, 0xe6,
	0xa6, 0xf7, 0xa7, 0xa6, 0xa4, 0x76, 0x04, 0x0d,
	0xc1, 0x06, 0x04, 0x17, 0x20, 0x01, 0xa4, 0x86,
	0xa6, 0xe7, 0xa7, 0x16, 0xa6, 0xa1, 0xa7, 0x90,
	0xa7, 0x00, 0xa7, 0x30, 0xa7, 0x40, 0x17, 0x1f,
	0xfd, 0xa9, 0xa5, 0xe3, 0xbf, 0xd1, 0x17, 0x1f,
	0xfd, 0x65, 0xa5, 0xe3, 0x1f, 0x00, 0x28, 0xc0,
	0x17, 0x1f, 0xfd, 0x74, 0xa5, 0xe3, 0xbc, 0xc1,
	0xa5, 0xe1, 0x00, 0x0b, 0x32, 0x83, 0x17, 0x00,
	0x4f, 0x2f, 0xa7, 0xf1, 0x17, 0x1f, 0xfd, 0x6a,
	0xa5, 0xe3, 0x1d, 0x83, 0xee, 0x20, 0x17, 0x1f,
	0xfd, 0x2f, 0xa5, 0xe3, 0x1f, 0x1f, 0xfe, 0x48,
	0x16, 0x1f, 0xff, 0xb4, 0x93, 0x01, 0x17, 0x00,
	0x4f, 0x1f, 0x00, 0x0b, 0x31, 0x83, 0x17, 0x1f,
	0xfe, 0x3f, 0xa5, 0xe3, 0x1f, 0x00, 0x28, 0xa0,
	0x16, 0x1f, 0xff, 0xa8, 0x9f, 0xe1, 0xbe, 0x77,
	0x04, 0x89, 0xe1, 0x11, 0xbe, 0x41, 0x04, 0x89,
	0xe1, 0x61, 0xbc, 0x71, 0x98, 0x16, 0x98, 0x21,
	0x16, 0x1f, 0xff, 0xb5, 0x4c, 0x13, 0x26, 0xb6,
	0x98, 0x26, 0x98, 0x41, 0xa6, 0xb6, 0x16, 0x1f,
	0xff, 0xaf, 0xa6, 0xd6, 0x93, 0x11, 0x17, 0x00,
	0x4e, 0xff, 0xa7, 0xf1, 0x16, 0x1f, 0xff, 0x8e,
	0x9f, 0xd1, 0x00, 0x0b, 0x2d, 0x43, 0x1f, 0x00,
	0x4e, 0xf7, 0xa1, 0xdf, 0xa1, 0x7d, 0x00, 0x0b,
	0x2c, 0x83, 0x80, 0x00, 0x49, 0x01, 0xf0, 0x03,
	0x0f, 0x30, 0x04, 0x01, 0x0d, 0x40, 0x00, 0x11,
	0x00, 0x17, 0x14, 0x46, 0xa7, 0xdf, 0x17, 0x1f,
	0xfc, 0xdf, 0xac, 0x51, 0x00, 0x0d, 0x71, 0xc1,
	0x4f, 0xfb, 0x2c, 0x80, 0x06, 0xd0, 0x08, 0x61,
	0xb4, 0x80, 0xb4, 0x80, 0xb4, 0x80, 0xb4, 0x80,
	0x08, 0x00, 0x01, 0x36, 0xb4, 0x80, 0xb4, 0x80,
	0x4c, 0x0b, 0x27, 0xf6, 0xb4, 0x80, 0xb5, 0x80,
	0xb4, 0x86, 0x17, 0x1f, 0xfe, 0x61, 0xa7, 0xe1,
	0xa5, 0xf3, 0xa5, 0xe1, 0x12, 0xc3, 0xd4, 0x64,
	0x93, 0x05, 0x00, 0x00, 0x63, 0x04, 0x17, 0x00,
	0x01, 0x25, 0x00, 0x0c, 0x78, 0xb3, 0x49, 0x80,
	0xa5, 0xdf, 0x97, 0xde, 0xa0, 0x3f, 0x80, 0x00,
	0x00, 0x17, 0x14, 0xc1, 0x4c, 0x08, 0xa8, 0x06,
	0x18, 0x80, 0x06, 0xc0, 0x93, 0x01, 0xa0, 0x3f,
	0x00, 0x17, 0x14, 0x81, 0xa0, 0x2f, 0xb4, 0x84,
	0xb6, 0x03, 0x80, 0x00, 0x9f, 0xf1, 0x11, 0x80,
	0x40, 0x6f, 0x83, 0x15, 0x0f, 0x30, 0x04, 0x07,
	0x0d, 0x21, 0x54, 0x77, 0x88, 0x76, 0x0f, 0x30,
	0x04, 0x08, 0x0d, 0x20, 0x14, 0x88, 0x98, 0x12,
	0x1a, 0xc0, 0x16, 0x40, 0xb3, 0xd3, 0xbe, 0x43,
	0x43, 0xf9, 0x21, 0x7c, 0x87, 0xc8, 0xa8, 0x77,
	0x8a, 0x37, 0x1c, 0x83, 0xf6, 0xe0, 0x12, 0xc0,
	0x10, 0x40, 0x8d, 0x76, 0x99, 0xf7, 0x04, 0x01,
	0xe6, 0x76, 0x83, 0x48, 0x88, 0x61, 0xa0, 0x3f,
	0x98, 0x11, 0x0f, 0x30, 0x04, 0x06, 0x04, 0x09,
	0xe3, 0x17, 0xa0, 0x2f, 0x08, 0x22, 0x54, 0x61,
	0xb6, 0x07, 0x80, 0x00, 0x9f, 0xf1, 0x11, 0x88,
	0x2e, 0x60, 0x04, 0x1c, 0x65, 0x36, 0x82, 0xae,
	0x0f, 0x30, 0x04, 0x06, 0x0d, 0x20, 0x30, 0x66,
	0x88, 0x76, 0x0c, 0x00, 0x1f, 0x38, 0x4c, 0x09,
	0x28, 0x57, 0x04, 0x09, 0xe8, 0x28, 0x8c, 0x81,
	0x8a, 0x17, 0xb6, 0x57, 0xa8, 0x57, 0x45, 0x0b,
	0xf0, 0x01, 0xb6, 0x57, 0xa0, 0x3f, 0x80, 0x00,
	0x9f, 0xf1, 0x1b, 0xc8, 0x06, 0x60, 0xa0, 0x3f,
	0x19, 0x83, 0xfe, 0x8f, 0x11, 0x83, 0xfa, 0xa2,
	0x04, 0x1c, 0x65, 0x39, 0x04, 0x1e, 0x62, 0x97,
	0x0f, 0x30, 0x04, 0x06, 0x0d, 0x20, 0x20, 0x66,
	0x0c, 0x00, 0x1f, 0x32, 0x88, 0x76, 0x98, 0x13,
	0x04, 0x09, 0xe2, 0x33, 0x46, 0x18, 0xa8, 0x58,
	0x8a, 0x18, 0x0f, 0x30, 0x04, 0x02, 0x0d, 0x20,
	0x40, 0x22, 0xba, 0x65, 0x44, 0x39, 0x36, 0x58,
	0xa8, 0x16, 0x45, 0x0b, 0x21, 0x84, 0xa8, 0x16,
	0x8b, 0x36, 0x0f, 0x30, 0x04, 0x01, 0x83, 0x1e,
	0x0d, 0x20, 0x50, 0x11, 0x88, 0x71, 0x20, 0x00,
	0x39, 0x17, 0x06, 0xff, 0xe0, 0x62, 0x49, 0x80,
	0xa8, 0x66, 0x8b, 0x36, 0xb6, 0x66, 0xa8, 0x16,
	0x8b, 0x36, 0xa1, 0x4e, 0xac, 0x16, 0x80, 0x00,
	0x14, 0xc0, 0x10, 0x02, 0x0f, 0x30, 0x04, 0x06,
	0x0d, 0x20, 0x20, 0x61, 0xb0, 0xa7, 0xac, 0x07,
	0x0d, 0x20, 0x24, 0x61, 0x49, 0x80, 0xa0, 0x3f,
	0x14, 0xc0, 0x16, 0x02, 0x0f, 0x30, 0x04, 0x01,
	0x0d, 0x20, 0x20, 0x11, 0xa8, 0x06, 0xb4, 0xa6,
	0xb6, 0x00, 0x0f, 0x30, 0x04, 0x01, 0x0d, 0x20,
	0x24, 0x11, 0x49, 0x80, 0xa0, 0x3f, 0x80, 0x00,
	0x92, 0x01, 0xa7, 0xff, 0x1f, 0x00, 0x27, 0xd4,
	0x49, 0x98, 0xf0, 0x1a, 0xfe, 0x42, 0xfe, 0x43,
	0x17, 0x1f, 0xff, 0xa4, 0xa2, 0xc4, 0x17, 0x00,
	0x27, 0xdb, 0x49, 0x8b, 0xf0, 0xa3, 0x49, 0xb8,
	0xa5, 0xff, 0x97, 0xfe, 0xa0, 0x3f, 0x80, 0x00,
	0x92, 0x02, 0xa7, 0xef, 0x17, 0x00, 0x27, 0x6c,
	0xa7, 0xf3, 0xa5, 0xf1, 0xfe, 0x42, 0xfe, 0x43,
	0x17, 0x1f, 0xff, 0x90, 0xa2, 0xc4, 0x17, 0x00,
	0x27, 0x7f, 0xa7, 0xf1, 0xa5, 0xef, 0xa5, 0xf1,
	0x4b, 0xf7, 0x20, 0x3f, 0x92, 0x01, 0xa7, 0xff,
	0x1f, 0x00, 0x27, 0xae, 0x17, 0x1f, 0xff, 0x68,
	0x49, 0x8a, 0x22, 0xd2, 0x17, 0x00, 0x27, 0xb8,
	0x49, 0x8b, 0xf0, 0x43, 0x49, 0xb8, 0xa5, 0xff,
	0x97, 0xfe, 0xa0, 0x3f, 0x92, 0x02, 0xa7, 0xef,
	0x17, 0x00, 0x27, 0x4a, 0xa7, 0xf3, 0xa5, 0xf1,
	0x17, 0x1f, 0xff, 0x56, 0xa2, 0xc2, 0x17, 0x00,
	0x27, 0x5f, 0xa7, 0xf1, 0xa5, 0xef, 0xa5, 0xf1,
	0x4b, 0xf7, 0x20, 0x3f, 0x92, 0x01, 0xa7, 0xff,
	0x1f, 0x00, 0x27, 0x3a, 0x00, 0x17, 0x15, 0x01,
	0xac, 0x00, 0x00, 0x17, 0x15, 0x41, 0x14, 0xc0,
	0x0a, 0x40, 0xac, 0x00, 0x00, 0x0d, 0x7e, 0xc1,
	0xb5, 0x00, 0xa0, 0x00, 0x14, 0xc0, 0x16, 0x02,
	0x0f, 0x30, 0x04, 0x07, 0x0d, 0x20, 0x20, 0x71,
	0x93, 0x16, 0x0d, 0x20, 0x24, 0x71, 0xb4, 0xd0,
	0xad, 0xd0, 0xaf, 0xd0, 0x0d, 0x20, 0x50, 0x76,
	0x1c, 0xc0, 0x0c, 0x0f, 0x93, 0x61, 0x08, 0x00,
	0x10, 0x66, 0xb4, 0x80, 0xb4, 0x80, 0x9f, 0xf3,
	0x17, 0x1f, 0xfe, 0xf4, 0x9f, 0xf4, 0xa5, 0xff,
	0x16, 0x00, 0x27, 0x2e, 0x97, 0xfe, 0x80, 0x00,
	0x92, 0x05, 0xa7, 0xbf, 0xa2, 0xd0, 0xa7, 0xc3,
	0x4f, 0xf8, 0xa7, 0xf1, 0xa5, 0xf6, 0xa7, 0xd4,
	0x12, 0xc8, 0x0c, 0xc0, 0xa7, 0xe5, 0xa5, 0xbf,
	0x97, 0xbe, 0xa0, 0x3f, 0x06, 0x00, 0x01, 0x63,
	0x18, 0x83, 0xf6, 0xcf, 0x06, 0x00, 0x02, 0x63,
	0x18, 0x83, 0xee, 0xc2, 0x1f, 0x00, 0x26, 0xf8,
	0xa5, 0xf1, 0x91, 0x31, 0x00, 0x0d, 0x7e, 0xc6,
	0x88, 0x61, 0x9f, 0xf6, 0xa8, 0x07, 0xa7, 0xf6,
	0xb8, 0x67, 0xa5, 0xd6, 0x1f, 0x00, 0x27, 0x08,
	0xa1, 0x67, 0xa5, 0xf1, 0xa5, 0xc3, 0xb4, 0x86,
	0xa5, 0xe6, 0xb7, 0x86, 0x17, 0x1f, 0xff, 0x76,
	0xa7, 0xd1, 0xb8, 0x41, 0xa5, 0xd1, 0xa1, 0x73,
	0xac, 0x00, 0xa1, 0x71, 0xa7, 0xf0, 0x80, 0x00,
	0x49, 0x02, 0x70, 0x34, 0xa7, 0xcf, 0x1f, 0x00,
	0x27, 0x2b, 0xa7, 0xe3, 0x13, 0xc0, 0x12, 0x8f,
	0xa7, 0xd1, 0x17, 0x00, 0x27, 0x41, 0xa5, 0xd3,
	0xa5, 0xcf, 0x97, 0xce, 0xa0, 0x3f, 0x1f, 0x1f,
	0xfe, 0xaf, 0x93, 0x13, 0x12, 0xc0, 0x30, 0x60,
	0x82, 0xd0, 0x00, 0x0d, 0x7e, 0xc6, 0x88, 0x61,
	0xa8, 0x07, 0xa8, 0x86, 0xbd, 0xa7, 0x1f, 0x1f,
	0xfe, 0x9d, 0x00, 0x17, 0x15, 0x01, 0x93, 0x63,
	0xa8, 0x06, 0x86, 0x16, 0xb6, 0x06, 0x1f, 0x80,
	0x00, 0x07, 0x00, 0x17, 0x15, 0x41, 0xa8, 0x06,
	0x86, 0x16, 0xb6, 0x06, 0x9f, 0xf3, 0x17, 0x1f,
	0xfe, 0x8d, 0x9f, 0xf4, 0x17, 0x1f, 0xfe, 0xb2,
	0xa5, 0xe3, 0x1f, 0x00, 0x0c, 0xb7, 0xa1, 0xd6,
	0xa7, 0xf3, 0x17, 0x00, 0x4d, 0x39, 0x00, 0x0b,
	0x34, 0x03, 0xa1, 0xf1, 0x92, 0x01, 0x00, 0x17,
	0x14, 0xc1, 0xa7, 0xff, 0xa8, 0x01, 0x1a, 0xc0,
	0x0e, 0x20, 0x98, 0x16, 0x49, 0xb0, 0xa5, 0xff,
	0x97, 0xfe, 0xa0, 0x3f, 0x1f, 0x00, 0x26, 0x90,
	0x14, 0x83, 0xf4, 0x20, 0x93, 0x06, 0xa1, 0xf6,
	0x92, 0x05, 0x00, 0x0d, 0x9e, 0xc1, 0xa7, 0xbf,
	0xa7, 0xe3, 0xa7, 0xf4, 0x13, 0xc0, 0x66, 0x82,
	0xa7, 0xd1, 0x1c, 0x80, 0x48, 0x82, 0x1b, 0xc0,
	0x3e, 0x84, 0x1c, 0x80, 0x40, 0x84, 0x1d, 0x80,
	0x1a, 0x85, 0x4c, 0xe0, 0xa5, 0xd6, 0x04, 0x0c,
	0xe1, 0x31, 0x88, 0x61, 0x17, 0x00, 0x24, 0x88,
	0xa7, 0xc1, 0xa5, 0xc6, 0xae, 0xd1, 0xaf, 0x52,
	0x4c, 0xe0, 0xa5, 0xe6, 0x04, 0x0c, 0xe1, 0x61,
	0xa5, 0xd6, 0x44, 0x30, 0xa5, 0xf7, 0xa8, 0x06,
	0x20, 0x10, 0x80, 0x76, 0xb6, 0x06, 0xa5, 0xbf,
	0x97, 0xbe, 0xa0, 0x3f, 0x1d, 0x83, 0xe4, 0x83,
	0xa1, 0xe5, 0x4c, 0xe0, 0xa5, 0xd6, 0x04, 0x0c,
	0xe1, 0x31, 0x88, 0x61, 0x17, 0x00, 0x24, 0x6c,
	0xa7, 0xc1, 0xa5, 0xc6, 0xad, 0xd1, 0xa1, 0x65,
	0xae, 0x52, 0xbc, 0x34, 0x1d, 0x83, 0xc4, 0x81,
	0x4c, 0xe0, 0xa5, 0xd6, 0x04, 0x0c, 0xe1, 0x31,
	0x88, 0x61, 0xa8, 0x06, 0x04, 0x1c, 0x64, 0x67,
	0x86, 0x17, 0x20, 0x13, 0x84, 0x76, 0xb4, 0x86,
	0x17, 0x00, 0x24, 0x56, 0xa7, 0xc1, 0xa5, 0xc6,
	0xb4, 0xd1, 0xb4, 0xd2, 0xb4, 0xd0, 0xb4, 0xd0,
	0xb4, 0xd0, 0xa1, 0x4b, 0xb6, 0x50, 0x80, 0x00,
	0x92, 0x03, 0xa7, 0xdf, 0x1f, 0x00, 0x2d, 0xc4,
	0x00, 0x17, 0x16, 0x46, 0x00, 0x17, 0x15, 0x87,
	0xa8, 0x56, 0xac, 0x61, 0xb9, 0xa6, 0x00, 0x0c,
	0xd9, 0x41, 0xa7, 0xf6, 0xa1, 0x02, 0xa7, 0xe1,
	0x1f, 0x00, 0x2d, 0xb6, 0xa5, 0xe7, 0xa5, 0xf6,
	0x43, 0xfb, 0x2e, 0x61, 0xa9, 0xe1, 0x48, 0x98,
	0xf0, 0x78, 0x00, 0x0d, 0xbc, 0x87, 0x44, 0x38,
	0xa5, 0xe7, 0x08, 0x00, 0x18, 0x77, 0xac, 0x08,
	0xa7, 0xf6, 0x15, 0x83, 0xde, 0xc0, 0xa7, 0xe7,
	0x00, 0x17, 0x16, 0x01, 0xa8, 0x01, 0x14, 0x80,
	0x3c, 0x20, 0x00, 0x0c, 0x99, 0x46, 0xa7, 0xf1,
	0xa1, 0x02, 0xa7, 0xe6, 0x4c, 0x09, 0xf0, 0x04,
	0x17, 0x00, 0x28, 0xe6, 0x98, 0x35, 0xa5, 0xe7,
	0xa5, 0xf6, 0x43, 0xfb, 0x2e, 0x61, 0xa9, 0xe1,
	0x48, 0x98, 0xf0, 0x78, 0x00, 0x0d, 0xbc, 0x87,
	0x44, 0x38, 0xa5, 0xe7, 0x08, 0x00, 0x40, 0x77,
	0xac, 0x88, 0xa7, 0xf6, 0x15, 0x83, 0xd8, 0xc0,
	0xa7, 0xe7, 0x17, 0x00, 0x01, 0x97, 0x00, 0x01,
	0x0b, 0x83, 0x14, 0xc0, 0x0a, 0x11, 0x98, 0xf6,
	0x00, 0x0d, 0x9e, 0xc1, 0x06, 0xf0, 0x1c, 0x61,
	0x00, 0x17, 0x15, 0xc1, 0x9f, 0xf6, 0xac, 0x06,
	0xa5, 0xdf, 0x97, 0xde, 0xa0, 0x3f, 0x80, 0x00,
	0x92, 0x06, 0x9f, 0xc1, 0xa7, 0xaf, 0xa7, 0xd4,
	0x14, 0x80, 0x40, 0xc0, 0xa7, 0xe6, 0x82, 0xd5,
	0x00, 0x0d, 0xbc, 0x81, 0x88, 0x16, 0x9f, 0xd1,
	0xa8, 0xd6, 0xb9, 0x76, 0xa7, 0xc6, 0x00, 0x17,
	0x15, 0x81, 0x9f, 0xf4, 0xa8, 0x01, 0xa7, 0xb1,
	0x17, 0x00, 0x2a, 0xc0, 0xa5, 0xb3, 0x1d, 0x80,
	0x30, 0x21, 0x49, 0x82, 0xa5, 0xc1, 0xab, 0x01,
	0xb8, 0xb1, 0xf0, 0x04, 0x9f, 0xe1, 0xa7, 0xd1,
	0x17, 0x00, 0x2c, 0x84, 0xa5, 0xb3, 0xa5, 0xd1,
	0xa5, 0xaf, 0x97, 0xae, 0xa0, 0x3f, 0xa5, 0xc6,
	0xa5, 0xd1, 0xaf, 0xd0, 0xae, 0xd1, 0xa5, 0xe1,
	0xa7, 0xd0, 0xa1, 0x73, 0xaf, 0x51, 0xa7, 0xf1,
	0x17, 0x00, 0x4c, 0x46, 0x00, 0x0b, 0x35, 0x43,
	0x4f, 0xd8, 0xa1, 0xf0, 0x92, 0x06, 0x9f, 0xb1,
	0xa7, 0xaf, 0xa8, 0xa7, 0xa7, 0xe4, 0x13, 0x00,
	0x20, 0x75, 0xa7, 0xf3, 0xba, 0x35, 0xa7, 0xd5,
	0xa7, 0xd7, 0xa7, 0xc6, 0x1f, 0x00, 0x25, 0xa0,
	0xa5, 0xf1, 0xa8, 0x01, 0x40, 0x81, 0x25, 0xf1,
	0x17, 0x00, 0x01, 0x5c, 0xa9, 0x04, 0x17, 0x00,
	0x25, 0xb3, 0xa7, 0xb1, 0xa5, 0xc1, 0xb8, 0x91,
	0xa5, 0xb1, 0xbc, 0x71, 0x1f, 0x00, 0x23, 0xa2,
	0xa5, 0xc1, 0x87, 0xf1, 0xa1, 0x6c, 0xa7, 0xc1,
	0x4f, 0xd0, 0xa5, 0xb6, 0xbc, 0x46, 0xa5, 0xaf,
	0x97, 0xae, 0xa0, 0x3f, 0x1f, 0x00, 0x25, 0x84,
	0xa5, 0xf1, 0xa5, 0xd6, 0x48, 0x93, 0x28, 0x01,
	0x20, 0x25, 0x08, 0x14, 0x17, 0x00, 0x01, 0x9a,
	0x40, 0x81, 0x25, 0xe5, 0x17, 0x00, 0x25, 0x94,
	0xa7, 0xb1, 0xa5, 0xb6, 0x01, 0xff, 0xf9, 0xd1,
	0x1d, 0x83, 0xd6, 0xc0, 0x1f, 0x00, 0x25, 0x70,
	0x4c, 0x0b, 0x25, 0xf1, 0xa8, 0x01, 0x40, 0x81,
	0x25, 0xf1, 0xa9, 0x01, 0x17, 0x00, 0x01, 0x46,
	0x04, 0x09, 0xe1, 0x64, 0x17, 0x00, 0x25, 0x80,
	0xa7, 0xf1, 0xa5, 0xf6, 0x01, 0xff, 0xf9, 0xd1,
	0x1d, 0x83, 0xae, 0xc0, 0x49, 0x80, 0xa1, 0xd5,
	0x92, 0x06, 0xa7, 0xaf, 0xa7, 0xe3, 0xaa, 0x23,
	0x4f, 0xfa, 0x27, 0xd4, 0xa7, 0xb5, 0x17, 0x00,
	0x2a, 0x45, 0xa7, 0xc6, 0x14, 0x80, 0x18, 0x21,
	0xa5, 0xb5, 0xa7, 0xf1, 0x17, 0x00, 0x4b, 0xe0,
	0x00, 0x0b, 0x36, 0xc3, 0x9f, 0xb1, 0xa5, 0xaf,
	0x97, 0xae, 0xa0, 0x3f, 0xa5, 0xc6, 0xa5, 0xd4,
	0x17, 0x1f, 0xff, 0x96, 0xa5, 0xe3, 0x15, 0x83,
	0xf0, 0x20, 0xa7, 0xb1, 0x49, 0x82, 0x25, 0xe1,
	0x17, 0x1f, 0xfe, 0xac, 0xa9, 0x83, 0xa1, 0x70,
	0xa5, 0xb1, 0x80, 0x00, 0x92, 0x05, 0x82, 0xd0,
	0x00, 0x0d, 0xbc, 0x87, 0x44, 0x38, 0xa7, 0xbf,
	0xa7, 0xc6, 0xa8, 0x81, 0x4f, 0xe8, 0xa7, 0xe1,
	0xa5, 0xe6, 0xa7, 0xf3, 0x14, 0x80, 0x4e, 0xc0,
	0xa7, 0xd5, 0x17, 0x00, 0x2a, 0x17, 0xaa, 0x53,
	0x93, 0x16, 0x9f, 0x91, 0x1c, 0x80, 0x3e, 0xc0,
	0xa5, 0xd1, 0x1d, 0x80, 0x3e, 0x20, 0x17, 0x1f,
	0xfe, 0x8d, 0x4c, 0x12, 0x25, 0xf3, 0xa5, 0xe1,
	0xaa, 0x87, 0xbc, 0xd7, 0xa8, 0x01, 0x04, 0x1c,
	0x7e, 0x11, 0x15, 0x80, 0x12, 0x21, 0xa5, 0xe1,
	0xa5, 0xf3, 0xa8, 0x86, 0xab, 0x05, 0xab, 0x84,
	0x1f, 0x80, 0x00, 0x07, 0xa5, 0xc1, 0xb8, 0x51,
	0x00, 0x17, 0x15, 0xc1, 0xa5, 0xf6, 0xac, 0x06,
	0x93, 0x01, 0xa5, 0xbf, 0x97, 0xbe, 0xa0, 0x3f,
	0x17, 0x1f, 0xfe, 0x70, 0x4c, 0x2a, 0x25, 0xf3,
	0xa1, 0xf2, 0x80, 0x00, 0x92, 0x03, 0x00, 0x0d,
	0xc2, 0x81, 0xa7, 0xdf, 0xa8, 0x01, 0x4f, 0xe8,
	0xa7, 0xf1, 0xa5, 0xf6, 0xb9, 0x36, 0x49, 0xb1,
	0xf0, 0x06, 0x17, 0x1f, 0xff, 0x93, 0x98, 0x25,
	0xba, 0x61, 0xa7, 0xe1, 0x00, 0x17, 0x15, 0xc1,
	0x98, 0xc6, 0xac, 0x06, 0x49, 0x82, 0xa5, 0xf1,
	0xf0, 0x04, 0x17, 0x00, 0x2b, 0xa3, 0xaa, 0x03,
	0xa5, 0xe1, 0xa5, 0xdf, 0x97, 0xde, 0xa0, 0x3f,
	0x92, 0x03, 0x00, 0x0d, 0xc3, 0x01, 0xa7, 0xdf,
	0xa8, 0x01, 0x4f, 0xe8, 0xa7, 0xf1, 0xa5, 0xf6,
	0xb9, 0x76, 0x93, 0x63, 0x98, 0x45, 0x17, 0x1f,
	0xff, 0x75, 0x98, 0xa6, 0xba, 0xa1, 0xa7, 0xe1,
	0x98, 0x15, 0x98, 0x16, 0x00, 0x00, 0x3e, 0x84,
	0x17, 0x1f, 0xff, 0x92, 0x98, 0xd3, 0xa7, 0xe1,
	0x49, 0x82, 0xa5, 0xf1, 0xf0, 0x04, 0x17, 0x00,
	0x2b, 0x81, 0xaa, 0x03, 0xa5, 0xe1, 0xa5, 0xdf,
	0x97, 0xde, 0xa0, 0x3f, 0x92, 0x06, 0x82, 0xd0,
	0x00, 0x0d, 0xbc, 0x86, 0x44, 0x30, 0xa7, 0xaf,
	0xa7, 0xc4, 0xa8, 0x01, 0x4f, 0xe8, 0xa7, 0xb1,
	0xa5, 0xb6, 0xb8, 0xa6, 0xa7, 0xd3, 0x4f, 0xfa,
	0x70, 0x06, 0x17, 0x1f, 0xff, 0x75, 0xf0, 0x05,
	0xb8, 0x61, 0x49, 0x83, 0x25, 0xc4, 0xa5, 0xaf,
	0x97, 0xae, 0xa0, 0x3f, 0x17, 0x1f, 0xfe, 0xf4,
	0x4c, 0x0a, 0xa5, 0xb3, 0xb8, 0xc1, 0xa7, 0xc1,
	0xa5, 0xd1, 0x00, 0x0b, 0x38, 0x03, 0xa7, 0xf1,
	0xa5, 0xc1, 0x17, 0x00, 0x4b, 0x29, 0xa7, 0xe1,
	0xa1, 0x6f, 0xa5, 0xc1, 0x17, 0x1f, 0xfe, 0x02,
	0x4c, 0x1a, 0x25, 0xd3, 0xa5, 0xd6, 0x00, 0x17,
	0x15, 0xc1, 0xac, 0x06, 0xa1, 0x65, 0xa5, 0xc1,
	0x92, 0x03, 0x82, 0xd0, 0x00, 0x0d, 0xbc, 0x86,
	0x44, 0x30, 0xa7, 0xdf, 0xa7, 0xf3, 0xa8, 0x81,
	0xb9, 0xa1, 0xa7, 0xe1, 0xaa, 0x03, 0x17, 0x00,
	0x28, 0x39, 0x00, 0x0c, 0x53, 0x44, 0x4c, 0x0a,
	0x25, 0xe1, 0xa8, 0x01, 0x20, 0x20, 0xb0, 0x11,
	0xbc, 0x21, 0x98, 0x44, 0x17, 0x1f, 0xfd, 0xe2,
	0xa5, 0xf3, 0x00, 0x0c, 0x53, 0x41, 0xa8, 0x01,
	0xbc, 0x31, 0x1f, 0x00, 0x24, 0x5d, 0xa5, 0xdf,
	0x97, 0xde, 0xa0, 0x3f, 0x17, 0x00, 0x4a, 0xf8,
	0x00, 0x0b, 0x39, 0x83, 0xa1, 0xf9, 0x80, 0x00,
	0xa0, 0x2f, 0x00, 0x17, 0x16, 0x81, 0xac, 0x03,
	0x4d, 0xa3, 0x70, 0x01, 0x04, 0x0c, 0xe6, 0x36,
	0x00, 0x0c, 0x89, 0x07, 0x88, 0x76, 0xa0, 0x2f,
	0xab, 0x56, 0xac, 0x54, 0x93, 0x01, 0x13, 0xc0,
	0x0a, 0x65, 0x00, 0x0c, 0x89, 0x06, 0xa0, 0x3f,
	0x9b, 0x41, 0x04, 0x0c, 0xe1, 0x31, 0x88, 0x61,
	0x06, 0x40, 0x20, 0x61, 0xbc, 0x26, 0xa1, 0x82,
	0xaa, 0x86, 0xa1, 0x76, 0xa8, 0x51, 0x80, 0x00,
	0x93, 0x01, 0x1b, 0xc0, 0x06, 0x65, 0xa0, 0x3f,
	0x9b, 0x41, 0x04, 0x0c, 0xe1, 0x36, 0x00, 0x0c,
	0x89, 0x01, 0x88, 0x16, 0xab, 0xd1, 0xbc, 0x21,
	0xa1, 0x82, 0xaa, 0x51, 0x4c, 0x08, 0xa8, 0x07,
	0x04, 0x09, 0xe4, 0x11, 0x8a, 0x71, 0x1c, 0x83,
	0xe0, 0x20, 0x06, 0x40, 0x2c, 0x76, 0x86, 0x17,
	0xa1, 0x6b, 0x06, 0x70, 0x2c, 0x76, 0x80, 0x00,
	0x9f, 0xe1, 0x11, 0x80, 0x20, 0x65, 0x00, 0x0c,
	0x89, 0x07, 0x4d, 0xa3, 0x70, 0x01, 0x04, 0x0c,
	0xe6, 0x36, 0x88, 0x76, 0xaa, 0x57, 0xac, 0x64,
	0x06, 0x40, 0x30, 0x76, 0x86, 0x17, 0x06, 0x70,
	0x30, 0x76, 0xa0, 0x3f, 0x9f, 0xe1, 0x11, 0x80,
	0x16, 0x65, 0x00, 0x0c, 0x89, 0x07, 0x4d, 0xa3,
	0x70, 0x01, 0x04, 0x0c, 0xe6, 0x36, 0x88, 0x76,
	0xaa, 0xd6, 0xac, 0x54, 0xa0, 0x3f, 0x80, 0x00,
	0x49, 0x00, 0xf0, 0x36, 0x4f, 0xe0, 0xf0, 0x53,
	0x13, 0xc0, 0x0c, 0xc5, 0xa7, 0xff, 0xa5, 0xff,
	0x97, 0xfe, 0xa0, 0x3f, 0x9b, 0x41, 0x04, 0x0c,
	0xe1, 0x66, 0x00, 0x0c, 0x89, 0x01, 0x88, 0x16,
	0x9f, 0xa1, 0xa8, 0xd7, 0xa9, 0xd6, 0x13, 0x7f,
	0xf4, 0x74, 0x20, 0x00, 0x34, 0x66, 0xbc, 0x63,
	0xa8, 0xd5, 0x17, 0x00, 0x4f, 0x71, 0x08, 0x00,
	0x10, 0x64, 0x49, 0x80, 0xa1, 0xea, 0x80, 0x00,
	0x92, 0x02, 0xa7, 0xef, 0x49, 0xab, 0x70, 0x65,
	0x13, 0xc0, 0x0c, 0x65, 0x9f, 0xc1, 0xa5, 0xef,
	0x97, 0xee, 0xa0, 0x3f, 0x9b, 0x41, 0x04, 0x0c,
	0xe1, 0x31, 0x00, 0x0c, 0x89, 0x07, 0x88, 0x71,
	0x20, 0x00, 0x34, 0x57, 0xa7, 0xf1, 0xa9, 0x88,
	0xa8, 0x81, 0x82, 0x81, 0x9f, 0xb1, 0x19, 0x7f,
	0xf0, 0x27, 0xbc, 0x76, 0xb8, 0x65, 0x20, 0x00,
	0x34, 0x83, 0x17, 0x00, 0x4f, 0x4d, 0x93, 0x64,
	0xa5, 0xf1, 0x93, 0x17, 0x06, 0x40, 0x28, 0x11,
	0x08, 0x00, 0x01, 0x16, 0x93, 0x01, 0xa1, 0x60,
	0x06, 0x70, 0x28, 0x67, 0x49, 0x00, 0xf0, 0x37,
	0x49, 0xb2, 0xf0, 0x53, 0x13, 0xc0, 0x0e, 0xe5,
	0x4f, 0xe0, 0xa7, 0xff, 0xa5, 0xff, 0x97, 0xfe,
	0xa0, 0x3f, 0x9b, 0x41, 0x04, 0x0c, 0xe1, 0x76,
	0x00, 0x0c, 0x89, 0x01, 0x88, 0x16, 0xa8, 0xd7,
	0xa9, 0xd6, 0x13, 0x7f, 0xf5, 0x74, 0x9f, 0xa1,
	0xbc, 0x63, 0xbc, 0x55, 0x17, 0x00, 0x4f, 0x28,
	0x20, 0x00, 0x34, 0x64, 0x49, 0x80, 0xa1, 0xec,
	0x92, 0x01, 0xa7, 0xff, 0x1f, 0x1f, 0xff, 0x3e,
	0xba, 0x91, 0x00, 0x0c, 0x89, 0x07, 0x4d, 0xa3,
	0x70, 0x01, 0x04, 0x0c, 0xe6, 0x36, 0x88, 0x76,
	0xad, 0xd4, 0xa5, 0xff, 0x97, 0xfe, 0xa0, 0x3f,
	0x4d, 0xa0, 0xf0, 0x79, 0x49, 0x00, 0xf0, 0x6a,
	0x04, 0x0c, 0xe1, 0x32, 0x00, 0x0c, 0x89, 0x01,
	0x44, 0x09, 0x27, 0xff, 0x1f, 0x00, 0x21, 0xc6,
	0x49, 0xca, 0xa8, 0x11, 0x20, 0x13, 0xc0, 0x31,
	0x20, 0x45, 0xe0, 0x01, 0x93, 0xa4, 0xb5, 0x11,
	0x17, 0x00, 0x21, 0xac, 0xb6, 0x10, 0x1f, 0x1f,
	0xff, 0xd9, 0xbc, 0x41, 0xa5, 0xff, 0x97, 0xfe,
	0xa0, 0x3f, 0x17, 0x00, 0x21, 0xbf, 0x93, 0x94,
	0xa1, 0xfa, 0x80, 0x00, 0x92, 0x10, 0x08, 0x00,
	0x20, 0x32, 0xa7, 0x0f, 0xa8, 0x21, 0x04, 0x1c,
	0x7e, 0x16, 0x20, 0x20, 0xb0, 0x17, 0x40, 0x82,
	0xa7, 0xc6, 0x20, 0x25, 0x08, 0x11, 0xa7, 0xf6,
	0xa7, 0xe1, 0xa8, 0xa1, 0xa9, 0x26, 0xa7, 0xb1,
	0xa9, 0xa1, 0xa7, 0xd7, 0xa7, 0xa6, 0xa7, 0x91,
	0xa8, 0x95, 0xa9, 0x14, 0xaa, 0x18, 0xa9, 0x93,
	0xaa, 0x97, 0xab, 0x96, 0xab, 0x11, 0xa8, 0x12,
	0xa7, 0x53, 0xa7, 0x75, 0xa7, 0x64, 0xa7, 0x38,
	0xa7, 0x47, 0xa7, 0x26, 0xa7, 0x11, 0xa7, 0x82,
	0x17, 0x00, 0x49, 0xd6, 0x00, 0x0b, 0x3b, 0x03,
	0xa5, 0x0f, 0x97, 0x0e, 0xa0, 0x3f, 0x80, 0x00,
	0x92, 0x0e, 0x14, 0x01, 0x1f, 0x03, 0xa7, 0x2f,
	0x0f, 0x3f, 0xff, 0x06, 0xa8, 0x21, 0x0d, 0xff,
	0xff, 0x63, 0x8a, 0x13, 0x1f, 0x00, 0x21, 0x74,
	0x4d, 0xa0, 0xa7, 0xe1, 0xa5, 0xe6, 0x04, 0x0c,
	0xe1, 0x61, 0x00, 0x0c, 0x89, 0x06, 0x88, 0x61,
	0xa7, 0xd1, 0xa5, 0xe1, 0x11, 0x80, 0xe0, 0x25,
	0x00, 0x17, 0x16, 0x01, 0x49, 0x82, 0x25, 0xe3,
	0xa8, 0x01, 0xa7, 0xc1, 0x00, 0x0c, 0x99, 0x41,
	0x17, 0x1f, 0xfe, 0xca, 0xa7, 0xb1, 0xa7, 0xa1,
	0xa5, 0xc1, 0xbd, 0xb1, 0xa7, 0x91, 0xa1, 0x02,
	0xa5, 0xb6, 0x06, 0xc0, 0x40, 0x76, 0x40, 0x98,
	0x27, 0x86, 0xa5, 0xe6, 0x15, 0x00, 0x0c, 0x61,
	0x4c, 0x0b, 0x25, 0x81, 0x06, 0x4f, 0xc8, 0x11,
	0x04, 0x09, 0xe1, 0x66, 0xa5, 0xa1, 0x8a, 0x61,
	0x1d, 0x80, 0xa4, 0x20, 0xa5, 0x91, 0x43, 0xf8,
	0xa5, 0x86, 0x15, 0x83, 0xd8, 0x20, 0xa7, 0x91,
	0x17, 0x1f, 0xfe, 0xea, 0xa5, 0xe3, 0xbb, 0x74,
	0xa5, 0xa1, 0xbd, 0x51, 0xa7, 0xf1, 0x17, 0x00,
	0x49, 0x87, 0x00, 0x0b, 0x45, 0x43, 0xa5, 0xc1,
	0xbc, 0xe1, 0xa1, 0x02, 0xa5, 0xb3, 0x87, 0xf1,
	0xa7, 0xd1, 0x08, 0x00, 0x40, 0x31, 0x17, 0x1f,
	0xff, 0x7f, 0xa7, 0x91, 0xa5, 0xd1, 0xa5, 0x93,
	0x1d, 0x83, 0xee, 0x20, 0xa5, 0xc1, 0x1c, 0x80,
	0x56, 0x20, 0xa7, 0xd1, 0xa1, 0x02, 0xa5, 0xb6,
	0x06, 0xc0, 0x40, 0x16, 0x40, 0x80, 0x27, 0xc6,
	0xa5, 0xe6, 0x15, 0x00, 0x1b, 0x61, 0x4c, 0x0b,
	0x25, 0xc1, 0x06, 0x4f, 0xc8, 0x11, 0x04, 0x09,
	0xe1, 0x61, 0xa5, 0xa6, 0x8a, 0x61, 0xb9, 0x11,
	0x00, 0x17, 0x16, 0x81, 0xa8, 0x01, 0xb8, 0xd1,
	0xa5, 0xc6, 0x06, 0x4f, 0xcc, 0x36, 0x1f, 0x80,
	0x00, 0x01, 0xa5, 0xc1, 0x93, 0x16, 0x06, 0x4f,
	0xe8, 0x11, 0x86, 0x11, 0x06, 0x7f, 0xe8, 0x16,
	0xa5, 0xd1, 0x43, 0xf8, 0xa5, 0xc6, 0x15, 0x83,
	0xba, 0x20, 0xa7, 0xd1, 0x49, 0x80, 0xa5, 0x2f,
	0x97, 0x2e, 0xa0, 0x3f, 0x45, 0xb2, 0x25, 0x81,
	0x93, 0x18, 0x06, 0x4f, 0xe4, 0x11, 0x43, 0x08,
	0xa5, 0xd6, 0xa7, 0x74, 0x06, 0x7f, 0xe4, 0x18,
	0xa5, 0xa1, 0xa9, 0x56, 0x06, 0x7f, 0xe0, 0x18,
	0x06, 0x4f, 0xc4, 0x18, 0x91, 0x21, 0xa7, 0x61,
	0x04, 0x1c, 0x7e, 0x71, 0x14, 0x80, 0x0c, 0xc3,
	0xa7, 0x51, 0x15, 0x80, 0xae, 0xc2, 0xf0, 0x81,
	0x4f, 0xd3, 0x25, 0xd1, 0x20, 0x25, 0x08, 0x74,
	0xa9, 0x81, 0x20, 0x00, 0x34, 0x11, 0xa7, 0x36,
	0xa7, 0x41, 0xa8, 0x81, 0xa5, 0x66, 0x11, 0x00,
	0x09, 0x61, 0x49, 0xc0, 0xa5, 0xe3, 0x17, 0x1f,
	0xfe, 0x85, 0x06, 0x4f, 0xd8, 0x51, 0xa7, 0x31,
	0xa5, 0x81, 0xa5, 0x56, 0x06, 0x4f, 0xc0, 0x11,
	0x20, 0x20, 0xb0, 0x11, 0x45, 0xb0, 0xa5, 0x37,
	0xb8, 0xd1, 0xa5, 0x81, 0x14, 0x82, 0xf0, 0xe0,
	0xa5, 0x74, 0xa7, 0xf7, 0x17, 0x00, 0x49, 0x08,
	0x00, 0x0b, 0x43, 0x83, 0x16, 0x1f, 0xff, 0x70,
	0xa5, 0x74, 0x06, 0x4f, 0xd4, 0x11, 0x1c, 0x83,
	0xe6, 0x20, 0x1d, 0x83, 0xe2, 0xe0, 0x1f, 0x00,
	0x20, 0xb7, 0xa5, 0x86, 0xa5, 0x47, 0x06, 0x7f,
	0xf0, 0x16, 0x06, 0x7f, 0xf4, 0x26, 0xa5, 0x31,
	0x93, 0x76, 0xa7, 0x61, 0xa8, 0x63, 0xa8, 0xd6,
	0xa5, 0x81, 0x93, 0x17, 0x06, 0x4f, 0xdc, 0x41,
	0x06, 0x4f, 0xd4, 0x11, 0x06, 0x4f, 0xd8, 0x57,
	0x1f, 0x80, 0x00, 0x01, 0x1f, 0x00, 0x20, 0xa0,
	0xa5, 0x86, 0xa5, 0x67, 0x06, 0x7f, 0xf8, 0x16,
	0x06, 0x7f, 0xfc, 0x26, 0x06, 0x4f, 0xec, 0x16,
	0x86, 0x11, 0xa1, 0x4d, 0x06, 0x7f, 0xec, 0x16,
	0x06, 0x4f, 0xd8, 0x51, 0x20, 0x25, 0x08, 0x74,
	0xa5, 0x66, 0x17, 0x1f, 0xfe, 0x85, 0xa5, 0xe3,
	0xa5, 0x86, 0xa5, 0x57, 0x06, 0x4f, 0xc0, 0x66,
	0x20, 0x20, 0xb0, 0x66, 0x45, 0xbb, 0x27, 0x51,
	0xa5, 0x57, 0x15, 0x83, 0x72, 0xc0, 0xa5, 0x81,
	0x06, 0x4f, 0xd4, 0x11, 0x1c, 0x83, 0x68, 0x20,
	0x1d, 0x83, 0x64, 0xe0, 0x1f, 0x00, 0x20, 0x78,
	0xa5, 0x86, 0x93, 0x67, 0x06, 0x7f, 0xf0, 0x16,
	0xa5, 0x51, 0x06, 0x7f, 0xf4, 0x26, 0xa5, 0x66,
	0xa7, 0x61, 0xa1, 0x43, 0x06, 0x4f, 0xcc, 0x37,
	0x16, 0x1f, 0xfe, 0xea, 0x93, 0x03, 0x80, 0x00,
	0x92, 0x0a, 0x04, 0x89, 0xa0, 0x46, 0x4c, 0x10,
	0xa7, 0x6f, 0xa7, 0xa7, 0xa7, 0xb4, 0xa7, 0xca,
	0xa7, 0xd9, 0xb8, 0x56, 0xa7, 0x70, 0xa5, 0x6f,
	0x97, 0x6e, 0xa0, 0x3f, 0x01, 0xf0, 0x00, 0x07,
	0xa5, 0xa1, 0x04, 0x04, 0xe7, 0x16, 0x98, 0x31,
	0x15, 0x83, 0xee, 0xc0, 0x8a, 0x97, 0x98, 0x41,
	0x1d, 0x83, 0xe6, 0xe0, 0x1f, 0x1f, 0xfb, 0x5c,
	0xba, 0x41, 0xa7, 0x91, 0x1f, 0x00, 0x21, 0xf8,
	0x0f, 0x30, 0x04, 0x01, 0x0d, 0x80, 0x28, 0x11,
	0x4c, 0x38, 0xa7, 0x81, 0xa5, 0x86, 0xa8, 0x56,
	0x20, 0x20, 0x5e, 0x67, 0xa7, 0x76, 0x1d, 0x83,
	0xc0, 0xe1, 0xa5, 0x81, 0xa8, 0x01, 0x20, 0x20,
	0x5e, 0x16, 0x15, 0x80, 0xf0, 0xc1, 0x00, 0x0b,
	0x47, 0x83, 0x20, 0x20, 0xc2, 0x11, 0x1d, 0x83,
	0xec, 0x20, 0x49, 0x83, 0x70, 0x01, 0x15, 0x80,
	0xd0, 0x20, 0xa5, 0xb1, 0x15, 0x80, 0x12, 0x21,
	0x0f, 0x30, 0x04, 0x07, 0x00, 0x08, 0x00, 0x41,
	0x44, 0x38, 0xa5, 0xd7, 0xb6, 0x07, 0xa5, 0xb8,
	0xa5, 0xa2, 0x0f, 0x30, 0x04, 0x07, 0x00, 0x08,
	0x00, 0x01, 0x20, 0x03, 0xd8, 0x28, 0x88, 0x71,
	0xb6, 0x08, 0xa5, 0xb1, 0xa7, 0xd6, 0x15, 0x80,
	0x44, 0x20, 0xa5, 0xc1, 0x14, 0x80, 0x8a, 0x20,
	0x00, 0x00, 0x0c, 0x81, 0xa5, 0x81, 0xa8, 0x01,
	0x20, 0x20, 0x5e, 0x16, 0x15, 0x80, 0x66, 0xc1,
	0x20, 0x20, 0xc2, 0x16, 0x1d, 0x83, 0xf0, 0xc6,
	0x49, 0x83, 0x27, 0x71, 0x93, 0x01, 0x15, 0x80,
	0x42, 0x20, 0x00, 0x00, 0x0d, 0x11, 0x0f, 0x30,
	0x04, 0x01, 0x0d, 0x80, 0x14, 0x11, 0x4c, 0x0b,
	0xa7, 0xd6, 0xa8, 0x08, 0xae, 0x07, 0xa5, 0xc1,
	0xac, 0x08, 0xa5, 0x91, 0xbe, 0x31, 0x1f, 0x00,
	0x21, 0xbb, 0xa5, 0xd1, 0x14, 0x83, 0x22, 0x20,
	0xa5, 0xd6, 0x00, 0x00, 0x0e, 0x51, 0xa7, 0xf1,
	0xa7, 0xe6, 0x17, 0x00, 0x48, 0x29, 0x00, 0x0b,
	0x52, 0xc3, 0x16, 0x1f, 0xff, 0x86, 0xa5, 0xd1,
	0x43, 0x0b, 0x27, 0xe6, 0xa7, 0xf1, 0xa7, 0xd6,
	0x17, 0x00, 0x48, 0x1e, 0x00, 0x0b, 0x4f, 0x83,
	0xa1, 0xe5, 0x00, 0x00, 0x07, 0xe1, 0x00, 0x0b,
	0x47, 0x83, 0x17, 0x00, 0x48, 0x15, 0xa7, 0xf1,
	0x4c, 0x3b, 0x21, 0x4f, 0x98, 0x11, 0x00, 0x0b,
	0x4d, 0x43, 0x98, 0x16, 0xa7, 0xf1, 0x17, 0x00,
	0x48, 0x0b, 0xa7, 0xd6, 0xa1, 0xd3, 0xa7, 0xe6,
	0x00, 0x00, 0x0b, 0xa1, 0xa1, 0x78, 0x00, 0x0b,
	0x4a, 0x03, 0x00, 0x00, 0x06, 0x31, 0x17, 0x00,
	0x47, 0xff, 0xa7, 0xf1, 0x98, 0x76, 0x16, 0x1f,
	0xff, 0x8c, 0x98, 0x11, 0x49, 0xa5, 0x70, 0x37,
	0x16, 0x1f, 0xff, 0x4c, 0x49, 0x84, 0xf0, 0x04,
	0x49, 0xa4, 0xf0, 0x37, 0x93, 0x0a, 0x16, 0x1f,
	0xff, 0x45, 0x98, 0x14, 0x92, 0x06, 0x97, 0xb4,
	0xa7, 0xaf, 0xa7, 0xb0, 0x17, 0x1f, 0xff, 0xf0,
	0x00, 0x00, 0x40, 0xe3, 0x00, 0x05, 0xaa, 0x57,
	0xa5, 0xb6, 0x14, 0x00, 0x11, 0x67, 0x00, 0x0b,
	0x56, 0x43, 0x4c, 0xf3, 0x27, 0xe6, 0xa7, 0xd1,
	0xa7, 0xc6, 0x00, 0x00, 0x0f, 0xd1, 0x17, 0x00,
	0x47, 0xd7, 0xa7, 0xf1, 0xa5, 0xaf, 0xa5, 0xc1,
	0x4b, 0xd7, 0x20, 0x3f, 0xa7, 0xc0, 0xa1, 0x78,
	0x00, 0x0b, 0x5a, 0x83, 0x92, 0x08, 0x97, 0x91,
	0xa7, 0x8f, 0xa7, 0xb1, 0xa7, 0x90, 0x00, 0x0a,
	0x55, 0xa4, 0x17, 0x1f, 0xff, 0xd3, 0x00, 0x00,
	0x41, 0x03, 0xa7, 0xa1, 0xa5, 0xb4, 0x17, 0x1f,
	0xff, 0xc7, 0x00, 0x00, 0x41, 0x03, 0x00, 0x0a,
	0x55, 0xa6, 0xa5, 0x97, 0x15, 0x00, 0x05, 0x76,
	0xa5, 0xa6, 0x8b, 0x16, 0xbd, 0x06, 0xa7, 0xc1,
	0xa5, 0xa6, 0x00, 0x00, 0x10, 0xe1, 0xa7, 0xe7,
	0xa7, 0xd6, 0xa7, 0xf1, 0x17, 0x00, 0x47, 0xac,
	0x00, 0x0b, 0x5c, 0x43, 0x99, 0xa1, 0xa5, 0x8f,
	0x97, 0x8e, 0xa0, 0x3f, 0x17, 0x00, 0x47, 0xa4,
	0x00, 0x0b, 0x61, 0x43, 0x49, 0x80, 0xa1, 0xf9,
	0x92, 0x01, 0xa7, 0xff, 0x1f, 0x1f, 0xff, 0xb0,
	0x1f, 0x1f, 0xff, 0xce, 0x17, 0x00, 0x47, 0x98,
	0x00, 0x0b, 0x62, 0x83, 0x49, 0x80, 0xa5, 0xff,
	0x97, 0xfe, 0xa0, 0x3f, 0x00, 0x03, 0x2c, 0x81,
	0xa0, 0x3f, 0x80, 0x00, 0x0f, 0x30, 0x04, 0x01,
	0x0d, 0x10, 0x8c, 0x11, 0xa8, 0x01, 0xa0, 0x3f,
	0x00, 0x0c, 0x54, 0x81, 0x0f, 0x30, 0x04, 0x06,
	0x0d, 0x10, 0x8c, 0x66, 0xa8, 0x07, 0xa8, 0x56,
	0x04, 0x0c, 0xe6, 0x76, 0xa0, 0x2f, 0xa8, 0x81,
	0x04, 0x0b, 0xe1, 0x61, 0x92, 0x04, 0xa7, 0xcf,
	0xba, 0x43, 0xa7, 0xf3, 0x1f, 0x00, 0x20, 0xe0,
	0x0f, 0x30, 0x04, 0x01, 0x0d, 0x10, 0x8c, 0x11,
	0xa8, 0x06, 0xa8, 0x81, 0xa7, 0xd1, 0xa5, 0xf1,
	0xba, 0x41, 0xa7, 0xe6, 0x1f, 0x00, 0x20, 0xf0,
	0xa5, 0xcf, 0xa5, 0xe1, 0xa5, 0xd2, 0x4b, 0xe7,
	0x20, 0x3f, 0x80, 0x00, 0x16, 0x1f, 0xff, 0xe8,
	0x93, 0x03, 0x80, 0x00, 0x92, 0x01, 0xa7, 0xff,
	0x1f, 0x1f, 0xff, 0xfa, 0x00, 0x0c, 0x54, 0x86,
	0x04, 0x1c, 0x70, 0x14, 0xa8, 0xd8, 0xa8, 0x56,
	0x04, 0x0c, 0xe6, 0x23, 0x81, 0xc1, 0x04, 0x0c,
	0xe6, 0x17, 0x81, 0xe8, 0x04, 0x1c, 0x70, 0x65,
	0x04, 0x0c, 0xe1, 0x26, 0x04, 0x0c, 0xe1, 0x41,
	0x04, 0x1c, 0x70, 0x66, 0x88, 0x61, 0x04, 0x0c,
	0xe5, 0x26, 0x04, 0x0c, 0xe5, 0x42, 0x81, 0xc3,
	0x88, 0x46, 0x04, 0x1c, 0x70, 0x11, 0x04, 0x1c,
	0x70, 0x66, 0x88, 0x16, 0x44, 0x13, 0x70, 0x02,
	0x88, 0x36, 0x10, 0x84, 0x0b, 0x00, 0x04, 0x0b,
	0xe8, 0x61, 0x93, 0x12, 0x9a, 0x01, 0x89, 0x81,
	0x04, 0x0b, 0xe8, 0x77, 0x04, 0x09, 0xe1, 0x61,
	0x8b, 0x17, 0x09, 0x00, 0x20, 0x81, 0x10, 0x84,
	0x0b, 0x00, 0x04, 0x0b, 0xe1, 0x61, 0x93, 0x71,
	0xa5, 0xff, 0x97, 0xfe, 0xa0, 0x3f, 0x80, 0x00,
	0x92, 0x08, 0xa7, 0x8f, 0xa7, 0xa8, 0xa7, 0xb6,
	0xa7, 0xc5, 0xa7, 0xd4, 0xa7, 0xe3, 0xba, 0x47,
	0xa7, 0xf7, 0x1f, 0x00, 0x20, 0x81, 0x4c, 0x0b,
	0x25, 0xe1, 0x98, 0x17, 0xbc, 0x21, 0x93, 0x07,
	0x4c, 0x08, 0xa5, 0xd8, 0xbc, 0x28, 0x93, 0x01,
	0x8a, 0x71, 0x00, 0x0c, 0x53, 0x87, 0xba, 0xf1,
	0xa7, 0x97, 0x4c, 0x08, 0xa5, 0xc7, 0xbc, 0x27,
	0x93, 0x01, 0xa5, 0xb7, 0xbc, 0x27, 0x93, 0x06,
	0x49, 0xb9, 0x25, 0xc8, 0x8a, 0x16, 0xa7, 0xb8,
	0xb8, 0xb6, 0xa7, 0xc2, 0xa5, 0x91, 0xa9, 0x86,
	0xa9, 0x08, 0xa8, 0x87, 0xa8, 0x01, 0xa7, 0xc6,
	0xa7, 0xb8, 0xa7, 0xd7, 0xa7, 0xe1, 0xa5, 0xf1,
	0xbe, 0x31, 0x1f, 0x00, 0x20, 0x75, 0x17, 0x1f,
	0xff, 0x73, 0xa5, 0xf3, 0xa5, 0xa6, 0xbc, 0x36,
	0xb4, 0xd1, 0xb6, 0x52, 0xa5, 0xb6, 0x04, 0x01,
	0xe6, 0x15, 0xa5, 0x96, 0xa5, 0xc1, 0x04, 0x03,
	0xe1, 0x21, 0x40, 0xf3, 0x2a, 0x56, 0x04, 0x0c,
	0xe6, 0x13, 0x81, 0xe8, 0x04, 0x0c, 0xe1, 0x78,
	0x04, 0x1c, 0x70, 0x54, 0x04, 0x0c, 0xe1, 0x41,
	0x04, 0x1c, 0x70, 0x88, 0x04, 0x0c, 0xe6, 0x52,
	0x04, 0x1c, 0x70, 0x65, 0x44, 0x40, 0xa5, 0x98,
	0x04, 0x0c, 0xe5, 0x76, 0x04, 0x0c, 0xe5, 0x47,
	0x40, 0xe1, 0xaa, 0xf8, 0x88, 0x46, 0x04, 0x1c,
	0x70, 0x11, 0x04, 0x1c, 0x70, 0x66, 0x88, 0x16,
	0x44, 0x3b, 0x70, 0x07, 0x88, 0x36, 0x10, 0x84,
	0x0b, 0x00, 0x04, 0x0b, 0xe8, 0x61, 0x93, 0x17,
	0x04, 0x0b, 0xe8, 0x21, 0x9a, 0x02, 0x89, 0x82,
	0x04, 0x09, 0xe2, 0x62, 0x8b, 0x21, 0x09, 0x00,
	0x20, 0x82, 0x10, 0x84, 0x0b, 0x00, 0x04, 0x0b,
	0xe2, 0x66, 0x93, 0x16, 0xa5, 0xe1, 0xa5, 0x8f,
	0x04, 0x00, 0xe6, 0x11, 0xa5, 0xd6, 0x04, 0x02,
	0xe7, 0x62, 0x4b, 0xc7, 0x20, 0x3f, 0x80, 0x00,
	0x1e, 0x1f, 0xff, 0x80, 0x92, 0x01, 0x00, 0x0c,
	0x56, 0x07, 0xa7, 0xff, 0xa8, 0x61, 0xbc, 0x61,
	0x93, 0x06, 0x49, 0xb0, 0xa5, 0xff, 0x97, 0xfe,
	0xa0, 0x3f, 0x1f, 0x00, 0x1e, 0x6f, 0x14, 0x83,
	0xf4, 0x20, 0x4c, 0x0b, 0x2c, 0x61, 0x93, 0x04,
	0x17, 0x00, 0x01, 0x18, 0x99, 0x43, 0x93, 0x04,
	0x17, 0x00, 0x01, 0x14, 0x99, 0x53, 0x93, 0x04,
	0x17, 0x00, 0x01, 0x10, 0x99, 0x63, 0x93, 0x04,
	0x17, 0x00, 0x01, 0x0c, 0x99, 0x73, 0xa1, 0xe5,
	0x92, 0x04, 0x97, 0xd1, 0xa7, 0xcf, 0xa7, 0xf1,
	0x17, 0x1f, 0xff, 0xda, 0xa7, 0xe3, 0x49, 0x8b,
	0x70, 0x01, 0xb8, 0x66, 0x00, 0x0c, 0x56, 0x06,
	0xa5, 0xcf, 0x97, 0xce, 0xa0, 0x3f, 0x4c, 0x22,
	0xa5, 0xe1, 0x48, 0x90, 0xa8, 0x54, 0x17, 0x00,
	0x4b, 0x5b, 0x44, 0x0a, 0x25, 0xf3, 0xa1, 0x75,
	0xa5, 0xd1, 0x80, 0x00, 0x92, 0x07, 0x00, 0x0c,
	0x53, 0x81, 0xa7, 0x9f, 0xa7, 0xf3, 0xa7, 0xe1,
	0xa5, 0xf1, 0xbe, 0x31, 0x1f, 0x00, 0x1f, 0xc4,
	0x17, 0x1f, 0xff, 0xdc, 0x99, 0x43, 0x17, 0x1f,
	0xff, 0xd9, 0x4c, 0xa9, 0xa7, 0xd1, 0xa5, 0xd7,
	0x20, 0x20, 0xf8, 0x77, 0xa5, 0xd6, 0x4c, 0x0b,
	0xa7, 0xc7, 0x04, 0x89, 0xff, 0x66, 0xa7, 0xb7,
	0xbe, 0x26, 0xa7, 0xb0, 0x0f, 0x0f, 0xff, 0x06,
	0x0d, 0xff, 0xff, 0x66, 0x4c, 0xb9, 0xa5, 0xd7,
	0x45, 0x3b, 0x27, 0xa6, 0xa5, 0xe7, 0xad, 0xe6,
	0x17, 0x1f, 0xff, 0xc0, 0xad, 0x61, 0x17, 0x1f,
	0xff, 0xbd, 0x4c, 0xb1, 0xa7, 0xd1, 0xa5, 0xe8,
	0xa5, 0xa6, 0x45, 0x0b, 0x25, 0xd2, 0x06, 0x70,
	0x20, 0x18, 0x20, 0x20, 0xf8, 0x17, 0x49, 0xc0,
	0xf0, 0x28, 0xaf, 0x88, 0xb4, 0x82, 0x4c, 0x08,
	0xac, 0x06, 0xa7, 0xa1, 0xa5, 0xc1, 0x15, 0x00,
	0x0a, 0x17, 0xa5, 0xe8, 0xa5, 0xb1, 0xa7, 0xa0,
	0x06, 0x50, 0x24, 0x18, 0xa5, 0xc1, 0x06, 0x50,
	0x25, 0x18, 0xa5, 0xf1, 0xbe, 0x31, 0x1f, 0x00,
	0x1f, 0x9f, 0xa5, 0xa1, 0x1d, 0x83, 0x74, 0x20,
	0x49, 0x80, 0xa5, 0x9f, 0x97, 0x9e, 0xa0, 0x3f,
	0x92, 0x01, 0xa7, 0xff, 0x17, 0x1f, 0xff, 0x92,
	0x99, 0x63, 0x49, 0x8b, 0x70, 0x01, 0xbe, 0x46,
	0xa5, 0xff, 0x97, 0xfe, 0xa0, 0x3f, 0x00, 0x0c,
	0x55, 0x41, 0x4c, 0x08, 0xa8, 0x87, 0x1d, 0x7f,
	0xf9, 0x67, 0x49, 0x80, 0xa1, 0xf7, 0x80, 0x00,
	0x92, 0x05, 0xa7, 0xbf, 0xa7, 0xf4, 0xa7, 0xe3,
	0x17, 0x1f, 0xfe, 0x7e, 0xa5, 0xf3, 0xa7, 0xc1,
	0x17, 0x1f, 0xff, 0xe4, 0xa7, 0xd2, 0xbc, 0x41,
	0x17, 0x1f, 0xff, 0x8e, 0xa5, 0xf3, 0x00, 0x0c,
	0x53, 0x82, 0x49, 0x84, 0x25, 0xc6, 0xa9, 0x11,
	0x04, 0x01, 0xe1, 0x6a, 0xa9, 0x91, 0xa5, 0xd6,
	0x04, 0x03, 0xe1, 0x61, 0xaa, 0x13, 0x04, 0x0c,
	0xe3, 0x17, 0x81, 0xd3, 0x0c, 0xff, 0xff, 0xa1,
	0x04, 0x0c, 0xe4, 0x16, 0x04, 0x1c, 0x70, 0x39,
	0x04, 0x0c, 0xe3, 0xa3, 0x04, 0x1c, 0x70, 0xaa,
	0x04, 0x1c, 0x70, 0x65, 0x04, 0x0c, 0xe9, 0x16,
	0x04, 0x0c, 0xe4, 0xa1, 0x88, 0x51, 0x81, 0xc4,
	0x44, 0x2b, 0x28, 0x95, 0x04, 0x1c, 0x70, 0x11,
	0x04, 0x1c, 0x70, 0x66, 0x04, 0x0c, 0xe9, 0xa4,
	0x44, 0x0b, 0x28, 0x19, 0x06, 0x00, 0x24, 0x12,
	0x44, 0x23, 0x2a, 0x94, 0x88, 0x67, 0x14, 0x80,
	0x4e, 0x20, 0xa5, 0xe2, 0xa5, 0xc1, 0xb4, 0x99,
	0xb5, 0x95, 0xb6, 0x11, 0xa5, 0xd1, 0xae, 0x91,
	0x10, 0x84, 0x0a, 0x80, 0x04, 0x0b, 0xe4, 0x71,
	0x93, 0x18, 0x9a, 0x06, 0x89, 0x46, 0x04, 0x0b,
	0xe4, 0x31, 0x04, 0x09, 0xe6, 0x76, 0x8b, 0x61,
	0x09, 0x00, 0x20, 0x46, 0x10, 0x84, 0x0a, 0x80,
	0x04, 0x0b, 0xe6, 0x76, 0x93, 0x16, 0x4c, 0x08,
	0xad, 0x16, 0xad, 0x98, 0xa5, 0xe6, 0x06, 0x50,
	0x18, 0x16, 0xa5, 0xbf, 0x06, 0x00, 0x18, 0x16,
	0x4b, 0xdf, 0x20, 0x3f, 0x10, 0x84, 0x0a, 0x80,
	0x04, 0x0b, 0xe4, 0x71, 0x93, 0x18, 0x9a, 0x06,
	0x89, 0x46, 0x04, 0x0b, 0xe4, 0x31, 0x04, 0x09,
	0xe6, 0x76, 0x8b, 0x61, 0x09, 0x00, 0x20, 0x46,
	0x10, 0x84, 0x0a, 0x80, 0x04, 0x0b, 0xe6, 0x76,
	0x93, 0x16, 0x04, 0x00, 0xe6, 0x91, 0xa5, 0xe6,
	0x04, 0x02, 0xe8, 0x57, 0x49, 0x80, 0xb4, 0xd1,
	0xb5, 0xd7, 0xa5, 0xc7, 0xb4, 0xd7, 0xa5, 0xd7,
	0xb6, 0xd7, 0xb4, 0xd0, 0xa1, 0x58, 0xb6, 0x50,
	0x92, 0x04, 0x97, 0xd1, 0xa7, 0xcf, 0xa7, 0xf1,
	0xa7, 0xd4, 0x17, 0x1f, 0xfe, 0xd1, 0xa7, 0xe3,
	0x49, 0x8b, 0x70, 0x01, 0xb8, 0x66, 0x00, 0x0c,
	0x56, 0x06, 0xa5, 0xcf, 0x97, 0xce, 0xa0, 0x3f,
	0x4c, 0x22, 0xa5, 0xe1, 0x48, 0x90, 0xa8, 0x53,
	0x17, 0x00, 0x4a, 0x52, 0x44, 0x09, 0xa5, 0xf4,
	0x4c, 0x20, 0xa1, 0xf5, 0x92, 0x0b, 0x00, 0x0c,
	0x54, 0x01, 0xa7, 0x5f, 0xb2, 0x06, 0xa7, 0x91,
	0xaa, 0x81, 0xa7, 0xe6, 0xa7, 0xf1, 0xa5, 0x91,
	0x08, 0x00, 0x2c, 0x11, 0x00, 0x0b, 0x63, 0xc3,
	0x17, 0x00, 0x45, 0x4a, 0xa7, 0x81, 0x0f, 0x3b,
	0x9a, 0x01, 0x0d, 0xca, 0x00, 0x15, 0xa5, 0x91,
	0x0f, 0x00, 0x00, 0x06, 0xa9, 0x01, 0xa7, 0x71,
	0xa5, 0x91, 0xa5, 0x73, 0xa9, 0x81, 0xa7, 0x91,
	0x17, 0x00, 0x4a, 0xa2, 0xa5, 0x94, 0x49, 0x83,
	0x25, 0x73, 0xa7, 0x62, 0xa7, 0x71, 0xa5, 0x94,
	0x17, 0x00, 0x4a, 0x9a, 0x00, 0x00, 0x3e, 0x85,
	0x49, 0x92, 0x70, 0x13, 0xf0, 0x06, 0x17, 0x00,
	0x4a, 0x93, 0x00, 0xf4, 0x24, 0x05, 0xa5, 0x71,
	0xa7, 0xd8, 0xa7, 0xe1, 0xa5, 0x61, 0xa7, 0xc7,
	0xa7, 0xf1, 0x17, 0x00, 0x45, 0x21, 0x00, 0x0b,
	0x65, 0x43, 0xa5, 0x81, 0x00, 0x0b, 0x66, 0x83,
	0xa2, 0x40, 0x81, 0x45, 0x90, 0x81, 0xa7, 0xe6,
	0x17, 0x00, 0x45, 0x16, 0xa7, 0xf1, 0xa5, 0x5f,
	0x97, 0x5e, 0xa0, 0x3f, 0x16, 0x1f, 0xff, 0x16,
	0x93, 0x04, 0x80, 0x00, 0x92, 0x08, 0xa7, 0x8f,
	0x1f, 0x1f, 0xfd, 0x84, 0x17, 0x1f, 0xff, 0xf8,
	0x97, 0x93, 0x1f, 0x1f, 0xfd, 0x7f, 0x17, 0x1f,
	0xff, 0x91, 0x4c, 0xc1, 0xa5, 0xa4, 0x17, 0x1f,
	0xff, 0x8d, 0x4c, 0xc9, 0xa5, 0x94, 0xa5, 0x8f,
	0x97, 0x8e, 0xa0, 0x3f, 0x16, 0x1f, 0xfe, 0xfe,
	0x98, 0x14, 0x80, 0x00, 0x92, 0x01, 0xa7, 0xff,
	0x1f, 0x1f, 0xfd, 0x66, 0x13, 0x00, 0x06, 0x13,
	0x9f, 0xf6, 0xa1, 0x05, 0x04, 0x01, 0xe3, 0x16,
	0x89, 0x36, 0x88, 0x16, 0x98, 0x11, 0x19, 0x00,
	0x03, 0x46, 0x93, 0x01, 0xa5, 0xff, 0x97, 0xfe,
	0xa0, 0x3f, 0x80, 0x00, 0x92, 0x01, 0xa7, 0xff,
	0x1f, 0x1f, 0xfd, 0x4e, 0x17, 0x1f, 0xfd, 0x50,
	0x93, 0x14, 0x93, 0x13, 0x1f, 0x1f, 0xff, 0xe4,
	0x14, 0x83, 0xfc, 0x20, 0xa5, 0xff, 0x97, 0xfe,
	0xa0, 0x3f, 0x80, 0x00, 0x1e, 0x1f, 0xff, 0xf0,
	0x00, 0x30, 0x04, 0x11, 0x15, 0x80, 0x0e, 0x81,
	0x04, 0x1e, 0x6c, 0x16, 0xa8, 0x51, 0x64, 0x80,
	0x21, 0x84, 0xa8, 0x51, 0xc9, 0x80, 0x49, 0x80,
	0xac, 0x51, 0xa0, 0x3f, 0x16, 0x1f, 0xff, 0xf2,
	0x98, 0x14, 0x80, 0x00, 0x16, 0x1f, 0xff, 0xee,
	0x93, 0x04, 0x80, 0x00, 0x92, 0x01, 0xa7, 0xff,
	0x1f, 0x1f, 0xff, 0xfa, 0x93, 0x16, 0x9f, 0xf1,
	0xba, 0xe6, 0x00, 0x30, 0x04, 0x16, 0x48, 0xe3,
	0x70, 0x01, 0x00, 0x00, 0xa2, 0x87, 0xa8, 0x58,
	0xc9, 0x27, 0xb4, 0xd8, 0xb5, 0x57, 0xa8, 0x57,
	0xc9, 0x06, 0xb6, 0x57, 0xa5, 0xff, 0x97, 0xfe,
	0xa0, 0x3f, 0x80, 0x00, 0x92, 0x01, 0xa7, 0xff,
	0x1f, 0x00, 0x26, 0x54, 0x00, 0x0c, 0x56, 0x47,
	0x0f, 0x30, 0x04, 0x06, 0x0d, 0x10, 0x0c, 0x66,
	0xac, 0x61, 0xa8, 0x51, 0x00, 0x0c, 0x56, 0x87,
	0xac, 0x61, 0xa8, 0x51, 0x04, 0x89, 0x85, 0x17,
	0x93, 0x61, 0xb6, 0x07, 0xaa, 0x01, 0x0c, 0x00,
	0x10, 0x11, 0x15, 0x83, 0xf0, 0x20, 0xa5, 0xff,
	0x97, 0xfe, 0xa0, 0x3f, 0x92, 0x01, 0xa7, 0xff,
	0x1f, 0x00, 0x25, 0x96, 0x49, 0x8b, 0x70, 0x01,
	0x1d, 0x80, 0x0a, 0xc1, 0xa5, 0xff, 0x97, 0xfe,
	0xa0, 0x3f, 0x1f, 0x00, 0x25, 0x8d, 0x49, 0x8b,
	0x70, 0x01, 0x1c, 0x83, 0xf2, 0xc0, 0x1f, 0x1f,
	0xf7, 0x3f, 0xbe, 0x41, 0x1f, 0x00, 0x1d, 0xd8,
	0xbc, 0x41, 0x1f, 0x00, 0x2e, 0x7f, 0xa1, 0x84,
	0x17, 0x00, 0x2e, 0x8c, 0x93, 0x46, 0xa1, 0xeb,
	0x92, 0x06, 0xa7, 0xaf, 0x12, 0x80, 0x0c, 0x80,
	0xa7, 0xf3, 0xa5, 0xaf, 0x97, 0xae, 0xa0, 0x3f,
	0x00, 0x00, 0x40, 0x01, 0x10, 0x7f, 0xfb, 0x14,
	0x00, 0x17, 0x17, 0x41, 0x00, 0x17, 0x17, 0x86,
	0xa8, 0x03, 0x42, 0x4c, 0x28, 0x58, 0x00, 0x00,
	0x40, 0x06, 0x1b, 0x00, 0x5a, 0x16, 0x08, 0xfc,
	0x00, 0x11, 0x04, 0x01, 0xe1, 0x46, 0x4c, 0x0b,
	0xa7, 0xc1, 0xa7, 0xd1, 0x13, 0x00, 0x07, 0x38,
	0xa7, 0xe6, 0x13, 0x00, 0x04, 0x18, 0xf0, 0x07,
	0x98, 0x17, 0xb8, 0xd7, 0xa7, 0xb8, 0xa5, 0xd1,
	0x86, 0x11, 0x00, 0x00, 0x40, 0x06, 0xa7, 0xb1,
	0x13, 0x00, 0x06, 0x16, 0xa5, 0xd1, 0x08, 0xfc,
	0x01, 0x11, 0xa7, 0xb1, 0xa5, 0xe1, 0xb8, 0x81,
	0x00, 0x0d, 0xc6, 0x81, 0x44, 0x09, 0xa5, 0xe5,
	0x17, 0x00, 0x49, 0x22, 0xa5, 0xf4, 0xa5, 0xc1,
	0xb8, 0x91, 0xa5, 0xf1, 0xa5, 0xe4, 0x44, 0x0a,
	0x25, 0xc5, 0x17, 0x00, 0x49, 0x19, 0x00, 0x0d,
	0xc6, 0x83, 0x00, 0x17, 0x17, 0x41, 0xa5, 0xd6,
	0xac, 0x06, 0xa5, 0xb6, 0x00, 0x17, 0x17, 0x81,
	0xac, 0x06, 0xa5, 0xd1, 0x19, 0x00, 0x05, 0x61,
	0x89, 0x16, 0x00, 0x00, 0x40, 0x01, 0x89, 0x61,
	0x00, 0x0d, 0xc5, 0x86, 0xa8, 0x56, 0x1c, 0x83,
	0x5c, 0xc0, 0x11, 0xff, 0x58, 0x3f, 0x00, 0x0e,
	0x06, 0x81, 0xa7, 0xd1, 0xa8, 0x01, 0x10, 0x83,
	0x4c, 0x22, 0x98, 0xa4, 0x17, 0x1f, 0xff, 0x80,
	0x00, 0x01, 0xf1, 0x43, 0x15, 0x83, 0x3e, 0x21,
	0xa5, 0xd1, 0x93, 0x16, 0xa8, 0x01, 0x86, 0x11,
	0x16, 0x1f, 0xff, 0x99, 0xb6, 0x51, 0x49, 0x83,
	0xa7, 0xe4, 0xa7, 0xd1, 0x11, 0x7f, 0xb3, 0x83,
	0xa7, 0xc0, 0x19, 0x7f, 0xb0, 0x18, 0x16, 0x1f,
	0xff, 0xae, 0x98, 0x17, 0x92, 0x0d, 0x00, 0x0d,
	0xc5, 0x01, 0xa7, 0x3f, 0xa7, 0xb1, 0xa5, 0xb6,
	0x00, 0x0e, 0x06, 0x81, 0xa9, 0x56, 0xac, 0x00,
	0xb8, 0x66, 0x00, 0x17, 0x16, 0xc1, 0xa8, 0x01,
	0xba, 0x51, 0xa5, 0xb1, 0xa5, 0x3f, 0x97, 0x3e,
	0xa0, 0x3f, 0x17, 0x00, 0x3b, 0xbb, 0xa8, 0x03,
	0x17, 0x00, 0x3b, 0xec, 0xa7, 0xa1, 0x00, 0x17,
	0x17, 0x81, 0xa7, 0x91, 0x00, 0x17, 0x17, 0x41,
	0xa5, 0x97, 0xa8, 0x06, 0x49, 0xb0, 0xa8, 0x68,
	0x93, 0x87, 0x19, 0x00, 0x06, 0x86, 0x04, 0x01,
	0xe6, 0x87, 0x00, 0x00, 0x40, 0x01, 0x89, 0x71,
	0x00, 0x00, 0x20, 0x07, 0x11, 0x00, 0x09, 0x71,
	0xa5, 0xb1, 0x1f, 0x00, 0x3b, 0xd5, 0x17, 0x00,
	0x3b, 0xa9, 0xa5, 0xa3, 0xa1, 0xdc, 0xa5, 0xa7,
	0xa9, 0x81, 0x88, 0x71, 0xa7, 0x81, 0xa5, 0xb1,
	0xaa, 0x81, 0xa7, 0x71, 0xa5, 0x81, 0xa8, 0x02,
	0xa8, 0x81, 0xa7, 0x61, 0xa5, 0xb1, 0xaa, 0x01,
	0x44, 0x0b, 0xa5, 0x71, 0xa7, 0xb7, 0xa5, 0x67,
	0x19, 0x00, 0x69, 0x17, 0x19, 0x00, 0x67, 0x12,
	0x19, 0x00, 0x5e, 0x72, 0x89, 0x71, 0x88, 0x21,
	0x87, 0xf1, 0x14, 0x00, 0x53, 0x68, 0xa7, 0x51,
	0x1b, 0x00, 0x04, 0x86, 0x00, 0x00, 0x40, 0x06,
	0x89, 0x86, 0xb8, 0x96, 0x49, 0xb8, 0xa5, 0x77,
	0x88, 0x61, 0x19, 0x00, 0x05, 0x17, 0xa5, 0x66,
	0x04, 0x01, 0xe6, 0x76, 0xa5, 0x51, 0x1c, 0x83,
	0x9c, 0x20, 0x11, 0x00, 0x04, 0x61, 0xa7, 0x46,
	0xa7, 0x41, 0x00, 0x17, 0x17, 0x01, 0xa8, 0x01,
	0xb8, 0xc1, 0xa5, 0x71, 0x04, 0x1c, 0x62, 0x11,
	0xa5, 0x56, 0x13, 0x00, 0x07, 0x16, 0x98, 0xa4,
	0x17, 0x1f, 0xfe, 0xf6, 0x00, 0x09, 0x6a, 0xc3,
	0x0f, 0x3f, 0xff, 0x01, 0x0d, 0xff, 0xff, 0x11,
	0xa5, 0x58, 0xa7, 0x51, 0xa5, 0x91, 0xa5, 0x47,
	0xa8, 0x04, 0xa5, 0x66, 0xa5, 0xb5, 0x17, 0x00,
	0x3b, 0x5b, 0x00, 0x0d, 0xc6, 0x83, 0xa5, 0x56,
	0x45, 0x0b, 0x25, 0x67, 0x44, 0x33, 0xa5, 0x78,
	0x1b, 0x00, 0x03, 0x78, 0x89, 0x87, 0x04, 0x1c,
	0x7e, 0x11, 0x88, 0x61, 0x14, 0x83, 0x3e, 0x20,
	0xa5, 0x96, 0x93, 0x68, 0xa8, 0x56, 0x88, 0x16,
	0x00, 0x00, 0x40, 0x01, 0xac, 0x76, 0x13, 0x00,
	0x05, 0x61, 0x08, 0xfc, 0x00, 0x61, 0xac, 0x71,
	0xa5, 0x81, 0x16, 0x1f, 0xff, 0x90, 0xac, 0x87,
	0x17, 0x00, 0x43, 0x4a, 0x00, 0x0b, 0x6a, 0x43,
	0x1e, 0x1f, 0xff, 0x89, 0x19, 0x7f, 0xa6, 0x27,
	0xf0, 0x71, 0x16, 0x1f, 0xff, 0xa3, 0x04, 0x01,
	0xe1, 0x21, 0x00, 0x17, 0x16, 0xc1, 0xa7, 0xd7,
	0xac, 0x00, 0xa5, 0x71, 0xa7, 0xe2, 0xa7, 0xc1,
	0x00, 0x0b, 0x67, 0xc1, 0x00, 0x0b, 0x68, 0xc3,
	0x17, 0x00, 0x43, 0x32, 0xa7, 0xf1, 0x1e, 0x1f,
	0xff, 0x72, 0x80, 0x00, 0x92, 0x04, 0x00, 0x17,
	0x16, 0xc1, 0xa7, 0xcf, 0xa7, 0xf1, 0xa8, 0x01,
	0xa7, 0xd3, 0xb8, 0x71, 0xa7, 0xe4, 0xa5, 0xf1,
	0xa5, 0xcf, 0xa8, 0x01, 0x4b, 0xe7, 0x20, 0x3f,
	0x1f, 0x00, 0x3b, 0x00, 0x93, 0x13, 0x0f, 0x50,
	0x4c, 0x01, 0x0d, 0x54, 0x02, 0x11, 0xa8, 0x26,
	0x1d, 0x00, 0x1b, 0x61, 0xa8, 0xa1, 0x15, 0x80,
	0x30, 0x38, 0xa5, 0xe6, 0xa9, 0xa8, 0x08, 0x00,
	0x08, 0x81, 0x13, 0x00, 0x12, 0x61, 0x00, 0x0d,
	0xc5, 0x07, 0xaa, 0x22, 0xaa, 0xa6, 0x42, 0xa4,
	0x2d, 0xe8, 0xa5, 0xe8, 0x1b, 0x00, 0x09, 0x81,
	0x4c, 0x08, 0xae, 0xe6, 0xa5, 0xf6, 0xae, 0x62,
	0xac, 0x51, 0xa5, 0xd1, 0xb6, 0x61, 0x1f, 0x00,
	0x3a, 0xe9, 0xa1, 0xd6, 0x00, 0x0d, 0xc5, 0x87,
	0x0c, 0x01, 0x00, 0x31, 0x04, 0x89, 0xa8, 0x38,
	0xb8, 0x51, 0xa8, 0x66, 0xa1, 0x06, 0x04, 0x05,
	0xe6, 0x81, 0x9f, 0xf1, 0x8c, 0x81, 0x8a, 0x61,
	0xac, 0x61, 0xa0, 0x3f, 0x00, 0x17, 0x16, 0xc1,
	0x92, 0x0a, 0xac, 0x00, 0x00, 0x17, 0x17, 0x01,
	0xac, 0x00, 0x00, 0x0e, 0x06, 0x81, 0xac, 0x00,
	0x4b, 0xb7, 0x20, 0x3f, 0xa0, 0x2f, 0x00, 0x00,
	0x51, 0x41, 0xf3, 0x00, 0xa0, 0x2f, 0x00, 0x00,
	0x51, 0x31, 0xf3, 0x00, 0xa0, 0x2f, 0x00, 0x00,
	0x51, 0x21, 0xf3, 0x00, 0xa0, 0x2f, 0x00, 0x00,
	0x51, 0x01, 0xf3, 0x00, 0xa0, 0x2f, 0x00, 0x00,
	0x50, 0x11, 0xf3, 0x00, 0xa0, 0x2f, 0x00, 0x00,
	0x50, 0x01, 0xf3, 0x00, 0x00, 0x00, 0x34, 0xb7,
	0x98, 0x11, 0x04, 0x09, 0xe3, 0x16, 0xf3, 0x36,
	0x8a, 0x76, 0xbe, 0x26, 0x93, 0x01, 0xa0, 0x3f,
	0x9f, 0xf1, 0x13, 0xc0, 0x0a, 0x64, 0x00, 0x00,
	0x34, 0xb7, 0xa0, 0x3f, 0x98, 0x16, 0x04, 0x09,
	0xe3, 0x68, 0xba, 0x54, 0xf3, 0x2e, 0x8c, 0x81,
	0x45, 0x0b, 0x21, 0x83, 0x8b, 0x86, 0xa1, 0x76,
	0x49, 0x80, 0xf2, 0x2e, 0xbc, 0x23, 0x98, 0x13,
	0xa0, 0x2f, 0x00, 0x00, 0x34, 0x01, 0xf2, 0x10,
	0x49, 0x00, 0xf0, 0x68, 0xa7, 0xff, 0x1f, 0x1f,
	0xff, 0xdb, 0x93, 0x16, 0x9f, 0xf1, 0xbc, 0x46,
	0xa5, 0xff, 0x97, 0xfe, 0xa0, 0x3f, 0x14, 0x83,
	0xfa, 0xa0, 0x80, 0x65, 0x15, 0x83, 0xf4, 0xc0,
	0x0c, 0x00, 0xc0, 0x86, 0xb9, 0x33, 0x00, 0x00,
	0x39, 0x18, 0x14, 0x80, 0x14, 0x61, 0x00, 0x00,
	0x38, 0x17, 0x00, 0x00, 0x39, 0x28, 0x15, 0x83,
	0xda, 0x62, 0x00, 0x00, 0x38, 0x27, 0x45, 0xa3,
	0x70, 0x01, 0x88, 0x45, 0xf2, 0x2e, 0xa1, 0x65,
	0xf2, 0x27, 0x00, 0x00, 0x39, 0x08, 0x14, 0x83,
	0xf0, 0x60, 0x00, 0x00, 0x38, 0x07, 0xa1, 0xdd,
	0x49, 0x00, 0xf0, 0x03, 0xa7, 0xff, 0x1f, 0x1f,
	0xff, 0xcb, 0x14, 0xc0, 0x0e, 0x04, 0x93, 0x04,
	0x49, 0x81, 0xa0, 0x00, 0x1f, 0x1f, 0xff, 0xb2,
	0x86, 0x13, 0xa5, 0xff, 0x97, 0xfe, 0xa0, 0x3f,
	0x00, 0x00, 0x23, 0x31, 0xf3, 0x00, 0x04, 0x89,
	0xf0, 0x17, 0xba, 0x37, 0x98, 0x16, 0x93, 0x06,
	0x40, 0xa3, 0x70, 0x01, 0x91, 0x17, 0x08, 0x02,
	0x40, 0x78, 0x00, 0x0e, 0x06, 0xc3, 0x93, 0x87,
	0x93, 0x32, 0x11, 0x80, 0x1e, 0x30, 0x00, 0x00,
	0x26, 0x04, 0x10, 0x00, 0x0b, 0x47, 0x08, 0x00,
	0x01, 0x74, 0x43, 0x08, 0xf3, 0x26, 0x43, 0x13,
	0xf3, 0x1b, 0xb4, 0x95, 0xa1, 0x73, 0xb4, 0x94,
	0xb9, 0x26, 0x82, 0xc5, 0x88, 0x36, 0x00, 0x00,
	0x24, 0x07, 0x19, 0x80, 0x1a, 0x30, 0x11, 0x00,
	0x0b, 0x87, 0x08, 0x00, 0x01, 0x72, 0x43, 0x08,
	0xf3, 0x16, 0x43, 0x13, 0xf3, 0x09, 0xb4, 0xd3,
	0xa1, 0x75, 0xb4, 0xd2, 0xa0, 0x3f, 0x80, 0x00,
	0x00, 0x00, 0x23, 0x06, 0xf3, 0x35, 0xba, 0x37,
	0x98, 0x11, 0x93, 0x01, 0xb8, 0x63, 0x00, 0x00,
	0x23, 0x17, 0x98, 0x18, 0x98, 0x13, 0xf2, 0x3e,
	0xf2, 0x15, 0xa0, 0x3f, 0x49, 0x00, 0xf0, 0x49,
	0xa7, 0xff, 0x17, 0x1f, 0xff, 0xbb, 0xf0, 0x3a,
	0x93, 0x17, 0x9f, 0xf1, 0xbd, 0x87, 0xb8, 0xea,
	0x82, 0xf5, 0x00, 0x0e, 0x06, 0x88, 0x88, 0x86,
	0x08, 0xff, 0xff, 0x78, 0x93, 0x87, 0x1a, 0xc0,
	0x0c, 0xe0, 0x43, 0xfc, 0x33, 0x52, 0x1d, 0x7f,
	0xfb, 0xa2, 0x04, 0x01, 0xe9, 0x76, 0x1a, 0xc0,
	0x0e, 0xc0, 0x82, 0xe8, 0x00, 0x0e, 0x06, 0xc6,
	0x88, 0x61, 0xa8, 0x01, 0xa5, 0xff, 0x97, 0xfe,
	0xa0, 0x3f, 0x80, 0x00, 0x92, 0x07, 0xa7, 0x9f,
	0x1f, 0x1f, 0xff, 0x98, 0x82, 0xc5, 0x00, 0x0e,
	0x06, 0x87, 0x88, 0x76, 0x87, 0xf1, 0x93, 0x17,
	0x08, 0xff, 0xff, 0x71, 0x12, 0xc0, 0x0e, 0xe0,
	0x00, 0x0a, 0xbc, 0x82, 0xb3, 0x58, 0x1d, 0x7f,
	0xf8, 0x82, 0x12, 0xc0, 0x42, 0xe0, 0x08, 0xff,
	0xff, 0x72, 0x82, 0xf0, 0x00, 0x0e, 0x06, 0xc8,
	0x88, 0x81, 0x12, 0xc0, 0x08, 0x41, 0x98, 0x16,
	0x93, 0x76, 0xa1, 0x02, 0xf0, 0x07, 0x43, 0xfb,
	0x27, 0xf7, 0x86, 0x17, 0xa7, 0xc6, 0xb3, 0x06,
	0xa7, 0xb1, 0xa9, 0x81, 0xa7, 0xe6, 0xa7, 0xd1,
	0xa7, 0xa7, 0x17, 0x00, 0x41, 0xd5, 0x00, 0x0b,
	0x6c, 0x43, 0xa5, 0xc6, 0xa5, 0xa7, 0x15, 0x83,
	0xe0, 0xc0, 0xa5, 0xb1, 0xa5, 0x9f, 0x97, 0x9e,
	0xa0, 0x3f, 0x80, 0x00, 0x0f, 0x40, 0x00, 0x01,
	0x44, 0x18, 0xa0, 0x3f, 0x92, 0x01, 0xa7, 0xff,
	0x1f, 0x00, 0x1b, 0x2e, 0x00, 0x17, 0x17, 0xc1,
	0x98, 0x13, 0x17, 0x00, 0x01, 0x0f, 0xa2, 0x46,
	0xbc, 0x37, 0x1f, 0x00, 0x00, 0xff, 0xa5, 0xff,
	0x16, 0x00, 0x1b, 0x3e, 0x97, 0xfe, 0x80, 0x00,
	0x92, 0x01, 0xa7, 0xff, 0x1f, 0x00, 0x1b, 0x1c,
	0x17, 0x00, 0x01, 0x00, 0x93, 0x03, 0x1f, 0x00,
	0x00, 0xf1, 0xa5, 0xff, 0x16, 0x00, 0x1b, 0x30,
	0x97, 0xfe, 0x80, 0x00, 0x92, 0x01, 0x00, 0x17,
	0x17, 0xc1, 0xa7, 0xff, 0xa2, 0x45, 0x86, 0x16,
	0x81, 0xee, 0xea, 0x30, 0x1d, 0x80, 0x0a, 0xe1,
	0x17, 0x00, 0x00, 0xe0, 0x98, 0x13, 0xa5, 0xff,
	0x97, 0xfe, 0xa0, 0x3f, 0x92, 0x01, 0xa7, 0xff,
	0x1f, 0x00, 0x1a, 0xfe, 0x1f, 0x1f, 0xff, 0xec,
	0xa5, 0xff, 0x16, 0x00, 0x1b, 0x15, 0x97, 0xfe,
	0x92, 0x01, 0x00, 0x17, 0x17, 0xc1, 0xa7, 0xff,
	0xa2, 0x45, 0xba, 0x56, 0x87, 0xf6, 0xa5, 0xff,
	0x97, 0xfe, 0xa0, 0x3f, 0x81, 0xee, 0xa3, 0x06,
	0x1d, 0x83, 0xf6, 0xe0, 0x17, 0x00, 0x00, 0xc2,
	0x93, 0x03, 0xa1, 0xf6, 0x92, 0x01, 0xa7, 0xff,
	0x1f, 0x00, 0x1a, 0xe2, 0x1f, 0x1f, 0xff, 0xea,
	0xa5, 0xff, 0x16, 0x00, 0x1a, 0xf9, 0x97, 0xfe,
	0x0f, 0x0f, 0xff, 0x01, 0x0d, 0xff, 0xff, 0x18,
	0x0f, 0xf0, 0x00, 0x06, 0x49, 0x00, 0xf0, 0x05,
	0x8a, 0x38, 0x45, 0x1b, 0x27, 0xff, 0x00, 0x0c,
	0x56, 0xc3, 0x81, 0x1b, 0x93, 0x37, 0x93, 0x52,
	0x19, 0x80, 0x5a, 0x44, 0xa2, 0x70, 0x80, 0x44,
	0x1c, 0x80, 0x4a, 0xa0, 0x4c, 0x08, 0xa9, 0x65,
	0x08, 0x00, 0x10, 0x79, 0x14, 0x00, 0x05, 0x65,
	0x4c, 0x0b, 0xa9, 0xea, 0x93, 0x07, 0x1c, 0x00,
	0x03, 0x4a, 0x93, 0x01, 0x45, 0x38, 0xf0, 0x97,
	0x08, 0x00, 0x01, 0x25, 0x14, 0x83, 0xd2, 0x20,
	0x91, 0x42, 0x88, 0x32, 0xa8, 0x11, 0x04, 0x1d,
	0x70, 0x16, 0xc9, 0x08, 0x08, 0x00, 0x01, 0x64,
	0x17, 0x1f, 0xff, 0x9a, 0xa3, 0x11, 0xa8, 0x91,
	0x44, 0x40, 0xe4, 0x94, 0xa5, 0xff, 0x97, 0xfe,
	0xa0, 0x3f, 0x0c, 0x00, 0x02, 0x11, 0x1d, 0x83,
	0xb6, 0x20, 0x14, 0x83, 0xf2, 0x44, 0x93, 0x01,
	0x4c, 0x3c, 0xf0, 0x05, 0x04, 0x0c, 0xe9, 0x29,
	0x08, 0x00, 0x04, 0x9a, 0x04, 0x1c, 0x63, 0x61,
	0x04, 0x1e, 0x7d, 0x49, 0x8b, 0x91, 0x04, 0x1c,
	0x79, 0x11, 0x0f, 0x30, 0x04, 0x07, 0x0d, 0x00,
	0x08, 0x77, 0x00, 0x00, 0x07, 0xfd, 0x04, 0x09,
	0xea, 0x19, 0x04, 0x09, 0xea, 0xdd, 0x4f, 0xf8,
	0xa8, 0x6c, 0x8c, 0xd1, 0x10, 0x84, 0x09, 0x40,
	0x8a, 0xc1, 0x93, 0x95, 0x91, 0x42, 0x88, 0x32,
	0x8b, 0x15, 0x4c, 0x10, 0xad, 0x94, 0x4c, 0x0a,
	0x2d, 0x16, 0xa1, 0x4b, 0xac, 0x65, 0x80, 0x00,
	0x92, 0x03, 0xa7, 0xdf, 0xa7, 0xe4, 0x17, 0x00,
	0x1a, 0x6f, 0xa7, 0xf3, 0xa5, 0xe4, 0x17, 0x1f,
	0xff, 0x91, 0xa5, 0xf3, 0x17, 0x00, 0x1a, 0x84,
	0xa7, 0xe1, 0xa5, 0xdf, 0xa5, 0xe1, 0x4b, 0xef,
	0x20, 0x3f, 0x80, 0x00, 0x49, 0x00, 0xa0, 0x00,
	0x0f, 0xf0, 0x00, 0x08, 0x14, 0xc0, 0x1e, 0x04,
	0x45, 0x1c, 0x27, 0xff, 0x00, 0x0c, 0x56, 0xc2,
	0xa2, 0x4b, 0x80, 0x58, 0xba, 0x41, 0x0c, 0x00,
	0x02, 0x41, 0xbc, 0x41, 0xa8, 0x91, 0x1c, 0x00,
	0x07, 0x81, 0x08, 0x00, 0x10, 0x22, 0xa5, 0xff,
	0x97, 0xfe, 0xa0, 0x3f, 0x1f, 0x1f, 0xff, 0x52,
	0xe2, 0x48, 0x87, 0xf1, 0x81, 0xc5, 0xe4, 0x91,
	0x15, 0x83, 0xea, 0xc0, 0x04, 0x89, 0xa1, 0x41,
	0xa1, 0x71, 0xa3, 0x11, 0x92, 0x02, 0xa7, 0xef,
	0x17, 0x00, 0x1a, 0x3a, 0xa7, 0xf3, 0x17, 0x1f,
	0xff, 0xd7, 0xa5, 0xf3, 0xa5, 0xef, 0x16, 0x00,
	0x1a, 0x4f, 0x97, 0xee, 0x0f, 0x0e, 0x18, 0x01,
	0x0d, 0x28, 0x40, 0x16, 0x0f, 0x30, 0x04, 0x01,
	0x98, 0x13, 0x16, 0x00, 0x00, 0x0f, 0xad, 0x06,
	0x0f, 0x30, 0x04, 0x06, 0x0d, 0x00, 0x04, 0x66,
	0xbc, 0x43, 0xa8, 0x51, 0x64, 0x80, 0x21, 0x84,
	0xa8, 0x51, 0xc9, 0x80, 0xac, 0x51, 0xa0, 0x3f,
	0x0f, 0x30, 0x04, 0x06, 0x0d, 0x00, 0x04, 0x66,
	0xbc, 0x43, 0xa8, 0x51, 0x64, 0xa0, 0x21, 0x84,
	0xa8, 0x51, 0xc9, 0xc0, 0xac, 0x51, 0xa0, 0x3f,
	0x00, 0x00, 0x10, 0x01, 0x00, 0x00, 0x10, 0x16,
	0x00, 0x00, 0x10, 0x27, 0x07, 0x00, 0x60, 0x01,
	0x98, 0x38, 0x07, 0x00, 0x60, 0x06, 0xa0, 0x2f,
	0x07, 0x00, 0x60, 0x07, 0xf2, 0x38, 0x80, 0x00,
	0x00, 0x00, 0x10, 0x41, 0xa0, 0x2f, 0x00, 0x40,
	0x00, 0x06, 0xf2, 0x28, 0xa0, 0x2f, 0x00, 0x00,
	0x10, 0x51, 0x07, 0x00, 0x60, 0x01, 0x80, 0x00,
	0x1e, 0x1f, 0xff, 0xfa, 0x00, 0x0c, 0x5c, 0x81,
	0x10, 0x80, 0x3e, 0x68, 0x49, 0x80, 0xa8, 0x06,
	0x08, 0x00, 0x48, 0x61, 0x20, 0x00, 0x33, 0x11,
	0x00, 0x00, 0x06, 0x46, 0xa8, 0x07, 0x06, 0x4f,
	0xe0, 0x21, 0x06, 0x40, 0x80, 0x81, 0x89, 0x76,
	0x11, 0x00, 0x0f, 0x82, 0x93, 0x61, 0xbc, 0xc2,
	0x04, 0x01, 0xe2, 0x81, 0x04, 0x0c, 0xe1, 0x71,
	0x04, 0x0d, 0xc2, 0x01, 0x04, 0x17, 0x20, 0x01,
	0x19, 0x00, 0x03, 0x16, 0x93, 0x61, 0xa0, 0x3f,
	0x00, 0x0c, 0x5c, 0x81, 0xa8, 0x01, 0x08, 0x00,
	0x88, 0x11, 0xa0, 0x2f, 0x20, 0x00, 0x33, 0x11,
	0xa8, 0x01, 0x80, 0x00, 0x00, 0x0c, 0x5c, 0x81,
	0xa8, 0x01, 0x08, 0x00, 0x48, 0x11, 0xa0, 0x2f,
	0x20, 0x00, 0x33, 0x11, 0xa8, 0x01, 0x80, 0x00,
	0xa0, 0x2f, 0x00, 0x0c, 0xff, 0x81, 0xa8, 0x01,
	0x00, 0x0c, 0x5a, 0xc1, 0xbc, 0x23, 0x93, 0x01,
	0xa0, 0x3f, 0x80, 0x00, 0x92, 0x02, 0x00, 0x17,
	0x18, 0x81, 0xa7, 0xef, 0xa8, 0x01, 0xa7, 0xf3,
	0xbe, 0xd1, 0x49, 0x80, 0xa5, 0xf6, 0x18, 0x80,
	0x0e, 0xc8, 0x82, 0xa8, 0x17, 0x00, 0x3c, 0x86,
	0x08, 0x00, 0x80, 0x13, 0xa5, 0xef, 0x97, 0xee,
	0xa0, 0x3f, 0x1f, 0x1f, 0xf8, 0xd5, 0x00, 0x17,
	0x18, 0x06, 0x00, 0xf4, 0x24, 0x08, 0x4c, 0x0b,
	0xa8, 0x53, 0x04, 0x01, 0xe3, 0x11, 0x49, 0x83,
	0x28, 0xd3, 0x13, 0x00, 0x05, 0x18, 0x04, 0x03,
	0xe3, 0x22, 0x93, 0x07, 0xbe, 0x22, 0x93, 0x76,
	0x15, 0x83, 0xd4, 0xc0, 0x93, 0x01, 0x00, 0x17,
	0x18, 0x81, 0xa1, 0x5c, 0xac, 0x00, 0x80, 0x00,
	0x49, 0x00, 0xf0, 0x01, 0x10, 0x80, 0x10, 0x68,
	0xa7, 0xff, 0x82, 0x90, 0x17, 0x00, 0x3c, 0x5e,
	0x08, 0x00, 0xc0, 0x13, 0xa5, 0xff, 0x97, 0xfe,
	0xa0, 0x3f, 0x80, 0x00, 0x49, 0x00, 0xf0, 0x01,
	0x10, 0x80, 0x10, 0x68, 0xa7, 0xff, 0x82, 0x90,
	0x17, 0x00, 0x3c, 0x50, 0x08, 0x00, 0xa0, 0x13,
	0xa5, 0xff, 0x97, 0xfe, 0xa0, 0x3f, 0x80, 0x00,
	0x92, 0x07, 0x00, 0x0c, 0x5c, 0x81, 0xa7, 0x9f,
	0xa8, 0x01, 0x08, 0x00, 0x88, 0x16, 0x43, 0x40,
	0xa7, 0xc0, 0xa7, 0xf6, 0xb4, 0xd0, 0xb4, 0xd0,
	0x49, 0x83, 0x27, 0xd1, 0xa7, 0xe0, 0x98, 0x11,
	0x08, 0x00, 0x01, 0x67, 0xa7, 0xb1, 0x19, 0x80,
	0x06, 0xe6, 0xa7, 0xb0, 0x08, 0xff, 0xfb, 0x61,
	0xa7, 0xa1, 0xa5, 0xb1, 0xbe, 0x21, 0xa7, 0xa7,
	0x17, 0x1f, 0xff, 0x9a, 0xa5, 0xc3, 0xb8, 0x71,
	0x0f, 0xde, 0xad, 0x06, 0x0d, 0xbe, 0xef, 0x66,
	0x1d, 0x00, 0x54, 0x16, 0xa5, 0xd1, 0x93, 0x16,
	0x06, 0x40, 0x40, 0x11, 0x06, 0x70, 0x60, 0x16,
	0x06, 0x70, 0x40, 0x06, 0x17, 0x1f, 0xff, 0xb6,
	0xa5, 0xc3, 0x17, 0x1f, 0xff, 0xc1, 0x49, 0x8b,
	0xa5, 0xc3, 0xb8, 0x87, 0x0f, 0xde, 0xad, 0x06,
	0x0d, 0xbe, 0xef, 0x66, 0x15, 0x00, 0x2e, 0x76,
	0xa5, 0xd6, 0xa5, 0xd8, 0x06, 0xf0, 0xa0, 0x08,
	0xb8, 0x71, 0x0f, 0xde, 0xad, 0x06, 0x0d, 0xbe,
	0xef, 0x66, 0x1d, 0x00, 0x14, 0x16, 0x06, 0xff,
	0x64, 0x08, 0xa5, 0xc1, 0x08, 0x00, 0x01, 0x17,
	0xa5, 0xe6, 0xa5, 0xb1, 0x44, 0x30, 0xa7, 0xd8,
	0xa7, 0xc7, 0xa7, 0xe1, 0x13, 0xc3, 0x7a, 0xe8,
	0xa5, 0xa6, 0x49, 0x80, 0xa5, 0x9f, 0x97, 0x9e,
	0xa0, 0x3f, 0xa8, 0x76, 0x13, 0x00, 0x06, 0x16,
	0x9f, 0xf7, 0xa1, 0x06, 0x04, 0x01, 0xe6, 0x16,
	0x04, 0x01, 0xe6, 0x76, 0x88, 0x16, 0x06, 0x70,
	0x20, 0x68, 0xa1, 0x64, 0x06, 0xff, 0x64, 0x18,
	0xa8, 0x56, 0x13, 0x00, 0x06, 0x76, 0x9f, 0xf8,
	0xa1, 0x06, 0x04, 0x01, 0xe6, 0x76, 0x04, 0x01,
	0xe6, 0x86, 0x88, 0x76, 0xa5, 0xd8, 0x06, 0x70,
	0x20, 0x68, 0xa1, 0x4b, 0x06, 0xf0, 0xa0, 0x78,
	0x19, 0xcc, 0x08, 0x24, 0x00, 0x00, 0x06, 0x41,
	0x15, 0x88, 0x3e, 0x28, 0xa5, 0xd6, 0x06, 0x40,
	0x40, 0x66, 0x1c, 0x88, 0x06, 0xc8, 0xbf, 0x86,
	0xa5, 0xd1, 0x06, 0x70, 0x40, 0x01, 0xa5, 0xd1,
	0xa5, 0xf6, 0xa5, 0xe7, 0x20, 0x00, 0x37, 0x67,
	0x06, 0x40, 0x40, 0x11, 0xa5, 0xd6, 0x06, 0x70,
	0x60, 0x16, 0x06, 0x40, 0x40, 0x66, 0xa8, 0x61,
	0x19, 0x00, 0x04, 0x61, 0x49, 0xb0, 0xa1, 0x82,
	0x16, 0x1f, 0xff, 0x96, 0xac, 0x61, 0xa5, 0xd6,
	0xa1, 0x6b, 0x06, 0x70, 0x40, 0x16, 0x80, 0x00,
	0x49, 0x00, 0xf0, 0x08, 0x12, 0xc0, 0x10, 0x60,
	0xa7, 0xff, 0x00, 0x0c, 0x5e, 0x81, 0x20, 0x00,
	0x33, 0x11, 0xa8, 0x08, 0x00, 0x0c, 0x60, 0x02,
	0x17, 0x00, 0x02, 0x08, 0x93, 0x84, 0xa8, 0x11,
	0x20, 0x02, 0x81, 0x84, 0x17, 0x00, 0x3b, 0x86,
	0x00, 0x00, 0x04, 0x03, 0xb6, 0x14, 0xa5, 0xff,
	0x97, 0xfe, 0xa0, 0x3f, 0x92, 0x01, 0xa7, 0xff,
	0x1f, 0x00, 0x01, 0x58, 0x12, 0xc0, 0x0e, 0x20,
	0x93, 0x06, 0x10, 0xc0, 0x08, 0x26, 0x93, 0x16,
	0x93, 0x06, 0x00, 0x0c, 0x5c, 0xc1, 0x20, 0x00,
	0x36, 0x11, 0xa5, 0xff, 0xa8, 0x01, 0x4b, 0xff,
	0x20, 0x3f, 0x80, 0x00, 0x92, 0x05, 0x00, 0x17,
	0x27, 0x01, 0xa7, 0xbf, 0xa8, 0x01, 0x14, 0x80,
	0x82, 0x20, 0x00, 0x0c, 0x60, 0x41, 0x00, 0x00,
	0x06, 0x06, 0xa7, 0xf1, 0x00, 0x0e, 0x1d, 0x41,
	0xa7, 0xc6, 0xa7, 0xe1, 0xa7, 0xd0, 0x17, 0x1f,
	0xfe, 0xd7, 0xa5, 0xd3, 0xb8, 0x71, 0x0f, 0xde,
	0xad, 0x06, 0x0d, 0xbe, 0xef, 0x66, 0x1d, 0x00,
	0x03, 0x16, 0x93, 0x01, 0xa5, 0xf6, 0xa5, 0xe7,
	0x49, 0xbc, 0x22, 0xad, 0x14, 0xc0, 0x0e, 0x0a,
	0x44, 0x3b, 0x70, 0x07, 0x40, 0x00, 0x23, 0xd1,
	0xfe, 0x78, 0x88, 0x17, 0x4c, 0x50, 0xa5, 0xc3,
	0x04, 0x0d, 0xc1, 0x07, 0x93, 0x31, 0x08, 0x00,
	0x04, 0x12, 0xa5, 0xd1, 0x08, 0x00, 0x01, 0x17,
	0x17, 0x00, 0x3b, 0x38, 0x04, 0x17, 0x20, 0x04,
	0xa7, 0xe8, 0xa7, 0xc2, 0x12, 0xc3, 0xb2, 0xe8,
	0xa7, 0xd7, 0x4c, 0x53, 0x25, 0xf1, 0xa2, 0xc0,
	0x86, 0x11, 0xc0, 0x00, 0x04, 0x0d, 0xd6, 0x01,
	0x04, 0x16, 0x20, 0x01, 0xa5, 0xf6, 0xa3, 0xd1,
	0xa5, 0xbf, 0x97, 0xbe, 0xa0, 0x3f, 0x80, 0x00,
	0x16, 0x00, 0x03, 0x60, 0x93, 0x03, 0x80, 0x00,
	0x92, 0x01, 0xa7, 0xff, 0x1f, 0x1f, 0xff, 0xfa,
	0x00, 0x0c, 0x5c, 0x46, 0x93, 0x19, 0x17, 0x00,
	0x00, 0xc9, 0xa8, 0x5a, 0x20, 0x00, 0x31, 0xa6,
	0xa8, 0x56, 0x12, 0x00, 0x04, 0x69, 0x98, 0x11,
	0x93, 0x01, 0xa5, 0xff, 0x97, 0xfe, 0xa0, 0x3f,
	0x92, 0x01, 0x00, 0x0c, 0xff, 0x81, 0xa7, 0xff,
	0x00, 0x0c, 0x5c, 0x46, 0x17, 0x1f, 0xfe, 0x7a,
	0xa8, 0x03, 0xac, 0x51, 0xa5, 0xff, 0x97, 0xfe,
	0xa0, 0x3f, 0x80, 0x00, 0x49, 0x00, 0xf0, 0x31,
	0x0f, 0x40, 0x11, 0x06, 0xa7, 0xff, 0xb8, 0x51,
	0x0d, 0xcd, 0xe0, 0x63, 0x0d, 0xcd, 0xe4, 0x63,
	0x1f, 0x00, 0x3b, 0xd8, 0xbe, 0x21, 0x98, 0x11,
	0xa5, 0xff, 0x97, 0xfe, 0xa0, 0x3f, 0x80, 0x00,
	0x49, 0x00, 0xf0, 0x31, 0x0f, 0x40, 0x11, 0x06,
	0xa7, 0xff, 0xb8, 0x51, 0x0d, 0xc1, 0x44, 0x63,
	0x0d, 0xc1, 0x48, 0x63, 0x1f, 0x00, 0x3b, 0xc6,
	0x1b, 0xc0, 0x06, 0x30, 0x98, 0xf1, 0xa5, 0xff,
	0x97, 0xfe, 0xa0, 0x3f, 0x49, 0x01, 0x70, 0x08,
	0x0f, 0x40, 0x11, 0x07, 0x0d, 0xbc, 0x10, 0x77,
	0x49, 0xbb, 0x27, 0xef, 0x00, 0x14, 0x28, 0x04,
	0x93, 0x02, 0x10, 0x80, 0x3a, 0x43, 0x93, 0x01,
	0x49, 0xa1, 0xf0, 0x65, 0x93, 0x89, 0x18, 0x80,
	0x34, 0x30, 0xb0, 0xcd, 0xbc, 0xcd, 0x43, 0x08,
	0xa8, 0x2a, 0x20, 0x11, 0x80, 0xda, 0x20, 0x24,
	0x58, 0xdd, 0x20, 0x12, 0x2c, 0xda, 0x86, 0x19,
	0xa1, 0x73, 0xb4, 0xaa, 0x20, 0x00, 0x39, 0x71,
	0x00, 0x0b, 0x6e, 0x03, 0x17, 0x00, 0x3e, 0x74,
	0xa7, 0xf1, 0x98, 0x11, 0xa5, 0xef, 0x97, 0xee,
	0xa0, 0x3f, 0x08, 0x00, 0x40, 0x44, 0x08, 0x01,
	0x20, 0x66, 0x43, 0x09, 0x21, 0x5c, 0x08, 0x00,
	0x48, 0x88, 0x80, 0x00, 0x00, 0x0c, 0x60, 0x81,
	0x4c, 0x08, 0xa8, 0x06, 0x1c, 0x80, 0x06, 0xc1,
	0x93, 0x01, 0xa0, 0x3f, 0xa0, 0x2f, 0x00, 0x0c,
	0x60, 0x81, 0xac, 0x03, 0x11, 0x80, 0x0c, 0x75,
	0x00, 0x0c, 0x6d, 0x01, 0x88, 0x13, 0xa3, 0xa4,
	0xa0, 0x3f, 0x80, 0x00, 0x11, 0x80, 0x0c, 0x75,
	0x00, 0x0c, 0x6b, 0x81, 0x88, 0x13, 0xa3, 0xa4,
	0xa0, 0x3f, 0x80, 0x00, 0x11, 0x80, 0x10, 0x75,
	0x82, 0xd0, 0x00, 0x0c, 0x61, 0x06, 0x88, 0x61,
	0xb4, 0x84, 0xb6, 0x05, 0xa0, 0x3f, 0x80, 0x00,
	0x93, 0x06, 0x98, 0x18, 0x93, 0x67, 0x10, 0x84,
	0x18, 0xe0, 0x04, 0x09, 0xe7, 0x81, 0x8a, 0x31,
	0x08, 0x00, 0x01, 0x76, 0x18, 0xc3, 0xf0, 0x20,
	0x08, 0x00, 0x01, 0x71, 0xa0, 0x3f, 0x49, 0x80,
	0xa1, 0xff, 0x80, 0x00, 0x92, 0x02, 0x97, 0xf4,
	0xa7, 0xef, 0x93, 0x05, 0x0f, 0x10, 0x01, 0x01,
	0x17, 0x00, 0x3b, 0x60, 0x0d, 0x2d, 0x44, 0x13,
	0xa5, 0xef, 0xa5, 0xf1, 0x4b, 0xf7, 0x20, 0x3f,
	0x92, 0x01, 0xa7, 0xff, 0x1f, 0x1f, 0xff, 0xf0,
	0x17, 0x1f, 0xff, 0xdc, 0x93, 0x13, 0x93, 0x16,
	0x99, 0x41, 0xbc, 0x36, 0x08, 0xff, 0xff, 0x61,
	0xa5, 0xff, 0x97, 0xfe, 0xa0, 0x3f, 0x80, 0x00,
	0x92, 0x01, 0xa7, 0xff, 0x1f, 0x1f, 0xff, 0xa8,
	0xba, 0x61, 0x98, 0x42, 0x49, 0x90, 0xa5, 0xff,
	0x97, 0xfe, 0xa0, 0x3f, 0x1f, 0x1f, 0xff, 0xe6,
	0x11, 0x83, 0xf4, 0x35, 0x00, 0x0c, 0x6b, 0x86,
	0x88, 0x61, 0xa1, 0x75, 0xa2, 0xc1, 0x80, 0x00,
	0x92, 0x01, 0xa7, 0xff, 0x1f, 0x1f, 0xff, 0x94,
	0x49, 0x8b, 0x70, 0x01, 0xbc, 0x76, 0x19, 0x80,
	0x0c, 0x75, 0x00, 0x0c, 0x6d, 0x01, 0x88, 0x13,
	0xa2, 0xd0, 0xa5, 0xff, 0x97, 0xfe, 0xa0, 0x3f,
	0xa0, 0x2f, 0x00, 0x0c, 0x61, 0x41, 0xa8, 0x01,
	0x92, 0x01, 0xa7, 0xff, 0x1f, 0x1f, 0xff, 0x80,
	0xba, 0x61, 0x98, 0x72, 0x49, 0x90, 0xa5, 0xff,
	0x97, 0xfe, 0xa0, 0x3f, 0x1f, 0x1f, 0xff, 0xbe,
	0x11, 0x83, 0xf4, 0x35, 0x00, 0x0c, 0x6d, 0x06,
	0x88, 0x61, 0xa1, 0x75, 0xa2, 0xc1, 0x80, 0x00,
	0x92, 0x01, 0xa7, 0xff, 0x1f, 0x1f, 0xff, 0x6c,
	0xba, 0x71, 0x00, 0x0c, 0x61, 0x41, 0xa8, 0x01,
	0xa5, 0xff, 0x97, 0xfe, 0xa0, 0x3f, 0x1f, 0x1f,
	0xff, 0xa9, 0x91, 0x31, 0x00, 0x0c, 0x61, 0x06,
	0x88, 0x61, 0xa1, 0x77, 0xa8, 0x81, 0x80, 0x00,
	0x92, 0x01, 0xa7, 0xff, 0x1f, 0x1f, 0xff, 0x58,
	0x4c, 0x23, 0x3e, 0x61, 0x49, 0xb0, 0xa5, 0xff,
	0x97, 0xfe, 0xa0, 0x3f, 0x1f, 0x1f, 0xff, 0x96,
	0x49, 0x89, 0xf0, 0x06, 0x19, 0x83, 0xf0, 0x75,
	0x1f, 0x1f, 0xff, 0xb4, 0x14, 0x83, 0xe8, 0x26,
	0x98, 0x46, 0x4c, 0x43, 0x21, 0xf1, 0x80, 0x00,
	0x92, 0x02, 0xa7, 0xef, 0x1f, 0x1f, 0xff, 0x40,
	0x49, 0x8b, 0x70, 0x01, 0xb8, 0x66, 0x97, 0xf4,
	0x17, 0x00, 0x3a, 0xd8, 0x93, 0x05, 0xa5, 0xf1,
	0xa5, 0xef, 0x97, 0xee, 0xa0, 0x3f, 0x80, 0x00,
	0x92, 0x01, 0xa7, 0xff, 0x1f, 0x1f, 0xff, 0x30,
	0xbc, 0x41, 0x17, 0x00, 0x3a, 0xc1, 0x93, 0x05,
	0xa5, 0xff, 0x97, 0xfe, 0xa0, 0x3f, 0x80, 0x00,
	0x92, 0x02, 0xa7, 0xef, 0x00, 0x0c, 0x60, 0xc7,
	0xa2, 0xf0, 0xb8, 0x51, 0x97, 0xf4, 0xa5, 0xef,
	0x97, 0xee, 0xa0, 0x3f, 0x0f, 0x10, 0x01, 0x01,
	0x0d, 0x20, 0x00, 0x13, 0x17, 0x00, 0x3a, 0xb6,
	0x93, 0x05, 0xa5, 0xf1, 0x80, 0x40, 0x1c, 0x83,
	0xe8, 0x20, 0x17, 0x1f, 0xff, 0x19, 0x98, 0x13,
	0xa1, 0x6f, 0xa3, 0xe3, 0x0f, 0x10, 0x01, 0x06,
	0x82, 0x90, 0x0d, 0x22, 0x60, 0x63, 0x16, 0x1f,
	0xff, 0xc5, 0x88, 0x13, 0x0f, 0x10, 0x01, 0x06,
	0x82, 0x90, 0x0d, 0x22, 0x60, 0x63, 0x16, 0x1f,
	0xff, 0xcd, 0x88, 0x13, 0x49, 0x00, 0xf0, 0x47,
	0x0f, 0x10, 0x01, 0x01, 0xa7, 0xff, 0x17, 0x1f,
	0xff, 0xb5, 0x0d, 0x20, 0x08, 0x13, 0x01, 0xf8,
	0xff, 0xf6, 0x45, 0x0b, 0x25, 0xff, 0x20, 0x02,
	0xc7, 0x64, 0x16, 0x1f, 0xff, 0xbb, 0x97, 0xfe,
	0x1e, 0x1f, 0xff, 0xde, 0x00, 0x00, 0x0f, 0xf1,
	0x16, 0x1f, 0xff, 0xe2, 0xc5, 0x14, 0x80, 0x00,
	0x49, 0xa0, 0xf0, 0x04, 0x1a, 0xc0, 0x0c, 0x20,
	0x12, 0xc0, 0x08, 0x27, 0x93, 0x14, 0x93, 0x04,
	0x1e, 0x1f, 0xff, 0xde, 0x00, 0x0e, 0x23, 0x48,
	0x06, 0x40, 0x50, 0x78, 0x06, 0x40, 0x54, 0x68,
	0x88, 0x76, 0x06, 0x40, 0xe0, 0x78, 0x88, 0x76,
	0x06, 0x40, 0x30, 0x28, 0x06, 0x40, 0x34, 0x78,
	0x88, 0x27, 0x06, 0x40, 0xe4, 0x28, 0x06, 0x40,
	0xc0, 0x38, 0x88, 0x26, 0x88, 0x37, 0x06, 0x40,
	0xc4, 0x88, 0x44, 0x43, 0xb8, 0x76, 0x93, 0x01,
	0x04, 0x0d, 0xc6, 0x07, 0x04, 0x17, 0x20, 0x01,
	0xa0, 0x3f, 0x80, 0x00, 0x92, 0x02, 0x00, 0x17,
	0x1e, 0x81, 0xa7, 0xef, 0xb2, 0x04, 0xa9, 0x8f,
	0xa7, 0xf4, 0x00, 0x17, 0x20, 0xc4, 0x00, 0x17,
	0x1e, 0x01, 0x00, 0x17, 0x1e, 0xc2, 0x00, 0x17,
	0x1f, 0x48, 0x00, 0x17, 0x1f, 0xc7, 0x00, 0x17,
	0x20, 0x46, 0xa8, 0x3b, 0xb2, 0x0c, 0xa8, 0x99,
	0xa8, 0x1a, 0xa8, 0x75, 0xa8, 0xf4, 0xa8, 0x62,
	0xa8, 0xe8, 0x49, 0x80, 0xa9, 0x8d, 0xa8, 0x57,
	0xba, 0x5b, 0xa8, 0xd6, 0xa5, 0xef, 0x97, 0xee,
	0xa0, 0x3f, 0x91, 0x23, 0x00, 0x0b, 0x70, 0x41,
	0x88, 0x31, 0xa8, 0x01, 0xa0, 0x31, 0xf0, 0xfd,
	0xa5, 0xfc, 0x49, 0xe5, 0x70, 0xd9, 0x49, 0xd2,
	0xf0, 0x94, 0x49, 0xa9, 0x70, 0x48, 0x49, 0x93,
	0xf0, 0x86, 0x04, 0x00, 0xe6, 0x7d, 0x04, 0x1e,
	0x63, 0xd1, 0x04, 0x0d, 0xcb, 0x01, 0xa1, 0x67,
	0x04, 0x17, 0x20, 0x01, 0x49, 0xfe, 0xa1, 0xf9,
	0x00, 0x17, 0x19, 0x81, 0xa0, 0x2f, 0x00, 0x0a,
	0xd0, 0x06, 0xac, 0x06, 0x92, 0x01, 0xa7, 0xff,
	0x1f, 0x1f, 0xff, 0x18, 0x93, 0x16, 0x98, 0x81,
	0xbc, 0x26, 0x93, 0x61, 0xa5, 0xff, 0x97, 0xfe,
	0xa0, 0x3f, 0x80, 0x00, 0x49, 0x00, 0xf0, 0x06,
	0x00, 0x0c, 0x75, 0xc1, 0xa7, 0xff, 0xa8, 0x07,
	0x93, 0x73, 0x11, 0x80, 0x22, 0xc3, 0x00, 0x0e,
	0x31, 0xc2, 0x1f, 0x00, 0x39, 0xe7, 0x04, 0x1c,
	0x70, 0x18, 0x86, 0x16, 0x15, 0x7f, 0xf7, 0x82,
	0x86, 0x43, 0x81, 0xc0, 0x88, 0x71, 0xa5, 0xff,
	0x97, 0xfe, 0xa0, 0x3f, 0x49, 0x80, 0xa1, 0xfd,
	0x49, 0x01, 0x20, 0x00, 0x00, 0x0e, 0x22, 0x46,
	0x14, 0xc0, 0x38, 0x04, 0x4c, 0x0c, 0x27, 0xef,
	0x00, 0x0c, 0x73, 0xc7, 0x40, 0x00, 0x28, 0x61,
	0x17, 0x00, 0x39, 0xcc, 0x08, 0x04, 0xec, 0x13,
	0xa7, 0xf1, 0xa5, 0xf1, 0x04, 0x89, 0xe9, 0x11,
	0x04, 0x01, 0xe1, 0x81, 0xa5, 0xf2, 0xb4, 0xd1,
	0x40, 0x00, 0x31, 0x61, 0x04, 0x89, 0x89, 0x24,
	0x08, 0x04, 0xec, 0x13, 0x1f, 0x00, 0x39, 0xb6,
	0x80, 0x00, 0xa5, 0xef, 0x97, 0xee, 0xa0, 0x3f,
	0x92, 0x02, 0x00, 0x0c, 0x73, 0xc6, 0x14, 0xc0,
	0x2a, 0x04, 0xa7, 0xef, 0x00, 0x0e, 0x22, 0x47,
	0xb0, 0xe1, 0xbc, 0xf1, 0xa8, 0x51, 0x17, 0x00,
	0x39, 0xa9, 0x08, 0x04, 0xec, 0x13, 0xa7, 0xf1,
	0xa8, 0x51, 0x08, 0x04, 0xec, 0x13, 0xa5, 0xf1,
	0x17, 0x00, 0x39, 0x9c, 0x04, 0x89, 0xa9, 0x14,
	0x86, 0x86, 0xa5, 0xef, 0x97, 0xee, 0xa0, 0x3f,
	0x92, 0x01, 0x00, 0x0c, 0x6e, 0xc6, 0x14, 0xc0,
	0x92, 0x02, 0xa7, 0xff, 0x0f, 0x33, 0x03, 0x01,
	0x40, 0x00, 0x31, 0x57, 0x08, 0x04, 0x00, 0x73,
	0x17, 0x00, 0x39, 0x88, 0x0f, 0x33, 0xff, 0x04,
	0x0d, 0x33, 0xff, 0x14, 0x17, 0x00, 0x39, 0x82,
	0x08, 0x04, 0x40, 0x73, 0x08, 0x04, 0x68, 0x73,
	0x17, 0x00, 0x39, 0x7c, 0x00, 0x03, 0x3c, 0x04,
	0x08, 0x04, 0xe8, 0x73, 0x17, 0x00, 0x39, 0x76,
	0x0f, 0x02, 0x00, 0x04, 0x08, 0x04, 0xf8, 0x73,
	0x17, 0x00, 0x39, 0x70, 0x4f, 0xca, 0x20, 0x00,
	0x08, 0x0f, 0x00, 0x73, 0x17, 0x00, 0x39, 0x6a,
	0x00, 0x0f, 0xf0, 0x74, 0x08, 0x0f, 0x04, 0x73,
	0x17, 0x00, 0x39, 0x64, 0x00, 0x0f, 0xf0, 0x64,
	0x08, 0x0f, 0x08, 0x73, 0x17, 0x00, 0x39, 0x5e,
	0x00, 0x00, 0x30, 0x74, 0x08, 0x0f, 0x0c, 0x73,
	0x17, 0x00, 0x39, 0x58, 0x00, 0x0c, 0x00, 0x74,
	0x08, 0x0f, 0x10, 0x73, 0x17, 0x00, 0x39, 0x52,
	0x00, 0x02, 0x40, 0x74, 0x08, 0x0f, 0x14, 0x73,
	0x00, 0x00, 0x80, 0x74, 0x1f, 0x00, 0x39, 0x4a,
	0x80, 0x00, 0xa0, 0x00, 0x1c, 0xc0, 0x18, 0x04,
	0x40, 0x00, 0x31, 0x51, 0x17, 0x00, 0x39, 0x46,
	0x08, 0x01, 0x6c, 0x13, 0x04, 0x89, 0x92, 0x14,
	0x1f, 0x00, 0x39, 0x3c, 0x80, 0x00, 0xa5, 0xff,
	0x97, 0xfe, 0xa0, 0x3f, 0x92, 0x01, 0x14, 0xc0,
	0x1e, 0x02, 0x00, 0x0c, 0x6e, 0xc6, 0xa7, 0xff,
	0x40, 0x00, 0x31, 0x51, 0x17, 0x00, 0x39, 0x32,
	0x08, 0x04, 0x00, 0x13, 0x04, 0x89, 0x81, 0x14,
	0x1f, 0x00, 0x39, 0x28, 0x80, 0x00, 0xa5, 0xff,
	0x97, 0xfe, 0xa0, 0x3f, 0x92, 0x01, 0x14, 0xc0,
	0x1e, 0x02, 0x00, 0x0c, 0x6e, 0xc6, 0xa7, 0xff,
	0x40, 0x00, 0x31, 0x51, 0x17, 0x00, 0x39, 0x1e,
	0x08, 0x04, 0x00, 0x13, 0x04, 0x89, 0xa1, 0x14,
	0x1f, 0x00, 0x39, 0x14, 0x80, 0x00, 0xa5, 0xff,
	0x97, 0xfe, 0xa0, 0x3f, 0x49, 0x00, 0xf0, 0x37,
	0x14, 0xc0, 0x3a, 0x02, 0x00, 0x0c, 0x6e, 0xc8,
	0x4f, 0xb3, 0x27, 0xff, 0x40, 0x00, 0x31, 0x71,
	0x17, 0x00, 0x39, 0x08, 0x08, 0x04, 0x00, 0x13,
	0xba, 0xa7, 0x04, 0x89, 0xa3, 0x14, 0x17, 0x00,
	0x38, 0xfd, 0x04, 0x89, 0x83, 0x14, 0x64, 0xc1,
	0xa1, 0x05, 0x8a, 0x61, 0x04, 0x89, 0x80, 0x41,
	0x1f, 0x00, 0x38, 0xf4, 0x93, 0x14, 0x1f, 0x00,
	0x38, 0xf1, 0x80, 0x00, 0xa5, 0xff, 0x97, 0xfe,
	0xa0, 0x3f, 0x80, 0x00, 0x92, 0x01, 0xa7, 0xff,
	0x1f, 0x1f, 0xff, 0x14, 0x17, 0x1f, 0xff, 0xd8,
	0x93, 0x03, 0x1f, 0x1f, 0xff, 0x4f, 0x17, 0x1f,
	0xff, 0xd3, 0x98, 0x13, 0xa5, 0xff, 0x16, 0x1f,
	0xff, 0x2d, 0x97, 0xfe, 0x92, 0x01, 0xa7, 0xff,
	0x1f, 0x1f, 0xff, 0xb6, 0x1f, 0x1f, 0xff, 0x02,
	0x00, 0x17, 0x19, 0x81, 0x93, 0x03, 0x17, 0x1f,
	0xff, 0xc3, 0xa8, 0x02, 0xbe, 0x32, 0x1f, 0x1f,
	0xff, 0x39, 0x17, 0x1f, 0xff, 0xbd, 0x98, 0x13,
	0xa5, 0xff, 0x16, 0x1f, 0xff, 0x17, 0x97, 0xfe,
	0x1e, 0x1f, 0xff, 0x8e, 0x92, 0x01, 0xa7, 0xff,
	0x1f, 0x1f, 0xfd, 0x3a, 0x93, 0x16, 0x00, 0x00,
	0xe9, 0x51, 0xbc, 0x96, 0x1f, 0x1f, 0xfd, 0xc6,
	0x00, 0x00, 0x3e, 0x86, 0x04, 0x0d, 0xd6, 0x01,
	0x04, 0x17, 0x20, 0x01, 0xa5, 0xff, 0x97, 0xfe,
	0xa0, 0x3f, 0x80, 0x00, 0x92, 0x01, 0xa7, 0xff,
	0x1f, 0x1f, 0xff, 0xc2, 0x00, 0x17, 0x19, 0x81,
	0xac, 0x00, 0xa5, 0xff, 0x97, 0xfe, 0xa0, 0x3f,
	0x92, 0x01, 0x00, 0x17, 0x20, 0xc1, 0xa7, 0xff,
	0x49, 0x80, 0xa8, 0x06, 0xba, 0x66, 0x00, 0x17,
	0x1c, 0x02, 0xa5, 0xff, 0x97, 0xfe, 0xa0, 0x3f,
	0x00, 0x17, 0x1c, 0x85, 0x00, 0x17, 0x1b, 0xc8,
	0x13, 0xc0, 0x80, 0x62, 0x00, 0x17, 0x1c, 0x47,
	0x00, 0x17, 0x1d, 0x09, 0x14, 0x80, 0x6e, 0x62,
	0x00, 0x17, 0x1c, 0xc1, 0x00, 0x17, 0x1d, 0x84,
	0x13, 0xc0, 0x52, 0x64, 0x00, 0x17, 0x1d, 0x46,
	0x1c, 0x80, 0x12, 0x64, 0x93, 0x01, 0x1d, 0x83,
	0xcc, 0x65, 0x17, 0x1f, 0xfe, 0x41, 0x98, 0x53,
	0xa1, 0xe1, 0x49, 0x83, 0xa8, 0x63, 0xa8, 0x01,
	0x44, 0x18, 0xa8, 0x56, 0x44, 0x0b, 0x28, 0x71,
	0x19, 0x00, 0x04, 0x16, 0x04, 0x01, 0xe6, 0x17,
	0xa8, 0x46, 0x06, 0x40, 0x00, 0x19, 0x44, 0x30,
	0xa8, 0x36, 0x44, 0x0b, 0x28, 0x11, 0x19, 0x00,
	0x04, 0x16, 0x89, 0x61, 0x88, 0x17, 0x00, 0x00,
	0x10, 0xf1, 0x16, 0x1f, 0xff, 0xc8, 0x04, 0x0c,
	0xe1, 0x71, 0x93, 0x01, 0x1d, 0x83, 0x86, 0x63,
	0x49, 0xb4, 0x70, 0x42, 0xa8, 0x11, 0xa1, 0x73,
	0xa8, 0x77, 0x49, 0x8c, 0x70, 0x92, 0xa1, 0xfb,
	0xbc, 0x53, 0x1d, 0x83, 0x70, 0x61, 0x49, 0xbc,
	0x70, 0x52, 0xa1, 0xfa, 0x49, 0x03, 0x70, 0x3a,
	0x00, 0x17, 0x1c, 0xc5, 0xa7, 0xaf, 0xa7, 0xfa,
	0xa5, 0xfd, 0x00, 0x17, 0x20, 0xca, 0x00, 0x17,
	0x1d, 0x41, 0x00, 0x17, 0x1b, 0xc3, 0x06, 0x70,
	0x00, 0xda, 0x49, 0x85, 0x27, 0xe5, 0x49, 0x82,
	0xa7, 0xb1, 0xa7, 0xd3, 0x00, 0x17, 0x1e, 0xc2,
	0x00, 0x17, 0x1f, 0x44, 0x00, 0x17, 0x1f, 0xc8,
	0x00, 0x17, 0x20, 0x47, 0x14, 0xc0, 0xba, 0x02,
	0x00, 0x17, 0x1c, 0x46, 0x00, 0x0c, 0x6e, 0x89,
	0x04, 0x1e, 0x63, 0xa1, 0x88, 0x91, 0x00, 0x17,
	0x1d, 0xc3, 0xa8, 0x8d, 0x04, 0x00, 0xe5, 0x3a,
	0x00, 0x17, 0x1e, 0x4c, 0x17, 0x00, 0x38, 0x26,
	0x08, 0x04, 0x20, 0xd3, 0x44, 0x2e, 0x20, 0x00,
	0x06, 0x70, 0x00, 0x1a, 0x17, 0x00, 0x38, 0x1e,
	0x08, 0x04, 0x58, 0xd3, 0x06, 0x70, 0x00, 0x1c,
	0x17, 0x00, 0x38, 0x18, 0x08, 0x04, 0x60, 0xd3,
	0x4c, 0x22, 0xb4, 0x91, 0x17, 0x00, 0x38, 0x12,
	0x08, 0x04, 0x64, 0xd3, 0x4c, 0x0d, 0x34, 0xb1,
	0x17, 0x00, 0x38, 0x0c, 0x08, 0x0f, 0x18, 0xd3,
	0x40, 0x00, 0x34, 0xf1, 0x17, 0x00, 0x38, 0x06,
	0x08, 0x0f, 0x1c, 0xd3, 0x40, 0x00, 0x34, 0xe1,
	0x17, 0x00, 0x38, 0x00, 0x08, 0x0e, 0x74, 0xd3,
	0x0c, 0x00, 0x7f, 0x11, 0x08, 0x07, 0xd4, 0xd3,
	0x17, 0x00, 0x37, 0xf8, 0x40, 0x00, 0x27, 0xc1,
	0x0c, 0x00, 0x7f, 0x11, 0x08, 0x07, 0xe0, 0xd3,
	0x17, 0x00, 0x37, 0xf0, 0x40, 0x00, 0x34, 0xd1,
	0x0c, 0x00, 0x7f, 0x1c, 0x17, 0x00, 0x37, 0xea,
	0x08, 0x07, 0xe8, 0xd3, 0x0c, 0x00, 0x7f, 0x11,
	0xa5, 0xed, 0xa5, 0xb3, 0x06, 0xf0, 0x04, 0xcd,
	0xb4, 0xa1, 0xa5, 0xd1, 0xa5, 0xcc, 0xa7, 0xb3,
	0xb4, 0x8c, 0x49, 0xe8, 0xa7, 0xd1, 0xa7, 0xe1,
	0x00, 0x17, 0x1a, 0x01, 0xa8, 0x06, 0xbd, 0x66,
	0x17, 0x00, 0x37, 0xd4, 0x08, 0x00, 0x04, 0x63,
	0xbc, 0xc1, 0x14, 0x80, 0x26, 0x21, 0x0f, 0xde,
	0xcd, 0x07, 0x0d, 0xde, 0xcd, 0x77, 0x15, 0x00,
	0x05, 0x17, 0x00, 0x17, 0x1b, 0x01, 0xac, 0x0a,
	0x08, 0x00, 0x0c, 0x63, 0x17, 0x00, 0x37, 0xbe,
	0xa5, 0xf4, 0xa5, 0xaf, 0x97, 0xae, 0xa0, 0x3f,
	0x17, 0x00, 0x37, 0xb8, 0x98, 0x24, 0xa1, 0xf5,
	0x92, 0x03, 0x00, 0x0e, 0x23, 0x47, 0x08, 0x01,
	0x44, 0x71, 0xa7, 0xdf, 0x14, 0xc0, 0xf2, 0x04,
	0x08, 0xff, 0xe4, 0x1b, 0x00, 0x0c, 0x71, 0xc8,
	0x40, 0x00, 0x31, 0x72, 0x17, 0x00, 0x37, 0xaa,
	0x08, 0x03, 0x0c, 0x23, 0x49, 0x8b, 0x20, 0x00,
	0x17, 0x00, 0x37, 0xa4, 0x08, 0x03, 0x18, 0x23,
	0x44, 0x0b, 0x20, 0x00, 0x17, 0x00, 0x37, 0x9e,
	0x08, 0x03, 0x24, 0x23, 0x44, 0x0b, 0x20, 0x00,
	0x17, 0x00, 0x37, 0x98, 0x08, 0x03, 0x30, 0x23,
	0x44, 0x0b, 0x20, 0x00, 0x08, 0x03, 0x10, 0x23,
	0x17, 0x00, 0x37, 0x90, 0x06, 0x70, 0x10, 0x6b,
	0x49, 0x8b, 0x20, 0x00, 0x17, 0x00, 0x37, 0x8a,
	0x08, 0x03, 0x1c, 0x23, 0x44, 0x0b, 0x20, 0x00,
	0x17, 0x00, 0x37, 0x84, 0x08, 0x03, 0x28, 0x23,
	0x44, 0x0b, 0x20, 0x00, 0x17, 0x00, 0x37, 0x7e,
	0x08, 0x03, 0x34, 0x23, 0x44, 0x0b, 0x20, 0x00,
	0x08, 0x03, 0x14, 0x23, 0x17, 0x00, 0x37, 0x76,
	0x06, 0x70, 0x14, 0x6b, 0x49, 0x8b, 0x20, 0x00,
	0x17, 0x00, 0x37, 0x70, 0x08, 0x03, 0x20, 0x23,
	0x44, 0x0b, 0x20, 0x00, 0x17, 0x00, 0x37, 0x6a,
	0x08, 0x03, 0x2c, 0x23, 0x44, 0x0b, 0x20, 0x00,
	0x17, 0x00, 0x37, 0x64, 0x08, 0x03, 0x38, 0x23,
	0x44, 0x0b, 0x20, 0x00, 0x08, 0x03, 0x08, 0x23,
	0x17, 0x00, 0x37, 0x5c, 0x06, 0x70, 0x18, 0x6b,
	0x06, 0x70, 0x0c, 0x1b, 0x17, 0x00, 0x37, 0x56,
	0x08, 0x00, 0x80, 0x23, 0x20, 0x20, 0xd0, 0x11,
	0x08, 0x03, 0x00, 0x23, 0x17, 0x00, 0x37, 0x4e,
	0x06, 0xf0, 0x04, 0x1b, 0x06, 0xf0, 0x04, 0x1b,
	0x17, 0x00, 0x37, 0x48, 0x08, 0x03, 0x04, 0x23,
	0x14, 0xc0, 0x14, 0x08, 0x06, 0xf0, 0x14, 0x1b,
	0x08, 0x03, 0x3c, 0x23, 0x1f, 0x00, 0x37, 0x3e,
	0x06, 0xf0, 0x04, 0x1b, 0x86, 0x43, 0x80, 0x00,
	0xa8, 0x71, 0x08, 0x04, 0xf4, 0x1c, 0x00, 0x17,
	0x19, 0x81, 0x08, 0xff, 0xb0, 0x8d, 0xa8, 0x01,
	0x08, 0x02, 0x20, 0x72, 0x40, 0x00, 0x27, 0xf1,
	0x08, 0x00, 0x30, 0x71, 0x14, 0xc1, 0x00, 0x02,
	0x08, 0xff, 0x5c, 0x19, 0x06, 0xc0, 0x08, 0xad,
	0x08, 0x00, 0x7c, 0x96, 0x17, 0x00, 0x37, 0x22,
	0x08, 0x04, 0x28, 0xa3, 0x40, 0x00, 0x34, 0xd1,
	0x17, 0x00, 0x37, 0x1c, 0x08, 0x04, 0x58, 0xa3,
	0x40, 0x00, 0x34, 0xd1, 0x17, 0x00, 0x37, 0x16,
	0x08, 0x04, 0x60, 0xa3, 0x40, 0x00, 0x34, 0xd1,
	0x17, 0x00, 0x37, 0x10, 0x08, 0x04, 0x64, 0xa3,
	0x40, 0x00, 0x34, 0xd1, 0x14, 0xc0, 0x14, 0x15,
	0x08, 0x05, 0x00, 0xa3, 0x08, 0x00, 0x18, 0x67,
	0x1f, 0x00, 0x37, 0x04, 0x43, 0x41, 0xb4, 0xe1,
	0xa7, 0xe7, 0x17, 0x00, 0x36, 0xff, 0x08, 0x04,
	0x30, 0xa3, 0xb5, 0x51, 0x17, 0x00, 0x36, 0xfa,
	0x08, 0x04, 0x00, 0xa3, 0x04, 0x89, 0xe8, 0x11,
	0x14, 0x80, 0x9e, 0x20, 0x0f, 0x0f, 0xff, 0x01,
	0x0d, 0xff, 0xff, 0x11, 0xb4, 0xd1, 0x17, 0x00,
	0x36, 0xed, 0x08, 0x04, 0x10, 0xa3, 0xb4, 0xd1,
	0x17, 0x00, 0x36, 0xe8, 0x08, 0x04, 0x20, 0xa3,
	0x17, 0x00, 0x36, 0xe4, 0x49, 0xe1, 0xb4, 0xd1,
	0x49, 0xb4, 0xa0, 0x00, 0x14, 0xc0, 0x10, 0x02,
	0x08, 0x0f, 0x18, 0xa3, 0x06, 0xff, 0xf0, 0x19,
	0x1f, 0x00, 0x36, 0xd8, 0x43, 0x21, 0xb4, 0x91,
	0x1f, 0x1f, 0xfc, 0xd6, 0x06, 0xf0, 0x04, 0x1b,
	0xa5, 0xf1, 0x14, 0x80, 0x4a, 0x20, 0x93, 0x96,
	0x17, 0x00, 0x36, 0xcc, 0x08, 0x04, 0x38, 0xa3,
	0xb6, 0x51, 0xa5, 0xe6, 0x17, 0x00, 0x36, 0xc6,
	0x08, 0x04, 0x18, 0xa3, 0xb4, 0xd1, 0x17, 0x00,
	0x36, 0xc1, 0x08, 0x04, 0x48, 0xa3, 0xb4, 0xd1,
	0x17, 0x00, 0x36, 0xbc, 0x08, 0x04, 0x50, 0xa3,
	0xb4, 0xd1, 0x17, 0x00, 0x36, 0xb7, 0x08, 0x00,
	0x78, 0xa3, 0x20, 0x20, 0xe0, 0x11, 0x08, 0x00,
	0x7c, 0xa3, 0x17, 0x00, 0x36, 0xaf, 0xb4, 0xd1,
	0x80, 0xc0, 0xb6, 0x51, 0x06, 0xc0, 0x08, 0xad,
	0xa5, 0xdf, 0x97, 0xde, 0xa0, 0x3f, 0x17, 0x00,
	0x36, 0xa5, 0x08, 0x04, 0x08, 0xa3, 0x1e, 0x1f,
	0xff, 0xb3, 0x80, 0x00, 0x92, 0x06, 0x00, 0x17,
	0x1a, 0x86, 0xa7, 0xaf, 0xa7, 0xd6, 0x00, 0x17,
	0x1a, 0xc6, 0x00, 0x17, 0x1a, 0x01, 0xa7, 0xc6,
	0x00, 0x17, 0x1a, 0x46, 0xa8, 0x01, 0xa7, 0xe4,
	0xa7, 0xf3, 0x14, 0x80, 0x50, 0x20, 0xa7, 0xb6,
	0x08, 0x00, 0x10, 0x13, 0x49, 0x82, 0x25, 0xd1,
	0x17, 0x00, 0x36, 0x88, 0xa8, 0x06, 0x04, 0x1e,
	0x6c, 0x63, 0x17, 0x00, 0x36, 0x89, 0x88, 0x13,
	0xa5, 0xc6, 0x00, 0x00, 0x0f, 0x87, 0xa8, 0x56,
	0x04, 0x0c, 0xe7, 0x66, 0x49, 0x8b, 0xa5, 0xb1,
	0x44, 0x3b, 0x25, 0xf4, 0x17, 0x00, 0x36, 0x72,
	0x49, 0xb1, 0xa5, 0xf2, 0x08, 0x00, 0x04, 0x63,
	0x17, 0x00, 0x36, 0x6c, 0xa5, 0xe4, 0x08, 0x00,
	0x08, 0x63, 0x17, 0x00, 0x36, 0x67, 0xa8, 0x04,
	0x93, 0x63, 0x49, 0x9a, 0xa5, 0xb1, 0x00, 0x0e,
	0x23, 0x49, 0xa8, 0x08, 0x00, 0x00, 0x09, 0x01,
	0x04, 0x0c, 0xe1, 0x81, 0x08, 0x00, 0x08, 0x96,
	0x88, 0x61, 0x08, 0x00, 0x24, 0x3a, 0x17, 0x00,
	0x36, 0x55, 0x43, 0x61, 0xa8, 0x04, 0x41, 0x7e,
	0xa8, 0x84, 0x17, 0x00, 0x36, 0x4f, 0x08, 0x00,
	0x10, 0x53, 0xa9, 0x04, 0x17, 0x00, 0x36, 0x4a,
	0x08, 0x00, 0x14, 0x53, 0x08, 0x02, 0x20, 0x93,
	0x44, 0x1b, 0x29, 0x84, 0x17, 0x00, 0x36, 0x42,
	0x08, 0x00, 0x18, 0x53, 0xa8, 0x54, 0x17, 0x00,
	0x36, 0x3d, 0x08, 0x00, 0x1c, 0x53, 0xa8, 0xd4,
	0x17, 0x00, 0x36, 0x38, 0x08, 0x00, 0x20, 0x53,
	0x08, 0x00, 0x28, 0x16, 0x1c, 0xc0, 0x0c, 0x14,
	0x17, 0x00, 0x36, 0x30, 0x49, 0xd1, 0xb0, 0xd4,
	0x86, 0x4a, 0xab, 0x04, 0x00, 0x0c, 0x76, 0x41,
	0x17, 0x00, 0x36, 0x28, 0x08, 0x00, 0x6c, 0x53,
	0xa8, 0x01, 0x17, 0x00, 0x36, 0x27, 0x08, 0x00,
	0x08, 0x13, 0x20, 0x00, 0x38, 0x96, 0x48, 0x8c,
	0x70, 0x14, 0x17, 0x00, 0x36, 0x1b, 0x4d, 0xe0,
	0xf0, 0xa3, 0x04, 0x0c, 0xe1, 0x81, 0x08, 0x01,
	0x28, 0x99, 0x44, 0x48, 0xa8, 0x54, 0x17, 0x00,
	0x36, 0x11, 0x08, 0x00, 0xf0, 0x53, 0xaa, 0x04,
	0x17, 0x00, 0x36, 0x0c, 0x08, 0x00, 0xd8, 0x53,
	0x06, 0x40, 0x4c, 0x41, 0x17, 0x00, 0x36, 0x06,
	0x08, 0x00, 0xdc, 0x53, 0xaa, 0x84, 0x17, 0x00,
	0x36, 0x01, 0x08, 0x00, 0xe0, 0x53, 0x06, 0x40,
	0x50, 0x41, 0xa5, 0xc1, 0x93, 0x16, 0xa8, 0x01,
	0x86, 0x11, 0x17, 0x00, 0x35, 0xf7, 0x08, 0x00,
	0xe4, 0x53, 0x49, 0x92, 0x2c, 0x51, 0x17, 0x00,
	0x35, 0xf1, 0x08, 0x00, 0xf4, 0x53, 0x15, 0x80,
	0x1a, 0x30, 0xa5, 0xd1, 0x93, 0x18, 0xa8, 0x01,
	0x43, 0x08, 0xac, 0x50, 0x00, 0x00, 0x80, 0x06,
	0xac, 0x71, 0x1d, 0x00, 0x03, 0x16, 0xac, 0x70,
	0x17, 0x00, 0x35, 0xec, 0x93, 0x73, 0xa5, 0xb1,
	0x4c, 0x08, 0xa8, 0x06, 0xbc, 0x26, 0x93, 0x01,
	0xa5, 0xb6, 0xac, 0x51, 0xa5, 0xaf, 0x97, 0xae,
	0xa0, 0x3f, 0x80, 0x00, 0x92, 0x0c, 0x00, 0x17,
	0x18, 0xc1, 0xa7, 0x4f, 0xa2, 0x80, 0xbe, 0x41,
	0xa5, 0x4f, 0x97, 0x4e, 0xa0, 0x3f, 0x1f, 0x1f,
	0xfd, 0x05, 0x1f, 0x1f, 0xf1, 0x49, 0xa7, 0x81,
	0x00, 0x17, 0x19, 0x01, 0xa7, 0x92, 0xa8, 0x02,
	0xa5, 0x86, 0xa7, 0x71, 0x13, 0x00, 0x05, 0x26,
	0x4c, 0x08, 0xa8, 0x88, 0x93, 0x01, 0x49, 0x83,
	0x25, 0x97, 0x1d, 0x00, 0x03, 0x87, 0x93, 0x16,
	0x13, 0x00, 0x04, 0x87, 0x98, 0x11, 0x93, 0x61,
	0xa7, 0x60, 0xb8, 0xf1, 0xa7, 0x50, 0x49, 0x83,
	0x25, 0x81, 0x04, 0x01, 0xe2, 0x13, 0x93, 0x71,
	0x04, 0x03, 0xe8, 0x14, 0x17, 0x00, 0x3d, 0xec,
	0x00, 0x00, 0x3e, 0x85, 0xa7, 0x52, 0xa7, 0x61,
	0x17, 0x1f, 0xfd, 0x52, 0xa5, 0x63, 0x1f, 0x1f,
	0xfd, 0xe9, 0x1f, 0x1f, 0xf1, 0x1d, 0xa5, 0x76,
	0xb4, 0xd1, 0x17, 0x1f, 0xfc, 0xbd, 0xb6, 0x52,
	0x1f, 0x1f, 0xfc, 0xd2, 0x00, 0x0e, 0x23, 0x86,
	0xa5, 0x67, 0xb7, 0xd1, 0x06, 0xf2, 0x30, 0x16,
	0x00, 0x17, 0x1b, 0x01, 0xb4, 0xd7, 0xa5, 0x57,
	0xa8, 0x01, 0x06, 0xfd, 0xcc, 0x76, 0xb8, 0x61,
	0xa7, 0x76, 0xa5, 0x83, 0x17, 0x1f, 0xfe, 0xe8,
	0xa5, 0x94, 0x00, 0x17, 0x19, 0xc1, 0xa8, 0x01,
	0xb8, 0x41, 0xa5, 0x73, 0x1f, 0x80, 0x00, 0x01,
	0x00, 0x17, 0x19, 0x81, 0xa8, 0x01, 0x14, 0x83,
	0x52, 0x20, 0xa5, 0x73, 0x1f, 0x80, 0x00, 0x01,
	0x1e, 0x1f, 0xff, 0xa4, 0x1e, 0x1f, 0xff, 0x9c,
	0x49, 0x00, 0xf0, 0x06, 0x00, 0x0c, 0x6e, 0x87,
	0xa7, 0xff, 0x18, 0x80, 0x18, 0xd2, 0x17, 0x00,
	0x35, 0x6d, 0xb0, 0xe3, 0xbc, 0x41, 0xa1, 0x7a,
	0x43, 0x0b, 0x34, 0xe1, 0xa5, 0xff, 0x97, 0xfe,
	0xa0, 0x3f, 0x1f, 0x1f, 0xfb, 0x6d, 0x00, 0x17,
	0x1a, 0x06, 0xb8, 0x81, 0xac, 0x51, 0x08, 0x00,
	0x18, 0x13, 0x17, 0x00, 0x35, 0x53, 0x0f, 0xe3,
	0x10, 0x04, 0x00, 0x17, 0x1a, 0x46, 0x98, 0x64,
	0xac, 0x50, 0x00, 0x17, 0x1a, 0x86, 0xac, 0x50,
	0x00, 0x17, 0x1a, 0xc6, 0xac, 0x50, 0x00, 0x17,
	0x1b, 0x06, 0xac, 0x50, 0x00, 0x17, 0x1b, 0x46,
	0xb8, 0x61, 0xac, 0x54, 0x17, 0x00, 0x35, 0x3e,
	0x08, 0x00, 0x08, 0x13, 0x00, 0x17, 0x1b, 0x82,
	0x98, 0x43, 0x0f, 0x00, 0xc0, 0x08, 0xa3, 0x93,
	0x0f, 0x00, 0x24, 0x07, 0x14, 0xc0, 0x40, 0x02,
	0x0f, 0x00, 0x3f, 0x06, 0x00, 0x0c, 0x6e, 0xc1,
	0x40, 0x00, 0x31, 0x02, 0x08, 0x06, 0xa0, 0x23,
	0x17, 0x00, 0x35, 0x28, 0x00, 0x30, 0x02, 0x34,
	0x0d, 0x00, 0x23, 0x84, 0x17, 0x00, 0x35, 0x22,
	0x08, 0x07, 0xb0, 0x23, 0x0d, 0x00, 0x23, 0x74,
	0x17, 0x00, 0x35, 0x1c, 0x08, 0x08, 0x80, 0x23,
	0x08, 0x0e, 0x40, 0x23, 0x0d, 0xc0, 0x23, 0x64,
	0x1f, 0x00, 0x35, 0x14, 0x80, 0x00, 0x1f, 0x1f,
	0xfc, 0x27, 0x98, 0x16, 0x00, 0x17, 0x18, 0xc1,
	0x16, 0x1f, 0xff, 0xae, 0xa3, 0x86, 0x80, 0x00,
	0x92, 0x02, 0xa7, 0xef, 0x1f, 0x00, 0x18, 0xdc,
	0x00, 0x17, 0x21, 0x86, 0xba, 0x71, 0xac, 0x51,
	0xa7, 0xf0, 0x17, 0x00, 0x37, 0xdd, 0x00, 0x0b,
	0x72, 0x43, 0xa5, 0xef, 0x97, 0xee, 0xa0, 0x3f,
	0x92, 0x01, 0xa7, 0xff, 0x1f, 0x1f, 0xea, 0xa0,
	0xba, 0x61, 0x00, 0x17, 0x21, 0x43, 0x1f, 0x1f,
	0xe9, 0xcd, 0xa1, 0x83, 0x1f, 0x1f, 0xe9, 0xb6,
	0xa5, 0xff, 0x97, 0xfe, 0xa0, 0x3f, 0x80, 0x00,
	0x92, 0x02, 0xa7, 0xef, 0x1f, 0x1f, 0xea, 0x90,
	0xb8, 0x61, 0xa7, 0xf1, 0x1f, 0x00, 0x11, 0x80,
	0x49, 0x8c, 0x21, 0x84, 0x1f, 0x00, 0x11, 0x28,
	0x17, 0x1f, 0xe9, 0x88, 0x00, 0x0e, 0x46, 0xc3,
	0xa5, 0xf1, 0xbc, 0x51, 0x17, 0x00, 0x11, 0x84,
	0x93, 0x83, 0xa1, 0x83, 0x1f, 0x00, 0x11, 0x38,
	0xa5, 0xef, 0x97, 0xee, 0xa0, 0x3f, 0x80, 0x00,
	0x92, 0x03, 0xa7, 0xdf, 0x1f, 0x1f, 0xea, 0x74,
	0xb8, 0x61, 0xa7, 0xe1, 0x1f, 0x00, 0x11, 0x64,
	0xa1, 0x04, 0xa7, 0xf1, 0x1f, 0x00, 0x11, 0x0c,
	0x17, 0x1f, 0xe9, 0x78, 0x00, 0x0e, 0x46, 0xc3,
	0x1f, 0x1f, 0xff, 0xc4, 0xa5, 0xe1, 0xbc, 0x51,
	0x17, 0x00, 0x11, 0x66, 0xa5, 0xf3, 0xa1, 0x83,
	0x1f, 0x00, 0x11, 0x1a, 0xa5, 0xdf, 0x97, 0xde,
	0xa0, 0x3f, 0x80, 0x00, 0x92, 0x01, 0xa7, 0xff,
	0x1f, 0x1f, 0xf6, 0x12, 0x1f, 0x1f, 0xf5, 0xd6,
	0x4c, 0x12, 0x25, 0xff, 0x0f, 0x30, 0x0c, 0x01,
	0x97, 0xfe, 0x16, 0x00, 0x34, 0xa3, 0x0d, 0x66,
	0x64, 0x13, 0x80, 0x00, 0x92, 0x01, 0x0f, 0x30,
	0x0c, 0x01, 0x4c, 0x12, 0x27, 0xff, 0x17, 0x00,
	0x34, 0x99, 0x0d, 0x66, 0x68, 0x13, 0x1f, 0x1f,
	0xf5, 0xdf, 0xa5, 0xff, 0x16, 0x1f, 0xf5, 0xac,
	0x97, 0xfe, 0x80, 0x00, 0x00, 0x17, 0x21, 0x81,
	0x93, 0x04, 0x16, 0x00, 0x15, 0xc7, 0xa8, 0x03,
	0x49, 0x01, 0x70, 0x05, 0x00, 0x17, 0x21, 0x81,
	0x49, 0x82, 0x27, 0xef, 0x17, 0x00, 0x17, 0x8e,
	0xa8, 0x03, 0x1c, 0x80, 0x0e, 0x21, 0xa7, 0xf0,
	0x17, 0x00, 0x37, 0x5a, 0x00, 0x0b, 0x73, 0x03,
	0xa5, 0xef, 0x97, 0xee, 0xa0, 0x3f, 0x80, 0x00,
	0x00, 0x17, 0x21, 0x81, 0x9f, 0xf4, 0x16, 0x00,
	0x15, 0xad, 0xa8, 0x03, 0x49, 0x01, 0x70, 0x05,
	0x00, 0x17, 0x21, 0x81, 0x49, 0x82, 0x27, 0xef,
	0x17, 0x00, 0x17, 0x74, 0xa8, 0x03, 0x1c, 0x80,
	0x0e, 0x21, 0xa7, 0xf0, 0x17, 0x00, 0x37, 0x40,
	0x00, 0x0b, 0x73, 0x03, 0xa5, 0xef, 0x97, 0xee,
	0xa0, 0x3f, 0x80, 0x00, 0x92, 0x02, 0x97, 0xf4,
	0xa7, 0xef, 0x00, 0x17, 0x21, 0x01, 0xa7, 0xf0,
	0x17, 0x00, 0x1d, 0x5e, 0xa8, 0x03, 0xa5, 0xf1,
	0xbc, 0x31, 0x1f, 0x00, 0x10, 0x8d, 0xa5, 0xef,
	0x97, 0xee, 0xa0, 0x3f, 0x92, 0x06, 0xa7, 0xaf,
	0x1f, 0x1f, 0xe8, 0x68, 0x00, 0x17, 0x21, 0xc6,
	0xa7, 0xc3, 0x15, 0x80, 0xa2, 0x20, 0xa7, 0xb6,
	0xa5, 0xb1, 0x93, 0x16, 0xf0, 0x17, 0x06, 0x00,
	0x07, 0x11, 0x06, 0x00, 0x08, 0x66, 0x06, 0x00,
	0x06, 0x77, 0xa7, 0xf1, 0xa7, 0xe6, 0xa7, 0xd7,
	0x17, 0x00, 0x37, 0x12, 0x00, 0x0b, 0x74, 0x03,
	0x40, 0x00, 0x25, 0xb1, 0x14, 0xc0, 0x24, 0x02,
	0x06, 0x20, 0x06, 0x61, 0x06, 0x00, 0x08, 0x71,
	0x40, 0xbb, 0xf0, 0x71, 0x1a, 0xc0, 0x07, 0x06,
	0x93, 0x01, 0x81, 0x40, 0x98, 0x18, 0x04, 0x09,
	0xe1, 0x88, 0x9f, 0xf1, 0x8c, 0x81, 0x8a, 0x16,
	0x86, 0x17, 0x40, 0xb8, 0x25, 0xb8, 0x06, 0x50,
	0x06, 0x68, 0x12, 0xc0, 0x0e, 0x26, 0x06, 0x50,
	0x08, 0x78, 0x87, 0xa1, 0x06, 0x50, 0x08, 0x18,
	0xa5, 0xb1, 0x93, 0x18, 0x06, 0x00, 0x07, 0x71,
	0x08, 0x00, 0x01, 0x71, 0x81, 0x45, 0x06, 0x50,
	0x07, 0x18, 0x1a, 0xc0, 0x08, 0xc6, 0x06, 0x50,
	0x07, 0x08, 0x42, 0xde, 0xa5, 0xc2, 0x4c, 0x0c,
	0x70, 0x01, 0xa3, 0xd2, 0xa5, 0xb6, 0x04, 0x09,
	0xe7, 0x87, 0x06, 0x20, 0x06, 0x66, 0x45, 0xbb,
	0x25, 0xb7, 0x06, 0x50, 0x06, 0x67, 0xa5, 0xaf,
	0x97, 0xae, 0xa0, 0x3f, 0x06, 0x00, 0x07, 0x16,
	0x98, 0x17, 0x04, 0x09, 0xe1, 0x71, 0x06, 0x00,
	0x06, 0x66, 0x8a, 0x61, 0x1d, 0x83, 0x54, 0x20,
	0xa1, 0xd8, 0x80, 0x00, 0x92, 0x02, 0xa7, 0xef,
	0x1f, 0x1f, 0xe8, 0x04, 0x4c, 0x18, 0xbc, 0x51,
	0xa5, 0xef, 0x97, 0xee, 0xa0, 0x3f, 0x17, 0x1f,
	0xe8, 0xdb, 0x00, 0x17, 0x21, 0x43, 0x00, 0x17,
	0x22, 0x28, 0x4c, 0x0b, 0x70, 0x02, 0xfe, 0xb8,
	0xa2, 0xfe, 0x04, 0x09, 0xe7, 0x66, 0x8a, 0x61,
	0xb9, 0x11, 0x9f, 0xf1, 0x08, 0x00, 0x01, 0x72,
	0x00, 0x17, 0x21, 0xc3, 0x46, 0x30, 0xfb, 0x17,
	0x44, 0x1b, 0xa2, 0xbd, 0x8a, 0x16, 0x40, 0xa4,
	0x22, 0xf1, 0xf9, 0x37, 0x1a, 0xc0, 0x06, 0x26,
	0xa3, 0xf0, 0xa7, 0xf2, 0x17, 0x1f, 0xe8, 0x9a,
	0x00, 0x17, 0x21, 0x43, 0xa1, 0x5a, 0xa5, 0xf1,
	0x92, 0x02, 0xa7, 0xef, 0x17, 0x00, 0x10, 0x54,
	0x98, 0x18, 0x00, 0x17, 0x21, 0x42, 0xa7, 0xf1,
	0xfe, 0x8d, 0x0c, 0x00, 0x1f, 0x67, 0x04, 0x1c,
	0x65, 0x66, 0x04, 0x09, 0xe7, 0x83, 0x48, 0x93,
	0x22, 0xce, 0x0f, 0x30, 0x04, 0x01, 0x0d, 0x20,
	0x40, 0x11, 0x44, 0x30, 0xbe, 0x67, 0xa8, 0x06,
	0x8b, 0x36, 0x4c, 0x09, 0xa1, 0x88, 0x4f, 0xfb,
	0xa8, 0x06, 0x46, 0x1b, 0xf0, 0x08, 0x8a, 0x76,
	0x98, 0x23, 0xac, 0x06, 0x17, 0x1f, 0xff, 0x4c,
	0xa3, 0x98, 0x17, 0x00, 0x10, 0x41, 0xa5, 0xf3,
	0x1f, 0x1f, 0xff, 0x36, 0x49, 0x80, 0xa5, 0xef,
	0x97, 0xee, 0xa0, 0x3f, 0x92, 0x01, 0xa7, 0xff,
	0x17, 0x00, 0x17, 0x86, 0x00, 0x17, 0x21, 0x06,
	0xac, 0x51, 0xa5, 0xff, 0x97, 0xfe, 0xa0, 0x3f,
	0x92, 0x02, 0x00, 0x17, 0x21, 0x41, 0x4d, 0x5b,
	0x27, 0xef, 0x98, 0xb7, 0xf8, 0xb0, 0xf8, 0xb8,
	0xfb, 0x00, 0x17, 0x1f, 0xfe, 0x6f, 0xa7, 0xf1,
	0x1f, 0x1f, 0xfe, 0xd6, 0x0f, 0x30, 0x04, 0x06,
	0x0d, 0x00, 0x9c, 0x66, 0x01, 0xff, 0xcf, 0xe1,
	0x49, 0x82, 0xa8, 0x57, 0x45, 0x38, 0xa5, 0xf3,
	0x00, 0x03, 0x9c, 0x04, 0xb4, 0x51, 0xa8, 0x51,
	0x0d, 0x02, 0x01, 0x11, 0xb6, 0x51, 0xa5, 0xef,
	0x16, 0x1f, 0xe8, 0x9c, 0x97, 0xee, 0x80, 0x00,
	0x92, 0x02, 0x00, 0x0e, 0x4e, 0xc1, 0xa7, 0xef,
	0xa9, 0x09, 0xa9, 0x86, 0xab, 0x02, 0xab, 0x88,
	0xb0, 0x8a, 0xb1, 0x8d, 0xb0, 0x84, 0xb0, 0x85,
	0xa9, 0x07, 0xa9, 0x8f, 0xa7, 0xf7, 0xab, 0x0c,
	0xab, 0x8b, 0xaa, 0x87, 0xb9, 0xe3, 0xaa, 0x01,
	0x49, 0xa1, 0x70, 0x58, 0x14, 0x80, 0x3a, 0x61,
	0x49, 0xd4, 0xf0, 0xd6, 0x14, 0x80, 0x18, 0x62,
	0x49, 0xe1, 0x70, 0xb8, 0x49, 0x83, 0xf0, 0xf6,
	0x15, 0x80, 0x0e, 0x63, 0xa5, 0xf9, 0x04, 0x00,
	0xe6, 0x91, 0x85, 0xce, 0x88, 0x17, 0x00, 0x00,
	0x3e, 0x81, 0xa5, 0xef, 0x04, 0x0c, 0xe1, 0x71,
	0xa0, 0x2f, 0x97, 0xee, 0x04, 0x1c, 0x74, 0x11,
	0x93, 0x07, 0x1d, 0x83, 0xec, 0x60, 0xa1, 0xf0,
	0x16, 0x00, 0x33, 0x36, 0x93, 0x05, 0x80, 0x00,
	0x92, 0x02, 0xa7, 0xef, 0x93, 0x05, 0x17, 0x00,
	0x33, 0x39, 0x97, 0xf4, 0xa5, 0xef, 0xa5, 0xf1,
	0x4b, 0xf7, 0x20, 0x3f, 0x49, 0x00, 0xf0, 0x38,
	0x0f, 0x10, 0x25, 0x01, 0x49, 0x81, 0x27, 0xff,
	0x14, 0xc0, 0x26, 0x04, 0x0d, 0xe1, 0xa0, 0x19,
	0x00, 0xaa, 0x00, 0x07, 0x12, 0xc0, 0x0a, 0x42,
	0x93, 0x93, 0x04, 0x00, 0xe7, 0x93, 0x1f, 0x1f,
	0xff, 0xe5, 0x04, 0x89, 0xa0, 0x14, 0x17, 0x1f,
	0xff, 0xdd, 0x8b, 0x84, 0x86, 0x12, 0x08, 0x10,
	0x00, 0x99, 0xa5, 0xff, 0x97, 0xfe, 0xa0, 0x3f,
	0x49, 0x00, 0xf0, 0x07, 0x00, 0x0e, 0x4e, 0xcb,
	0x0f, 0x10, 0x25, 0x01, 0x49, 0xd9, 0x27, 0xff,
	0x0d, 0xe1, 0xc0, 0x18, 0x00, 0xaa, 0x01, 0x0c,
	0x00, 0xaa, 0x00, 0x0d, 0x14, 0xc0, 0x58, 0x04,
	0x00, 0xaa, 0x00, 0x4a, 0x00, 0xaa, 0x00, 0xc9,
	0x18, 0x80, 0x22, 0xe2, 0x17, 0x1f, 0xff, 0xc2,
	0x08, 0x00, 0x10, 0x83, 0x17, 0x1f, 0xff, 0xbe,
	0x49, 0xc1, 0xb4, 0x91, 0x17, 0x1f, 0xff, 0xba,
	0x43, 0x21, 0xb4, 0x91, 0xa1, 0x13, 0x08, 0x00,
	0x0c, 0x83, 0x17, 0x1f, 0xff, 0xb3, 0x04, 0x00,
	0xec, 0x83, 0x49, 0xc1, 0xb4, 0x91, 0x17, 0x1f,
	0xff, 0xad, 0x88, 0xd3, 0x49, 0xc1, 0xb4, 0x91,
	0x17, 0x1f, 0xff, 0xa8, 0x88, 0xa3, 0x04, 0x00,
	0xe9, 0x83, 0x17, 0x1f, 0xff, 0xa3, 0x43, 0x0b,
	0xb4, 0x91, 0xb4, 0x91, 0x08, 0x10, 0x00, 0x88,
	0x49, 0xda, 0x25, 0xff, 0x97, 0xfe, 0x99, 0x05,
	0x16, 0x00, 0x2c, 0xb8, 0x9b, 0xc3, 0x80, 0x00,
	0x49, 0x00, 0xf0, 0x02, 0x0f, 0x10, 0x25, 0x01,
	0x40, 0x00, 0x27, 0xff, 0x14, 0xc0, 0x38, 0x04,
	0x0d, 0xe1, 0xa4, 0x19, 0x00, 0xaa, 0x00, 0x08,
	0x10, 0x80, 0x0a, 0x42, 0x93, 0x97, 0x49, 0xb9,
	0xa1, 0x85, 0x04, 0x00, 0xe8, 0x97, 0x93, 0x73,
	0x1f, 0x1f, 0xff, 0x80, 0xc9, 0x80, 0x17, 0x1f,
	0xff, 0x79, 0x04, 0x89, 0x80, 0x14, 0x1f, 0x1f,
	0xff, 0x79, 0x17, 0x1f, 0xff, 0x73, 0x04, 0x89,
	0xa0, 0x14, 0x86, 0x12, 0x08, 0x10, 0x00, 0x99,
	0xa5, 0xff, 0x97, 0xfe, 0xa0, 0x3f, 0x80, 0x00,
	0x92, 0x01, 0x00, 0x0c, 0x77, 0x81, 0xa7, 0xff,
	0x0f, 0x10, 0x25, 0x07, 0xa8, 0x08, 0x17, 0x1f,
	0xff, 0x65, 0x0d, 0xe1, 0xac, 0x73, 0x1c, 0x00,
	0x07, 0x18, 0x93, 0x06, 0x49, 0xb0, 0xa5, 0xff,
	0x97, 0xfe, 0xa0, 0x3f, 0x17, 0x1f, 0xff, 0x5a,
	0x0d, 0xe1, 0xb0, 0x73, 0x00, 0x0c, 0x77, 0xc6,
	0xa8, 0x56, 0x15, 0x7f, 0xf4, 0x16, 0x00, 0x0c,
	0x78, 0x01, 0x0f, 0x10, 0x30, 0x07, 0xa8, 0x08,
	0x17, 0x1f, 0xff, 0x4c, 0x0d, 0xa1, 0xac, 0x73,
	0x1d, 0x7f, 0xe9, 0x18, 0x17, 0x1f, 0xff, 0x46,
	0x0d, 0xa1, 0xb0, 0x73, 0x00, 0x0c, 0x78, 0x46,
	0x4c, 0x0b, 0x28, 0x57, 0x1c, 0x7f, 0xe0, 0x17,
	0xa1, 0xdd, 0x80, 0x00, 0x49, 0x00, 0xf0, 0x02,
	0x0f, 0x10, 0x25, 0x0d, 0x14, 0xc0, 0x82, 0x04,
	0x40, 0x00, 0x27, 0xff, 0x0d, 0xe1, 0xa0, 0xd8,
	0x10, 0x80, 0xbc, 0x42, 0x08, 0x00, 0x0c, 0x8a,
	0x17, 0x1f, 0xff, 0x2c, 0x49, 0xc1, 0xf0, 0x07,
	0xc9, 0x88, 0x17, 0x1f, 0xff, 0x23, 0x04, 0x89,
	0x81, 0x14, 0x17, 0x1f, 0xff, 0x23, 0x93, 0xa3,
	0x9c, 0xf4, 0x17, 0x1f, 0xff, 0x1b, 0x8a, 0x14,
	0x4c, 0x24, 0xa0, 0x00, 0x1c, 0xc0, 0x46, 0x04,
	0x17, 0x1f, 0xff, 0x18, 0x49, 0xd1, 0xa0, 0x00,
	0x80, 0x75, 0x04, 0x09, 0xe7, 0x64, 0x04, 0x88,
	0x27, 0x11, 0x8b, 0x14, 0x98, 0xf1, 0x04, 0x09,
	0xe9, 0x11, 0x9f, 0xfc, 0x46, 0x0e, 0x20, 0x00,
	0x04, 0x1d, 0x61, 0x71, 0x17, 0x1f, 0xff, 0x02,
	0x08, 0x00, 0x01, 0x1b, 0x17, 0x1f, 0xff, 0x02,
	0x08, 0x00, 0x10, 0x83, 0x04, 0x09, 0xe9, 0xb4,
	0x8a, 0x1c, 0x17, 0x1f, 0xfe, 0xf7, 0x8b, 0xc4,
	0x86, 0x17, 0x86, 0x49, 0x86, 0x12, 0x08, 0x10,
	0x00, 0x88, 0x17, 0x1f, 0xfe, 0xf3, 0x0d, 0xe1,
	0xac, 0xd3, 0x00, 0x0c, 0x77, 0x86, 0x0d, 0xe1,
	0xb0, 0xd3, 0x17, 0x1f, 0xfe, 0xeb, 0xac, 0x51,
	0x00, 0x0c, 0x77, 0xc6, 0x0f, 0x10, 0x30, 0x07,
	0xac, 0x51, 0x17, 0x1f, 0xfe, 0xe3, 0x0d, 0xa1,
	0xac, 0x73, 0x00, 0x0c, 0x78, 0x06, 0x0d, 0xa1,
	0xb0, 0x73, 0x17, 0x1f, 0xfe, 0xdb, 0xac, 0x51,
	0x00, 0x0c, 0x78, 0x46, 0xac, 0x51, 0xa5, 0xff,
	0x97, 0xfe, 0xa0, 0x3f, 0x00, 0xaa, 0x00, 0x03,
	0x17, 0x1f, 0xfe, 0xd0, 0x44, 0x41, 0xf0, 0x09,
	0xc9, 0x88, 0x00, 0xaa, 0x00, 0xc7, 0x88, 0x87,
	0x17, 0x1f, 0xfe, 0xc4, 0x04, 0x89, 0x81, 0x14,
	0x17, 0x1f, 0xfe, 0xc4, 0x93, 0x73, 0x9c, 0xf4,
	0x17, 0x1f, 0xfe, 0xbc, 0x8a, 0x14, 0x98, 0x4a,
	0x1c, 0xc0, 0x4a, 0x04, 0x17, 0x1f, 0xfe, 0xba,
	0x49, 0xb9, 0xa0, 0x00, 0x0c, 0x00, 0x01, 0x96,
	0x04, 0x09, 0xe9, 0x64, 0x04, 0x88, 0x29, 0x11,
	0x8b, 0x14, 0x98, 0xf1, 0x04, 0x09, 0xea, 0x11,
	0x9f, 0xfc, 0x8c, 0x1c, 0x04, 0x1d, 0x61, 0x91,
	0x17, 0x1f, 0xfe, 0xa4, 0x08, 0x00, 0x01, 0x1b,
	0x00, 0xaa, 0x01, 0x03, 0x17, 0x1f, 0xfe, 0xa2,
	0x44, 0x41, 0xa0, 0x00, 0x04, 0x09, 0xea, 0xb4,
	0x8a, 0x1c, 0x17, 0x1f, 0xfe, 0x97, 0x8b, 0xc4,
	0x86, 0x19, 0x86, 0x4a, 0x1e, 0x1f, 0xff, 0xa0,
	0x92, 0x01, 0xa7, 0xff, 0x1f, 0x1f, 0xff, 0x26,
	0xbe, 0x31, 0x1f, 0x1f, 0xff, 0x55, 0x17, 0x1f,
	0xfe, 0x97, 0x93, 0x03, 0x1f, 0x1f, 0xfe, 0xb2,
	0x1f, 0x1f, 0xfe, 0xf4, 0x4c, 0x09, 0xa5, 0xff,
	0x16, 0x1f, 0xfe, 0x8e, 0x97, 0xfe, 0x80, 0x00,
	0x0f, 0x10, 0x01, 0x01, 0x04, 0x1e, 0x6c, 0x34,
	0x16, 0x1f, 0xf6, 0xe8, 0x0d, 0x20, 0x18, 0x13,
	0x92, 0x01, 0xa7, 0xff, 0xa5, 0x26, 0xa5, 0xd1,
	0xa5, 0x07, 0x18, 0x00, 0x05, 0x61, 0xa5, 0xe1,
	0x1a, 0x00, 0x15, 0x16, 0x18, 0x00, 0x04, 0x37,
	0x1a, 0x00, 0x11, 0x74, 0xa5, 0xc1, 0x1a, 0x00,
	0x0e, 0x17, 0x17, 0x1f, 0xff, 0xe7, 0x98, 0x63,
	0x1f, 0x1f, 0xed, 0x0a, 0x00, 0x17, 0x22, 0x86,
	0xb4, 0xd1, 0xb6, 0x52, 0xa5, 0xff, 0x97, 0xfe,
	0xa0, 0x3f, 0x1f, 0x1f, 0xed, 0x01, 0x00, 0x17,
	0x22, 0x87, 0x00, 0x02, 0x71, 0x04, 0x4c, 0x0c,
	0x28, 0x66, 0x04, 0x01, 0xe6, 0x13, 0x49, 0x80,
	0xa8, 0xe6, 0x04, 0x03, 0xe6, 0x22, 0x11, 0x00,
	0x04, 0x43, 0x98, 0x16, 0x93, 0x06, 0xbe, 0x22,
	0x93, 0x61, 0x1b, 0x80, 0x06, 0x40, 0x93, 0x18,
	0x1c, 0x83, 0xcd, 0x00, 0x17, 0x1f, 0xff, 0xc2,
	0x49, 0x81, 0xb4, 0xe0, 0xa1, 0x60, 0xb6, 0x60,
	0x08, 0x00, 0x04, 0xe9, 0x92, 0x2a, 0xf0, 0x96,
	0x14, 0xc0, 0x0e, 0x0c, 0x06, 0x7f, 0x58, 0xfe,
	0x00, 0x0b, 0x78, 0x41, 0xb0, 0x87, 0xb4, 0xd7,
	0x1f, 0x1f, 0xf4, 0xf2, 0x00, 0x17, 0x22, 0x86,
	0x06, 0x7f, 0x78, 0x1e, 0x14, 0x81, 0x8e, 0x20,
	0xa6, 0x76, 0xf0, 0x03, 0x1c, 0xc0, 0x14, 0x02,
	0x1f, 0x1f, 0xf3, 0xc4, 0x17, 0x1f, 0xf5, 0x7a,
	0x06, 0x70, 0x28, 0x19, 0x06, 0xf0, 0x04, 0x19,
	0x98, 0x13, 0x1f, 0x1f, 0xf6, 0x4b, 0x17, 0x1f,
	0xf5, 0x39, 0xa6, 0x61, 0xa4, 0x66, 0x0f, 0x10,
	0x01, 0x07, 0xa6, 0x51, 0x06, 0x7f, 0x74, 0x6e,
	0x17, 0x1f, 0xf6, 0x6c, 0x0d, 0x26, 0x14, 0x73,
	0xa6, 0x41, 0x17, 0x1f, 0xf6, 0x67, 0x0d, 0x20,
	0x18, 0x73, 0xa4, 0x56, 0xa6, 0x31, 0xa6, 0x06,
	0xa4, 0x46, 0x17, 0x1f, 0xec, 0xa9, 0x06, 0x7f,
	0x70, 0x6e, 0xa4, 0x36, 0xa4, 0x48, 0x06, 0x7f,
	0x7c, 0x6e, 0x00, 0x17, 0x23, 0x06, 0x93, 0x87,
	0xb4, 0xd1, 0xb6, 0x52, 0xf0, 0x86, 0x93, 0x63,
	0x20, 0x21, 0x06, 0x88, 0x20, 0x21, 0xce, 0x77,
	0x20, 0x24, 0x5c, 0x66, 0x04, 0x89, 0xe2, 0x33,
	0x06, 0x7f, 0x68, 0x8e, 0x06, 0x7f, 0x64, 0x7e,
	0x15, 0x80, 0xdc, 0x60, 0x06, 0x7f, 0x6c, 0x6e,
	0xa4, 0x46, 0x80, 0x6d, 0x14, 0x80, 0x92, 0xc0,
	0x00, 0x17, 0x2b, 0x06, 0x49, 0x81, 0xa6, 0xa1,
	0xa8, 0xd7, 0xa8, 0x56, 0xa4, 0x31, 0xa7, 0x26,
	0x00, 0x17, 0x2a, 0x06, 0xa6, 0xe7, 0xa8, 0xd7,
	0xa8, 0x56, 0xa6, 0xc1, 0xa4, 0x51, 0xa7, 0x16,
	0x00, 0x17, 0x2c, 0x06, 0xa7, 0xb1, 0xa4, 0x61,
	0xa8, 0x56, 0xa6, 0xd7, 0x00, 0x17, 0x2c, 0x47,
	0xa7, 0xf1, 0x00, 0x17, 0x29, 0x81, 0xa7, 0x66,
	0xa8, 0x66, 0xa8, 0x87, 0xa8, 0x01, 0xa7, 0x56,
	0xa7, 0x31, 0xa4, 0x11, 0x06, 0x4f, 0x78, 0x6e,
	0xa7, 0xd1, 0x06, 0x4f, 0x5c, 0x1e, 0xa7, 0xe6,
	0xa4, 0x26, 0xa7, 0x81, 0xa4, 0x71, 0xa7, 0xc6,
	0xa8, 0x01, 0x06, 0x4f, 0x60, 0x6e, 0xa6, 0xf7,
	0xa4, 0x77, 0x00, 0x17, 0x2a, 0x88, 0xa6, 0x81,
	0x17, 0x1f, 0xf4, 0xf2, 0xa7, 0x76, 0x4c, 0x09,
	0xa8, 0xe7, 0xa8, 0x76, 0xa6, 0x97, 0xa8, 0xf7,
	0xa7, 0xa1, 0x17, 0x1f, 0xf4, 0xe9, 0xa7, 0x46,
	0xa6, 0xb2, 0xa7, 0x07, 0xa7, 0x91, 0x17, 0x00,
	0x33, 0x9f, 0x00, 0x0b, 0x7b, 0x43, 0x06, 0x4f,
	0x70, 0x8e, 0x04, 0x89, 0xe1, 0x81, 0xb9, 0xf1,
	0x06, 0x4f, 0x64, 0x5e, 0x06, 0x4f, 0x6c, 0x7e,
	0x06, 0x4f, 0x68, 0x6e, 0x4a, 0xf8, 0xa7, 0x35,
	0x14, 0xc0, 0x0e, 0x04, 0x4b, 0xe1, 0x27, 0x27,
	0x40, 0x00, 0x27, 0x16, 0xb0, 0x83, 0xb4, 0x93,
	0x06, 0x4f, 0x78, 0xae, 0x06, 0x4f, 0x74, 0x9e,
	0x06, 0x4f, 0x60, 0x4e, 0x17, 0x1f, 0xff, 0x06,
	0x06, 0x4f, 0x5c, 0x3e, 0x06, 0x4f, 0x58, 0xfe,
	0x95, 0x6e, 0xa0, 0x3f, 0x00, 0x00, 0x1f, 0x46,
	0x4c, 0x08, 0xa7, 0x10, 0x14, 0xc0, 0x0e, 0x04,
	0x4a, 0xfb, 0x27, 0x26, 0x4b, 0xe0, 0xa7, 0x31,
	0xb0, 0xd7, 0xb4, 0x87, 0x06, 0x4f, 0x64, 0x5e,
	0x06, 0x4f, 0x68, 0x6e, 0xa1, 0x62, 0x06, 0x4f,
	0x6c, 0x7e, 0x4c, 0x08, 0xa8, 0x57, 0x4c, 0x0b,
	0x28, 0xd8, 0xbc, 0x27, 0x93, 0x06, 0xbc, 0x28,
	0x93, 0x01, 0x8a, 0x61, 0x1c, 0x82, 0x66, 0x20,
	0xa1, 0xde, 0x80, 0x00, 0x9a, 0x41, 0x04, 0x0c,
	0xe3, 0x11, 0x92, 0x01, 0x00, 0x0c, 0x7a, 0x86,
	0x44, 0x30, 0xa7, 0xff, 0xa8, 0x86, 0x1b, 0x00,
	0x24, 0x64, 0x49, 0x8b, 0x31, 0x07, 0x1b, 0x00,
	0x20, 0x47, 0x06, 0x40, 0x20, 0x66, 0x15, 0x80,
	0x2c, 0xc2, 0x08, 0x00, 0x14, 0x16, 0x04, 0x01,
	0xe7, 0x48, 0xa2, 0x6e, 0x42, 0xde, 0xee, 0x42,
	0x43, 0xfb, 0x6e, 0x44, 0x04, 0x0d, 0xc7, 0x06,
	0x04, 0x17, 0x20, 0x06, 0x17, 0x00, 0x0b, 0x5a,
	0x40, 0xf5, 0xa2, 0x45, 0xa5, 0xff, 0x97, 0xfe,
	0xa0, 0x3f, 0x00, 0x0b, 0x83, 0xc3, 0x1f, 0x00,
	0x33, 0x2f, 0x4f, 0xf8, 0xa1, 0xf9, 0xa1, 0x7c,
	0x00, 0x0b, 0x83, 0x03, 0x92, 0x03, 0xa7, 0xdf,
	0x4d, 0x20, 0xa7, 0xe0, 0x04, 0x0c, 0xe3, 0x11,
	0x00, 0x0c, 0x7a, 0x86, 0x88, 0x61, 0x06, 0x10,
	0x0e, 0x31, 0xa7, 0xf1, 0xb8, 0x73, 0x97, 0xe4,
	0x08, 0x00, 0x10, 0x11, 0xee, 0x44, 0xa1, 0x06,
	0xa2, 0x45, 0x86, 0x81, 0xee, 0x42, 0xee, 0x44,
	0xa2, 0x45, 0x1f, 0x00, 0x0b, 0x0f, 0x93, 0x16,
	0x9f, 0xf1, 0xbc, 0x46, 0xa5, 0xdf, 0x97, 0xde,
	0xa0, 0x3f, 0xa5, 0xf1, 0x06, 0x40, 0x20, 0x61,
	0x9f, 0xf1, 0x15, 0x83, 0xf2, 0xc2, 0xa5, 0xf6,
	0xa5, 0xe1, 0x06, 0x10, 0x1c, 0x66, 0x04, 0x0c,
	0xe6, 0x11, 0xa5, 0xf6, 0x93, 0x67, 0xa8, 0x56,
	0x44, 0x30, 0xa8, 0xe7, 0x1b, 0x00, 0x04, 0x71,
	0x19, 0x7f, 0xea, 0x61, 0x17, 0x00, 0x32, 0xf4,
	0x00, 0x0b, 0x85, 0x43, 0x4f, 0xf8, 0xa1, 0xe4,
	0x9a, 0x41, 0x04, 0x0c, 0xe3, 0x16, 0x92, 0x01,
	0x00, 0x0c, 0x7a, 0x81, 0x44, 0x0b, 0x27, 0xff,
	0x06, 0x10, 0x14, 0x36, 0xba, 0x53, 0x9f, 0xf1,
	0xa5, 0xff, 0x97, 0xfe, 0xa0, 0x3f, 0x06, 0x10,
	0x16, 0x66, 0x17, 0x00, 0x0a, 0xff, 0x98, 0x15,
	0xa1, 0xf8, 0x80, 0x00, 0x92, 0x02, 0x97, 0xf4,
	0xa7, 0xef, 0x4d, 0x20, 0xa7, 0xf0, 0x04, 0x0c,
	0xe3, 0x16, 0x00, 0x0c, 0x7a, 0x81, 0x88, 0x16,
	0x06, 0x10, 0x14, 0x36, 0xba, 0x53, 0x9f, 0xf1,
	0xa5, 0xef, 0x97, 0xee, 0xa0, 0x3f, 0x06, 0x10,
	0x16, 0x66, 0x17, 0x00, 0x0a, 0xc3, 0x98, 0x15,
	0xbe, 0x21, 0xa5, 0xf1, 0xa1, 0xf6, 0x80, 0x00,
	0x9a, 0x41, 0x04, 0x0c, 0xe3, 0x16, 0x92, 0x01,
	0x00, 0x0c, 0x7a, 0x81, 0x44, 0x0b, 0x27, 0xff,
	0x06, 0x10, 0x18, 0x36, 0xba, 0x53, 0x9f, 0xf1,
	0xa5, 0xff, 0x97, 0xfe, 0xa0, 0x3f, 0x06, 0x10,
	0x1a, 0x66, 0x17, 0x00, 0x0a, 0xcf, 0x98, 0x15,
	0xa1, 0xf8, 0x80, 0x00, 0x92, 0x02, 0x97, 0xf4,
	0xa7, 0xef, 0x4d, 0x20, 0xa7, 0xf0, 0x04, 0x0c,
	0xe3, 0x16, 0x00, 0x0c, 0x7a, 0x81, 0x88, 0x16,
	0x06, 0x10, 0x18, 0x36, 0xba, 0x53, 0x9f, 0xf1,
	0xa5, 0xef, 0x97, 0xee, 0xa0, 0x3f, 0x06, 0x10,
	0x1a, 0x66, 0x17, 0x00, 0x0a, 0x93, 0x98, 0x15,
	0xbe, 0x21, 0xa5, 0xf1, 0xa1, 0xf6, 0x80, 0x00,
	0x92, 0x03, 0x00, 0x0c, 0x85, 0x01, 0xa7, 0xdf,
	0xa7, 0xf1, 0xa7, 0xe0, 0xa5, 0xe1, 0x19, 0x80,
	0x22, 0x24, 0x17, 0x00, 0x0a, 0x6f, 0xa5, 0xf3,
	0xa5, 0xf6, 0x08, 0x00, 0x0c, 0x67, 0xa5, 0xe6,
	0x43, 0x0b, 0x27, 0xf7, 0x10, 0x83, 0xe8, 0x20,
	0xa7, 0xe6, 0xa5, 0xdf, 0x97, 0xde, 0xa0, 0x3f,
	0x49, 0x80, 0xa1, 0xfd, 0x92, 0x02, 0x00, 0x00,
	0x51, 0x81, 0xa7, 0xef, 0xba, 0x53, 0xa7, 0xf1,
	0x00, 0x00, 0x51, 0x61, 0xa7, 0xf1, 0x4c, 0x23,
	0x25, 0xf3, 0x17, 0x00, 0x0a, 0xbd, 0x98, 0x14,
	0x4c, 0x2b, 0x25, 0xf3, 0x4c, 0x0a, 0x25, 0xef,
	0x16, 0x00, 0x0a, 0xb6, 0x97, 0xee, 0x80, 0x00,
	0x92, 0x0c, 0x97, 0x51, 0xa7, 0x4f, 0xa7, 0xc1,
	0xa7, 0x97, 0xa7, 0xa5, 0xa7, 0xb6, 0xa7, 0x70,
	0xa7, 0x80, 0xa7, 0x60, 0xb8, 0x63, 0xa7, 0x50,
	0x08, 0x00, 0x06, 0x31, 0xa7, 0x83, 0xa7, 0x71,
	0x98, 0x31, 0x1c, 0x80, 0x06, 0xaf, 0x98, 0x11,
	0x13, 0x00, 0x41, 0x17, 0x49, 0x83, 0x25, 0x71,
	0xb8, 0x31, 0xa5, 0x81, 0xbf, 0x61, 0x9f, 0xf1,
	0x98, 0x17, 0xba, 0x46, 0xa7, 0xc1, 0x49, 0x83,
	0xa7, 0xc0, 0xba, 0x57, 0xa5, 0xc1, 0xa5, 0x4f,
	0x97, 0x4e, 0xa0, 0x3f, 0xa5, 0xa1, 0xa7, 0xe6,
	0xa7, 0xf1, 0xa7, 0xd0, 0x17, 0x00, 0x32, 0x34,
	0x00, 0x0b, 0x86, 0x83, 0xa1, 0x75, 0xa5, 0xc1,
	0x49, 0x89, 0xa5, 0xa6, 0x17, 0x00, 0x0a, 0x80,
	0xa5, 0xb4, 0x4b, 0xb2, 0x25, 0x83, 0x17, 0x00,
	0x0a, 0x77, 0xa5, 0xa6, 0xa5, 0xb6, 0xa5, 0x61,
	0xa7, 0x80, 0x14, 0x00, 0x04, 0x61, 0x9f, 0xf1,
	0xa7, 0x81, 0xa5, 0xa1, 0xa5, 0x86, 0x1c, 0x83,
	0xb0, 0x2f, 0x49, 0x8b, 0x25, 0x94, 0x17, 0x00,
	0x0a, 0x6b, 0xa5, 0x73, 0x4b, 0xaa, 0x25, 0xa6,
	0x17, 0x00, 0x0a, 0x62, 0xa5, 0x73, 0xa5, 0x97,
	0xa5, 0x51, 0xa5, 0x86, 0x1d, 0x7f, 0xc9, 0x71,
	0xa1, 0xc7, 0x17, 0x00, 0x32, 0x09, 0x00, 0x0b,
	0x86, 0x03, 0x4f, 0xf8, 0xa1, 0xca, 0x80, 0x00,
	0x4c, 0x0b, 0x70, 0x07, 0x4c, 0x7a, 0xf0, 0x04,
	0x16, 0x1f, 0xff, 0xa0, 0x00, 0x01, 0x51, 0x43,
	0x93, 0x07, 0x98, 0x16, 0x98, 0xf5, 0x98, 0x24,
	0x16, 0x1f, 0xff, 0x98, 0x00, 0x01, 0x71, 0x43,
	0x93, 0x07, 0x98, 0x16, 0x98, 0xf5, 0x98, 0x34,
	0x16, 0x1f, 0xff, 0x90, 0x00, 0x01, 0x79, 0x43,
	0x92, 0x03, 0x98, 0x14, 0xa7, 0xdf, 0xa7, 0xf3,
	0xa7, 0xe5, 0xa5, 0xf6, 0x17, 0x00, 0x0a, 0x38,
	0x00, 0x01, 0x5a, 0x03, 0x4c, 0x0b, 0xa5, 0xf5,
	0x4c, 0x22, 0x25, 0xe6, 0xa5, 0xdf, 0x97, 0xde,
	0x16, 0x1f, 0xff, 0x7c, 0x00, 0x01, 0x59, 0x43,
	0x93, 0x07, 0x98, 0x16, 0x98, 0xf5, 0x98, 0x54,
	0x16, 0x1f, 0xff, 0x74, 0x00, 0x01, 0x61, 0x43,
	0x93, 0x07, 0x98, 0x16, 0x98, 0xf5, 0x98, 0x64,
	0x16, 0x1f, 0xff, 0x6c, 0x00, 0x01, 0x69, 0x43,
	0x92, 0x03, 0x98, 0x14, 0xa7, 0xdf, 0xa7, 0xf3,
	0xa7, 0xe5, 0xa5, 0xf6, 0x17, 0x00, 0x0a, 0x14,
	0x00, 0x01, 0x82, 0x03, 0x4c, 0x0b, 0xa5, 0xf5,
	0x4c, 0x3a, 0x25, 0xe6, 0xa5, 0xdf, 0x97, 0xde,
	0x16, 0x1f, 0xff, 0x58, 0x00, 0x01, 0x81, 0x43,
	0x4c, 0x0b, 0x70, 0x07, 0x4c, 0x7a, 0xf0, 0x03,
	0x16, 0x1f, 0xff, 0x50, 0x98, 0x94, 0x80, 0x00,
	0x93, 0x07, 0x98, 0x16, 0x98, 0xf5, 0x98, 0xa4,
	0x16, 0x1f, 0xff, 0x48, 0x00, 0x01, 0xe9, 0x63,
	0x93, 0x07, 0x98, 0x16, 0x98, 0xf5, 0x98, 0xb4,
	0x16, 0x1f, 0xff, 0x40, 0x00, 0x01, 0xeb, 0x63,
	0x93, 0x07, 0x98, 0x16, 0x98, 0xf5, 0x98, 0xc4,
	0x16, 0x1f, 0xff, 0x38, 0x00, 0x01, 0xf1, 0x63,
	0x93, 0x07, 0x98, 0x16, 0x98, 0xf5, 0x98, 0xd4,
	0x16, 0x1f, 0xff, 0x30, 0x00, 0x01, 0xf3, 0xc3,
	0x93, 0x07, 0x98, 0x16, 0x98, 0xf5, 0x98, 0xe4,
	0x16, 0x1f, 0xff, 0x28, 0x00, 0x01, 0xc5, 0x83,
	0x93, 0x07, 0x98, 0x16, 0x98, 0xf4, 0x98, 0xf5,
	0x16, 0x1f, 0xff, 0x20, 0x00, 0x01, 0xd8, 0xe3,
	0x93, 0x07, 0x98, 0x16, 0x98, 0xf5, 0x99, 0x04,
	0x16, 0x1f, 0xff, 0x18, 0x00, 0x01, 0xc3, 0x43,
	0x93, 0x07, 0x98, 0x16, 0x98, 0xf5, 0x99, 0x14,
	0x16, 0x1f, 0xff, 0x10, 0x00, 0x01, 0xc2, 0x23,
	0x93, 0x07, 0x98, 0x16, 0x98, 0xf5, 0x99, 0x24,
	0x16, 0x1f, 0xff, 0x08, 0x00, 0x01, 0xbb, 0x23,
	0x92, 0x02, 0x98, 0xa6, 0x4c, 0x0a, 0x27, 0xef,
	0xa7, 0xf5, 0x17, 0x00, 0x09, 0xb1, 0x00, 0x01,
	0xca, 0xc3, 0x49, 0x82, 0xa5, 0xf6, 0x4c, 0x0b,
	0xa5, 0xef, 0x97, 0xee, 0x99, 0x34, 0x16, 0x1f,
	0xfe, 0xf5, 0x00, 0x01, 0xcb, 0x23, 0x80, 0x00,
	0x93, 0x07, 0x98, 0x16, 0x98, 0xf5, 0x99, 0x44,
	0x16, 0x1f, 0xfe, 0xec, 0x00, 0x01, 0xbd, 0x63,
	0x93, 0x07, 0x98, 0x16, 0x98, 0xe5, 0x99, 0x64,
	0x16, 0x1f, 0xfe, 0xe4, 0x00, 0x01, 0xd2, 0x23,
	0x92, 0x02, 0x08, 0x00, 0x0a, 0x36, 0x4c, 0x0a,
	0x27, 0xef, 0xa7, 0xf3, 0x17, 0x00, 0x09, 0x8c,
	0x00, 0x01, 0xc6, 0x43, 0x4c, 0x0b, 0xa5, 0xf5,
	0x4c, 0x0b, 0x25, 0xef, 0x97, 0xee, 0x99, 0x74,
	0x16, 0x1f, 0xfe, 0xd0, 0x00, 0x01, 0xc6, 0xa3,
	0x93, 0x07, 0x98, 0x16, 0x98, 0xf5, 0x99, 0x84,
	0x16, 0x1f, 0xfe, 0xc8, 0x00, 0x01, 0xc4, 0x63,
	0x93, 0x07, 0x98, 0x16, 0x98, 0xe5, 0x99, 0x94,
	0x16, 0x1f, 0xfe, 0xc0, 0x00, 0x01, 0xd3, 0x43,
	0x93, 0x07, 0x98, 0x16, 0x98, 0xf5, 0x99, 0xa4,
	0x16, 0x1f, 0xfe, 0xb8, 0x00, 0x01, 0xb8, 0xe3,
	0x93, 0x07, 0x98, 0x16, 0x98, 0xf5, 0x99, 0xb4,
	0x16, 0x1f, 0xfe, 0xb0, 0x00, 0x01, 0xd4, 0x63,
	0x93, 0x07, 0x98, 0x16, 0x98, 0xf5, 0x99, 0xc4,
	0x16, 0x1f, 0xfe, 0xa8, 0x00, 0x01, 0xca, 0x03,
	0x92, 0x02, 0x08, 0x00, 0x0a, 0x36, 0x4c, 0x0a,
	0x27, 0xef, 0xa7, 0xf3, 0x17, 0x00, 0x09, 0x50,
	0x00, 0x01, 0xc8, 0x83, 0x4c, 0x0b, 0xa5, 0xf5,
	0x4c, 0x0b, 0x25, 0xef, 0x97, 0xee, 0x99, 0xd4,
	0x16, 0x1f, 0xfe, 0x94, 0x00, 0x01, 0xc8, 0xe3,
	0x92, 0x02, 0x08, 0x00, 0x0a, 0x36, 0x4c, 0x0a,
	0x27, 0xef, 0xa7, 0xf3, 0x17, 0x00, 0x09, 0x3c,
	0x00, 0x01, 0xb9, 0xa3, 0x4c, 0x0b, 0xa5, 0xf5,
	0x4c, 0x0b, 0x25, 0xef, 0x97, 0xee, 0x99, 0xe4,
	0x16, 0x1f, 0xfe, 0x80, 0x00, 0x01, 0xba, 0x03,
	0x49, 0x00, 0xf0, 0x07, 0x98, 0x16, 0x4c, 0x7a,
	0xa7, 0xff, 0x99, 0xf4, 0x17, 0x1f, 0xfe, 0x76,
	0x00, 0x01, 0xbe, 0x83, 0xb8, 0x61, 0x00, 0x01,
	0xbe, 0x83, 0xa5, 0xff, 0x97, 0xfe, 0xa0, 0x3f,
	0x4c, 0x0b, 0x70, 0x07, 0x98, 0xf5, 0x17, 0x1f,
	0xfe, 0x69, 0x9a, 0x04, 0xa1, 0xf7, 0x80, 0x00,
	0x49, 0x00, 0xf0, 0x07, 0x98, 0x16, 0x4c, 0x7a,
	0xa7, 0xff, 0x9a, 0x14, 0x17, 0x1f, 0xfe, 0x5e,
	0x00, 0x01, 0xc0, 0xe3, 0xb8, 0x61, 0x00, 0x01,
	0xc0, 0xe3, 0xa5, 0xff, 0x97, 0xfe, 0xa0, 0x3f,
	0x4c, 0x0b, 0x70, 0x07, 0x98, 0xf5, 0x17, 0x1f,
	0xfe, 0x51, 0x9a, 0x24, 0xa1, 0xf7, 0x80, 0x00,
	0x92, 0x02, 0x08, 0x00, 0x0a, 0x36, 0x4c, 0x0a,
	0x27, 0xef, 0xa7, 0xf3, 0x17, 0x00, 0x08, 0xf8,
	0x00, 0x01, 0xd0, 0x83, 0x4c, 0x0b, 0xa5, 0xf5,
	0x98, 0x16, 0x9a, 0x34, 0x17, 0x1f, 0xfe, 0x3e,
	0x00, 0x01, 0xd0, 0xe3, 0xb8, 0x61, 0x4c, 0x0b,
	0xa5, 0xf5, 0xa5, 0xef, 0x97, 0xee, 0xa0, 0x3f,
	0x00, 0x01, 0xd0, 0xe3, 0x98, 0x16, 0x17, 0x1f,
	0xfe, 0x31, 0x9a, 0x44, 0xa1, 0xf7, 0x80, 0x00,
	0x93, 0x67, 0x98, 0xf5, 0x9a, 0x54, 0x00, 0x01,
	0xcc, 0x43, 0x16, 0x1f, 0xfe, 0x27, 0x98, 0x16,
	0x98, 0x16, 0x98, 0x17, 0x98, 0xf5, 0x9a, 0x64,
	0x16, 0x1f, 0xfe, 0x20, 0x00, 0x01, 0xd6, 0xa3,
	0x93, 0x07, 0x98, 0x16, 0x98, 0xf5, 0x9a, 0x74,
	0x16, 0x1f, 0xfe, 0x18, 0x00, 0x01, 0xcd, 0x63,
	0x93, 0x07, 0x98, 0x16, 0x98, 0xf5, 0x9a, 0x84,
	0x16, 0x1f, 0xfe, 0x10, 0x00, 0x01, 0xce, 0x83,
	0x92, 0x02, 0x98, 0xa6, 0x4c, 0x0a, 0x27, 0xef,
	0xa7, 0xf5, 0x17, 0x00, 0x08, 0xb9, 0x00, 0x01,
	0xd9, 0xa3, 0x49, 0x82, 0xa5, 0xf6, 0x4c, 0x0b,
	0xa5, 0xef, 0x97, 0xee, 0x9a, 0x94, 0x16, 0x1f,
	0xfd, 0xfd, 0x00, 0x01, 0xda, 0x03, 0x80, 0x00,
	0x93, 0x07, 0x98, 0x16, 0x98, 0xf5, 0x9a, 0xa4,
	0x16, 0x1f, 0xfd, 0xf4, 0x00, 0x01, 0xd5, 0x83,
	0x92, 0x01, 0xa7, 0xff, 0x1f, 0x1f, 0xfe, 0x4a,
	0x1f, 0x1f, 0xfe, 0x50, 0x1f, 0x1f, 0xfe, 0x56,
	0x93, 0x03, 0x17, 0x1f, 0xfe, 0x5b, 0x98, 0x15,
	0x1f, 0x1f, 0xfe, 0x6c, 0x1f, 0x1f, 0xfe, 0x72,
	0x17, 0x1f, 0xfe, 0x8c, 0x98, 0x14, 0x1f, 0x1f,
	0xfe, 0x91, 0x1f, 0x1f, 0xfe, 0x97, 0x1f, 0x1f,
	0xfe, 0x9d, 0x1f, 0x1f, 0xfe, 0xa3, 0x1f, 0x1f,
	0xfe, 0xa9, 0x1f, 0x1f, 0xfe, 0xaf, 0x1f, 0x1f,
	0xfe, 0xb5, 0x1f, 0x1f, 0xfe, 0xbb, 0x1f, 0x1f,
	0xfe, 0xc1, 0x1f, 0x1f, 0xfe, 0xdb, 0x1f, 0x1f,
	0xfe, 0xe1, 0x17, 0x1f, 0xfe, 0xe7, 0x93, 0x03,
	0x1f, 0x1f, 0xfe, 0xf8, 0x1f, 0x1f, 0xfe, 0xfe,
	0x1f, 0x1f, 0xff, 0x04, 0x1f, 0x1f, 0xff, 0x0a,
	0x1f, 0x1f, 0xff, 0x10, 0x17, 0x1f, 0xff, 0x16,
	0x93, 0x03, 0x17, 0x1f, 0xff, 0x27, 0x93, 0x03,
	0x1f, 0x1f, 0xff, 0x38, 0x1f, 0x1f, 0xff, 0x4e,
	0x17, 0x1f, 0xff, 0x64, 0x93, 0x03, 0x17, 0x1f,
	0xff, 0x81, 0x93, 0x06, 0x1f, 0x1f, 0xff, 0x86,
	0x1f, 0x1f, 0xff, 0x8c, 0x1f, 0x1f, 0xff, 0x92,
	0x1f, 0x1f, 0xff, 0xac, 0x1f, 0x1f, 0xfd, 0xfe,
	0x1f, 0x1f, 0xfe, 0x04, 0x1f, 0x1f, 0xfe, 0x0a,
	0x93, 0x03, 0x17, 0x1f, 0xfe, 0x0f, 0x98, 0x15,
	0x1f, 0x1f, 0xfe, 0x20, 0x1f, 0x1f, 0xfe, 0x26,
	0x17, 0x1f, 0xfe, 0x40, 0x98, 0x14, 0x1f, 0x1f,
	0xfe, 0x45, 0x1f, 0x1f, 0xfe, 0x4b, 0x1f, 0x1f,
	0xfe, 0x51, 0x1f, 0x1f, 0xfe, 0x57, 0x1f, 0x1f,
	0xfe, 0x5d, 0x1f, 0x1f, 0xfe, 0x63, 0x1f, 0x1f,
	0xfe, 0x69, 0x1f, 0x1f, 0xfe, 0x6f, 0x1f, 0x1f,
	0xfe, 0x75, 0x1f, 0x1f, 0xfe, 0x8f, 0x1f, 0x1f,
	0xfe, 0x95, 0x17, 0x1f, 0xfe, 0x9b, 0x93, 0x03,
	0x1f, 0x1f, 0xfe, 0xac, 0x1f, 0x1f, 0xfe, 0xb2,
	0x1f, 0x1f, 0xfe, 0xb8, 0x1f, 0x1f, 0xfe, 0xbe,
	0x1f, 0x1f, 0xfe, 0xc4, 0x17, 0x1f, 0xfe, 0xca,
	0x93, 0x03, 0x17, 0x1f, 0xfe, 0xdb, 0x93, 0x03,
	0x1f, 0x1f, 0xfe, 0xec, 0x1f, 0x1f, 0xff, 0x02,
	0x17, 0x1f, 0xff, 0x18, 0x93, 0x03, 0x17, 0x1f,
	0xff, 0x35, 0x98, 0x16, 0x1f, 0x1f, 0xff, 0x3a,
	0x1f, 0x1f, 0xff, 0x40, 0x1f, 0x1f, 0xff, 0x46,
	0x1f, 0x1f, 0xff, 0x60, 0x1f, 0x1f, 0xfd, 0xb2,
	0x1f, 0x1f, 0xfd, 0xb8, 0x1f, 0x1f, 0xfd, 0xbe,
	0x98, 0x15, 0x17, 0x1f, 0xfd, 0xc3, 0x98, 0x23,
	0x1f, 0x1f, 0xfd, 0xd4, 0x1f, 0x1f, 0xfd, 0xda,
	0x17, 0x1f, 0xfd, 0xf4, 0x98, 0x14, 0x1f, 0x1f,
	0xfd, 0xf9, 0x1f, 0x1f, 0xfd, 0xff, 0x1f, 0x1f,
	0xfe, 0x05, 0x1f, 0x1f, 0xfe, 0x0b, 0x1f, 0x1f,
	0xfe, 0x11, 0x1f, 0x1f, 0xfe, 0x17, 0x1f, 0x1f,
	0xfe, 0x1d, 0x1f, 0x1f, 0xfe, 0x23, 0x1f, 0x1f,
	0xfe, 0x29, 0x1f, 0x1f, 0xfe, 0x43, 0x1f, 0x1f,
	0xfe, 0x49, 0x17, 0x1f, 0xfe, 0x4f, 0x98, 0x23,
	0x1f, 0x1f, 0xfe, 0x60, 0x1f, 0x1f, 0xfe, 0x6e,
	0x1f, 0x1f, 0xfe, 0x74, 0x1f, 0x1f, 0xfe, 0x7a,
	0x17, 0x1f, 0xfe, 0x80, 0x98, 0x23, 0x17, 0x1f,
	0xfe, 0x91, 0x98, 0x23, 0x1f, 0x1f, 0xfe, 0xa2,
	0x1f, 0x1f, 0xfe, 0xb8, 0x17, 0x1f, 0xfe, 0xce,
	0x98, 0x23, 0x17, 0x1f, 0xfe, 0xeb, 0x98, 0x16,
	0x1f, 0x1f, 0xfe, 0xf0, 0x1f, 0x1f, 0xfe, 0xf6,
	0x1f, 0x1f, 0xfe, 0xfc, 0xa5, 0xff, 0x16, 0x1f,
	0xff, 0x15, 0x97, 0xfe, 0x92, 0x01, 0xa7, 0xff,
	0x1f, 0x1f, 0xff, 0x18, 0xa5, 0xff, 0x16, 0x1f,
	0xfc, 0xd5, 0x97, 0xfe, 0xa0, 0x2f, 0x00, 0x17,
	0x23, 0x81, 0xac, 0x00, 0x4c, 0x53, 0x70, 0x01,
	0x04, 0x0d, 0xc6, 0x03, 0x04, 0x17, 0x20, 0x06,
	0x04, 0x16, 0x20, 0x07, 0x91, 0x26, 0x08, 0xff,
	0xfe, 0x78, 0x08, 0x00, 0x19, 0x62, 0x04, 0x1c,
	0x61, 0x86, 0x44, 0x13, 0x3c, 0x57, 0x15, 0x80,
	0x08, 0xe1, 0x80, 0x56, 0xa0, 0x3f, 0x81, 0x68,
	0x9a, 0x46, 0x04, 0x0c, 0xe1, 0x61, 0x00, 0x0e,
	0x6a, 0x06, 0x44, 0x30, 0xbe, 0x57, 0xa9, 0x86,
	0xa1, 0x04, 0xa8, 0x01, 0xa8, 0x86, 0xa9, 0x01,
	0x88, 0x61, 0x00, 0x00, 0x3e, 0x86, 0x04, 0x0c,
	0xe6, 0x11, 0xa1, 0x6d, 0x04, 0x1c, 0x74, 0x11,
	0x92, 0x01, 0x13, 0xc0, 0x72, 0x62, 0xa7, 0xff,
	0x1c, 0x80, 0x56, 0x62, 0x13, 0xc0, 0x3c, 0x64,
	0x93, 0x01, 0x14, 0x80, 0x24, 0x64, 0x93, 0x01,
	0x1c, 0x80, 0x0a, 0x65, 0xa5, 0xff, 0x97, 0xfe,
	0xa0, 0x3f, 0x17, 0x1f, 0xff, 0xc5, 0x98, 0x83,
	0x93, 0x15, 0x17, 0x1f, 0xff, 0xc1, 0x99, 0x23,
	0x93, 0x14, 0x42, 0x70, 0x21, 0xf5, 0x17, 0x1f,
	0xff, 0xbb, 0x98, 0x73, 0x93, 0x15, 0x17, 0x1f,
	0xff, 0xb7, 0x99, 0x13, 0x93, 0x14, 0xa1, 0xf6,
	0x1d, 0x83, 0xd4, 0x63, 0x17, 0x1f, 0xff, 0xb0,
	0x98, 0x63, 0x93, 0x15, 0x17, 0x1f, 0xff, 0xac,
	0x99, 0x83, 0x93, 0x14, 0xa1, 0xf5, 0x17, 0x1f,
	0xff, 0xa7, 0x98, 0x43, 0x93, 0x14, 0x17, 0x1f,
	0xff, 0xa3, 0x98, 0xe3, 0x49, 0x8a, 0x70, 0x41,
	0x49, 0x8a, 0xa1, 0xf6, 0x93, 0x01, 0x1d, 0x83,
	0xa6, 0x61, 0x17, 0x1f, 0xff, 0x99, 0x98, 0x23,
	0x93, 0x14, 0x17, 0x1f, 0xff, 0x95, 0x98, 0x93,
	0x88, 0x14, 0x17, 0x1f, 0xff, 0x91, 0x98, 0xd3,
	0x88, 0x14, 0x17, 0x1f, 0xff, 0x8d, 0x99, 0x33,
	0xa1, 0xec, 0x80, 0x00, 0x92, 0x0c, 0x00, 0x0b,
	0x90, 0x31, 0x4c, 0x0d, 0x27, 0x4f, 0xa2, 0xc0,
	0x04, 0x09, 0xe1, 0xa6, 0x00, 0x0b, 0x90, 0xb1,
	0x87, 0xf6, 0xa2, 0xc0, 0x04, 0x0b, 0xe1, 0x31,
	0x8a, 0x16, 0x00, 0x17, 0x24, 0x08, 0x00, 0x17,
	0x24, 0x87, 0x40, 0xb4, 0x28, 0x7d, 0xa8, 0xf2,
	0xa8, 0xe9, 0x10, 0x80, 0xbc, 0x3c, 0xa8, 0x65,
	0x12, 0xc0, 0x0e, 0x39, 0x08, 0xff, 0xe7, 0x61,
	0x91, 0x21, 0x08, 0x00, 0x19, 0x16, 0x81, 0x6d,
	0x98, 0xa1, 0x04, 0x0c, 0xe6, 0x11, 0x00, 0x0e,
	0x52, 0xcc, 0x14, 0xc0, 0x18, 0x04, 0x44, 0x60,
	0xa0, 0x00, 0xa7, 0x51, 0x06, 0x90, 0x02, 0xc4,
	0x00, 0x0f, 0xff, 0xfb, 0x1c, 0x00, 0x03, 0xcb,
	0xa3, 0x0c, 0x86, 0x21, 0xa5, 0x51, 0x06, 0x60,
	0x08, 0x31, 0x04, 0x09, 0xe6, 0xa1, 0x10, 0x84,
	0x08, 0xc0, 0x93, 0x03, 0x93, 0x13, 0x9a, 0x01,
	0x89, 0x61, 0x04, 0x0b, 0xe1, 0xac, 0x09, 0x00,
	0x20, 0x61, 0x04, 0x09, 0xe1, 0xa4, 0x04, 0x09,
	0xe6, 0x01, 0x10, 0x84, 0x08, 0xc0, 0x8b, 0xc1,
	0x93, 0x14, 0xa7, 0xe6, 0x04, 0x05, 0xed, 0x31,
	0x04, 0x89, 0x9f, 0x46, 0x45, 0x93, 0x27, 0x85,
	0x45, 0x8a, 0xa7, 0x99, 0x45, 0xb4, 0xb4, 0xf1,
	0xb4, 0xe5, 0xb6, 0x69, 0xb6, 0x76, 0xa7, 0xcd,
	0xa7, 0x65, 0xa7, 0x79, 0xa7, 0xd2, 0xa7, 0xa1,
	0xa7, 0xb6, 0xa7, 0xf0, 0x17, 0x00, 0x2e, 0x84,
	0x00, 0x0b, 0x91, 0x03, 0xa5, 0x51, 0xa7, 0xf0,
	0xee, 0x45, 0xee, 0x46, 0xee, 0x47, 0xee, 0x41,
	0xa2, 0x40, 0xa7, 0xe6, 0xa7, 0xd7, 0xa7, 0xc8,
	0xa7, 0xb2, 0xa7, 0xa1, 0x17, 0x00, 0x2e, 0x74,
	0x00, 0x0b, 0x95, 0x83, 0x93, 0x01, 0xa5, 0x4f,
	0x97, 0x4e, 0xa0, 0x3f, 0x92, 0x07, 0x00, 0x17,
	0x24, 0x86, 0xa7, 0x9f, 0xa7, 0xb3, 0xa7, 0xa6,
	0xb9, 0x53, 0x00, 0x17, 0x23, 0xc1, 0x98, 0x16,
	0xac, 0x06, 0xa5, 0xa1, 0x93, 0x16, 0xa8, 0x01,
	0xa8, 0xd6, 0xa5, 0xb7, 0xa7, 0xc1, 0xa7, 0xd6,
	0xa7, 0xe7, 0xa7, 0xf0, 0x17, 0x00, 0x2e, 0x58,
	0x00, 0x0b, 0x98, 0xc3, 0xa5, 0x9f, 0x97, 0x9e,
	0xa0, 0x3f, 0x4f, 0xfa, 0x2c, 0x00, 0x00, 0x17,
	0x24, 0x01, 0x0f, 0xfe, 0x00, 0x06, 0xb4, 0x80,
	0xb6, 0x00, 0x0f, 0x00, 0x00, 0x01, 0x0d, 0x00,
	0x1f, 0x17, 0xa5, 0xa1, 0x00, 0x00, 0x17, 0x25,
	0xb4, 0x86, 0xb6, 0x07, 0x17, 0x00, 0x33, 0x9e,
	0x00, 0x0e, 0x52, 0xc3, 0xa1, 0xdb, 0x80, 0x00,
	0x49, 0x01, 0x70, 0x09, 0x00, 0x0b, 0x90, 0xb1,
	0x00, 0x0b, 0x90, 0x36, 0xa7, 0xef, 0xff, 0x44,
	0xff, 0x6e, 0xa2, 0xc2, 0x4c, 0x0b, 0x22, 0xe8,
	0x04, 0x09, 0xe7, 0x68, 0x43, 0xfc, 0x27, 0xf1,
	0x00, 0x0e, 0x6a, 0x02, 0x00, 0x0e, 0xbd, 0x44,
	0x14, 0xc0, 0x8a, 0x25, 0x40, 0x00, 0x70, 0x07,
	0x00, 0x0e, 0x52, 0xc1, 0x08, 0x00, 0x08, 0x16,
	0x06, 0x9f, 0xf8, 0xa6, 0x04, 0x0b, 0xe5, 0xa1,
	0x8a, 0x81, 0x10, 0x80, 0x68, 0x3c, 0x4c, 0x08,
	0xa5, 0xfd, 0x04, 0x09, 0xed, 0x11, 0x04, 0x0b,
	0xe3, 0xad, 0x87, 0xf1, 0x8a, 0xd1, 0x1c, 0x80,
	0x6c, 0x20, 0x93, 0x0d, 0x0c, 0x00, 0xff, 0xd1,
	0x08, 0x00, 0x02, 0x9c, 0x10, 0x80, 0x46, 0x24,
	0x86, 0x1d, 0x20, 0x00, 0x21, 0x6b, 0x00, 0x0f,
	0xff, 0xff, 0x06, 0x10, 0x00, 0xbb, 0x14, 0x00,
	0x1a, 0xbf, 0x0c, 0x00, 0xff, 0x9f, 0x20, 0x03,
	0x0a, 0xbb, 0x20, 0x00, 0x3f, 0x4f, 0x86, 0x19,
	0x06, 0x70, 0x00, 0xbf, 0x12, 0xc0, 0x0c, 0xf9,
	0x0c, 0x00, 0xff, 0x99, 0x86, 0x31, 0x80, 0x80,
	0x20, 0x00, 0x31, 0x21, 0x20, 0x00, 0x39, 0x4b,
	0x49, 0xe4, 0xa8, 0x01, 0xa1, 0x5c, 0x06, 0x70,
	0x00, 0x1b, 0x08, 0x00, 0x0a, 0x61, 0x08, 0x00,
	0x24, 0x22, 0x86, 0x17, 0x4c, 0x99, 0xa5, 0xef,
	0x0c, 0x00, 0xff, 0x95, 0x16, 0x00, 0x24, 0xc8,
	0x97, 0xee, 0x0c, 0x00, 0xff, 0x99, 0x04, 0x1e,
	0x70, 0xaa, 0xa2, 0x68, 0x20, 0x00, 0x39, 0x4d,
	0x8b, 0xa1, 0x86, 0x19, 0x14, 0xc0, 0x18, 0x09,
	0x06, 0x70, 0x00, 0x1d, 0x49, 0x90, 0xa0, 0x00,
	0x0c, 0x00, 0xff, 0x9a, 0x20, 0x00, 0x3a, 0x4a,
	0x43, 0x0c, 0xb0, 0x8d, 0x06, 0x70, 0x00, 0xda,
	0xa1, 0xdd, 0x80, 0x00, 0x92, 0x07, 0x97, 0xa1,
	0xa7, 0x9f, 0xa7, 0xf1, 0x93, 0x39, 0x00, 0x17,
	0x24, 0x01, 0x4c, 0x0e, 0x70, 0x06, 0xa8, 0x02,
	0xa8, 0x88, 0x10, 0x84, 0x0b, 0x20, 0x04, 0x09,
	0xe9, 0xc1, 0x93, 0x16, 0x9a, 0x01, 0x89, 0x91,
	0x04, 0x0b, 0xe1, 0xc3, 0x09, 0x00, 0x20, 0x91,
	0x04, 0x09, 0xe1, 0xc7, 0x04, 0x09, 0xe9, 0x01,
	0x10, 0x84, 0x09, 0x20, 0x8b, 0x31, 0x93, 0x17,
	0x8a, 0x26, 0x8a, 0x87, 0x4c, 0x0b, 0x3e, 0x36,
	0x93, 0x06, 0x4c, 0x08, 0xbe, 0x37, 0x93, 0x01,
	0x8b, 0x61, 0x00, 0x0b, 0x90, 0x0d, 0x00, 0x0b,
	0x90, 0x8a, 0x4c, 0x0b, 0xb9, 0x51, 0x00, 0x0e,
	0x52, 0xc2, 0x98, 0xa6, 0x04, 0x0c, 0xe9, 0x66,
	0x88, 0x26, 0x06, 0x00, 0x00, 0x8d, 0x06, 0x00,
	0x00, 0x7a, 0x06, 0x10, 0x08, 0x66, 0x04, 0x09,
	0xe8, 0xc8, 0x04, 0x0b, 0xe7, 0x66, 0x08, 0xff,
	0xff, 0x87, 0x8a, 0x67, 0x49, 0x83, 0x39, 0x31,
	0x06, 0x00, 0x02, 0x3d, 0x98, 0xa6, 0x04, 0x0c,
	0xe9, 0x66, 0x88, 0x26, 0x06, 0x00, 0x02, 0x8a,
	0x06, 0x10, 0x08, 0x66, 0x04, 0x09, 0xe3, 0xc3,
	0x04, 0x0b, 0xe8, 0x68, 0x08, 0xff, 0xff, 0x36,
	0x8a, 0x86, 0x4b, 0xdc, 0x70, 0x05, 0x08, 0xff,
	0xfc, 0x83, 0x4c, 0x54, 0x70, 0x04, 0x04, 0x0c,
	0xe9, 0x88, 0x14, 0xc0, 0x6a, 0x04, 0x44, 0x14,
	0x27, 0xe3, 0x97, 0xb2, 0x14, 0x01, 0x75, 0x01,
	0x93, 0x03, 0x12, 0xc0, 0x0b, 0x39, 0xa7, 0xc3,
	0x98, 0x13, 0xa7, 0xc3, 0x06, 0x00, 0x04, 0x3d,
	0x04, 0x09, 0xe3, 0xcb, 0x06, 0x00, 0x04, 0x3a,
	0x87, 0xfb, 0xa7, 0xd3, 0xa2, 0x7a, 0xa5, 0xdf,
	0x04, 0x0b, 0xef, 0x33, 0x8a, 0x3b, 0xa7, 0xd3,
	0xa5, 0xc3, 0x04, 0x01, 0xe3, 0xb3, 0xa5, 0xeb,
	0x15, 0x01, 0x4e, 0x01, 0x06, 0xd0, 0x01, 0x3b,
	0x12, 0xc0, 0x1d, 0x39, 0x08, 0xff, 0xe7, 0x93,
	0x98, 0x44, 0x04, 0x0d, 0xd4, 0x03, 0x04, 0x16,
	0x20, 0x03, 0x04, 0x1d, 0x61, 0x54, 0x91, 0x13,
	0x86, 0x23, 0x88, 0x34, 0x43, 0x0a, 0xf8, 0xa1,
	0x43, 0x14, 0x27, 0xeb, 0x93, 0x54, 0x12, 0xc0,
	0x0d, 0x39, 0x00, 0x0f, 0x03, 0x48, 0x1e, 0x00,
	0x01, 0x15, 0x20, 0x00, 0x39, 0x81, 0xa8, 0x01,
	0x08, 0x04, 0x00, 0x11, 0x12, 0xc0, 0x09, 0x39,
	0x98, 0x83, 0x98, 0xc3, 0x17, 0x00, 0x2a, 0x46,
	0x44, 0x09, 0xf0, 0x0c, 0x10, 0x81, 0xed, 0x39,
	0x93, 0x14, 0x97, 0xb2, 0x14, 0xc0, 0x1c, 0x04,
	0x9b, 0xfb, 0x9f, 0xfd, 0x04, 0x09, 0xec, 0xb1,
	0x46, 0x68, 0xfe, 0x4a, 0x0c, 0x00, 0x3f, 0x33,
	0x8a, 0x41, 0x04, 0x09, 0xec, 0x34, 0x8b, 0x14,
	0x86, 0x8c, 0x10, 0x81, 0x8b, 0x39, 0x20, 0x00,
	0x39, 0x81, 0xa8, 0x01, 0x08, 0x04, 0x00, 0x11,
	0x12, 0xc0, 0x09, 0x39, 0x98, 0x83, 0x98, 0xc3,
	0x17, 0x00, 0x2a, 0x20, 0x88, 0x13, 0x10, 0x81,
	0x33, 0x39, 0x20, 0x00, 0x39, 0x81, 0xa8, 0x01,
	0x08, 0x04, 0x00, 0x11, 0x12, 0xc0, 0x09, 0x39,
	0x98, 0xc3, 0x99, 0x03, 0x17, 0x00, 0x2a, 0x16,
	0x88, 0x13, 0x12, 0xc1, 0x05, 0x39, 0x93, 0x12,
	0x08, 0xff, 0xe7, 0x94, 0x04, 0x0d, 0xd5, 0x04,
	0x04, 0x16, 0x20, 0x01, 0x00, 0x00, 0x1a, 0x06,
	0xb8, 0x81, 0x87, 0xf1, 0x00, 0x00, 0x05, 0x06,
	0x04, 0x0c, 0xe6, 0x11, 0x08, 0x06, 0x00, 0x16,
	0x04, 0x1d, 0x7f, 0x41, 0x04, 0x1c, 0x7e, 0x11,
	0x88, 0x41, 0x90, 0x21, 0x08, 0x00, 0x19, 0x11,
	0x20, 0x00, 0x31, 0x81, 0x04, 0x16, 0x20, 0x0d,
	0xa8, 0x04, 0x88, 0x64, 0x08, 0xff, 0xe7, 0x93,
	0xb8, 0xbd, 0x00, 0x00, 0x1a, 0x0c, 0x08, 0xff,
	0xff, 0xd1, 0x00, 0x00, 0x05, 0x06, 0x04, 0x0c,
	0xe6, 0x11, 0x08, 0x06, 0x00, 0x1c, 0x04, 0x1d,
	0x7f, 0x31, 0x04, 0x1c, 0x7e, 0x11, 0x44, 0x18,
	0xf0, 0x5d, 0x90, 0x21, 0x08, 0x00, 0x19, 0x11,
	0x20, 0x00, 0x31, 0x81, 0x98, 0xf6, 0xa8, 0x03,
	0x17, 0x00, 0x29, 0xd8, 0x88, 0xc3, 0x49, 0x8a,
	0x70, 0x43, 0x17, 0x00, 0x29, 0xcf, 0x20, 0x10,
	0x21, 0x74, 0x14, 0xc0, 0x1c, 0x04, 0x97, 0xb7,
	0x4f, 0xf9, 0xa0, 0x00, 0x04, 0x09, 0xed, 0x64,
	0x46, 0x1a, 0x7e, 0x70, 0x81, 0x00, 0x8a, 0x24,
	0x04, 0x09, 0xed, 0x12, 0x8b, 0x42, 0x86, 0x4d,
	0x10, 0x80, 0x25, 0x39, 0x20, 0x00, 0x39, 0x81,
	0xa8, 0x01, 0x08, 0x04, 0x00, 0x11, 0x12, 0xc0,
	0x09, 0x39, 0x98, 0xc3, 0x99, 0x03, 0x17, 0x00,
	0x29, 0xb1, 0x44, 0x09, 0xf0, 0x24, 0xa5, 0x9f,
	0x97, 0x9e, 0xa0, 0x3f, 0x08, 0xff, 0xe7, 0x97,
	0x04, 0x0d, 0xd5, 0x07, 0x04, 0x16, 0x20, 0x01,
	0x00, 0x00, 0x1a, 0x06, 0xb8, 0x81, 0x87, 0xf1,
	0x00, 0x00, 0x05, 0x06, 0x04, 0x0c, 0xe6, 0x11,
	0x08, 0x06, 0x00, 0x16, 0x04, 0x1d, 0x7f, 0x71,
	0x04, 0x1c, 0x7e, 0x11, 0x88, 0x71, 0x90, 0x21,
	0x08, 0x00, 0x19, 0x11, 0x20, 0x00, 0x31, 0x81,
	0xa8, 0x01, 0x44, 0x30, 0xa1, 0xda, 0x20, 0x10,
	0x2a, 0x72, 0x20, 0x10, 0x44, 0x62, 0x06, 0x0f,
	0xe8, 0x1e, 0xa1, 0x4b, 0x20, 0x10, 0x42, 0x12,
	0x08, 0xff, 0xe7, 0x93, 0x04, 0x0d, 0xd5, 0x03,
	0x04, 0x16, 0x20, 0x01, 0x00, 0x00, 0x1a, 0x02,
	0xb8, 0x81, 0x87, 0xf1, 0x00, 0x00, 0x05, 0x02,
	0x04, 0x0c, 0xe2, 0x11, 0x08, 0x06, 0x00, 0x12,
	0x04, 0x1d, 0x7f, 0x31, 0x04, 0x1c, 0x7e, 0x11,
	0x88, 0x31, 0x90, 0x21, 0x08, 0x00, 0x19, 0x11,
	0x20, 0x00, 0x31, 0x81, 0xa8, 0x01, 0x16, 0x1f,
	0xff, 0x53, 0x88, 0x21, 0x08, 0xff, 0xe7, 0x93,
	0x04, 0x0d, 0xd5, 0x03, 0x04, 0x16, 0x20, 0x01,
	0x00, 0x00, 0x1a, 0x02, 0xb8, 0x81, 0x87, 0xf1,
	0x00, 0x00, 0x05, 0x02, 0x04, 0x0c, 0xe2, 0x11,
	0x08, 0x06, 0x00, 0x12, 0x04, 0x1d, 0x7f, 0x31,
	0x04, 0x1c, 0x7e, 0x11, 0x88, 0x31, 0x90, 0x21,
	0x08, 0x00, 0x19, 0x11, 0x20, 0x00, 0x31, 0x81,
	0xa8, 0x01, 0x16, 0x1f, 0xff, 0x27, 0x88, 0x21,
	0x14, 0xc0, 0x1a, 0x04, 0x20, 0x10, 0x44, 0x64,
	0x4b, 0xd0, 0xa0, 0x00, 0xfe, 0x42, 0x80, 0x52,
	0x04, 0x88, 0x2c, 0x42, 0x04, 0x09, 0xec, 0x34,
	0x8b, 0x24, 0x86, 0x1c, 0x1e, 0x1f, 0xff, 0x0f,
	0x08, 0xff, 0xe7, 0x93, 0x04, 0x0d, 0xd5, 0x03,
	0x04, 0x16, 0x20, 0x01, 0x00, 0x00, 0x1a, 0x02,
	0xb8, 0x81, 0x87, 0xf1, 0x00, 0x00, 0x05, 0x02,
	0x04, 0x0c, 0xe2, 0x11, 0x08, 0x06, 0x00, 0x12,
	0x04, 0x1d, 0x7f, 0x31, 0x04, 0x1c, 0x7e, 0x11,
	0x88, 0x31, 0x90, 0x21, 0x08, 0x00, 0x19, 0x11,
	0x20, 0x00, 0x31, 0x81, 0xa8, 0x01, 0x16, 0x1f,
	0xfe, 0xd7, 0x88, 0x21, 0x06, 0x00, 0x05, 0x3d,
	0x04, 0x09, 0xe3, 0xc4, 0x06, 0x00, 0x05, 0xfa,
	0x43, 0xfa, 0x22, 0x7a, 0x04, 0x0b, 0xef, 0x33,
	0x16, 0x1f, 0xfe, 0xba, 0x8a, 0x34, 0x1a, 0xc0,
	0x07, 0x39, 0x93, 0x53, 0x1e, 0x1f, 0xfe, 0xa1,
	0x49, 0x04, 0x70, 0x04, 0x00, 0x17, 0x24, 0x81,
	0xa7, 0x8f, 0xa8, 0x06, 0xa8, 0x81, 0x00, 0x0e,
	0x6a, 0x03, 0xa7, 0xe1, 0x00, 0x0f, 0x03, 0x41,
	0xa7, 0xf6, 0xa7, 0xc3, 0xa7, 0xb1, 0xa7, 0xd1,
	0x17, 0x00, 0x31, 0x34, 0x00, 0x00, 0x53, 0x45,
	0x49, 0x84, 0x27, 0xa0, 0x1c, 0xc1, 0x68, 0x25,
	0x4c, 0x0b, 0xf0, 0x06, 0x10, 0x84, 0x0b, 0x00,
	0x04, 0x09, 0xe8, 0x71, 0x93, 0x16, 0x9a, 0x01,
	0x89, 0x81, 0x04, 0x0b, 0xe1, 0x72, 0x09, 0x00,
	0x20, 0x81, 0x04, 0x09, 0xe1, 0x77, 0x04, 0x09,
	0xe8, 0x01, 0x10, 0x84, 0x09, 0x00, 0x8b, 0x21,
	0x93, 0x17, 0x4c, 0x0c, 0x25, 0xf1, 0x45, 0x0b,
	0x25, 0xe1, 0x8a, 0x17, 0xbe, 0x26, 0x93, 0x08,
	0x4c, 0x08, 0xbe, 0x37, 0x93, 0x01, 0x8b, 0x81,
	0x14, 0x81, 0x10, 0x20, 0xa5, 0xa1, 0x12, 0xc0,
	0x0c, 0x39, 0x08, 0xff, 0xe7, 0x16, 0x1e, 0x00,
	0x01, 0x63, 0xa5, 0xb1, 0xa8, 0x01, 0x08, 0x04,
	0x00, 0x16, 0xa5, 0xa1, 0x12, 0xc0, 0x0c, 0x39,
	0x08, 0xff, 0xe7, 0x18, 0x1e, 0x00, 0x01, 0x3a,
	0xa5, 0xb1, 0xa8, 0x01, 0x08, 0x04, 0x00, 0x13,
	0x1f, 0x00, 0x28, 0xbc, 0x04, 0x89, 0xa0, 0x14,
	0x00, 0x00, 0x05, 0x01, 0x17, 0x00, 0x28, 0xb2,
	0x49, 0xb1, 0xa5, 0xc7, 0x49, 0x83, 0x27, 0x91,
	0x14, 0xc0, 0x3c, 0x09, 0x00, 0x0b, 0x8e, 0xc2,
	0x4c, 0x4a, 0x25, 0xb8, 0xa5, 0xa1, 0x12, 0xc0,
	0x0c, 0x39, 0x08, 0xff, 0xe7, 0x15, 0x1e, 0x00,
	0x01, 0x00, 0xa8, 0x71, 0x08, 0x04, 0x00, 0x15,
	0x49, 0x80, 0xa5, 0xa3, 0x1a, 0xc0, 0x06, 0x79,
	0x98, 0x11, 0x04, 0x0c, 0xe4, 0x11, 0x88, 0x21,
	0x88, 0x61, 0x86, 0x16, 0xa2, 0xc2, 0x17, 0x00,
	0x28, 0x95, 0x88, 0x53, 0xb4, 0xe1, 0xa5, 0xa1,
	0x10, 0x81, 0x9c, 0x39, 0x08, 0xff, 0xe7, 0x17,
	0xa8, 0x71, 0x08, 0x04, 0x00, 0x11, 0xa5, 0xa6,
	0x17, 0x00, 0x28, 0x88, 0x08, 0x00, 0x04, 0x13,
	0x10, 0x81, 0x4a, 0xd9, 0x00, 0x00, 0x1a, 0x07,
	0xa8, 0x76, 0x08, 0x04, 0x00, 0x66, 0x08, 0x00,
	0x04, 0x63, 0xa5, 0xa6, 0x17, 0x00, 0x28, 0x76,
	0x04, 0x89, 0x80, 0x14, 0x10, 0x80, 0xf4, 0xd9,
	0x08, 0xff, 0xe7, 0x68, 0xa5, 0xb6, 0xa8, 0x56,
	0x08, 0x04, 0x00, 0x66, 0x04, 0x89, 0xa0, 0x14,
	0x17, 0x00, 0x28, 0x68, 0x08, 0x00, 0x04, 0x63,
	0x17, 0x1f, 0xfd, 0x82, 0xa5, 0xa3, 0xa5, 0xa1,
	0x10, 0x80, 0x96, 0x39, 0x08, 0xff, 0xe7, 0x16,
	0xa5, 0xb1, 0xa8, 0x01, 0x08, 0x04, 0x00, 0x16,
	0xa5, 0xa1, 0x10, 0x80, 0x4c, 0x39, 0x08, 0xff,
	0xe7, 0x18, 0xa5, 0xb1, 0xa8, 0x01, 0x08, 0x04,
	0x00, 0x13, 0x1f, 0x00, 0x28, 0x53, 0x93, 0x63,
	0x17, 0x00, 0x28, 0x4c, 0x04, 0x89, 0x80, 0x14,
	0xa5, 0xa1, 0x08, 0x00, 0x01, 0x18, 0xa5, 0xc1,
	0x08, 0x00, 0x24, 0x16, 0xa5, 0xb1, 0x43, 0x20,
	0xa7, 0xa8, 0xa7, 0xc6, 0xa7, 0xb1, 0x00, 0x17,
	0x23, 0xc1, 0x00, 0x17, 0x25, 0x06, 0xa8, 0x01,
	0xac, 0x50, 0xbc, 0x31, 0x1f, 0x1f, 0xfc, 0xda,
	0xa5, 0x8f, 0x97, 0x8e, 0xa0, 0x3f, 0x98, 0x41,
	0x04, 0x0d, 0xd1, 0x08, 0x04, 0x16, 0x20, 0x01,
	0x00, 0x00, 0x1a, 0x07, 0xbc, 0x71, 0x43, 0xf8,
	0xa5, 0x97, 0x04, 0x0c, 0xe7, 0x11, 0x08, 0x06,
	0x00, 0x17, 0x04, 0x1d, 0x7f, 0x81, 0x04, 0x1c,
	0x7e, 0x11, 0x44, 0x40, 0xa5, 0xd8, 0x90, 0x21,
	0x08, 0x00, 0x19, 0x11, 0x20, 0x00, 0x31, 0x81,
	0xa8, 0x03, 0x44, 0x39, 0xa1, 0xc8, 0x98, 0x41,
	0x04, 0x0d, 0xd1, 0x06, 0x04, 0x16, 0x20, 0x01,
	0x00, 0x00, 0x1a, 0x07, 0xbc, 0x71, 0x43, 0xf8,
	0xa5, 0x97, 0x04, 0x0c, 0xe7, 0x11, 0x08, 0x06,
	0x00, 0x17, 0x04, 0x1d, 0x7f, 0x61, 0x04, 0x1c,
	0x7e, 0x11, 0x44, 0x30, 0xa5, 0xd6, 0x90, 0x21,
	0x08, 0x00, 0x19, 0x11, 0x20, 0x00, 0x31, 0x61,
	0xa8, 0x06, 0x16, 0x1f, 0xff, 0xa3, 0x88, 0x76,
	0x98, 0x46, 0x04, 0x0d, 0xd6, 0x08, 0x04, 0x16,
	0x20, 0x06, 0x00, 0x00, 0x1a, 0x07, 0xbc, 0x76,
	0x43, 0xfb, 0x25, 0x97, 0x04, 0x0c, 0xe7, 0x66,
	0x08, 0x06, 0x00, 0x67, 0x04, 0x1d, 0x7f, 0x86,
	0x04, 0x1c, 0x7e, 0x66, 0x44, 0x43, 0x25, 0xd8,
	0x90, 0x26, 0x08, 0x00, 0x19, 0x66, 0x20, 0x00,
	0x36, 0x86, 0xa8, 0x56, 0x16, 0x1f, 0xff, 0x74,
	0x88, 0x76, 0x08, 0xff, 0xe7, 0x68, 0x98, 0x46,
	0x04, 0x0d, 0xd6, 0x08, 0x04, 0x16, 0x20, 0x06,
	0xbc, 0x76, 0x43, 0xfb, 0x25, 0x97, 0x04, 0x0c,
	0xe7, 0x66, 0x08, 0x06, 0x00, 0x67, 0x04, 0x1d,
	0x7f, 0x86, 0x04, 0x1c, 0x7e, 0x66, 0x44, 0x43,
	0x25, 0xd8, 0x90, 0x26, 0x08, 0x00, 0x19, 0x66,
	0x20, 0x00, 0x36, 0x86, 0xa8, 0x56, 0x16, 0x1f,
	0xff, 0x48, 0x88, 0x76, 0x98, 0x41, 0x04, 0x0d,
	0xd1, 0x07, 0x04, 0x16, 0x20, 0x01, 0x00, 0x00,
	0x1a, 0x06, 0xbc, 0x71, 0x43, 0xf8, 0xa5, 0x96,
	0x04, 0x0c, 0xe6, 0x11, 0x08, 0x06, 0x00, 0x16,
	0x04, 0x1d, 0x7f, 0x71, 0x04, 0x1c, 0x7e, 0x11,
	0x44, 0x38, 0xa5, 0xd7, 0x90, 0x21, 0x08, 0x00,
	0x19, 0x11, 0x20, 0x00, 0x31, 0x71, 0xa8, 0x01,
	0x16, 0x1f, 0xff, 0x1f, 0x88, 0x61, 0x98, 0x41,
	0x04, 0x0d, 0xd1, 0x05, 0x04, 0x16, 0x20, 0x01,
	0x00, 0x00, 0x1a, 0x03, 0xbc, 0x71, 0x43, 0xf8,
	0xa5, 0x93, 0x04, 0x0c, 0xe3, 0x11, 0x08, 0x06,
	0x00, 0x13, 0x04, 0x1d, 0x7f, 0x51, 0x04, 0x1c,
	0x7e, 0x11, 0x44, 0x28, 0xa5, 0xd5, 0x90, 0x21,
	0x08, 0x00, 0x19, 0x11, 0x20, 0x00, 0x31, 0x51,
	0xa8, 0x05, 0x16, 0x1f, 0xfe, 0xeb, 0x88, 0x35,
	0x98, 0x41, 0x04, 0x0d, 0xd1, 0x08, 0x04, 0x16,
	0x20, 0x01, 0x00, 0x00, 0x1a, 0x07, 0xb8, 0x81,
	0x87, 0xf1, 0x00, 0x00, 0x05, 0x07, 0x04, 0x0c,
	0xe7, 0x11, 0x08, 0x06, 0x00, 0x17, 0x04, 0x1d,
	0x7f, 0x81, 0x04, 0x1c, 0x7e, 0x11, 0x44, 0x40,
	0xa5, 0xd8, 0x90, 0x21, 0x08, 0x00, 0x19, 0x11,
	0x20, 0x00, 0x31, 0x81, 0xa8, 0x03, 0x16, 0x1f,
	0xfe, 0xb1, 0x88, 0x73, 0x98, 0x41, 0x04, 0x0d,
	0xd1, 0x06, 0x04, 0x16, 0x20, 0x01, 0x00, 0x00,
	0x1a, 0x07, 0xb8, 0x81, 0x87, 0xf1, 0x00, 0x00,
	0x05, 0x07, 0x04, 0x0c, 0xe7, 0x11, 0x08, 0x06,
	0x00, 0x17, 0x04, 0x1d, 0x7f, 0x61, 0x04, 0x1c,
	0x7e, 0x11, 0x44, 0x30, 0xa5, 0xd6, 0x90, 0x21,
	0x08, 0x00, 0x19, 0x11, 0x20, 0x00, 0x31, 0x61,
	0xa8, 0x06, 0x16, 0x1f, 0xfe, 0x88, 0x88, 0x76,
	0x92, 0x08, 0x97, 0x96, 0xa7, 0x8f, 0x00, 0x04,
	0x82, 0xc4, 0x17, 0x1f, 0xdd, 0xab, 0x98, 0x83,
	0x4c, 0x40, 0xa7, 0xc1, 0xa5, 0xc6, 0xbc, 0x86,
	0xa7, 0xe1, 0xa7, 0xd6, 0xa7, 0xf0, 0x17, 0x00,
	0x2a, 0x17, 0x00, 0x0b, 0x9c, 0x03, 0xa5, 0xc1,
	0xb8, 0xb1, 0x00, 0x00, 0x1f, 0x75, 0x1f, 0x00,
	0x03, 0xb3, 0x00, 0x0b, 0x9b, 0x44, 0x17, 0x00,
	0x2c, 0x79, 0x00, 0x0b, 0x9e, 0xc3, 0x00, 0x17,
	0x23, 0x84, 0x17, 0x1f, 0xde, 0xb9, 0x98, 0x83,
	0xa1, 0xfb, 0x80, 0x00, 0x92, 0x01, 0x00, 0x0b,
	0x87, 0xc7, 0x14, 0xc0, 0x12, 0x1c, 0xa7, 0xff,
	0x00, 0x0f, 0x03, 0x46, 0x17, 0x00, 0x27, 0x22,
	0x40, 0x00, 0x30, 0xe3, 0xb4, 0xd1, 0x17, 0x1f,
	0xfb, 0x87, 0x93, 0x03, 0x49, 0x84, 0x25, 0xff,
	0x4b, 0xff, 0x70, 0x06, 0x98, 0x27, 0x00, 0x00,
	0x08, 0x25, 0x00, 0x0b, 0x9f, 0x44, 0x16, 0x00,
	0x0e, 0x57, 0x00, 0x05, 0x2a, 0x03, 0x80, 0x00,
	0x92, 0x04, 0x97, 0xd1, 0xa7, 0xcf, 0xa7, 0xf4,
	0x15, 0x80, 0x9c, 0x60, 0xa7, 0xd0, 0x04, 0x89,
	0xe6, 0x46, 0x1d, 0x80, 0x5a, 0xc0, 0x0c, 0x00,
	0x08, 0x46, 0x93, 0x14, 0x4c, 0x0a, 0xa7, 0xe6,
	0x00, 0x01, 0xcb, 0xe3, 0x17, 0x00, 0x01, 0xce,
	0xf0, 0x06, 0xa5, 0xe1, 0xb8, 0xc1, 0xa5, 0xf1,
	0x04, 0x89, 0xe5, 0x11, 0xb9, 0x41, 0x98, 0x15,
	0x17, 0x1f, 0xf7, 0xdc, 0x4c, 0x0a, 0xf0, 0x03,
	0xa5, 0xd1, 0xbe, 0x81, 0x93, 0x03, 0x1f, 0x1f,
	0xf7, 0x4b, 0x49, 0x80, 0xa5, 0xcf, 0x97, 0xce,
	0xa0, 0x3f, 0x93, 0x03, 0x17, 0x1f, 0xf7, 0xf2,
	0x93, 0x05, 0xa1, 0xf5, 0x17, 0x1f, 0xf7, 0xca,
	0x98, 0x23, 0xa5, 0xd1, 0x1c, 0x83, 0xe0, 0x20,
	0x4c, 0x11, 0xa1, 0xf6, 0x17, 0x1f, 0xf8, 0x4a,
	0x98, 0x15, 0x17, 0x1f, 0xf9, 0x3f, 0x98, 0x15,
	0x4c, 0xc2, 0x70, 0x06, 0x00, 0x00, 0x07, 0xf5,
	0x17, 0x00, 0x01, 0xc4, 0x00, 0x01, 0x58, 0xe3,
	0xf0, 0x06, 0x00, 0x00, 0x05, 0x84, 0x00, 0x01,
	0x80, 0xe3, 0x17, 0x00, 0x01, 0xbb, 0x00, 0x00,
	0x07, 0xf5, 0x93, 0x03, 0x17, 0x1f, 0xf7, 0xaa,
	0x98, 0x15, 0xa1, 0xd1, 0x04, 0x89, 0xe6, 0x41,
	0xbb, 0x71, 0x04, 0x89, 0xe3, 0x41, 0xb9, 0x11,
	0x04, 0x89, 0xe5, 0x41, 0x93, 0x05, 0xb8, 0x51,
	0x98, 0x21, 0xa1, 0x05, 0x49, 0x81, 0xa7, 0xe0,
	0x98, 0x23, 0xa7, 0xe1, 0x1f, 0x1f, 0xf7, 0x96,
	0x17, 0x1f, 0xf7, 0xb8, 0x4c, 0x0a, 0xa5, 0xe3,
	0x16, 0x1f, 0xff, 0xbb, 0x98, 0x13, 0x17, 0x1f,
	0xf7, 0x8d, 0x49, 0x82, 0xf0, 0x03, 0x4c, 0xc2,
	0x70, 0x06, 0x00, 0x00, 0x07, 0xf5, 0x17, 0x00,
	0x01, 0x91, 0x00, 0x01, 0x58, 0xe3, 0xf0, 0x06,
	0x00, 0x00, 0x06, 0x04, 0x00, 0x01, 0x80, 0xe3,
	0x17, 0x00, 0x01, 0x88, 0x00, 0x00, 0x07, 0xf5,
	0x17, 0x1f, 0xf8, 0xf8, 0x93, 0x05, 0x17, 0x1f,
	0xf7, 0xfd, 0x93, 0x05, 0xa1, 0xe2, 0x80, 0x00,
	0x92, 0x03, 0x97, 0xe5, 0x14, 0x80, 0x2a, 0x61,
	0xa7, 0xdf, 0x1c, 0x80, 0x0a, 0x62, 0xa5, 0xdf,
	0x97, 0xde, 0xa0, 0x3f, 0x4c, 0x23, 0x27, 0xe0,
	0x17, 0x1f, 0xdf, 0x02, 0x4c, 0x19, 0xf0, 0x04,
	0x4c, 0x09, 0xa5, 0xe4, 0x17, 0x1f, 0xff, 0x66,
	0x49, 0x83, 0x70, 0x05, 0xa1, 0xf1, 0x4b, 0xfa,
	0xa7, 0xf0, 0x98, 0x46, 0x98, 0x24, 0x17, 0x1f,
	0xde, 0xf3, 0x98, 0x33, 0x4c, 0x23, 0x70, 0x04,
	0x98, 0x33, 0x17, 0x1f, 0xde, 0xc3, 0x97, 0xf5,
	0xa1, 0x6e, 0x49, 0x81, 0xa5, 0xf4, 0x80, 0x00,
	0x92, 0x01, 0xa7, 0xff, 0x17, 0x00, 0x00, 0x10,
	0x00, 0x0c, 0x88, 0x04, 0x98, 0x16, 0x0f, 0x30,
	0x04, 0x01, 0x06, 0x72, 0x2c, 0x61, 0xa5, 0xff,
	0x97, 0xfe, 0xa0, 0x3f, 0x05, 0x80, 0x00, 0x00,
	0xa0, 0x3f, 0x80, 0x00, 0x92, 0x03, 0xa7, 0xdf,
	0x1f, 0x1f, 0xdb, 0xea, 0xa7, 0xe4, 0xba, 0x41,
	0xa7, 0xf1, 0x1f, 0x00, 0x02, 0x85, 0x00, 0x17,
	0x25, 0x41, 0xa5, 0xe6, 0xac, 0x06, 0xa5, 0xf1,
	0xbe, 0x31, 0x1f, 0x00, 0x02, 0x99, 0xa5, 0xe1,
	0xa8, 0x01, 0xbc, 0x31, 0x1f, 0x80, 0x00, 0x01,
	0x49, 0x80, 0xa5, 0xdf, 0x97, 0xde, 0xa0, 0x3f,
	0x92, 0x04, 0x00, 0x0c, 0x88, 0x81, 0xa7, 0xcf,
	0xa7, 0xf1, 0x17, 0x1f, 0xe3, 0xf1, 0x00, 0x0f,
	0x0a, 0x43, 0x4c, 0x08, 0xa5, 0xf6, 0xa7, 0xe0,
	0x17, 0x1f, 0xf1, 0xa8, 0xac, 0x51, 0x4c, 0x18,
	0xa5, 0xf6, 0x17, 0x1f, 0xf1, 0x4b, 0xac, 0x51,
	0x00, 0x17, 0x25, 0x81, 0x87, 0xc1, 0xb0, 0x86,
	0xa7, 0xd1, 0xa5, 0xe1, 0x18, 0x80, 0x20, 0x22,
	0xbc, 0xe6, 0xa8, 0xd1, 0xb8, 0x61, 0x4c, 0x09,
	0xf0, 0x05, 0xf0, 0x04, 0x1f, 0x80, 0x00, 0x01,
	0xa5, 0xe1, 0x08, 0x00, 0x01, 0x16, 0xa5, 0xd1,
	0xa1, 0x6f, 0xa7, 0xe6, 0x4c, 0x20, 0xa5, 0xf6,
	0x17, 0x1f, 0xf1, 0x4e, 0xac, 0x51, 0x4c, 0x28,
	0xa5, 0xf6, 0xac, 0x51, 0x00, 0x0c, 0x88, 0xc1,
	0xac, 0x00, 0xa5, 0xcf, 0x97, 0xce, 0xa0, 0x3f,
	0x92, 0x04, 0x00, 0x0c, 0x88, 0xc1, 0xa7, 0xcf,
	0x4c, 0x28, 0xa7, 0xf1, 0xa5, 0xf6, 0xa7, 0xe0,
	0x17, 0x1f, 0xf1, 0x4a, 0xac, 0x51, 0x00, 0x17,
	0x25, 0x81, 0x87, 0xc1, 0xb0, 0x86, 0xa7, 0xd1,
	0xa5, 0xe1, 0x18, 0x80, 0x20, 0x22, 0xbc, 0xe6,
	0xa8, 0xd1, 0xb8, 0x61, 0x4c, 0x11, 0xf0, 0x05,
	0xf0, 0x04, 0x1f, 0x80, 0x00, 0x01, 0xa5, 0xe1,
	0x08, 0x00, 0x01, 0x16, 0xa5, 0xd1, 0xa1, 0x6f,
	0xa7, 0xe6, 0x4c, 0x20, 0xa5, 0xf6, 0x17, 0x1f,
	0xf0, 0xe5, 0xac, 0x51, 0x4c, 0x10, 0xa5, 0xf6,
	0x17, 0x1f, 0xf1, 0x5a, 0xac, 0x51, 0x4c, 0x08,
	0xa5, 0xf6, 0x00, 0x0f, 0x0c, 0x03, 0xac, 0x51,
	0xa5, 0xcf, 0x16, 0x1f, 0xe3, 0x8d, 0x97, 0xce,
	0x1e, 0x00, 0x10, 0x12, 0x92, 0x01, 0xa7, 0xff,
	0x1f, 0x1f, 0xf2, 0x2e, 0x1f, 0x1f, 0xf1, 0xd0,
	0x1c, 0x80, 0x14, 0x22, 0x1d, 0x80, 0x0a, 0x21,
	0x1f, 0x1f, 0xff, 0x88, 0xa1, 0xf8, 0x1f, 0x1f,
	0xff, 0xf1, 0xa1, 0xfd, 0x1f, 0x1f, 0xff, 0xba,
	0xa1, 0xfa, 0x80, 0x00, 0x1e, 0x00, 0x25, 0x8e,
	0x1e, 0x1f, 0xe3, 0xb2, 0x0f, 0x30, 0x04, 0x01,
	0x0d, 0x00, 0xec, 0x11, 0xa8, 0x06, 0xa9, 0x01,
	0x20, 0x20, 0x46, 0x11, 0x15, 0x80, 0x0c, 0x21,
	0x20, 0x23, 0x02, 0x61, 0x91, 0x81, 0xa0, 0x3f,
	0x0c, 0x1f, 0xff, 0x61, 0x48, 0xb8, 0xa1, 0xfd,
	0x0f, 0x30, 0x04, 0x01, 0x0d, 0x00, 0xf4, 0x11,
	0xa8, 0x01, 0x04, 0x88, 0x63, 0x11, 0xb8, 0x51,
	0x20, 0x23, 0x10, 0x41, 0x91, 0x11, 0xa0, 0x3f,
	0xa1, 0x7f, 0x20, 0x23, 0x4e, 0x41, 0x80, 0x00,
	0x4c, 0x0b, 0x70, 0x01, 0x0f, 0x30, 0x04, 0x08,
	0x0d, 0x00, 0xf4, 0x88, 0x04, 0x09, 0xe3, 0x62,
	0x4f, 0xfb, 0x28, 0x77, 0x8c, 0x26, 0xa0, 0x2f,
	0x8a, 0x67, 0xb6, 0x77, 0x49, 0x98, 0xa0, 0x3f,
	0x00, 0x17, 0x16, 0x01, 0x99, 0x06, 0x00, 0x17,
	0x16, 0x47, 0xa0, 0x2f, 0x4c, 0x8c, 0x2c, 0x06,
	0xac, 0x68, 0x80, 0x00, 0x1e, 0x00, 0x25, 0x4e,
	0x9b, 0x41, 0x92, 0x03, 0x04, 0x0c, 0xe1, 0x45,
	0x20, 0x00, 0x24, 0x43, 0x00, 0x0c, 0x79, 0x01,
	0x44, 0x09, 0xa7, 0xdf, 0x00, 0x0c, 0x89, 0x01,
	0x44, 0x0a, 0xa7, 0xe4, 0x17, 0x1f, 0xda, 0x92,
	0x00, 0x01, 0x35, 0x04, 0x49, 0x8b, 0x70, 0x01,
	0xb8, 0x86, 0x00, 0x0b, 0x9f, 0x83, 0xa5, 0xe1,
	0x17, 0x00, 0x28, 0x2a, 0xa7, 0xf1, 0x9f, 0xd1,
	0xa5, 0xdf, 0x97, 0xde, 0xa0, 0x3f, 0x80, 0x00,
	0x92, 0x01, 0x00, 0x17, 0x39, 0x41, 0xa7, 0xff,
	0x49, 0x80, 0xa8, 0x06, 0xbc, 0x36, 0x1f, 0x1f,
	0xff, 0x9b, 0xa5, 0xff, 0x97, 0xfe, 0xa0, 0x3f,
	0x49, 0x00, 0xf0, 0x34, 0x9f, 0xf1, 0xb8, 0xd4,
	0xa7, 0xff, 0x06, 0x00, 0x04, 0x14, 0x98, 0xc5,
	0x04, 0x0c, 0xe1, 0x53, 0x00, 0x0f, 0x0d, 0xc1,
	0x17, 0x00, 0x2c, 0xfe, 0x88, 0x13, 0x93, 0x01,
	0xa5, 0xff, 0x97, 0xfe, 0xa0, 0x3f, 0x80, 0x00,
	0x92, 0x08, 0x97, 0x91, 0xa7, 0x8f, 0xa7, 0x90,
	0x49, 0x8a, 0x27, 0xe4, 0xa7, 0xb5, 0xa7, 0xc6,
	0x17, 0x1f, 0xe0, 0x02, 0xa7, 0xd3, 0xbb, 0x11,
	0xa7, 0xa1, 0xa5, 0xc1, 0xa5, 0xb6, 0x04, 0x09,
	0xe1, 0x66, 0xa5, 0x91, 0x45, 0x30, 0xa5, 0xc6,
	0x04, 0x0b, 0xe6, 0x11, 0xa5, 0xe6, 0xac, 0x51,
	0xa5, 0x8f, 0xa5, 0xa1, 0x4b, 0xc7, 0x20, 0x3f,
	0xa5, 0xd1, 0x00, 0x0b, 0xa1, 0x43, 0x17, 0x00,
	0x27, 0xe3, 0xa7, 0xf1, 0xa1, 0xf6, 0x80, 0x00,
	0x92, 0x07, 0x97, 0xa1, 0xa7, 0x9f, 0xa7, 0xa0,
	0x49, 0x8a, 0x27, 0xe4, 0xa7, 0xb3, 0xa7, 0xc5,
	0x17, 0x1f, 0xdf, 0xde, 0xa7, 0xd6, 0xb8, 0xd1,
	0xa5, 0xc6, 0xa7, 0xe1, 0x00, 0x0b, 0xa2, 0x43,
	0xa5, 0xb1, 0x17, 0x00, 0x27, 0xcd, 0xa7, 0xf1,
	0xa5, 0xe1, 0xa5, 0x9f, 0x97, 0x9e, 0xa0, 0x3f,
	0xa5, 0xd1, 0x04, 0x09, 0xe1, 0x66, 0x93, 0x17,
	0xa5, 0xe1, 0x04, 0x09, 0xe7, 0x14, 0x4f, 0xf8,
	0xa5, 0xb3, 0x46, 0x30, 0xa5, 0xa6, 0x8a, 0x16,
	0x8b, 0x64, 0x17, 0x1f, 0xdf, 0xc7, 0xa7, 0xa4,
	0x1c, 0x83, 0xda, 0x20, 0xa7, 0xe1, 0xa1, 0x65,
	0x00, 0x0b, 0xa3, 0x43, 0x16, 0x1f, 0xff, 0xae,
	0x98, 0x15, 0x80, 0x00, 0x16, 0x1f, 0xff, 0xce,
	0x98, 0x15, 0x80, 0x00, 0x1e, 0x1f, 0xf8, 0x40,
	0x92, 0x08, 0xa7, 0x8f, 0x17, 0x00, 0x01, 0x10,
	0xa7, 0xa5, 0x00, 0x17, 0x26, 0x01, 0x00, 0x00,
	0x20, 0x16, 0xac, 0x00, 0xa7, 0x91, 0xa5, 0xa1,
	0xa8, 0x01, 0x1d, 0x00, 0x23, 0x16, 0xa5, 0xa1,
	0xaa, 0x06, 0xa9, 0x85, 0xa9, 0x04, 0x17, 0x1f,
	0xff, 0xb5, 0xa8, 0x83, 0xa5, 0x96, 0xb9, 0x51,
	0xac, 0x51, 0xa5, 0xa1, 0x93, 0x16, 0xf0, 0x17,
	0x93, 0x78, 0x93, 0x12, 0xa8, 0x01, 0xa8, 0xd6,
	0xa9, 0x67, 0xa9, 0xf8, 0xaa, 0x12, 0xa7, 0xf1,
	0xa7, 0xe6, 0xa7, 0xd7, 0xa7, 0xc8, 0xa7, 0xb2,
	0x17, 0x00, 0x27, 0x7e, 0x00, 0x0b, 0xa4, 0x43,
	0xa5, 0x8f, 0x16, 0x00, 0x01, 0x01, 0x97, 0x8e,
	0xa7, 0xf1, 0x17, 0x00, 0x27, 0x75, 0x00, 0x0b,
	0xa7, 0x43, 0x4c, 0x08, 0xa5, 0x96, 0xa1, 0x75,
	0xac, 0x51, 0x80, 0x00, 0x92, 0x03, 0x00, 0x0f,
	0x14, 0x86, 0x4c, 0x11, 0xa7, 0xdf, 0x17, 0x1f,
	0xda, 0xf1, 0x00, 0x05, 0x7a, 0x04, 0xb8, 0x71,
	0xa7, 0xe1, 0xa7, 0xf1, 0x17, 0x00, 0x27, 0x60,
	0x00, 0x0b, 0xaa, 0x43, 0xa5, 0xe1, 0xb8, 0xa1,
	0x9b, 0x35, 0x1f, 0x00, 0x00, 0xfd, 0x00, 0x0b,
	0xa9, 0x84, 0x17, 0x00, 0x29, 0xc3, 0x00, 0x0b,
	0xac, 0x83, 0x00, 0x17, 0x26, 0x04, 0x17, 0x1f,
	0xdc, 0x03, 0x98, 0x23, 0xa1, 0xfb, 0x80, 0x00,
	0x92, 0x04, 0xa7, 0xcf, 0x49, 0x82, 0x27, 0xd4,
	0xa7, 0xe5, 0xa7, 0xf3, 0x17, 0x00, 0x2c, 0xa2,
	0x00, 0x00, 0x08, 0xc5, 0x4c, 0x08, 0xa5, 0xf6,
	0x06, 0x70, 0x88, 0x16, 0x98, 0x31, 0x06, 0x70,
	0x80, 0x16, 0x00, 0x05, 0x8a, 0x41, 0x06, 0x70,
	0x4c, 0x16, 0x49, 0xb0, 0xa5, 0xd6, 0x06, 0x70,
	0x84, 0x61, 0xa5, 0xe6, 0x06, 0x70, 0x50, 0x01,
	0x06, 0x70, 0x20, 0x61, 0xa5, 0xcf, 0x08, 0x00,
	0x8c, 0x11, 0x4b, 0xe7, 0x20, 0x3f, 0x80, 0x00,
	0x05, 0x00, 0x00, 0x00, 0x05, 0x00, 0x00, 0x00,
	0x92, 0x01, 0xa7, 0xff, 0x1f, 0x00, 0x00, 0x08,
	0x05, 0x00, 0x00, 0x00, 0xa5, 0xff, 0x97, 0xfe,
	0xa0, 0x3e, 0x80, 0x00, 0x92, 0x01, 0x00, 0x0c,
	0xf2, 0xc1, 0xa7, 0xff, 0xa8, 0x01, 0x14, 0xbc,
	0x18, 0x3f, 0x00, 0x00, 0x09, 0xa5, 0x1f, 0x00,
	0x00, 0xb3, 0x00, 0x0b, 0xad, 0x44, 0x17, 0x00,
	0x29, 0x79, 0x00, 0x0b, 0xae, 0x83, 0x1f, 0x00,
	0x00, 0xab, 0xa1, 0x80, 0x00, 0x0c, 0xf3, 0x81,
	0xa8, 0x01, 0x00, 0x00, 0x10, 0x06, 0x07, 0x00,
	0x80, 0x21, 0x0f, 0xff, 0xff, 0x0b, 0x0d, 0xff,
	0xff, 0xbb, 0x07, 0x00, 0x61, 0xb6, 0x00, 0x00,
	0x00, 0x3b, 0x07, 0x00, 0x60, 0xb6, 0x06, 0x40,
	0x00, 0xe1, 0x06, 0x4f, 0xfc, 0x1e, 0x64, 0x01,
	0x25, 0xe1, 0x64, 0x00, 0xa5, 0xd1, 0x64, 0x02,
	0x25, 0xc1, 0x64, 0x06, 0xa5, 0xb1, 0x64, 0x05,
	0x25, 0xa1, 0x64, 0x03, 0xa5, 0x91, 0x64, 0x06,
	0x25, 0x81, 0x64, 0x04, 0xa5, 0x71, 0x64, 0x03,
	0x25, 0x61, 0x64, 0x05, 0xa5, 0x51, 0x64, 0x04,
	0x25, 0x41, 0x64, 0x02, 0xa5, 0x31, 0x60, 0x44,
	0x25, 0x21, 0x60, 0x40, 0x25, 0x11, 0x64, 0x00,
	0x25, 0x01, 0x93, 0x1f, 0x09, 0x00, 0x44, 0xee,
	0x06, 0xcf, 0xfc, 0xde, 0x06, 0xcf, 0xfc, 0xce,
	0x06, 0xcf, 0xfc, 0xbe, 0x06, 0xcf, 0xfc, 0xae,
	0x06, 0xcf, 0xfc, 0x9e, 0x06, 0xcf, 0xfc, 0x8e,
	0x06, 0xcf, 0xfc, 0x7e, 0x06, 0xcf, 0xfc, 0x6e,
	0x06, 0xcf, 0xfc, 0x5e, 0x06, 0xcf, 0xfc, 0x4e,
	0x06, 0xcf, 0xfc, 0x3e, 0x06, 0xcf, 0xfc, 0x2e,
	0x06, 0x40, 0x00, 0x1e, 0x05, 0xa0, 0x00, 0x00,
	0xa0, 0x3f, 0x80, 0x00, 0x92, 0x01, 0xa7, 0xff,
	0x1f, 0x00, 0x01, 0xd0, 0x00, 0x0c, 0xf2, 0xc1,
	0x17, 0x1f, 0xff, 0xa6, 0xac, 0x00, 0x1f, 0x1f,
	0xff, 0x8f, 0x49, 0x80, 0xa5, 0xff, 0x97, 0xfe,
	0xa0, 0x3f, 0x80, 0x00, 0x00, 0x00, 0x10, 0x01,
	0x07, 0x00, 0x67, 0x01, 0x07, 0x00, 0x65, 0x01,
	0xa0, 0x3f, 0x80, 0x00, 0xa0, 0x2f, 0x00, 0x0c,
	0xf2, 0xc1, 0xa8, 0x01, 0x92, 0x01, 0xa7, 0xff,
	0x1f, 0x00, 0x00, 0x36, 0x00, 0x0c, 0xf2, 0xc6,
	0xa8, 0x57, 0x08, 0x00, 0x01, 0x78, 0xbb, 0x07,
	0xb6, 0x58, 0x00, 0x10, 0x00, 0x26, 0x15, 0x00,
	0x0c, 0x16, 0x00, 0x00, 0x11, 0x75, 0x1f, 0x00,
	0x00, 0x27, 0x00, 0x0b, 0xaf, 0x04, 0x17, 0x00,
	0x28, 0xed, 0x00, 0x0b, 0xae, 0x83, 0xa5, 0xff,
	0x97, 0xfe, 0xa0, 0x3f, 0x92, 0x02, 0x00, 0x0c,
	0xf2, 0xc1, 0xa7, 0xef, 0xa7, 0xf1, 0xa8, 0x01,
	0xba, 0xb1, 0x00, 0x00, 0x12, 0x55, 0x1f, 0x00,
	0x00, 0x13, 0x00, 0x0b, 0xb0, 0x44, 0x17, 0x00,
	0x28, 0xd9, 0x00, 0x0b, 0xae, 0x83, 0xa5, 0xf1,
	0x93, 0x16, 0xa8, 0x01, 0x87, 0xf1, 0xba, 0x41,
	0xb6, 0x51, 0x1f, 0x00, 0x00, 0x15, 0xa5, 0xef,
	0x97, 0xee, 0xa0, 0x3f, 0x00, 0x00, 0x10, 0x06,
	0x07, 0x00, 0x80, 0x21, 0x0f, 0x00, 0x01, 0x02,
	0x0d, 0x00, 0x02, 0x22, 0x07, 0x00, 0x41, 0x16,
	0x07, 0x00, 0x61, 0x26, 0x07, 0x00, 0x80, 0x20,
	0xa0, 0x3f, 0x80, 0x00, 0x00, 0x00, 0x10, 0x07,
	0x9f, 0xf6, 0x07, 0x00, 0x80, 0x21, 0x08, 0x00,
	0x00, 0x61, 0x07, 0x00, 0x61, 0x17, 0x07, 0x00,
	0x80, 0x20, 0xa0, 0x3f, 0x00, 0x00, 0x10, 0x06,
	0x07, 0x00, 0x80, 0x21, 0x0f, 0x00, 0x01, 0x02,
	0x0d, 0x00, 0x02, 0x22, 0x07, 0x00, 0x41, 0x16,
	0x07, 0x00, 0x61, 0x26, 0x07, 0x00, 0x80, 0x20,
	0xa0, 0x3f, 0x80, 0x00, 0x00, 0x00, 0x10, 0x06,
	0x07, 0x00, 0x80, 0x21, 0x08, 0x00, 0x00, 0x31,
	0x07, 0x00, 0x61, 0x16, 0x07, 0x00, 0x80, 0x20,
	0xa0, 0x3f, 0x80, 0x00, 0x00, 0x00, 0x10, 0x06,
	0x07, 0x00, 0x80, 0x21, 0x08, 0x00, 0x00, 0x31,
	0x07, 0x00, 0x61, 0x16, 0xa0, 0x3f, 0x80, 0x00,
	0x92, 0x06, 0xa7, 0xa1, 0xa7, 0xb6, 0xa7, 0xc7,
	0xa7, 0xd8, 0xa7, 0xeb, 0xa7, 0xfc, 0x00, 0x06,
	0xcd, 0xc8, 0x00, 0x00, 0x10, 0x07, 0x00, 0x0c,
	0xf3, 0x86, 0x06, 0xf0, 0x04, 0x1e, 0x06, 0xf0,
	0x04, 0x2e, 0x06, 0xf0, 0x04, 0x3e, 0x06, 0xf0,
	0x04, 0x4e, 0x06, 0xf0, 0x04, 0x5e, 0x06, 0xf0,
	0x04, 0x6e, 0x06, 0xf0, 0x04, 0x7e, 0x06, 0xf0,
	0x04, 0x8e, 0x06, 0xf0, 0x04, 0x9e, 0x06, 0xf0,
	0x04, 0xae, 0x06, 0xf0, 0x04, 0xbe, 0x06, 0xf0,
	0x04, 0xce, 0x06, 0xf0, 0x04, 0xde, 0x06, 0xf0,
	0x04, 0xfe, 0x04, 0x15, 0x40, 0x01, 0x08, 0x00,
	0x3c, 0xee, 0x60, 0x48, 0x27, 0x11, 0x60, 0x4c,
	0x27, 0x21, 0x64, 0x54, 0x27, 0x31, 0x64, 0x60,
	0x27, 0x41, 0x64, 0x6c, 0x27, 0x51, 0x64, 0x58,
	0x27, 0x61, 0x64, 0x64, 0x27, 0x71, 0x64, 0x70,
	0x27, 0x81, 0x64, 0x5c, 0x27, 0x91, 0x64, 0x68,
	0x27, 0xa1, 0x64, 0x74, 0x27, 0xb1, 0x64, 0x50,
	0x27, 0xc1, 0x64, 0x44, 0x27, 0xd1, 0x64, 0x48,
	0x27, 0xe1, 0xa7, 0xf1, 0x08, 0x00, 0x00, 0x6d,
	0x06, 0x40, 0x00, 0xcd, 0x06, 0x70, 0x00, 0xec,
	0x06, 0xf0, 0x04, 0xde, 0x1f, 0x80, 0x00, 0x08,
	0x09, 0x00, 0x04, 0xee, 0x06, 0x40, 0x00, 0xee,
	0x06, 0x40, 0x00, 0xee, 0x06, 0x40, 0x00, 0xee,
	0xa5, 0xf1, 0x64, 0x01, 0x25, 0xe1, 0x64, 0x00,
	0xa5, 0xd1, 0x64, 0x02, 0x25, 0xc1, 0x64, 0x06,
	0xa5, 0xb1, 0x64, 0x05, 0x25, 0xa1, 0x64, 0x03,
	0xa5, 0x91, 0x64, 0x06, 0x25, 0x81, 0x64, 0x04,
	0xa5, 0x71, 0x64, 0x03, 0x25, 0x61, 0x64, 0x05,
	0xa5, 0x51, 0x64, 0x04, 0x25, 0x41, 0x64, 0x02,
	0xa5, 0x31, 0x60, 0x44, 0x25, 0x21, 0x60, 0x40,
	0x25, 0x11, 0x64, 0x00, 0x25, 0x01, 0x09, 0x00,
	0x40, 0xee, 0x06, 0xcf, 0xfc, 0xfe, 0x06, 0xcf,
	0xfc, 0xde, 0x06, 0xcf, 0xfc, 0xce, 0x06, 0xcf,
	0xfc, 0xbe, 0x06, 0xcf, 0xfc, 0xae, 0x06, 0xcf,
	0xfc, 0x9e, 0x06, 0xcf, 0xfc, 0x8e, 0x06, 0xcf,
	0xfc, 0x7e, 0x06, 0xcf, 0xfc, 0x6e, 0x06, 0xcf,
	0xfc, 0x5e, 0x06, 0xcf, 0xfc, 0x4e, 0x06, 0xcf,
	0xfc, 0x3e, 0x06, 0xcf, 0xfc, 0x2e, 0x06, 0x40,
	0x00, 0x1e, 0xa5, 0xfc, 0xa5, 0xeb, 0xa5, 0xd8,
	0xa5, 0xc7, 0xa5, 0xb6, 0xa5, 0xa1, 0x97, 0xae,
	0x05, 0xa0, 0x00, 0x00, 0x0f, 0x30, 0x04, 0x01,
	0x08, 0x22, 0x54, 0x11, 0xa0, 0x2f, 0x98, 0x26,
	0xb6, 0x06, 0x80, 0x00, 0x92, 0x1d, 0xa7, 0x45,
	0x04, 0x15, 0x40, 0xc5, 0x60, 0x4d, 0x27, 0x23,
	0x60, 0x49, 0xa7, 0x34, 0xa6, 0xd5, 0x04, 0x15,
	0x40, 0xb5, 0xa6, 0xf3, 0xa6, 0xe4, 0x04, 0x15,
	0x40, 0x93, 0x04, 0x15, 0x40, 0x64, 0xa6, 0xa5,
	0x04, 0x15, 0x40, 0xd5, 0xa6, 0xc3, 0xa6, 0xb4,
	0x04, 0x15, 0x40, 0x83, 0x04, 0x15, 0x40, 0x54,
	0xa6, 0x75, 0x04, 0x15, 0x40, 0x45, 0xa6, 0x93,
	0xa6, 0x84, 0x04, 0x15, 0x40, 0xa3, 0x04, 0x15,
	0x40, 0x74, 0x4c, 0x1a, 0xa6, 0x45, 0xa7, 0x01,
	0xa7, 0x12, 0xa7, 0x56, 0xa7, 0x67, 0xa7, 0x78,
	0xa7, 0x89, 0xa7, 0x9a, 0xa7, 0xab, 0xa7, 0xbc,
	0xa7, 0xcd, 0xa6, 0x3f, 0xa6, 0x63, 0xa6, 0x54,
	0x04, 0x18, 0x20, 0x04, 0x04, 0x18, 0x20, 0x54,
	0x00, 0x00, 0x10, 0x06, 0x00, 0x40, 0x08, 0x01,
	0x07, 0x00, 0x65, 0x16, 0xc8, 0x8d, 0xc8, 0x96,
	0xa7, 0xe6, 0xa7, 0xf7, 0x1f, 0x1f, 0xfe, 0xf0,
	0x17, 0x00, 0x07, 0x0c, 0xa7, 0xd1, 0xbc, 0x31,
	0x1f, 0x1f, 0xfe, 0x8a, 0x1f, 0x1f, 0xe0, 0x88,
	0x1f, 0x1f, 0xff, 0xae, 0x00, 0x00, 0x10, 0x01,
	0x07, 0x00, 0x65, 0x01, 0x17, 0x1f, 0xfe, 0xfc,
	0xa5, 0xd3, 0xa5, 0xe6, 0xa5, 0xf7, 0x00, 0x00,
	0x10, 0x08, 0x07, 0x00, 0x80, 0x21, 0xc8, 0x62,
	0xc8, 0x51, 0x00, 0x40, 0x08, 0x01, 0x07, 0x00,
	0x64, 0x18, 0xa4, 0xd5, 0xa4, 0xf3, 0x60, 0x45,
	0x24, 0xe4, 0x04, 0x18, 0x20, 0x5c, 0x60, 0x41,
	0xa4, 0xc3, 0xa4, 0xa5, 0xa4, 0xb4, 0x04, 0x18,
	0x20, 0x39, 0x04, 0x18, 0x20, 0x5b, 0x04, 0x18,
	0x20, 0x46, 0xa4, 0x93, 0xa4, 0x75, 0xa4, 0x84,
	0x04, 0x18, 0x20, 0x38, 0x04, 0x18, 0x20, 0x5d,
	0x04, 0x18, 0x20, 0x45, 0xa4, 0x63, 0xa4, 0x45,
	0xa4, 0x54, 0x04, 0x18, 0x20, 0x3a, 0x04, 0x18,
	0x20, 0x54, 0x04, 0x18, 0x20, 0x47, 0xa5, 0xcd,
	0xa5, 0xbc, 0xa5, 0xab, 0xa5, 0x9a, 0xa5, 0x89,
	0xa5, 0x78, 0xa5, 0x67, 0xa5, 0x56, 0xa5, 0x12,
	0xa5, 0x01, 0xa4, 0x3f, 0xa5, 0x23, 0xa5, 0x45,
	0xa5, 0x34, 0x96, 0x3e, 0x05, 0xa0, 0x00, 0x00,
	0x92, 0x01, 0xa7, 0xff, 0x1f, 0x1f, 0xe4, 0x4a,
	0x49, 0x82, 0x70, 0x05, 0x17, 0x1f, 0xd7, 0x36,
	0x00, 0x0c, 0x78, 0x83, 0x1d, 0x83, 0xf4, 0x20,
	0x1f, 0x1f, 0xe0, 0x1a, 0xa5, 0xff, 0x16, 0x1f,
	0xe0, 0x0f, 0x97, 0xfe, 0xa9, 0x26, 0xa8, 0xa7,
	0xaa, 0x21, 0xad, 0x66, 0xa8, 0xa7, 0xa9, 0x26,
	0xac, 0xd7, 0xa8, 0x86, 0x15, 0x00, 0x04, 0x63,
	0xa9, 0x26, 0xac, 0x86, 0xae, 0x20, 0xa8, 0x06,
	0x87, 0xf6, 0xa0, 0x2f, 0xb6, 0x06, 0xaa, 0x01,
	0xa8, 0xa1, 0xac, 0xb1, 0xa9, 0x06, 0xad, 0x36,
	0xa9, 0x06, 0xac, 0xd4, 0xad, 0x04, 0xae, 0x33,
	0xa8, 0x21, 0xa0, 0x2f, 0x86, 0x11, 0xb6, 0x21,
	0xae, 0x20, 0xa0, 0x3f, 0x08, 0x00, 0x08, 0x31,
	0x9f, 0xf6, 0xac, 0xa1, 0xad, 0xa1, 0xae, 0x21,
	0xa0, 0x2f, 0xad, 0x26, 0xb6, 0x20, 0x80, 0x00,
	0x92, 0x06, 0xa7, 0xaf, 0xa8, 0x31, 0xa7, 0xe3,
	0xa7, 0xf4, 0x14, 0xbc, 0x72, 0x3f, 0xa7, 0xd1,
	0xa9, 0xa6, 0xa5, 0xd7, 0xa8, 0x56, 0x08, 0x00,
	0x08, 0x31, 0x1b, 0x00, 0x23, 0x76, 0x4c, 0x0b,
	0x27, 0xc1, 0xa7, 0xb6, 0x1f, 0x1f, 0xfd, 0xf8,
	0xb9, 0x11, 0xa5, 0xe1, 0xa5, 0xb6, 0xa8, 0x01,
	0x86, 0x11, 0x13, 0x00, 0x0c, 0x61, 0x00, 0x00,
	0x0a, 0x15, 0x1f, 0x1f, 0xfe, 0x29, 0x00, 0x0b,
	0xb1, 0x84, 0x17, 0x00, 0x26, 0xef, 0x00, 0x0b,
	0xb2, 0x43, 0xa5, 0xc1, 0xa5, 0xb6, 0x43, 0x0b,
	0x28, 0x81, 0xa8, 0x87, 0xa7, 0xb6, 0xa8, 0x67,
	0xa5, 0xd6, 0xa7, 0xc1, 0x19, 0x7f, 0xe4, 0x76,
	0xa8, 0x86, 0xa5, 0xf7, 0xac, 0xe6, 0xad, 0x57,
	0xa5, 0xe6, 0xad, 0x61, 0xac, 0x87, 0xae, 0x66,
	0xa8, 0x51, 0x86, 0x11, 0xb6, 0x51, 0xa5, 0xaf,
	0x97, 0xae, 0xa0, 0x3f, 0xa1, 0x72, 0xaa, 0x21,
	0x00, 0x0c, 0xf3, 0x01, 0x00, 0x04, 0xff, 0x86,
	0xa0, 0x2f, 0xa8, 0x01, 0x04, 0x01, 0xe1, 0x61,
	0x92, 0x02, 0x80, 0xd0, 0xa7, 0xef, 0xb8, 0x51,
	0x98, 0x86, 0x04, 0x01, 0xe1, 0x61, 0x88, 0x13,
	0x1f, 0x00, 0x05, 0x98, 0x00, 0x0c, 0xf3, 0x48,
	0xa8, 0x71, 0xba, 0x61, 0x9f, 0x86, 0x00, 0x0f,
	0x16, 0x41, 0x8a, 0x61, 0xac, 0x71, 0x00, 0x0c,
	0xf3, 0x07, 0x00, 0x04, 0xff, 0x82, 0xa8, 0x66,
	0x42, 0xa8, 0x27, 0xf0, 0x19, 0x00, 0x08, 0x21,
	0x11, 0x00, 0x06, 0x16, 0xa8, 0x78, 0x44, 0x43,
	0x2c, 0x61, 0xa7, 0xf6, 0x1f, 0x00, 0x06, 0xac,
	0xa5, 0xf1, 0xbe, 0x31, 0x1f, 0x00, 0x26, 0xc8,
	0xa5, 0xef, 0xa5, 0xf1, 0x4b, 0xf7, 0x20, 0x3f,
	0x92, 0x01, 0xb8, 0xc3, 0xa7, 0xff, 0x1f, 0x1f,
	0xfd, 0xcf, 0x00, 0x00, 0x08, 0x15, 0x00, 0x0b,
	0xb2, 0xc4, 0x17, 0x00, 0x26, 0x93, 0x00, 0x0b,
	0xb3, 0x83, 0xa5, 0xff, 0x97, 0xfe, 0xa0, 0x3f,
	0x00, 0x14, 0x15, 0xc6, 0x49, 0xb0, 0xf0, 0x07,
	0x19, 0x80, 0x16, 0xe8, 0x49, 0xbc, 0x31, 0x02,
	0x86, 0x17, 0x1d, 0x83, 0xf6, 0x40, 0x82, 0xf8,
	0x88, 0x61, 0xb4, 0x84, 0xb6, 0x03, 0xa0, 0x3f,
	0x06, 0x40, 0x24, 0x63, 0x93, 0x01, 0xb8, 0x76,
	0x98, 0x56, 0x06, 0x40, 0x30, 0x13, 0xa8, 0x01,
	0x04, 0x01, 0xe1, 0x61, 0xa0, 0x3f, 0x80, 0x00,
	0x92, 0x02, 0xa7, 0xef, 0xba, 0xc3, 0xa7, 0xf3,
	0x1f, 0x1f, 0xfd, 0xa2, 0x00, 0x00, 0x10, 0x45,
	0x00, 0x0b, 0xb4, 0x44, 0x17, 0x00, 0x26, 0x66,
	0x00, 0x0b, 0xb5, 0x83, 0x1f, 0x1f, 0xfd, 0x60,
	0xa5, 0xf7, 0xb1, 0x68, 0x06, 0x40, 0x34, 0x27,
	0x06, 0x40, 0x38, 0x67, 0x04, 0x0c, 0xe6, 0x21,
	0x88, 0x81, 0x87, 0xf2, 0x04, 0x0c, 0xe6, 0x26,
	0x06, 0xf0, 0x30, 0x17, 0x88, 0x86, 0x06, 0xff,
	0xcc, 0x07, 0x4f, 0xf8, 0xb5, 0x68, 0x06, 0xf0,
	0x18, 0x67, 0x06, 0x50, 0x20, 0x17, 0x06, 0x50,
	0x21, 0x17, 0x17, 0x1f, 0xff, 0x2d, 0x08, 0xff,
	0xec, 0x73, 0x17, 0x1f, 0xff, 0x29, 0x93, 0x73,
	0x1f, 0x1f, 0xfd, 0x5a, 0x4c, 0x08, 0xa5, 0xef,
	0x97, 0xee, 0xa0, 0x3f, 0x49, 0x01, 0x70, 0x71,
	0xb8, 0x34, 0xa7, 0xef, 0x93, 0x51, 0x06, 0xf0,
	0x3c, 0x17, 0xb4, 0xe3, 0x06, 0xff, 0xc0, 0x47,
	0xa7, 0xf7, 0x17, 0x1f, 0xff, 0xbf, 0xa5, 0xf3,
	0xa5, 0xf1, 0x06, 0x70, 0x48, 0x01, 0xa5, 0xef,
	0x97, 0xee, 0xa0, 0x3f, 0x49, 0x02, 0xf0, 0x01,
	0xa7, 0xbf, 0xa7, 0xd3, 0xa7, 0xe4, 0xb8, 0x44,
	0xa7, 0xf5, 0x04, 0x0c, 0xe4, 0x31, 0x17, 0x1f,
	0xff, 0x55, 0x08, 0x00, 0x4c, 0x13, 0x49, 0x8b,
	0xa7, 0xc1, 0xb8, 0x87, 0x08, 0x00, 0x4c, 0x75,
	0xa5, 0xf6, 0xa5, 0xe4, 0x17, 0x1f, 0xff, 0xd8,
	0xa5, 0xd3, 0xa5, 0xbf, 0xa5, 0xc1, 0x4b, 0xdf,
	0x20, 0x3f, 0x80, 0x00, 0x92, 0x03, 0xa7, 0xdf,
	0x06, 0x40, 0x38, 0x13, 0x06, 0x40, 0x40, 0x53,
	0xa7, 0xf3, 0xbb, 0x25, 0xa7, 0xe1, 0x49, 0x80,
	0xa8, 0x26, 0xbe, 0x66, 0x17, 0x00, 0x08, 0xcc,
	0xa9, 0x23, 0xa5, 0xf6, 0xad, 0x50, 0xa5, 0xe6,
	0x43, 0x0b, 0x25, 0xf7, 0x06, 0x70, 0x38, 0x67,
	0xa5, 0xdf, 0x97, 0xde, 0xa0, 0x3f, 0x17, 0x00,
	0x28, 0x77, 0xa8, 0xa3, 0xa5, 0xf6, 0x93, 0x61,
	0x06, 0x40, 0x40, 0x66, 0xa8, 0x81, 0x44, 0x0b,
	0x25, 0xf1, 0xa9, 0x07, 0x49, 0x80, 0xac, 0x86,
	0x13, 0x7f, 0xeb, 0x67, 0xa5, 0xf6, 0xb0, 0xd7,
	0xa1, 0x67, 0xb6, 0x57, 0x49, 0x00, 0xf0, 0x46,
	0xa7, 0xff, 0x06, 0x40, 0x40, 0x13, 0xbe, 0x41,
	0xa5, 0xff, 0x97, 0xfe, 0xa0, 0x3f, 0xa9, 0xa7,
	0x44, 0x38, 0xa9, 0x27, 0x13, 0x00, 0x06, 0x17,
	0xad, 0xa1, 0x93, 0x31, 0xb1, 0x87, 0xb6, 0x07,
	0xa9, 0xa4, 0x06, 0x40, 0x40, 0x53, 0x17, 0x00,
	0x28, 0x4f, 0x93, 0x63, 0xa1, 0xee, 0x80, 0x00,
	0x92, 0x02, 0xa7, 0xef, 0x17, 0x1f, 0xfc, 0xc0,
	0xa7, 0xf3, 0x4c, 0x0b, 0x25, 0xf1, 0x06, 0x40,
	0x38, 0x11, 0xa7, 0xf6, 0xbc, 0x21, 0xa7, 0xf0,
	0x1f, 0x1f, 0xfc, 0xd2, 0xa5, 0xef, 0xa5, 0xf1,
	0x4b, 0xf7, 0x20, 0x3f, 0x92, 0x02, 0xa7, 0xef,
	0x17, 0x1f, 0xfc, 0xae, 0xa7, 0xf3, 0x4c, 0x0b,
	0xa5, 0xf1, 0x93, 0x16, 0x06, 0x40, 0x38, 0x11,
	0x06, 0x40, 0x3c, 0x66, 0xa7, 0xf7, 0x1c, 0x00,
	0x03, 0x16, 0xa7, 0xf0, 0x1f, 0x1f, 0xfc, 0xbc,
	0xa5, 0xef, 0xa5, 0xf1, 0x4b, 0xf7, 0x20, 0x3f,
	0x92, 0x05, 0x97, 0xc1, 0xa7, 0xbf, 0xa7, 0xf1,
	0x06, 0x40, 0x48, 0x13, 0xa7, 0xc3, 0xba, 0xc1,
	0xa7, 0xe1, 0x1f, 0x1f, 0xfc, 0xc9, 0x00, 0x0b,
	0xb6, 0x04, 0x00, 0x0b, 0xb5, 0x83, 0x17, 0x00,
	0x25, 0x8d, 0x00, 0x00, 0xb4, 0xb5, 0xa5, 0xe1,
	0x93, 0x16, 0x06, 0x40, 0x38, 0x11, 0x06, 0x40,
	0x3c, 0x66, 0x13, 0x00, 0x0c, 0x16, 0x00, 0x0b,
	0xb6, 0x04, 0x1f, 0x1f, 0xfc, 0xb5, 0x00, 0x0b,
	0xb5, 0x83, 0x17, 0x00, 0x25, 0x7b, 0x00, 0x00,
	0xb4, 0xc5, 0xa5, 0xe1, 0x93, 0x16, 0x06, 0x40,
	0x38, 0x11, 0x06, 0x40, 0x3c, 0x76, 0x93, 0x06,
	0x13, 0x00, 0x07, 0x17, 0xa5, 0xe1, 0x49, 0xb0,
	0xa5, 0xbf, 0x97, 0xbe, 0xa0, 0x3f, 0xa5, 0xf4,
	0x06, 0x20, 0x45, 0x11, 0xa5, 0xe3, 0x17, 0x1f,
	0xff, 0x5b, 0xa7, 0xd1, 0xa7, 0xf1, 0xa5, 0xd1,
	0x15, 0xbc, 0x2c, 0x3f, 0xa5, 0xf6, 0xa5, 0xe1,
	0x06, 0x40, 0x24, 0x61, 0x93, 0x01, 0xbc, 0x26,
	0x98, 0x11, 0x14, 0x83, 0xd4, 0x20, 0xa5, 0xf6,
	0xa5, 0xe1, 0x17, 0x00, 0x06, 0x2d, 0x08, 0x00,
	0x24, 0x13, 0x14, 0x83, 0xc4, 0x20, 0xa5, 0xf6,
	0x4c, 0x0b, 0x21, 0xdf, 0x43, 0x08, 0xa5, 0xe7,
	0xa1, 0x5b, 0x06, 0x50, 0x45, 0x17, 0x80, 0x00,
	0x92, 0x05, 0x00, 0x0b, 0xb5, 0x81, 0xa7, 0xbf,
	0xa7, 0xd1, 0x00, 0x0b, 0xb7, 0xc1, 0xa7, 0xe4,
	0xa7, 0xf3, 0xba, 0xa3, 0xa7, 0xc1, 0x1f, 0x1f,
	0xfc, 0x6f, 0xa5, 0xc4, 0xa5, 0xd3, 0x17, 0x00,
	0x25, 0x35, 0x00, 0x00, 0x46, 0x15, 0xa5, 0xf1,
	0x06, 0x40, 0x40, 0x11, 0xb8, 0x91, 0xa5, 0xc4,
	0x1f, 0x1f, 0xfc, 0x62, 0xa5, 0xd3, 0x17, 0x00,
	0x25, 0x29, 0x00, 0x00, 0x46, 0x55, 0xa5, 0xf1,
	0x49, 0x80, 0xa8, 0x06, 0x1c, 0x80, 0x96, 0xc0,
	0xb8, 0x91, 0xa5, 0xc4, 0x1f, 0x1f, 0xfc, 0x54,
	0xa5, 0xd3, 0x17, 0x00, 0x25, 0x1b, 0x00, 0x00,
	0x46, 0xa5, 0x1f, 0x1f, 0xfc, 0x69, 0xa5, 0xf6,
	0x93, 0x67, 0x06, 0x40, 0x38, 0x66, 0x06, 0x40,
	0x3c, 0x87, 0x49, 0x83, 0xa7, 0xc1, 0x11, 0x00,
	0x1c, 0x86, 0x08, 0x00, 0x01, 0x61, 0xa5, 0xf6,
	0x93, 0x67, 0x06, 0x20, 0x45, 0x66, 0x06, 0x70,
	0x38, 0x17, 0x15, 0xbc, 0x52, 0xdf, 0x08, 0x00,
	0x01, 0x61, 0x06, 0x40, 0x48, 0x17, 0xb9, 0x31,
	0x93, 0x01, 0x17, 0x1f, 0xff, 0x5f, 0xa5, 0xf3,
	0xb8, 0x61, 0xa5, 0xe1, 0xbc, 0x41, 0x4c, 0x08,
	0xa5, 0xe6, 0xac, 0x51, 0x98, 0x17, 0x17, 0x1f,
	0xfc, 0x53, 0xa5, 0xc3, 0x49, 0xb8, 0xa5, 0xbf,
	0x97, 0xbe, 0xa0, 0x3f, 0x06, 0x40, 0x24, 0x67,
	0xbc, 0x26, 0x98, 0x11, 0x1c, 0x83, 0xe8, 0x20,
	0x17, 0x00, 0x05, 0xbe, 0x08, 0x00, 0x24, 0x73,
	0x14, 0x83, 0xdc, 0x20, 0xa5, 0xe1, 0x1d, 0x83,
	0xd0, 0x20, 0xa1, 0xe9, 0xa1, 0x68, 0x06, 0x50,
	0x45, 0x17, 0xa5, 0xf1, 0x49, 0x80, 0xa9, 0x06,
	0x1c, 0x83, 0x68, 0xc0, 0x16, 0x1f, 0xff, 0xb2,
	0x98, 0x11, 0x80, 0x00, 0x92, 0x05, 0xa7, 0xbf,
	0xa7, 0xd4, 0xa7, 0xe4, 0xba, 0xc3, 0xa7, 0xf3,
	0x1f, 0x1f, 0xfb, 0xfe, 0x00, 0x0b, 0xb9, 0x04,
	0x00, 0x0b, 0xb5, 0x83, 0x17, 0x00, 0x24, 0xc2,
	0x00, 0x00, 0x3c, 0x45, 0x49, 0x80, 0xa5, 0xd6,
	0x1c, 0x80, 0x94, 0xc0, 0xb8, 0xb1, 0x00, 0x0b,
	0xb9, 0x04, 0x1f, 0x1f, 0xfb, 0xed, 0x00, 0x0b,
	0xb5, 0x83, 0x17, 0x00, 0x24, 0xb3, 0x00, 0x00,
	0x3c, 0x55, 0x1f, 0x1f, 0xfc, 0x01, 0xa5, 0xf6,
	0x93, 0x67, 0x06, 0x40, 0x38, 0x66, 0x06, 0x40,
	0x3c, 0x87, 0x49, 0x83, 0xa7, 0xc1, 0x13, 0x00,
	0x0a, 0x68, 0xa5, 0xf1, 0x17, 0x1f, 0xfc, 0x04,
	0xa5, 0xc3, 0x49, 0xb8, 0xa5, 0xbf, 0x97, 0xbe,
	0xa0, 0x3f, 0xa5, 0xe4, 0x06, 0x20, 0x45, 0x11,
	0xa5, 0xf3, 0x17, 0x1f, 0xfe, 0x8d, 0xa7, 0xd1,
	0xa5, 0xd1, 0x1d, 0xbc, 0x38, 0x3f, 0xa5, 0xf1,
	0x06, 0x40, 0x48, 0x11, 0xb8, 0x81, 0xa5, 0xf1,
	0x17, 0x1f, 0xfe, 0xf0, 0xa5, 0xf3, 0xbc, 0x11,
	0x4c, 0x0b, 0xa1, 0xe6, 0x06, 0x40, 0x24, 0x61,
	0x93, 0x01, 0xbc, 0x26, 0x98, 0x11, 0x14, 0x83,
	0xf2, 0x20, 0xa5, 0xf1, 0x17, 0x00, 0x05, 0x58,
	0x08, 0x00, 0x24, 0x13, 0x1c, 0x83, 0xe4, 0x20,
	0xa1, 0xf0, 0x43, 0x08, 0xa5, 0xf6, 0xa1, 0x6d,
	0x06, 0x50, 0x45, 0x16, 0xa5, 0xf1, 0x06, 0x40,
	0x40, 0x61, 0x93, 0x01, 0x1c, 0x83, 0x68, 0xc0,
	0x16, 0x1f, 0xff, 0xb2, 0x98, 0x11, 0x80, 0x00,
	0x92, 0x04, 0xa7, 0xcf, 0x17, 0x1f, 0xfb, 0x64,
	0xa7, 0xf3, 0xa5, 0xf1, 0x93, 0x16, 0x08, 0x00,
	0x24, 0x66, 0x06, 0x00, 0x45, 0x11, 0xa7, 0xe6,
	0xa7, 0xd1, 0xa5, 0xd1, 0xc0, 0x00, 0x10, 0xc0,
	0x3a, 0x20, 0xa5, 0xf1, 0x06, 0x40, 0x48, 0x11,
	0xb8, 0xc1, 0xa5, 0xf1, 0x17, 0x1f, 0xfe, 0xb6,
	0xa5, 0xf3, 0xbc, 0x31, 0x1f, 0x00, 0x03, 0x16,
	0xa5, 0xd1, 0x87, 0xf1, 0xa1, 0x6f, 0xa7, 0xd1,
	0x06, 0x40, 0x24, 0x61, 0x93, 0x01, 0xbc, 0x26,
	0x98, 0x11, 0xbc, 0x71, 0x17, 0x00, 0x05, 0x1c,
	0xa5, 0xe3, 0x1c, 0x83, 0xe6, 0x20, 0xa1, 0xef,
	0xa5, 0xf1, 0x08, 0x00, 0x10, 0x11, 0xa5, 0xf6,
	0x4f, 0xf8, 0xa7, 0xd1, 0x17, 0x1f, 0xfb, 0x50,
	0x06, 0x50, 0x45, 0x16, 0x1f, 0x1f, 0xfb, 0x30,
	0xa5, 0xf1, 0x06, 0x00, 0x44, 0x11, 0xa7, 0xe1,
	0xa5, 0xe1, 0xc0, 0x00, 0x10, 0xc0, 0x24, 0x20,
	0xa5, 0xf1, 0x49, 0x80, 0xaa, 0x06, 0xbc, 0x26,
	0x98, 0x11, 0xbc, 0xb1, 0x17, 0x00, 0x04, 0xfc,
	0xa5, 0xd3, 0xbc, 0x31, 0x1f, 0x00, 0x02, 0xe6,
	0xa5, 0xe1, 0x87, 0xf1, 0xa1, 0x6e, 0xa7, 0xe1,
	0x4f, 0xf8, 0xa5, 0xf6, 0x06, 0x50, 0x44, 0x16,
	0xa5, 0xcf, 0x16, 0x1f, 0xfb, 0x2d, 0x97, 0xce,
	0x92, 0x0b, 0x97, 0x61, 0xa7, 0x5f, 0xa7, 0xf1,
	0x00, 0x0b, 0xba, 0xc1, 0xa7, 0x64, 0xa7, 0xd1,
	0x00, 0x0b, 0xb5, 0x81, 0xa7, 0xe3, 0xba, 0xa3,
	0xa7, 0xc1, 0x1f, 0x1f, 0xfb, 0x39, 0xa5, 0xd4,
	0xa5, 0xc3, 0x17, 0x00, 0x23, 0xff, 0x00, 0x00,
	0x59, 0x75, 0xa5, 0xe1, 0x06, 0x40, 0x40, 0x11,
	0xb8, 0x91, 0xa5, 0xd4, 0x1f, 0x1f, 0xfb, 0x2c,
	0xa5, 0xc3, 0x17, 0x00, 0x23, 0xf3, 0x00, 0x00,
	0x59, 0xb5, 0x1f, 0x00, 0x02, 0x95, 0x49, 0x80,
	0xba, 0x51, 0xa5, 0x66, 0xbc, 0x26, 0x98, 0x11,
	0xb8, 0x91, 0xa5, 0xd4, 0x1f, 0x1f, 0xfb, 0x1c,
	0xa5, 0xc3, 0x17, 0x00, 0x23, 0xe3, 0x00, 0x00,
	0x5a, 0x05, 0xa5, 0xe1, 0x08, 0x00, 0x24, 0x11,
	0xa7, 0xa0, 0xa7, 0xb1, 0xa7, 0x90, 0x1f, 0x1f,
	0xfa, 0xd7, 0xa5, 0xe1, 0x06, 0x40, 0x38, 0x11,
	0x1d, 0x80, 0xf6, 0x20, 0xa5, 0x61, 0x14, 0x80,
	0xd2, 0x20, 0xa5, 0xa1, 0xbe, 0x61, 0x17, 0x00,
	0x02, 0x9b, 0x97, 0x73, 0x98, 0x11, 0xa7, 0xa1,
	0x1f, 0x1f, 0xfa, 0xe2, 0x1f, 0x00, 0x02, 0x9e,
	0x1f, 0x1f, 0xfa, 0xc2, 0xa5, 0xe1, 0x06, 0x20,
	0x44, 0x11, 0x15, 0xbc, 0x0a, 0x3f, 0xa5, 0xe1,
	0x06, 0x50, 0x44, 0x01, 0xa5, 0xe1, 0x06, 0x20,
	0x45, 0x11, 0x15, 0xbc, 0x0a, 0x3f, 0xa5, 0xe1,
	0x06, 0x50, 0x45, 0x01, 0x1f, 0x1f, 0xfa, 0xcc,
	0x17, 0x00, 0x04, 0xd6, 0x4b, 0xb9, 0xa5, 0xf4,
	0x1d, 0x80, 0x52, 0x20, 0x17, 0x1f, 0xfd, 0xe6,
	0xa5, 0xe3, 0xb9, 0xd1, 0xa5, 0xe1, 0xa8, 0x01,
	0xbe, 0xa1, 0x1f, 0x1f, 0xfa, 0xa1, 0xa5, 0xe1,
	0x17, 0x00, 0x06, 0x04, 0xa9, 0x03, 0x17, 0x1f,
	0xfa, 0xb7, 0xa7, 0x91, 0xa5, 0x64, 0x17, 0x00,
	0x08, 0x63, 0xa5, 0xb3, 0x17, 0x1f, 0xff, 0x2e,
	0xa5, 0xe3, 0x1f, 0x00, 0x03, 0x99, 0xba, 0x41,
	0xa5, 0x96, 0x1f, 0x1f, 0xfa, 0x81, 0x16, 0x1f,
	0xff, 0xb4, 0xa7, 0x96, 0x17, 0x1f, 0xff, 0x22,
	0xa5, 0xe3, 0x1f, 0x00, 0x03, 0x8d, 0xa1, 0x78,
	0xa5, 0x96, 0x17, 0x1f, 0xff, 0x1b, 0xa5, 0xe3,
	0x1f, 0x00, 0x03, 0x86, 0x17, 0x1f, 0xfd, 0xba,
	0xa5, 0xe3, 0x14, 0x83, 0xdc, 0x20, 0xa5, 0x96,
	0xbc, 0xc6, 0x1f, 0x1f, 0xfa, 0x75, 0x17, 0x1f,
	0xfc, 0xf9, 0xa5, 0xe3, 0x17, 0x00, 0x06, 0xae,
	0x49, 0x8a, 0x29, 0x23, 0x1f, 0x1f, 0xfa, 0x88,
	0x93, 0x01, 0xa5, 0x5f, 0x97, 0x5e, 0xa0, 0x3f,
	0xa5, 0x91, 0xb8, 0x91, 0xa5, 0xd4, 0x1f, 0x1f,
	0xfa, 0x9b, 0xa5, 0xc3, 0x17, 0x00, 0x23, 0x62,
	0x00, 0x00, 0x5e, 0x75, 0xa7, 0xf0, 0x1f, 0x1f,
	0xfa, 0x77, 0xa1, 0x70, 0xa5, 0xf1, 0x43, 0xf8,
	0xa5, 0xe6, 0x93, 0x67, 0xa8, 0x56, 0x06, 0x70,
	0x38, 0x17, 0xbe, 0x56, 0x1f, 0x00, 0x01, 0xec,
	0xa5, 0xe6, 0xad, 0x51, 0xa5, 0xe1, 0x49, 0x80,
	0xaa, 0x06, 0xbc, 0x26, 0x98, 0x11, 0xba, 0x51,
	0xa5, 0xe1, 0x98, 0x11, 0xa1, 0x69, 0xa7, 0xf1,
	0x17, 0x00, 0x04, 0x1e, 0x08, 0x00, 0x10, 0x13,
	0x1c, 0x83, 0xf2, 0x20, 0x1f, 0x1f, 0xfa, 0x30,
	0xa1, 0xf5, 0x80, 0x00, 0x92, 0x0a, 0x97, 0x71,
	0xa7, 0x6f, 0xa7, 0xf1, 0x00, 0x0b, 0xbc, 0x01,
	0xa7, 0xd4, 0xa7, 0xc1, 0x00, 0x0b, 0xb5, 0x81,
	0xa7, 0xe3, 0xa7, 0xb1, 0xba, 0xa3, 0xa7, 0x70,
	0x1f, 0x1f, 0xfa, 0x62, 0xa5, 0xc4, 0xa5, 0xb3,
	0x17, 0x00, 0x23, 0x28, 0x00, 0x00, 0x50, 0x15,
	0x49, 0x80, 0xa5, 0xd6, 0x1c, 0x81, 0x5e, 0xc0,
	0xb8, 0x91, 0xa5, 0xc4, 0x1f, 0x1f, 0xfa, 0x54,
	0xa5, 0xb3, 0x17, 0x00, 0x23, 0x1b, 0x00, 0x00,
	0x50, 0x55, 0x1f, 0x00, 0x01, 0xbd, 0x49, 0x80,
	0xba, 0x51, 0xa5, 0x76, 0xbc, 0x26, 0x98, 0x11,
	0xb8, 0x91, 0xa5, 0xc4, 0x1f, 0x1f, 0xfa, 0x44,
	0xa5, 0xb3, 0x17, 0x00, 0x23, 0x0b, 0x00, 0x00,
	0x50, 0xa5, 0x1f, 0x00, 0x01, 0xad, 0x1c, 0x81,
	0x08, 0x22, 0x93, 0x01, 0xb8, 0x91, 0xa5, 0xc4,
	0x1f, 0x1f, 0xfa, 0x36, 0xa5, 0xb3, 0x17, 0x00,
	0x22, 0xfd, 0x00, 0x00, 0x51, 0x05, 0xa7, 0xc0,
	0x1f, 0x1f, 0xf9, 0xf6, 0xa5, 0xe1, 0x06, 0x40,
	0x38, 0x11, 0x15, 0x80, 0xae, 0x20, 0xa5, 0xe3,
	0xa5, 0x71, 0x14, 0x80, 0x9c, 0x20, 0xa5, 0xc1,
	0xbe, 0x61, 0x17, 0x00, 0x01, 0xb9, 0x97, 0x83,
	0x98, 0x11, 0xa7, 0xc1, 0x1f, 0x1f, 0xfa, 0x00,
	0x1f, 0x00, 0x01, 0xbc, 0x1f, 0x1f, 0xf9, 0xe0,
	0xa5, 0xe1, 0x06, 0x20, 0x44, 0x11, 0x15, 0xbc,
	0x0a, 0x3f, 0xa5, 0xe1, 0x06, 0x50, 0x44, 0x01,
	0xa5, 0xe1, 0x06, 0x20, 0x45, 0x11, 0x15, 0xbc,
	0x0a, 0x3f, 0xa5, 0xe1, 0x06, 0x50, 0x45, 0x01,
	0x1f, 0x1f, 0xf9, 0xea, 0x17, 0x00, 0x03, 0xf4,
	0x4b, 0xc1, 0xa5, 0xf4, 0xbf, 0xb1, 0x17, 0x1f,
	0xfd, 0x05, 0xa5, 0xe3, 0xb9, 0x11, 0xa5, 0xe1,
	0xa5, 0x74, 0x17, 0x00, 0x07, 0x8d, 0x08, 0x00,
	0x24, 0x13, 0x17, 0x1f, 0xfe, 0x57, 0xa5, 0xe3,
	0x1f, 0x00, 0x02, 0xc2, 0xbe, 0x31, 0x1f, 0x1f,
	0xf9, 0xab, 0x1e, 0x1f, 0xff, 0xbf, 0x17, 0x1f,
	0xfe, 0x4d, 0xa5, 0xe3, 0x1f, 0x00, 0x02, 0xb8,
	0xa1, 0xf9, 0x17, 0x1f, 0xfe, 0x47, 0xa5, 0xe3,
	0x1f, 0x00, 0x02, 0xb2, 0x17, 0x1f, 0xfc, 0xe6,
	0xa5, 0xe3, 0x1c, 0x83, 0xe0, 0x20, 0x93, 0x01,
	0xa5, 0x6f, 0x97, 0x6e, 0xa0, 0x3f, 0xa7, 0xf0,
	0x1f, 0x1f, 0xf9, 0xba, 0xa1, 0x7a, 0xa5, 0xf1,
	0x43, 0xf8, 0xa5, 0xd4, 0x17, 0x1f, 0xfc, 0xbc,
	0xa7, 0xf1, 0xa5, 0xe1, 0xa5, 0xf6, 0x06, 0x70,
	0x38, 0x61, 0x49, 0x80, 0xaa, 0x06, 0xbc, 0x26,
	0x98, 0x11, 0xba, 0x51, 0xa5, 0xe1, 0x98, 0x11,
	0xa1, 0x6c, 0xa7, 0xf1, 0x17, 0x00, 0x03, 0x64,
	0x08, 0x00, 0x10, 0x13, 0x1c, 0x83, 0xf2, 0x20,
	0x1f, 0x1f, 0xf9, 0x76, 0xa1, 0xf5, 0x1f, 0x00,
	0x01, 0x33, 0x17, 0x00, 0x07, 0xf1, 0xa7, 0xa1,
	0xa5, 0xa6, 0x15, 0x7f, 0x78, 0x61, 0x4c, 0x08,
	0xa5, 0x76, 0x1c, 0x82, 0xe8, 0xc0, 0x1e, 0x1f,
	0xff, 0x73, 0xa5, 0xe1, 0x06, 0x40, 0x40, 0x61,
	0x93, 0x01, 0x1c, 0x82, 0x9e, 0xc0, 0x16, 0x1f,
	0xff, 0x4d, 0x98, 0x11, 0x92, 0x04, 0xa7, 0xcf,
	0xa7, 0xf3, 0xa7, 0xd4, 0x17, 0x1f, 0xf9, 0x64,
	0xa7, 0xe5, 0xa5, 0xf1, 0x06, 0x20, 0x44, 0x11,
	0x15, 0xbc, 0x0a, 0x3f, 0xa5, 0xf1, 0x06, 0x50,
	0x44, 0x01, 0xa5, 0xf1, 0x06, 0x20, 0x45, 0x11,
	0x15, 0xbc, 0x0a, 0x3f, 0xa5, 0xf1, 0x06, 0x50,
	0x45, 0x01, 0x1f, 0x1f, 0xf9, 0x6d, 0xa5, 0xf1,
	0x06, 0x40, 0x38, 0x11, 0xba, 0x81, 0xa5, 0xf1,
	0x08, 0x00, 0x24, 0x13, 0xa5, 0xe5, 0x17, 0x00,
	0x07, 0x31, 0xa5, 0xd4, 0xa5, 0xf3, 0xa5, 0xcf,
	0x16, 0x1f, 0xfd, 0xdc, 0x97, 0xce, 0x80, 0x00,
	0x92, 0x09, 0x97, 0x81, 0xa7, 0x7f, 0xa7, 0xf1,
	0x00, 0x0b, 0xbd, 0x01, 0xa7, 0xd4, 0xa7, 0xc1,
	0x00, 0x0b, 0xb5, 0x81, 0xa7, 0x85, 0xa7, 0xe3,
	0xba, 0xa3, 0xa7, 0xb1, 0x1f, 0x1f, 0xf9, 0x68,
	0xa5, 0xc4, 0xa5, 0xb3, 0x17, 0x00, 0x22, 0x2e,
	0x00, 0x00, 0x2f, 0x25, 0x49, 0x80, 0xa5, 0xd6,
	0x1c, 0x81, 0x36, 0xc0, 0xb8, 0x91, 0xa5, 0xc4,
	0x1f, 0x1f, 0xf9, 0x5a, 0xa5, 0xb3, 0x17, 0x00,
	0x22, 0x21, 0x00, 0x00, 0x2f, 0x35, 0x1f, 0x00,
	0x00, 0xc3, 0x49, 0x80, 0xba, 0x51, 0xa5, 0x86,
	0xbc, 0x26, 0x98, 0x11, 0xb8, 0x91, 0xa5, 0xc4,
	0x1f, 0x1f, 0xf9, 0x4a, 0xa5, 0xb3, 0x17, 0x00,
	0x22, 0x11, 0x00, 0x00, 0x2f, 0x75, 0xa7, 0xb0,
	0x1f, 0x1f, 0xf9, 0x0a, 0xa5, 0xe1, 0x93, 0x16,
	0x06, 0x40, 0x38, 0x11, 0x06, 0x40, 0x3c, 0x66,
	0x13, 0x00, 0x51, 0x16, 0xa5, 0x81, 0x14, 0x80,
	0x92, 0x20, 0xa5, 0xb1, 0xbe, 0x61, 0x17, 0x00,
	0x00, 0xcb, 0x97, 0x93, 0x98, 0x11, 0xa7, 0xb1,
	0x1f, 0x1f, 0xf9, 0x12, 0x1f, 0x00, 0x00, 0xce,
	0x1f, 0x1f, 0xf8, 0xf2, 0xa5, 0xe1, 0x06, 0x20,
	0x44, 0x11, 0x15, 0xbc, 0x0a, 0x3f, 0xa5, 0xe1,
	0x06, 0x50, 0x44, 0x01, 0xa5, 0xe1, 0x06, 0x20,
	0x45, 0x11, 0x15, 0xbc, 0x0a, 0x3f, 0xa5, 0xe1,
	0x06, 0x50, 0x45, 0x01, 0x1f, 0x1f, 0xf8, 0xfc,
	0x17, 0x00, 0x03, 0x06, 0x4b, 0xc9, 0xa5, 0xf4,
	0xbf, 0xb1, 0x17, 0x1f, 0xfc, 0x29, 0xa5, 0xe3,
	0xb9, 0x11, 0xa5, 0xe1, 0xa5, 0x84, 0x17, 0x00,
	0x06, 0x9f, 0x08, 0x00, 0x10, 0x13, 0x17, 0x1f,
	0xfd, 0x69, 0xa5, 0xe3, 0x1f, 0x00, 0x01, 0xd4,
	0xbe, 0x31, 0x1f, 0x1f, 0xf8, 0xbd, 0x1e, 0x1f,
	0xff, 0xbd, 0x17, 0x1f, 0xfd, 0x5f, 0xa5, 0xe3,
	0x1f, 0x00, 0x01, 0xca, 0xa1, 0xf9, 0x17, 0x1f,
	0xfd, 0x59, 0xa5, 0xe3, 0x1f, 0x00, 0x01, 0xc4,
	0x93, 0x01, 0xa5, 0x7f, 0x97, 0x7e, 0xa0, 0x3f,
	0xa7, 0xf0, 0x1f, 0x1f, 0xf8, 0xd1, 0xa1, 0x7a,
	0xa5, 0xf1, 0xa5, 0xe1, 0xa5, 0xd4, 0x06, 0x40,
	0x38, 0x11, 0x17, 0x1f, 0xfb, 0xa5, 0xa5, 0xe3,
	0xa5, 0xe6, 0x06, 0x40, 0x48, 0x66, 0xb8, 0xb6,
	0xa5, 0xe6, 0x17, 0x1f, 0xfc, 0x0b, 0xa5, 0xe3,
	0xbc, 0x31, 0x1f, 0x1f, 0xf8, 0x95, 0x98, 0x11,
	0xa1, 0x69, 0xa7, 0xf1, 0x06, 0x40, 0x24, 0x76,
	0x93, 0x06, 0xbc, 0x27, 0x98, 0x16, 0xbe, 0x46,
	0x1c, 0x83, 0xee, 0x20, 0xa1, 0xf3, 0xa5, 0xe1,
	0x17, 0x00, 0x02, 0x6e, 0x08, 0x00, 0x24, 0x13,
	0x1c, 0x83, 0xde, 0x20, 0xa1, 0xeb, 0xa5, 0xe1,
	0x06, 0x40, 0x40, 0x61, 0x93, 0x01, 0x1c, 0x82,
	0xc6, 0xc0, 0x16, 0x1f, 0xff, 0x61, 0x98, 0x11,
	0x92, 0x01, 0xb8, 0x93, 0xa7, 0xff, 0x49, 0x82,
	0xad, 0x20, 0x49, 0x82, 0x35, 0xa0, 0x17, 0x1f,
	0xff, 0x3d, 0xb6, 0xa0, 0xa5, 0xff, 0x97, 0xfe,
	0xa0, 0x3f, 0x80, 0x00, 0x49, 0x01, 0x70, 0x04,
	0x4c, 0x09, 0xa7, 0xef, 0x17, 0x1f, 0xfb, 0x4c,
	0x98, 0x15, 0x17, 0x1f, 0xff, 0xeb, 0x49, 0x89,
	0xa7, 0xf1, 0xa5, 0xef, 0xa5, 0xf1, 0x4b, 0xf7,
	0x20, 0x3f, 0x80, 0x00, 0x00, 0x0c, 0xf3, 0x81,
	0xa8, 0x06, 0xbc, 0x76, 0xa8, 0x06, 0x06, 0x40,
	0x44, 0x76, 0x86, 0x17, 0x06, 0x70, 0x44, 0x76,
	0xa8, 0x01, 0xa0, 0x3f, 0x00, 0x0c, 0xf4, 0x81,
	0x4c, 0x08, 0xa8, 0x06, 0xbc, 0x76, 0x00, 0x0c,
	0xf6, 0x41, 0x4c, 0x10, 0xa8, 0x06, 0xbc, 0x26,
	0x93, 0x01, 0xa0, 0x3f, 0xa0, 0x2f, 0x00, 0x0c,
	0xf3, 0x81, 0xa8, 0x01, 0x00, 0x14, 0x22, 0x86,
	0xa8, 0x51, 0x4c, 0x08, 0xa8, 0x07, 0xbc, 0x27,
	0x93, 0x01, 0xb8, 0x51, 0x00, 0x0c, 0xf5, 0xc7,
	0x4f, 0xf8, 0xa1, 0x86, 0xa8, 0x51, 0xa9, 0x81,
	0xa9, 0x81, 0xa8, 0x81, 0xac, 0x61, 0xa0, 0x3f,
	0x00, 0x0c, 0xf5, 0x01, 0xa0, 0x2f, 0x98, 0x16,
	0xac, 0x06, 0x80, 0x00, 0x00, 0x0c, 0xf5, 0x41,
	0x00, 0x0c, 0xf4, 0x06, 0xa8, 0x01, 0xa8, 0x56,
	0xa0, 0x2f, 0xb4, 0xa1, 0xb6, 0x26, 0x80, 0x00,
	0x00, 0x0c, 0xf6, 0x41, 0xa8, 0x06, 0xa0, 0x2f,
	0x86, 0x16, 0xb6, 0x06, 0x92, 0x09, 0xa7, 0x7f,
	0xa7, 0xd3, 0x06, 0x40, 0x30, 0x39, 0xa7, 0xc4,
	0x48, 0x92, 0xa7, 0xe5, 0xa7, 0xf9, 0xa7, 0x97,
	0xa7, 0xa8, 0xa7, 0xb6, 0x17, 0x00, 0x24, 0x06,
	0x00, 0x00, 0x0a, 0x54, 0xa5, 0xf1, 0x06, 0x40,
	0x30, 0x11, 0x40, 0x60, 0x27, 0x81, 0xb8, 0xb1,
	0x00, 0x00, 0x37, 0xe5, 0x1f, 0x1f, 0xf8, 0x40,
	0x00, 0x0b, 0xbe, 0x44, 0x17, 0x00, 0x21, 0x06,
	0x00, 0x0b, 0xbf, 0xc3, 0xa5, 0xf1, 0x08, 0x00,
	0x30, 0x17, 0xa5, 0xe1, 0x43, 0xf8, 0xb1, 0xe6,
	0x20, 0x00, 0x31, 0x66, 0x49, 0x80, 0xa5, 0xc8,
	0xb7, 0x66, 0x93, 0x76, 0x19, 0x80, 0x0e, 0x25,
	0x43, 0x08, 0xfc, 0x79, 0x15, 0x83, 0xf8, 0x40,
	0xf8, 0x95, 0x4c, 0x28, 0xa5, 0xf6, 0xa5, 0x98,
	0x06, 0x70, 0x44, 0x06, 0x06, 0x70, 0x40, 0x86,
	0x06, 0x70, 0x2c, 0x86, 0x06, 0x50, 0x38, 0x06,
	0x17, 0x1f, 0xf9, 0xc8, 0x08, 0xff, 0xd0, 0x73,
	0x17, 0x1f, 0xf9, 0xc4, 0x08, 0xff, 0xe4, 0x73,
	0x44, 0xc0, 0xae, 0x56, 0x06, 0x70, 0x48, 0x06,
	0x06, 0x70, 0x24, 0x66, 0xaf, 0x51, 0x06, 0x50,
	0x4c, 0x06, 0xa5, 0xb5, 0xa5, 0x83, 0x17, 0x1f,
	0xf7, 0x19, 0xa5, 0xd4, 0xa5, 0xf6, 0xac, 0x51,
	0xa5, 0xa1, 0xbc, 0x21, 0xac, 0x06, 0xa5, 0x7f,
	0x97, 0x7e, 0xa0, 0x3f, 0x92, 0x02, 0xa7, 0xef,
	0x1f, 0x1f, 0xf7, 0xc2, 0x00, 0x0c, 0xf4, 0x01,
	0xa8, 0x01, 0x17, 0x1f, 0xf7, 0xd9, 0xa7, 0xf1,
	0xa5, 0xef, 0xa5, 0xf1, 0x4b, 0xf7, 0x20, 0x3f,
	0x92, 0x01, 0xa7, 0xff, 0x1f, 0x1f, 0xf8, 0x08,
	0x93, 0x13, 0x00, 0x0c, 0xf4, 0x01, 0x17, 0x1f,
	0xf8, 0x13, 0xa8, 0x07, 0x49, 0xb8, 0xa5, 0xff,
	0x97, 0xfe, 0xa0, 0x3f, 0x92, 0x02, 0xa7, 0xef,
	0xba, 0x63, 0xa7, 0xf3, 0x00, 0x0c, 0xf3, 0x81,
	0xa8, 0x01, 0xa7, 0xf1, 0xa5, 0xf1, 0xba, 0xb1,
	0x00, 0x00, 0x90, 0xb5, 0x1f, 0x1f, 0xf7, 0xd4,
	0x00, 0x0b, 0xc0, 0x44, 0x17, 0x00, 0x20, 0x9a,
	0x00, 0x0b, 0xbf, 0xc3, 0xa5, 0xef, 0xa5, 0xf1,
	0x08, 0x00, 0x34, 0x11, 0x4b, 0xf7, 0x20, 0x3f,
	0x92, 0x03, 0x00, 0x0c, 0xf6, 0x41, 0xa7, 0xdf,
	0xa8, 0x01, 0x15, 0x81, 0x14, 0x20, 0x00, 0x0c,
	0xf4, 0x01, 0xa8, 0x06, 0x86, 0x16, 0xa7, 0xf6,
	0xb6, 0x06, 0x00, 0x14, 0x22, 0x81, 0x14, 0x80,
	0xbe, 0xc0, 0xa7, 0xe1, 0x00, 0x0c, 0xf5, 0xc2,
	0x49, 0x80, 0xa5, 0xf7, 0xa8, 0x16, 0x00, 0x0c,
	0xf3, 0x88, 0x13, 0x00, 0x40, 0x76, 0x00, 0x14,
	0x19, 0xcc, 0x00, 0x0c, 0xf4, 0x4d, 0x4c, 0xa5,
	0x70, 0x09, 0x98, 0x1b, 0xa5, 0xe1, 0xa8, 0x01,
	0x4c, 0x08, 0xa8, 0x06, 0xbc, 0x26, 0x93, 0x01,
	0x15, 0x80, 0x88, 0x20, 0xa5, 0xe1, 0xa5, 0xf6,
	0xa8, 0x01, 0xa9, 0x81, 0xa9, 0x85, 0xa8, 0xc1,
	0x13, 0x00, 0x27, 0x61, 0x08, 0x00, 0x04, 0x54,
	0x17, 0x1f, 0xf9, 0x22, 0x93, 0x43, 0x06, 0x40,
	0x28, 0x15, 0xbc, 0x51, 0x17, 0x1f, 0xf9, 0x1c,
	0x08, 0x00, 0x18, 0x53, 0x06, 0x40, 0x2c, 0x15,
	0x04, 0x09, 0xe1, 0xb6, 0x06, 0x40, 0x00, 0x1d,
	0x45, 0xb0, 0xf0, 0xd6, 0xb6, 0x51, 0x06, 0x40,
	0x2c, 0x15, 0x04, 0x0c, 0xea, 0x13, 0x17, 0x1f,
	0xf9, 0x1d, 0x88, 0xc3, 0xa8, 0x71, 0x06, 0x40,
	0x2c, 0x65, 0x06, 0x40, 0x2c, 0x11, 0x1b, 0x00,
	0x03, 0x61, 0x98, 0x19, 0xa1, 0xcc, 0x49, 0xc8,
	0xac, 0x11, 0x4c, 0xa3, 0xa8, 0x76, 0x06, 0x40,
	0x2c, 0x66, 0x04, 0x0c, 0xe7, 0x66, 0x88, 0xc6,
	0xa8, 0x56, 0x19, 0xc0, 0x06, 0xc1, 0x98, 0x11,
	0x00, 0x0c, 0xf5, 0x06, 0xa8, 0x56, 0xbc, 0x26,
	0x98, 0x11, 0xa5, 0xdf, 0x97, 0xde, 0xa0, 0x3f,
	0x4f, 0xf8, 0xa1, 0xeb, 0x49, 0x80, 0xa8, 0x06,
	0xa8, 0x56, 0xbc, 0x26, 0x98, 0x11, 0xb8, 0xb1,
	0x00, 0x00, 0xa6, 0x15, 0x1f, 0x1f, 0xf7, 0x50,
	0x00, 0x0b, 0xc1, 0x44, 0x17, 0x00, 0x20, 0x16,
	0x00, 0x0b, 0xbf, 0xc3, 0xa5, 0xe6, 0x00, 0x14,
	0x22, 0xc1, 0xa8, 0x57, 0xa8, 0x08, 0xa5, 0xe2,
	0x00, 0x0c, 0xf5, 0x46, 0xb6, 0x18, 0xb6, 0x07,
	0xa8, 0x51, 0x86, 0x11, 0x17, 0x1f, 0xfe, 0xbc,
	0xb6, 0x51, 0x1e, 0x1f, 0xff, 0x85, 0x00, 0x0c,
	0xf4, 0xc1, 0xa8, 0x06, 0x86, 0x16, 0xb6, 0x06,
	0x49, 0x80, 0xa1, 0xd0, 0x92, 0x03, 0x00, 0x0c,
	0xf6, 0x41, 0xa7, 0xdf, 0xa7, 0xf1, 0xa8, 0x01,
	0xba, 0xb1, 0x00, 0x00, 0x86, 0x75, 0x1f, 0x1f,
	0xf7, 0x27, 0x00, 0x0b, 0xc2, 0x84, 0x17, 0x00,
	0x1f, 0xed, 0x00, 0x0b, 0xbf, 0xc3, 0x1f, 0x1f,
	0xf6, 0xe7, 0xa5, 0xf1, 0x93, 0x16, 0xa8, 0x01,
	0x87, 0xf1, 0xb6, 0x51, 0xaa, 0x51, 0xa7, 0xf0,
	0x15, 0x80, 0xc8, 0x20, 0x00, 0x0c, 0xf3, 0xc1,
	0xa8, 0x01, 0x14, 0x80, 0xbe, 0x20, 0x00, 0x0c,
	0xf5, 0x01, 0x00, 0x14, 0x20, 0x0c, 0x4c, 0xa4,
	0xa7, 0xe1, 0x00, 0x14, 0x20, 0xcd, 0x00, 0x0c,
	0xf4, 0x4a, 0x00, 0x14, 0x19, 0xc5, 0x00, 0x0c,
	0xf3, 0x82, 0xf0, 0x08, 0x06, 0x40, 0x00, 0x6c,
	0x93, 0x01, 0xbc, 0x26, 0x98, 0x11, 0x14, 0x80,
	0x54, 0x20, 0x06, 0x40, 0x00, 0x1d, 0xa9, 0x88,
	0x08, 0x00, 0x04, 0x84, 0x17, 0x1f, 0xf8, 0x84,
	0x08, 0x00, 0x18, 0x83, 0x17, 0x1f, 0xf8, 0x80,
	0x93, 0x43, 0x06, 0x40, 0x2c, 0x18, 0x98, 0x16,
	0x04, 0x09, 0xe1, 0x66, 0x06, 0x40, 0x00, 0x1a,
	0x45, 0xb0, 0xf0, 0xa6, 0xb6, 0x51, 0x06, 0x40,
	0x2c, 0x18, 0x04, 0x0c, 0xe9, 0x13, 0x17, 0x1f,
	0xf8, 0x81, 0x88, 0x53, 0xa8, 0x11, 0x06, 0x40,
	0x2c, 0x68, 0x06, 0x40, 0x2c, 0x11, 0x13, 0x00,
	0x05, 0x61, 0x4c, 0x08, 0xa5, 0xe6, 0xac, 0x51,
	0xa1, 0xd2, 0xbc, 0x38, 0x1f, 0x1f, 0xfe, 0x50,
	0x00, 0x0c, 0xf4, 0xc1, 0xa8, 0x01, 0xbd, 0x11,
	0xa1, 0x02, 0xa7, 0xf1, 0x1f, 0x1f, 0xff, 0x02,
	0xb8, 0x41, 0x4c, 0x08, 0xa5, 0xe6, 0xac, 0x51,
	0xa5, 0xf1, 0x87, 0xf1, 0x15, 0x83, 0xf0, 0x20,
	0xa7, 0xf1, 0x00, 0x0c, 0xf4, 0xc1, 0xac, 0x00,
	0xa5, 0xe1, 0xa7, 0xf0, 0xa8, 0x01, 0xbc, 0x51,
	0x1f, 0x1f, 0xf6, 0x72, 0x98, 0x11, 0xa7, 0xf1,
	0x1f, 0x1f, 0xf6, 0x96, 0xa5, 0xdf, 0xa5, 0xf1,
	0x4b, 0xef, 0x20, 0x3f, 0x92, 0x03, 0x00, 0x0c,
	0xf6, 0x41, 0xa7, 0xdf, 0xa8, 0x01, 0x00, 0x0c,
	0xf5, 0x06, 0xb8, 0x61, 0x98, 0x11, 0xac, 0x51,
	0xa5, 0xdf, 0x97, 0xde, 0xa0, 0x3f, 0x00, 0x0c,
	0xf3, 0x81, 0x4c, 0xa2, 0xac, 0x50, 0xa7, 0xf1,
	0xa8, 0x01, 0x00, 0x0b, 0xc4, 0xc4, 0x06, 0x40,
	0x3c, 0x11, 0x17, 0x00, 0x21, 0xd7, 0x08, 0xff,
	0xec, 0x13, 0xb8, 0x81, 0xa5, 0xf1, 0xa8, 0x03,
	0xa8, 0x01, 0x17, 0x00, 0x1f, 0x4d, 0x08, 0x00,
	0x34, 0x14, 0x00, 0x0c, 0xf4, 0x41, 0xa8, 0x01,
	0x8d, 0x11, 0x81, 0x40, 0x99, 0xf6, 0x04, 0x01,
	0xe1, 0x61, 0x99, 0x46, 0x04, 0x0c, 0xe6, 0x11,
	0x00, 0x14, 0x19, 0xc6, 0x88, 0x61, 0xa7, 0xe1,
	0xa8, 0x01, 0xba, 0xb1, 0x00, 0x00, 0xb8, 0x85,
	0x1f, 0x1f, 0xf6, 0x76, 0x00, 0x0b, 0xc3, 0x84,
	0x17, 0x00, 0x1f, 0x3c, 0x00, 0x0b, 0xbf, 0xc3,
	0xa5, 0xe1, 0x93, 0x17, 0x49, 0xbb, 0x28, 0x81,
	0x86, 0x86, 0xa8, 0x81, 0x15, 0x00, 0x05, 0x16,
	0xac, 0xe1, 0xa8, 0x81, 0xac, 0xe1, 0xa8, 0xe1,
	0xa5, 0xf6, 0xa9, 0x81, 0x16, 0x1f, 0xff, 0xbe,
	0xac, 0x51, 0x80, 0x00, 0x49, 0x01, 0x29, 0xa1,
	0xa7, 0xef, 0xa9, 0x81, 0xba, 0xc1, 0xa7, 0xf1,
	0x1f, 0x1f, 0xf6, 0x56, 0x00, 0x00, 0xbf, 0xa5,
	0x00, 0x0b, 0xc6, 0x04, 0x17, 0x00, 0x1f, 0x1a,
	0x00, 0x0b, 0xbf, 0xc3, 0xa5, 0xf1, 0x08, 0x00,
	0x18, 0x14, 0x17, 0x1f, 0xf7, 0xd9, 0x93, 0x43,
	0x00, 0x0c, 0xf6, 0x41, 0xa8, 0x01, 0xb9, 0x91,
	0x4c, 0x09, 0x25, 0xf1, 0x00, 0x14, 0x20, 0x03,
	0x1f, 0x1f, 0xf7, 0xe0, 0x00, 0x0c, 0xf3, 0x81,
	0xa5, 0xf6, 0x49, 0x80, 0xa8, 0x07, 0x06, 0x40,
	0x2c, 0x66, 0x06, 0x40, 0x2c, 0x77, 0x11, 0x00,
	0x06, 0x67, 0x00, 0x0c, 0xf5, 0x06, 0x98, 0x11,
	0xac, 0x51, 0xa5, 0xef, 0x97, 0xee, 0xa0, 0x3f,
	0x08, 0x00, 0x04, 0x14, 0x17, 0x1f, 0xf7, 0xb8,
	0x93, 0x43, 0xa5, 0xf1, 0x00, 0x0c, 0xf4, 0x46,
	0x06, 0x40, 0x2c, 0x71, 0x04, 0x09, 0xe7, 0x27,
	0xa8, 0x51, 0x8b, 0x71, 0x99, 0x47, 0xb6, 0x51,
	0xa5, 0xf1, 0x00, 0x14, 0x19, 0xc8, 0x06, 0x40,
	0x2c, 0x11, 0x04, 0x0c, 0xe7, 0x13, 0x44, 0x41,
	0xa1, 0xd5, 0x80, 0x00, 0x92, 0x04, 0xa7, 0xcf,
	0xa7, 0xe4, 0xba, 0xc3, 0xa7, 0xf3, 0x1f, 0x1f,
	0xf6, 0x0b, 0x00, 0x0b, 0xc7, 0xc4, 0x00, 0x0b,
	0xbf, 0xc3, 0x17, 0x00, 0x1e, 0xcf, 0x00, 0x00,
	0xc6, 0x55, 0xa5, 0xe1, 0xba, 0xb1, 0x00, 0x0b,
	0xc7, 0xc4, 0x1f, 0x1f, 0xf5, 0xfd, 0x00, 0x0b,
	0xbf, 0xc3, 0x17, 0x00, 0x1e, 0xc3, 0x00, 0x00,
	0xc6, 0x65, 0x1f, 0x1f, 0xf5, 0xbd, 0xa5, 0xe7,
	0xa5, 0xf6, 0x00, 0x0c, 0xf4, 0x01, 0xa8, 0x67,
	0xa8, 0xd6, 0xa8, 0x01, 0x04, 0x01, 0xe6, 0x16,
	0x14, 0xbc, 0x32, 0xff, 0xa7, 0xd0, 0x00, 0x0c,
	0xf5, 0x47, 0xa5, 0xf8, 0xa8, 0x67, 0xa8, 0x78,
	0x14, 0x00, 0x08, 0x78, 0x4c, 0x0c, 0x25, 0xf7,
	0xa8, 0xe7, 0xa7, 0xd8, 0x19, 0x00, 0x0b, 0x71,
	0xa5, 0xe1, 0xa8, 0x01, 0x13, 0x00, 0x0d, 0x61,
	0xa5, 0xf3, 0xa5, 0xe1, 0x4c, 0x08, 0xac, 0x00,
	0xa7, 0xd1, 0x1f, 0x1f, 0xf5, 0xb5, 0xa5, 0xcf,
	0xa5, 0xd1, 0x4b, 0xe7, 0x20, 0x3f, 0x44, 0xb0,
	0xa5, 0xe6, 0x17, 0x1f, 0xfd, 0x61, 0xac, 0x51,
	0xa1, 0x75, 0xa7, 0xd0, 0x92, 0x01, 0x00, 0x14,
	0x19, 0xc6, 0xa7, 0xff, 0xa8, 0x51, 0x19, 0xc0,
	0x08, 0x21, 0x1f, 0x1f, 0xf5, 0x79, 0x1f, 0x1f,
	0xf2, 0xf3, 0xa1, 0xf9, 0x92, 0x01, 0x14, 0xc0,
	0x12, 0x05, 0x00, 0x14, 0x19, 0xc7, 0xa7, 0xff,
	0x17, 0x1f, 0xf7, 0x62, 0x49, 0xb9, 0xa0, 0x00,
	0x08, 0x00, 0x14, 0x77, 0x00, 0x14, 0x23, 0x07,
	0x17, 0x1f, 0xf7, 0x5a, 0x93, 0x73, 0x00, 0x14,
	0x24, 0x48, 0x17, 0x1f, 0xf7, 0x55, 0x93, 0x83,
	0x17, 0x1f, 0xf7, 0x52, 0x00, 0x14, 0x20, 0x03,
	0x17, 0x1f, 0xf7, 0x4e, 0x00, 0x14, 0x21, 0x43,
	0x00, 0x14, 0x22, 0x82, 0x00, 0x14, 0x22, 0xc1,
	0xac, 0x17, 0xac, 0x08, 0xa5, 0xff, 0x97, 0xfe,
	0xa0, 0x3f, 0x80, 0x00, 0x92, 0x03, 0xa7, 0xdf,
	0x17, 0x1f, 0xf5, 0x56, 0xa7, 0xf3, 0x00, 0x0c,
	0xf3, 0xc1, 0xa8, 0x06, 0x86, 0x16, 0xb4, 0x06,
	0x00, 0x0c, 0xf3, 0x86, 0xa7, 0xe6, 0xa8, 0x56,
	0x14, 0x80, 0x88, 0xc0, 0xa5, 0xf6, 0x00, 0x0c,
	0xf4, 0x81, 0xa8, 0x01, 0xba, 0xd1, 0xa5, 0xe1,
	0xa5, 0xf6, 0xa8, 0x01, 0x06, 0x40, 0x2c, 0x66,
	0x06, 0x40, 0x2c, 0x11, 0x13, 0x00, 0x05, 0x61,
	0xa5, 0xf1, 0xa5, 0xe6, 0xac, 0x51, 0x4c, 0x09,
	0x25, 0xf1, 0x00, 0x0c, 0xf5, 0x87, 0x00, 0x0c,
	0xf4, 0x48, 0x06, 0x40, 0x2c, 0x11, 0xa8, 0x66,
	0x04, 0x09, 0xe1, 0x22, 0x43, 0x0b, 0x28, 0x71,
	0x45, 0x90, 0xa5, 0xf4, 0x4c, 0xa3, 0x36, 0x66,
	0x43, 0x22, 0x36, 0x71, 0xa5, 0xf1, 0x00, 0x14,
	0x19, 0xc5, 0x06, 0x40, 0x2c, 0x11, 0x04, 0x0c,
	0xe6, 0x13, 0x17, 0x1f, 0xf6, 0xf7, 0x88, 0x53,
	0x1f, 0x1f, 0xf5, 0x36, 0x00, 0x0c, 0xf4, 0x81,
	0xa8, 0x01, 0xb8, 0xc1, 0xa5, 0xe1, 0xa5, 0xf6,
	0xa8, 0x01, 0x06, 0x40, 0x2c, 0x66, 0x06, 0x40,
	0x2c, 0x11, 0x19, 0x00, 0x04, 0x61, 0x1f, 0x1f,
	0xf4, 0xff, 0xa5, 0xdf, 0x97, 0xde, 0xa0, 0x3f,
	0xa5, 0xe7, 0xac, 0x66, 0xa8, 0x01, 0x1d, 0x83,
	0x98, 0x21, 0x1f, 0x1f, 0xff, 0x81, 0x1e, 0x1f,
	0xff, 0xc8, 0x80, 0x00, 0x92, 0x08, 0xa7, 0x8f,
	0xa7, 0xf3, 0xa7, 0xa4, 0xa7, 0xb5, 0xa7, 0xc6,
	0xa7, 0xd7, 0xa7, 0xe8, 0x17, 0x1f, 0xf7, 0x2e,
	0x00, 0x00, 0x05, 0x03, 0xb8, 0xe1, 0xa7, 0x91,
	0xa5, 0xb1, 0x17, 0x1f, 0xf7, 0x27, 0x82, 0x82,
	0xa5, 0x96, 0xba, 0x71, 0x06, 0x70, 0x30, 0x16,
	0x17, 0x1f, 0xf7, 0x4c, 0x49, 0xb1, 0xa7, 0x90,
	0x4f, 0xf8, 0xa5, 0x96, 0xb8, 0xf6, 0x49, 0x85,
	0x25, 0xd7, 0xa5, 0xc6, 0xa5, 0xb5, 0xa5, 0xa4,
	0xa5, 0x99, 0xa5, 0xe8, 0x17, 0x1f, 0xfc, 0xb8,
	0xa5, 0xf3, 0x17, 0x1f, 0xff, 0x7d, 0xa5, 0x93,
	0x98, 0x11, 0xa5, 0x8f, 0x97, 0x8e, 0xa0, 0x3f,
	0x49, 0x00, 0xf0, 0x07, 0x00, 0x0c, 0xf6, 0x08,
	0x49, 0x83, 0x27, 0xff, 0x00, 0x00, 0x08, 0x25,
	0x00, 0x0b, 0xca, 0x84, 0x17, 0x1f, 0xff, 0xc8,
	0x00, 0x06, 0xea, 0xc3, 0x1d, 0x80, 0x08, 0x21,
	0x1f, 0x00, 0x05, 0x06, 0x14, 0x80, 0x26, 0x21,
	0x00, 0x0c, 0xf4, 0x87, 0x15, 0xbc, 0x18, 0x3f,
	0x00, 0x00, 0x7f, 0xf5, 0x1f, 0x1f, 0xf4, 0xec,
	0x00, 0x0b, 0xc9, 0x44, 0x17, 0x00, 0x1d, 0xb2,
	0x00, 0x0b, 0xbf, 0xc3, 0xa5, 0xff, 0x97, 0xfe,
	0xa0, 0x3f, 0x1f, 0x1f, 0xf4, 0xe1, 0x9f, 0xf6,
	0x00, 0x0c, 0xf5, 0xc1, 0x4c, 0x08, 0xac, 0x06,
	0x00, 0x0c, 0xf4, 0x06, 0xac, 0x61, 0x17, 0x1f,
	0xf4, 0x83, 0xac, 0x50, 0xa1, 0xf0, 0x80, 0x00,
	0x49, 0x00, 0xf0, 0x3a, 0xf0, 0x02, 0x14, 0x80,
	0x61, 0x40, 0xa7, 0xff, 0x00, 0x0c, 0xf3, 0x88,
	0x06, 0x40, 0x2c, 0x1a, 0xa8, 0x76, 0x06, 0x40,
	0x2c, 0x66, 0x19, 0x00, 0x53, 0x61, 0x06, 0x40,
	0x18, 0x1a, 0x04, 0x89, 0xff, 0x11, 0xbe, 0x91,
	0x4c, 0x2b, 0x28, 0x71, 0x06, 0x40, 0x2c, 0x11,
	0x04, 0x01, 0xe1, 0x61, 0x06, 0x70, 0x18, 0x1a,
	0x06, 0x40, 0x2c, 0x1a, 0x99, 0x49, 0x04, 0x0c,
	0xe9, 0x11, 0x00, 0x14, 0x19, 0xc5, 0x88, 0x51,
	0x06, 0x40, 0x14, 0x7a, 0x98, 0x16, 0x14, 0x00,
	0x04, 0x71, 0x98, 0x12, 0x93, 0x06, 0xba, 0xc6,
	0x08, 0x00, 0x04, 0xa4, 0xa8, 0x71, 0x06, 0x40,
	0x2c, 0x11, 0x06, 0x70, 0x2c, 0x1a, 0x49, 0x90,
	0xa5, 0xff, 0x97, 0xfe, 0xa0, 0x3f, 0x17, 0x1f,
	0xf6, 0x2b, 0x93, 0x43, 0xbb, 0x41, 0x00, 0x0c,
	0xf4, 0x46, 0x06, 0x40, 0x2c, 0x1a, 0x04, 0x0c,
	0xe9, 0x11, 0x88, 0x51, 0xa8, 0x01, 0xba, 0xb1,
	0x06, 0x40, 0x2c, 0x1a, 0x04, 0x09, 0xe1, 0x23,
	0x4f, 0xf8, 0xa8, 0x57, 0x8c, 0x31, 0x45, 0x0b,
	0xf0, 0x61, 0xb6, 0x07, 0xa8, 0x77, 0xa8, 0x51,
	0x06, 0x40, 0x2c, 0x77, 0x04, 0x09, 0xe7, 0x28,
	0x8b, 0x81, 0x06, 0x70, 0x2c, 0x7a, 0xb6, 0x51,
	0x06, 0x40, 0x2c, 0x1a, 0x04, 0x0c, 0xe9, 0x13,
	0x17, 0x1f, 0xf6, 0x18, 0x88, 0x53, 0xa1, 0xd4,
	0xa8, 0x71, 0x06, 0x40, 0x40, 0x6a, 0x06, 0x40,
	0x2c, 0x11, 0x19, 0x7f, 0xce, 0x16, 0x4c, 0x09,
	0x21, 0xcc, 0x80, 0x00, 0x49, 0x01, 0x70, 0x07,
	0xa7, 0xef, 0x14, 0x80, 0x66, 0x60, 0xa7, 0xf3,
	0x00, 0x0c, 0xf3, 0x81, 0xa8, 0x01, 0x14, 0x00,
	0x0c, 0x31, 0x00, 0x0b, 0xcb, 0x04, 0x1f, 0x1f,
	0xf4, 0x5b, 0x00, 0x0b, 0xbf, 0xc3, 0x17, 0x00,
	0x1d, 0x21, 0x00, 0x00, 0xf7, 0xa5, 0xa5, 0xf1,
	0x06, 0x40, 0x44, 0x11, 0xba, 0xb1, 0x00, 0x0b,
	0xcb, 0x04, 0x1f, 0x1f, 0xf4, 0x4d, 0x00, 0x0b,
	0xbf, 0xc3, 0x17, 0x00, 0x1d, 0x13, 0x00, 0x00,
	0xf7, 0xb5, 0x49, 0x83, 0xa5, 0xf1, 0x93, 0x16,
	0xf0, 0x18, 0x06, 0x40, 0x44, 0x11, 0x43, 0xf8,
	0xa5, 0xf2, 0x06, 0x40, 0x2c, 0x66, 0x06, 0x40,
	0x40, 0x88, 0x06, 0x70, 0x44, 0x12, 0x1c, 0x00,
	0x05, 0x68, 0xb8, 0x71, 0x08, 0x00, 0x04, 0x24,
	0x49, 0xb8, 0xa5, 0xef, 0x97, 0xee, 0xa0, 0x3f,
	0x17, 0x1f, 0xf5, 0xbe, 0x93, 0x43, 0x00, 0x14,
	0x19, 0xc8, 0xbb, 0x61, 0x00, 0x0c, 0xf4, 0x46,
	0x06, 0x40, 0x2c, 0x12, 0x99, 0x47, 0x04, 0x0c,
	0xe7, 0x11, 0x88, 0x81, 0xa8, 0x01, 0xba, 0xc1,
	0x06, 0x40, 0x2c, 0x22, 0x4c, 0x09, 0xa8, 0x57,
	0x04, 0x09, 0xe2, 0x32, 0x9f, 0xf1, 0x8c, 0x21,
	0x45, 0x0b, 0xf0, 0x61, 0xb6, 0x07, 0x4c, 0x0b,
	0xa5, 0xf1, 0x98, 0x53, 0x06, 0x40, 0x40, 0x21,
	0x04, 0x09, 0xe2, 0x75, 0x44, 0x91, 0xa8, 0x51,
	0x45, 0xa8, 0xa5, 0xf5, 0x06, 0x70, 0x2c, 0x25,
	0xaf, 0x43, 0x4c, 0xa0, 0xb6, 0x51, 0x06, 0x40,
	0x2c, 0x65, 0x04, 0x0c, 0xe1, 0x63, 0x17, 0x1f,
	0xf5, 0xa1, 0x88, 0x83, 0xa1, 0xca, 0x80, 0x00,
	0x92, 0x03, 0xa7, 0xdf, 0xa7, 0xe4, 0x14, 0x80,
	0x9e, 0x60, 0xa7, 0xf3, 0x06, 0x40, 0x44, 0x13,
	0xba, 0xb1, 0x00, 0x0b, 0xcc, 0x84, 0x1f, 0x1f,
	0xf3, 0xef, 0x00, 0x0b, 0xbf, 0xc3, 0x17, 0x00,
	0x1c, 0xb5, 0x00, 0x00, 0xfc, 0x95, 0xa5, 0xf1,
	0xa5, 0xe6, 0x06, 0x40, 0x40, 0x11, 0x1b, 0x00,
	0x03, 0x16, 0xa7, 0xe1, 0xa5, 0xf1, 0xa5, 0xe6,
	0x06, 0x40, 0x2c, 0x11, 0x14, 0x00, 0x34, 0x61,
	0xa5, 0xf1, 0x06, 0x40, 0x44, 0x11, 0x15, 0x80,
	0x5e, 0x21, 0x00, 0x0c, 0xf3, 0x81, 0xa5, 0xf6,
	0xa8, 0x01, 0x15, 0x00, 0x0c, 0x61, 0x00, 0x0b,
	0xcc, 0x84, 0x1f, 0x1f, 0xf3, 0xcd, 0x00, 0x0b,
	0xbf, 0xc3, 0x17, 0x00, 0x1c, 0x93, 0x00, 0x00,
	0xfe, 0x45, 0xa5, 0xf1, 0x93, 0x16, 0xab, 0x01,
	0xa5, 0xf7, 0xa5, 0xe8, 0x04, 0x89, 0xff, 0x11,
	0x06, 0x40, 0x2c, 0x66, 0xba, 0x61, 0x06, 0x70,
	0x2c, 0x87, 0x98, 0x51, 0x89, 0x81, 0xaf, 0x61,
	0x4c, 0xa2, 0xaa, 0xe7, 0x04, 0x0c, 0xe5, 0x61,
	0x00, 0x14, 0x19, 0xc2, 0x88, 0x21, 0x98, 0x18,
	0x14, 0x00, 0x04, 0x71, 0x98, 0x16, 0x93, 0x06,
	0xba, 0x56, 0xa5, 0xf1, 0xa5, 0xdf, 0x97, 0xde,
	0xa0, 0x3f, 0x08, 0x00, 0x04, 0x14, 0x17, 0x1f,
	0xf5, 0x33, 0x93, 0x43, 0xbb, 0x61, 0x00, 0x0c,
	0xf4, 0x46, 0xa5, 0xf1, 0x06, 0x40, 0x2c, 0x11,
	0x04, 0x0c, 0xe5, 0x11, 0x88, 0x21, 0xa8, 0x01,
	0xba, 0xc1, 0xa5, 0xf1, 0xa8, 0x57, 0x06, 0x40,
	0x2c, 0x11, 0x04, 0x09, 0xe1, 0x83, 0x9f, 0xf1,
	0x8c, 0x31, 0x45, 0x0b, 0xf0, 0x61, 0xb6, 0x07,
	0xa5, 0xf1, 0x06, 0x40, 0x2c, 0x11, 0x04, 0x09,
	0xe1, 0x87, 0xa8, 0x51, 0x8b, 0x71, 0xb6, 0x51,
	0xa5, 0xf1, 0x06, 0x40, 0x2c, 0x11, 0x04, 0x0c,
	0xe5, 0x13, 0x17, 0x1f, 0xf5, 0x1f, 0x88, 0x23,
	0xa1, 0xd2, 0x80, 0x00, 0x92, 0x04, 0xa7, 0xcf,
	0xa7, 0xe4, 0xba, 0xc3, 0xa7, 0xf3, 0x1f, 0x1f,
	0xf3, 0x73, 0x00, 0x0b, 0xce, 0xc4, 0x00, 0x0b,
	0xbf, 0xc3, 0x17, 0x00, 0x1c, 0x37, 0x00, 0x01,
	0x31, 0xa5, 0x1f, 0x1f, 0xf3, 0x85, 0xa5, 0xf6,
	0x4c, 0x10, 0xa7, 0xd1, 0x93, 0x67, 0x06, 0x00,
	0x4c, 0x66, 0x06, 0x50, 0x4c, 0x17, 0x06, 0x40,
	0x48, 0x17, 0x86, 0x11, 0x15, 0x80, 0x66, 0xc1,
	0x06, 0x70, 0x48, 0x17, 0xa5, 0xf1, 0x06, 0x40,
	0x28, 0x11, 0xb8, 0xb1, 0x00, 0x0b, 0xce, 0xc4,
	0x1f, 0x1f, 0xf3, 0x52, 0x00, 0x0b, 0xbf, 0xc3,
	0x17, 0x00, 0x1c, 0x18, 0x00, 0x01, 0x34, 0x05,
	0x00, 0x0c, 0xf6, 0x41, 0xa8, 0x01, 0x14, 0x80,
	0x46, 0x20, 0xa5, 0xf1, 0x08, 0x00, 0x18, 0x13,
	0x00, 0x14, 0x20, 0x01, 0x17, 0x1f, 0xf4, 0xe2,
	0x49, 0x9a, 0x70, 0x13, 0x00, 0x0c, 0xf3, 0x81,
	0xa5, 0xf6, 0xa8, 0x01, 0x06, 0x40, 0x2c, 0x66,
	0x06, 0x40, 0x2c, 0x11, 0x11, 0x00, 0x0b, 0x61,
	0xa5, 0xe1, 0xb8, 0x41, 0x4c, 0x08, 0xa5, 0xe6,
	0xac, 0x51, 0x00, 0x0c, 0xf5, 0x01, 0x98, 0x16,
	0xac, 0x06, 0xa5, 0xd3, 0xa5, 0xcf, 0x16, 0x1f,
	0xf3, 0x53, 0x97, 0xce, 0x4c, 0x09, 0x25, 0xf1,
	0x17, 0x1f, 0xf4, 0xb2, 0x08, 0x00, 0x04, 0x13,
	0xa5, 0xf1, 0x00, 0x0c, 0xf4, 0x46, 0x06, 0x40,
	0x2c, 0x71, 0x04, 0x09, 0xe7, 0x27, 0xa8, 0x51,
	0x8b, 0x71, 0x99, 0x47, 0xb6, 0x51, 0xa5, 0xf1,
	0x00, 0x14, 0x19, 0xc8, 0x06, 0x40, 0x2c, 0x11,
	0x04, 0x0c, 0xe7, 0x11, 0x44, 0x40, 0xa1, 0xcc,
	0x49, 0x01, 0x70, 0x35, 0x00, 0x0c, 0xf4, 0x01,
	0x00, 0x0c, 0xf3, 0x88, 0xa7, 0xef, 0xa8, 0x02,
	0xa8, 0x71, 0x17, 0x1f, 0xf4, 0x91, 0x08, 0x00,
	0x04, 0x13, 0xba, 0xe1, 0x00, 0x0c, 0xf4, 0x47,
	0x4c, 0x0b, 0x28, 0x71, 0x06, 0x40, 0x2c, 0x11,
	0x04, 0x09, 0xe1, 0x63, 0x4f, 0xf8, 0xa8, 0x66,
	0x8c, 0x31, 0x8a, 0x16, 0xb6, 0x66, 0x1d, 0xbc,
	0x08, 0xbf, 0x1d, 0x80, 0x48, 0x80, 0x84, 0x60,
	0xa7, 0xf1, 0xa8, 0x71, 0xa5, 0xf6, 0x11, 0x00,
	0x0e, 0x26, 0xac, 0x86, 0x00, 0x14, 0x22, 0xc1,
	0xa8, 0x03, 0xa8, 0x71, 0x17, 0x1f, 0xf4, 0x9a,
	0x08, 0x00, 0x04, 0x14, 0xa5, 0xef, 0x97, 0xee,
	0xa0, 0x3f, 0x00, 0x14, 0x22, 0x81, 0xa8, 0x03,
	0xa8, 0x71, 0x17, 0x1f, 0xf4, 0x8f, 0x08, 0x00,
	0x04, 0x14, 0x00, 0x0c, 0xf5, 0xc1, 0xa5, 0xf7,
	0xa8, 0x06, 0x19, 0x7f, 0xf1, 0x67, 0xa1, 0x6f,
	0xac, 0x07, 0xa8, 0x71, 0x08, 0x00, 0x04, 0x14,
	0x17, 0x1f, 0xf4, 0x68, 0x00, 0x14, 0x21, 0x43,
	0xa1, 0xe6, 0x80, 0x00, 0x92, 0x05, 0x00, 0x0b,
	0xbf, 0xc1, 0xa7, 0xbf, 0xa7, 0xd1, 0x00, 0x0b,
	0xd0, 0x41, 0xa7, 0xe4, 0xa7, 0xf3, 0xba, 0xa3,
	0xa7, 0xc1, 0x1f, 0x1f, 0xf2, 0xb5, 0xa5, 0xc4,
	0xa5, 0xd3, 0x17, 0x00, 0x1b, 0x7b, 0x00, 0x00,
	0x4c, 0x55, 0xa5, 0xe1, 0xba, 0x91, 0xa5, 0xc4,
	0x1f, 0x1f, 0xf2, 0xaa, 0xa5, 0xd3, 0x17, 0x00,
	0x1b, 0x71, 0x00, 0x00, 0x4c, 0x65, 0x00, 0x0c,
	0xf6, 0x41, 0xa8, 0x01, 0xb8, 0x91, 0xa5, 0xc4,
	0x1f, 0x1f, 0xf2, 0x9e, 0xa5, 0xd3, 0x17, 0x00,
	0x1b, 0x65, 0x00, 0x00, 0x4c, 0x75, 0x1f, 0x1f,
	0xfa, 0x39, 0xa5, 0xf6, 0x00, 0x0c, 0xf4, 0x01,
	0xa8, 0x57, 0x49, 0xbb, 0x28, 0x08, 0xa5, 0xe1,
	0x11, 0x00, 0x19, 0x68, 0x88, 0x17, 0x11, 0x00,
	0x06, 0x67, 0x93, 0x01, 0x19, 0x00, 0x03, 0x78,
	0x98, 0x11, 0xa5, 0xf6, 0xb8, 0x71, 0xac, 0x57,
	0x04, 0x01, 0xe8, 0x73, 0x17, 0x1f, 0xff, 0x76,
	0x93, 0x04, 0x1f, 0x1f, 0xfb, 0x4d, 0xbe, 0x31,
	0x1f, 0x1f, 0xf2, 0x36, 0xa5, 0xbf, 0x97, 0xbe,
	0xa0, 0x3f, 0x13, 0x7f, 0xf0, 0x76, 0x98, 0x11,
	0x11, 0x7f, 0xed, 0x78, 0x93, 0x01, 0x4c, 0x08,
	0xa1, 0xea, 0x80, 0x00, 0x92, 0x03, 0xa7, 0xdf,
	0xa7, 0xe4, 0xba, 0xc3, 0xa7, 0xf3, 0x1f, 0x1f,
	0xf2, 0x67, 0x00, 0x00, 0xb9, 0xf5, 0x00, 0x0b,
	0xd1, 0x44, 0x17, 0x00, 0x1b, 0x2b, 0x00, 0x0b,
	0xbf, 0xc3, 0x00, 0x0c, 0xf3, 0x81, 0xa5, 0xf3,
	0xa8, 0x01, 0x17, 0x1f, 0xf4, 0x13, 0x08, 0x00,
	0x18, 0x14, 0x4c, 0x0a, 0x25, 0xe3, 0xa5, 0xdf,
	0x16, 0x1f, 0xff, 0x48, 0x97, 0xde, 0x80, 0x00,
	0x92, 0x04, 0xa7, 0xcf, 0xa7, 0xd5, 0xa7, 0xe4,
	0xba, 0xc3, 0xa7, 0xf3, 0x1f, 0x1f, 0xf2, 0x48,
	0x00, 0x00, 0xbc, 0xa5, 0x00, 0x0b, 0xd2, 0xc4,
	0x17, 0x00, 0x1b, 0x0c, 0x00, 0x0b, 0xbf, 0xc3,
	0x00, 0x0c, 0xf3, 0x81, 0xa5, 0xf3, 0xa8, 0x01,
	0x17, 0x1f, 0xf3, 0xdc, 0x08, 0x00, 0x18, 0x14,
	0xa5, 0xd1, 0xa5, 0xe3, 0xbc, 0x21, 0x9f, 0xf3,
	0x49, 0x8a, 0x25, 0xcf, 0x16, 0x1f, 0xff, 0x26,
	0x97, 0xce, 0x80, 0x00, 0x92, 0x03, 0xa7, 0xdf,
	0x1f, 0x1f, 0xf1, 0xf2, 0x00, 0x0c, 0xf3, 0x81,
	0xa7, 0xf1, 0xa8, 0x01, 0x06, 0x40, 0x48, 0x11,
	0xba, 0xb1, 0x4c, 0x0a, 0x25, 0xf1, 0x9f, 0xf3,
	0xa8, 0x01, 0x17, 0x1f, 0xff, 0x13, 0x06, 0x50,
	0x4c, 0x41, 0x1f, 0x1f, 0xf1, 0xd5, 0x1f, 0x1f,
	0xf1, 0xfb, 0x1f, 0x1f, 0xf1, 0xdd, 0xa5, 0xf1,
	0xa8, 0x01, 0x06, 0x40, 0x48, 0x11, 0xb8, 0x61,
	0xa7, 0xe1, 0xa5, 0xf1, 0xa8, 0x01, 0x06, 0x70,
	0x48, 0x01, 0xa5, 0xf1, 0xa8, 0x01, 0x17, 0x1f,
	0xf1, 0xeb, 0x06, 0x50, 0x4c, 0x01, 0xa5, 0xdf,
	0xa5, 0xe1, 0x4b, 0xef, 0x20, 0x3f, 0x80, 0x00,
	0x00, 0x17, 0x26, 0x41, 0x49, 0x80, 0xa8, 0x07,
	0xa8, 0x68, 0xb8, 0x48, 0x98, 0x16, 0x93, 0x06,
	0x98, 0x11, 0x49, 0x80, 0xb8, 0x51, 0xac, 0x26,
	0xa9, 0xe1, 0xa8, 0x01, 0xa0, 0x3f, 0x80, 0x00,
	0x92, 0x0a, 0x97, 0x71, 0xa7, 0x6f, 0xa7, 0xf1,
	0xa7, 0xb7, 0xa7, 0xc5, 0xa7, 0xd4, 0xba, 0xc3,
	0xa7, 0xe3, 0x1f, 0x1f, 0xf1, 0xe5, 0x00, 0x00,
	0x18, 0x35, 0x00, 0x0b, 0xd4, 0xc4, 0x17, 0x00,
	0x1a, 0xa9, 0x00, 0x0b, 0xd6, 0x43, 0x00, 0x0c,
	0xf6, 0x81, 0x49, 0x80, 0xa8, 0x03, 0xbd, 0x03,
	0xa5, 0xc1, 0xa7, 0x81, 0xa5, 0xd1, 0xa7, 0x71,
	0xa5, 0xe1, 0x17, 0x1f, 0xf9, 0x41, 0xa7, 0x91,
	0x14, 0x80, 0x08, 0x22, 0xa5, 0xb5, 0x93, 0x05,
	0x17, 0x1f, 0xf8, 0x54, 0x97, 0x74, 0xa5, 0x6f,
	0x97, 0x6e, 0xa0, 0x3f, 0x92, 0x02, 0x00, 0x0c,
	0xf6, 0xc1, 0xa7, 0xef, 0xa8, 0x01, 0xba, 0xc1,
	0xa7, 0xf1, 0x1f, 0x1f, 0xf1, 0xbd, 0x00, 0x00,
	0x1a, 0xd5, 0x00, 0x0b, 0xd7, 0x04, 0x17, 0x00,
	0x1a, 0x81, 0x00, 0x0b, 0xd6, 0x43, 0xa5, 0xef,
	0xa5, 0xf1, 0x4b, 0xf7, 0x20, 0x3f, 0x80, 0x00,
	0x49, 0x00, 0xf0, 0x47, 0x93, 0x34, 0xa7, 0xff,
	0xac, 0xb7, 0x13, 0x00, 0x14, 0x57, 0xae, 0x34,
	0x04, 0x01, 0xe6, 0x56, 0x4c, 0x08, 0xab, 0x37,
	0x1b, 0x00, 0x05, 0x67, 0xa5, 0xff, 0x97, 0xfe,
	0xa0, 0x3f, 0x00, 0x17, 0x26, 0x81, 0x17, 0x1f,
	0xf3, 0x55, 0x43, 0x22, 0x28, 0x03, 0x49, 0x80,
	0xa1, 0xf7, 0x11, 0x00, 0x05, 0x65, 0x98, 0x11,
	0x19, 0x7f, 0xf2, 0x67, 0xa1, 0x75, 0x00, 0x17,
	0x26, 0x41, 0x80, 0x00, 0x49, 0x01, 0xf0, 0x45,
	0x00, 0x17, 0x26, 0x41, 0xa7, 0xdf, 0xa8, 0x01,
	0xa7, 0xf3, 0xa9, 0x81, 0xa9, 0x81, 0x08, 0x00,
	0x04, 0x13, 0x17, 0x1f, 0xf3, 0x11, 0xa7, 0xe1,
	0xa5, 0xe1, 0xab, 0x81, 0x14, 0x80, 0x18, 0x21,
	0xa5, 0xe1, 0xa5, 0xe1, 0x93, 0x13, 0x06, 0x40,
	0x24, 0x11, 0x1f, 0x80, 0x00, 0x01, 0xa5, 0xdf,
	0x97, 0xde, 0xa0, 0x3f, 0x93, 0x13, 0xab, 0x04,
	0xa5, 0xf1, 0x88, 0x14, 0x17, 0x1f, 0xff, 0xbe,
	0x93, 0x16, 0x14, 0x83, 0xe0, 0x20, 0x49, 0x83,
	0xa5, 0xf5, 0x17, 0x1f, 0xff, 0x77, 0x49, 0x82,
	0x25, 0xe3, 0x15, 0x83, 0xd0, 0x20, 0x00, 0x00,
	0x1e, 0x55, 0x1f, 0x1f, 0xf1, 0x5d, 0x00, 0x0b,
	0xd9, 0x04, 0x17, 0x00, 0x1a, 0x23, 0x00, 0x0b,
	0xd6, 0x43, 0xa1, 0xdc, 0x92, 0x05, 0x00, 0x17,
	0x26, 0x41, 0xa7, 0xbf, 0xa7, 0xf1, 0xa5, 0xf1,
	0x49, 0x80, 0xa8, 0x06, 0xa8, 0x56, 0xbc, 0x26,
	0x98, 0x11, 0x14, 0x80, 0x76, 0x20, 0xa5, 0xf6,
	0xa5, 0xf1, 0xa8, 0x01, 0xa9, 0x81, 0xa8, 0x06,
	0xa9, 0x81, 0xa7, 0xe6, 0x43, 0x20, 0xa7, 0xd1,
	0xa7, 0xc1, 0x17, 0x1f, 0xf2, 0xcd, 0xa5, 0xc3,
	0xa5, 0xd1, 0x93, 0x13, 0x06, 0x40, 0x24, 0x11,
	0x1f, 0x80, 0x00, 0x01, 0xa5, 0xd1, 0xab, 0x81,
	0x15, 0x80, 0x20, 0x21, 0xa5, 0xd1, 0xa5, 0xe6,
	0xab, 0x01, 0x88, 0x61, 0x11, 0x00, 0x0b, 0x16,
	0xa5, 0xc4, 0xa5, 0xd6, 0xac, 0xd1, 0xa5, 0xf1,
	0xae, 0x56, 0x17, 0x1f, 0xf2, 0xdf, 0xa8, 0x03,
	0xa1, 0xd3, 0x49, 0x83, 0xf0, 0x65, 0x17, 0x1f,
	0xff, 0x31, 0x49, 0x82, 0x25, 0xd3, 0x15, 0x83,
	0xf2, 0x20, 0x00, 0x00, 0x37, 0x55, 0x1f, 0x1f,
	0xf1, 0x17, 0x00, 0x0b, 0xda, 0x84, 0x17, 0x00,
	0x19, 0xdd, 0x00, 0x0b, 0xd6, 0x43, 0xa1, 0xed,
	0x00, 0x17, 0x26, 0x81, 0xa8, 0x56, 0xa8, 0x07,
	0xb6, 0x06, 0xa5, 0xf1, 0xb6, 0x07, 0xa5, 0xbf,
	0x97, 0xbe, 0xa0, 0x3f, 0x92, 0x03, 0xa7, 0xdf,
	0x17, 0x1f, 0xf9, 0x06, 0xa7, 0xf3, 0x00, 0x0c,
	0xf7, 0x06, 0xa8, 0x56, 0x13, 0x00, 0x0d, 0x16,
	0xa7, 0xe1, 0xa5, 0xf1, 0xac, 0x00, 0xa5, 0xe6,
	0x00, 0x0c, 0xf7, 0x01, 0x49, 0xb0, 0xac, 0x06,
	0xa5, 0xdf, 0x97, 0xde, 0xa0, 0x3f, 0x1f, 0x1f,
	0xff, 0x9b, 0x4c, 0x08, 0xa5, 0xf6, 0xa1, 0x74,
	0xac, 0x51, 0x80, 0x00, 0x92, 0x05, 0xa7, 0xbf,
	0x17, 0x1f, 0xf8, 0x88, 0x97, 0xc7, 0x49, 0xb9,
	0xa7, 0xf3, 0x17, 0x1f, 0xff, 0xdd, 0xa7, 0xe4,
	0xa5, 0xc6, 0xa7, 0xd1, 0x15, 0x80, 0x54, 0xc0,
	0xa5, 0xe1, 0xba, 0xe1, 0xa5, 0xf1, 0xa5, 0xd6,
	0x1b, 0x00, 0x0b, 0x61, 0x1f, 0x1f, 0xf9, 0xa4,
	0xa5, 0xf3, 0x17, 0x1f, 0xff, 0x45, 0xa5, 0xd4,
	0xa5, 0xbf, 0x97, 0xbe, 0xa0, 0x3f, 0xa5, 0xe5,
	0xb8, 0x85, 0x00, 0x17, 0x26, 0x81, 0xa8, 0x01,
	0xa8, 0x01, 0xb8, 0x31, 0x98, 0x15, 0x93, 0x05,
	0xa5, 0xf1, 0xa5, 0xd6, 0x04, 0x01, 0xe6, 0x14,
	0x00, 0x0c, 0xf6, 0x81, 0x17, 0x1f, 0xf7, 0x1c,
	0xa8, 0x03, 0x1f, 0x1f, 0xf9, 0x89, 0x1d, 0x83,
	0xd2, 0x20, 0x1f, 0x1f, 0xf0, 0x71, 0xa1, 0xe5,
	0x1f, 0x1f, 0xf9, 0x82, 0xa1, 0xe2, 0x80, 0x00,
	0x92, 0x0b, 0x97, 0x61, 0xa7, 0x5f, 0xa7, 0xf1,
	0x86, 0x41, 0xa7, 0xe1, 0x00, 0x0c, 0xf6, 0x81,
	0xa5, 0xe4, 0xa8, 0x01, 0xa7, 0xd1, 0x17, 0x1f,
	0xf6, 0x33, 0xa5, 0xd3, 0xbd, 0x21, 0xa5, 0x71,
	0x18, 0x80, 0x0e, 0x20, 0xa5, 0x81, 0xa5, 0xa4,
	0xa5, 0x93, 0x1f, 0x80, 0x00, 0x01, 0xa5, 0x71,
	0x18, 0x80, 0x16, 0x20, 0xa5, 0xe4, 0x17, 0x1f,
	0xf6, 0x23, 0xa5, 0xd3, 0x1d, 0x83, 0xe2, 0x20,
	0xa5, 0x5f, 0x97, 0x5e, 0xa0, 0x3f, 0xa5, 0x91,
	0x49, 0x80, 0xa7, 0xc1, 0xa5, 0xc6, 0xaa, 0xd6,
	0xbc, 0x26, 0x98, 0x11, 0xb8, 0x61, 0xa5, 0xc1,
	0x17, 0x1f, 0xf2, 0x12, 0x08, 0x00, 0x04, 0x13,
	0x17, 0x1f, 0xff, 0x7a, 0x97, 0x63, 0xa5, 0x76,
	0xa7, 0xb1, 0x11, 0x83, 0xca, 0xca, 0x91, 0x26,
	0x00, 0x0b, 0xdd, 0x81, 0x88, 0x61, 0xa8, 0x01,
	0xa0, 0x31, 0xa5, 0xc1, 0x49, 0x89, 0xa5, 0x86,
	0xab, 0x04, 0x17, 0x1f, 0xfe, 0xbf, 0x44, 0x32,
	0x25, 0xb5, 0x14, 0x83, 0xaa, 0x20, 0xa5, 0xc1,
	0x93, 0x13, 0x06, 0x40, 0x24, 0x11, 0x1f, 0x80,
	0x00, 0x01, 0xa5, 0xc1, 0xab, 0x81, 0x15, 0x83,
	0x96, 0x21, 0x49, 0x83, 0xa5, 0xc1, 0x49, 0x89,
	0xf0, 0x04, 0xab, 0x05, 0xa5, 0x81, 0x17, 0x1f,
	0xfe, 0x69, 0x88, 0x15, 0x15, 0x83, 0x80, 0x20,
	0x00, 0x00, 0x30, 0x25, 0x1f, 0x1f, 0xf0, 0x50,
	0x00, 0x0b, 0xdb, 0xc4, 0x17, 0x00, 0x19, 0x16,
	0x00, 0x0b, 0xd6, 0x43, 0x1e, 0x1f, 0xff, 0xb4,
	0xa5, 0x81, 0xa5, 0xc6, 0xba, 0xc1, 0xaf, 0x51,
	0x1f, 0x1f, 0xf0, 0x42, 0x00, 0x00, 0x31, 0x95,
	0x00, 0x0b, 0xdb, 0xc4, 0x17, 0x00, 0x19, 0x06,
	0x00, 0x0b, 0xd6, 0x43, 0xa5, 0xc1, 0x49, 0x89,
	0xa5, 0xb6, 0x49, 0xb2, 0xab, 0x04, 0x17, 0x1f,
	0xfe, 0x85, 0x88, 0x64, 0x1e, 0x1f, 0xff, 0x9c,
	0x17, 0x1f, 0xf2, 0x5c, 0xa5, 0xc3, 0x1e, 0x1f,
	0xff, 0x97, 0x80, 0x00, 0x92, 0x03, 0xa7, 0xdf,
	0x17, 0x1f, 0xfe, 0x28, 0x97, 0xe3, 0x17, 0x1f,
	0xff, 0x3b, 0x49, 0x89, 0xa5, 0xe4, 0x1f, 0x1f,
	0xff, 0x71, 0xa1, 0xf7, 0x92, 0x01, 0xa7, 0xff,
	0x1f, 0x1f, 0xef, 0xe2, 0x00, 0x0c, 0xf6, 0x81,
	0xa8, 0x01, 0xb8, 0x81, 0x00, 0x14, 0x26, 0xc3,
	0x1f, 0x1f, 0xef, 0xf6, 0xa5, 0xff, 0x97, 0xfe,
	0xa0, 0x3f, 0x00, 0x17, 0x26, 0x41, 0x00, 0x14,
	0x25, 0x87, 0x17, 0x1f, 0xf1, 0xb9, 0x49, 0x82,
	0xac, 0x03, 0x00, 0x17, 0x26, 0x81, 0x93, 0x73,
	0x17, 0x1f, 0xf1, 0xb2, 0x4c, 0x82, 0x2c, 0x07,
	0x17, 0x1f, 0xf2, 0xa2, 0x98, 0xa3, 0x93, 0x13,
	0x00, 0x0c, 0xf6, 0x81, 0x14, 0x83, 0xcc, 0x60,
	0xac, 0x03, 0x17, 0x1f, 0xf2, 0x33, 0x00, 0x0b,
	0xe0, 0x04, 0xa1, 0xdf, 0x92, 0x02, 0xa7, 0xef,
	0x1f, 0x1f, 0xff, 0xd2, 0x00, 0x0c, 0xf6, 0x81,
	0xa8, 0x01, 0xb8, 0xf1, 0xa7, 0xf0, 0x00, 0x0c,
	0xf6, 0xc8, 0x00, 0x00, 0x10, 0x45, 0x00, 0x0b,
	0xe2, 0x04, 0x00, 0x07, 0x9e, 0x43, 0x17, 0x1f,
	0xfa, 0xab, 0x4c, 0x23, 0xf0, 0x06, 0xa7, 0xf1,
	0xa5, 0xf1, 0xba, 0xb1, 0x00, 0x00, 0x10, 0xf5,
	0x1f, 0x1f, 0xef, 0xd6, 0x00, 0x0b, 0xe0, 0x84,
	0x17, 0x00, 0x18, 0x9c, 0x00, 0x0b, 0xd6, 0x43,
	0xa5, 0xef, 0xa5, 0xf1, 0x4b, 0xf7, 0x20, 0x3f,
	0x92, 0x04, 0xa7, 0xcf, 0xa7, 0xd8, 0xa7, 0xe3,
	0xba, 0xc4, 0xa7, 0xf4, 0x1f, 0x1f, 0xef, 0xc4,
	0x00, 0x00, 0x16, 0x95, 0x00, 0x0b, 0xe2, 0x84,
	0x17, 0x00, 0x18, 0x88, 0x00, 0x0b, 0xd6, 0x43,
	0xa5, 0xd1, 0xbd, 0x21, 0x1f, 0x1f, 0xff, 0x9c,
	0x4c, 0x0b, 0x25, 0xe7, 0xa5, 0xd1, 0xb5, 0x07,
	0x00, 0x09, 0x65, 0x87, 0x49, 0x89, 0xae, 0x86,
	0x43, 0xe1, 0xaf, 0x87, 0xa5, 0xf7, 0xaf, 0x06,
	0x17, 0x1f, 0xf1, 0x58, 0xae, 0x07, 0xa5, 0xcf,
	0x97, 0xce, 0xa0, 0x3f, 0x92, 0x04, 0xa7, 0xcf,
	0x4d, 0x41, 0xa7, 0xf3, 0x17, 0x1f, 0xf1, 0xa2,
	0xa7, 0xe4, 0x49, 0x8c, 0x27, 0xd1, 0xb8, 0x58,
	0xa5, 0xe4, 0x17, 0x1f, 0xff, 0xcf, 0xa5, 0xf3,
	0xa5, 0xcf, 0xa5, 0xd1, 0x4b, 0xe7, 0x20, 0x3f,
	0x92, 0x05, 0x97, 0xc4, 0xa7, 0xbf, 0x4f, 0xf0,
	0xa7, 0xd3, 0x00, 0x0c, 0xf6, 0x86, 0xa7, 0xc1,
	0xa7, 0xe0, 0xa7, 0xf0, 0x17, 0x1f, 0xf3, 0x84,
	0xa8, 0x53, 0xa5, 0xbf, 0x97, 0xbe, 0xa0, 0x3f,
	0x92, 0x09, 0x97, 0x81, 0xa7, 0x7f, 0xa7, 0xf1,
	0x00, 0x0c, 0xf6, 0x81, 0xa7, 0xd6, 0xa8, 0x01,
	0xa7, 0xe3, 0xba, 0xc1, 0xa7, 0xc1, 0x1f, 0x1f,
	0xef, 0x77, 0x00, 0x00, 0x41, 0x55, 0x00, 0x0b,
	0xe4, 0x04, 0x17, 0x00, 0x18, 0x3b, 0x00, 0x0b,
	0xd6, 0x43, 0x4f, 0xf8, 0xa5, 0xe6, 0x4b, 0xc2,
	0x27, 0xa0, 0xa7, 0x81, 0xa7, 0x96, 0xa7, 0xb0,
	0xa5, 0xd5, 0x17, 0x1f, 0xf5, 0xef, 0xa5, 0xc3,
	0xa5, 0x7f, 0x97, 0x7e, 0xa0, 0x3f, 0x80, 0x00,
	0x18, 0x80, 0x1c, 0x66, 0xba, 0xb4, 0x00, 0x0d,
	0x49, 0x01, 0x00, 0x0d, 0x50, 0x86, 0x00, 0x0d,
	0x67, 0x47, 0xac, 0x66, 0x00, 0x0d, 0x67, 0x06,
	0xac, 0x51, 0xa0, 0x3f, 0x15, 0x83, 0xfe, 0x80,
	0x00, 0x0d, 0x58, 0x01, 0xa1, 0x75, 0x00, 0x0d,
	0x5f, 0x86, 0x80, 0x00, 0x00, 0x0d, 0x04, 0xc1,
	0xbc, 0x23, 0x93, 0x01, 0xa0, 0x3f, 0x80, 0x00,
	0x4d, 0x80, 0xbc, 0x33, 0x93, 0x01, 0xa0, 0x3f,
	0x49, 0x00, 0xf0, 0x39, 0x4c, 0x10, 0xf0, 0x53,
	0x49, 0xa5, 0x27, 0xff, 0x17, 0x1f, 0xd5, 0x46,
	0x04, 0x0d, 0xd1, 0x08, 0x49, 0xb1, 0x70, 0x7d,
	0x93, 0x14, 0x17, 0x1f, 0xff, 0xd3, 0x04, 0x16,
	0x20, 0x05, 0x00, 0x0d, 0x67, 0x07, 0x98, 0x61,
	0x14, 0x80, 0x41, 0x20, 0x00, 0x0d, 0x67, 0x46,
	0xb8, 0x5a, 0x04, 0x0c, 0xe1, 0x88, 0xa1, 0x03,
	0xa8, 0x61, 0xa8, 0x51, 0x20, 0x00, 0x38, 0x17,
	0x93, 0x06, 0xa8, 0x68, 0xa8, 0xe1, 0x10, 0x00,
	0x05, 0x28, 0xa9, 0x67, 0x04, 0x0c, 0xe7, 0xd6,
	0x04, 0x0c, 0xe1, 0x21, 0x44, 0x30, 0xa5, 0xff,
	0x00, 0x00, 0x06, 0x46, 0x04, 0x0d, 0xd6, 0x01,
	0xa0, 0x2f, 0x97, 0xfe, 0x04, 0x17, 0x20, 0x01,
	0xb8, 0x5a, 0x04, 0x0c, 0xe1, 0x88, 0xa1, 0x03,
	0xa8, 0x61, 0xa8, 0x51, 0x20, 0x00, 0x38, 0x17,
	0x93, 0x06, 0xa9, 0xe8, 0xaa, 0x61, 0x10, 0x00,
	0x05, 0x28, 0xaa, 0xe7, 0x04, 0x0c, 0xe7, 0xd6,
	0xa1, 0xe4, 0x80, 0x00, 0x92, 0x05, 0x00, 0x0d,
	0x00, 0x41, 0x00, 0x0d, 0x00, 0x86, 0xa7, 0xbf,
	0xa8, 0x07, 0xa8, 0x52, 0x18, 0x00, 0x03, 0x27,
	0xac, 0x02, 0x4c, 0x78, 0xa8, 0x08, 0x04, 0x01,
	0xe2, 0x87, 0x04, 0x0d, 0xd1, 0x07, 0x00, 0x0d,
	0x00, 0xc6, 0xa0, 0x00, 0x14, 0xc0, 0x0c, 0x10,
	0x49, 0xb0, 0xf0, 0x87, 0x04, 0x17, 0x20, 0x03,
	0x44, 0x9b, 0xb4, 0x87, 0x00, 0x0d, 0x04, 0x81,
	0xa7, 0xf8, 0xb6, 0x02, 0xa7, 0xe2, 0xa7, 0xd6,
	0x17, 0x00, 0x15, 0x32, 0x00, 0x0b, 0xe5, 0x83,
	0xa1, 0x03, 0x4c, 0x83, 0x25, 0xd1, 0x87, 0xf6,
	0x00, 0x0b, 0xe7, 0x83, 0xa7, 0xd6, 0xb0, 0x86,
	0xa7, 0xc1, 0x17, 0x00, 0x15, 0x25, 0xa7, 0xf6,
	0xa5, 0xd6, 0xa5, 0xc1, 0x1d, 0x83, 0xea, 0xc0,
	0xa5, 0xbf, 0x97, 0xbe, 0x16, 0x00, 0x15, 0x1c,
	0x00, 0x0b, 0xe8, 0x03, 0x92, 0x01, 0xa7, 0xff,
	0x1f, 0x1f, 0xd6, 0x7e, 0xb8, 0x71, 0x00, 0x17,
	0x2e, 0xc6, 0xac, 0x50, 0xa5, 0xff, 0x97, 0xfe,
	0xa0, 0x3f, 0x98, 0x11, 0xa1, 0x7c, 0xac, 0x51,
	0x00, 0x14, 0x28, 0x07, 0x00, 0x0d, 0x41, 0x06,
	0x00, 0x00, 0x06, 0x43, 0x14, 0xc0, 0x40, 0x02,
	0x4c, 0x51, 0x20, 0x00, 0x00, 0x18, 0x6a, 0x08,
	0x49, 0xb0, 0xa0, 0x00, 0x1c, 0xc0, 0x2e, 0x10,
	0xb0, 0xe4, 0x20, 0x24, 0x58, 0x45, 0x04, 0x0d,
	0xd3, 0x05, 0x04, 0x17, 0x20, 0x05, 0x0c, 0x0f,
	0xff, 0x44, 0x04, 0x0d, 0xd2, 0x05, 0x04, 0x17,
	0x20, 0x05, 0x04, 0x0c, 0xe5, 0x55, 0x04, 0x0c,
	0xe5, 0x44, 0x04, 0x0d, 0xd8, 0x04, 0x04, 0x17,
	0x20, 0x04, 0xb5, 0x04, 0x86, 0x46, 0xa0, 0x3f,
	0x92, 0x07, 0xa7, 0x9f, 0xa7, 0xf3, 0xa7, 0xe0,
	0x00, 0x17, 0x29, 0xc1, 0x98, 0x17, 0x00, 0x17,
	0x2c, 0xc6, 0xa7, 0xd1, 0xa5, 0xe1, 0xa7, 0xc7,
	0x10, 0x80, 0x14, 0x26, 0xa7, 0xb6, 0x00, 0x17,
	0x29, 0x81, 0x00, 0x17, 0x2c, 0x86, 0xa7, 0xd1,
	0xa7, 0xb6, 0xa7, 0xc0, 0xa5, 0xe1, 0x43, 0x08,
	0xa5, 0xe3, 0x17, 0x1f, 0xd4, 0x85, 0xa7, 0xa1,
	0x17, 0x1f, 0xd4, 0x42, 0x49, 0x8a, 0x25, 0xe3,
	0x49, 0x8b, 0xa5, 0xd6, 0xa5, 0xc3, 0xa8, 0x5b,
	0xa5, 0xb6, 0xa5, 0xf8, 0x49, 0xa3, 0x28, 0x55,
	0x17, 0x1f, 0xff, 0x20, 0x4c, 0x0a, 0x25, 0xac,
	0x44, 0x0d, 0xa5, 0xd1, 0xa7, 0xec, 0x12, 0xc3,
	0xab, 0x88, 0xb6, 0x0b, 0x00, 0x17, 0x2c, 0xc1,
	0x00, 0x17, 0x29, 0x87, 0x49, 0x83, 0x28, 0x05,
	0x00, 0x17, 0x2a, 0x82, 0x00, 0x17, 0x2b, 0x83,
	0x00, 0x00, 0x06, 0x4a, 0x00, 0x0d, 0x00, 0xc9,
	0x14, 0xc0, 0x3c, 0x02, 0x00, 0x17, 0x2a, 0xc4,
	0x40, 0x00, 0x70, 0x08, 0xb0, 0xe1, 0xb0, 0xad,
	0x04, 0x0c, 0xed, 0x11, 0x04, 0x0d, 0xca, 0x01,
	0x04, 0x17, 0x20, 0x01, 0xb8, 0xe8, 0xac, 0x11,
	0x20, 0x00, 0x35, 0x91, 0xa8, 0x38, 0xa8, 0x01,
	0x04, 0x0c, 0xe8, 0x11, 0x04, 0x0d, 0xca, 0x01,
	0x04, 0x17, 0x20, 0x08, 0x93, 0x41, 0xb6, 0x08,
	0x4c, 0x0c, 0x30, 0x91, 0x88, 0x16, 0x00, 0x0c,
	0xff, 0x01, 0xa8, 0x01, 0xbb, 0x01, 0x00, 0x17,
	0x2d, 0x88, 0xa8, 0x71, 0x1d, 0x80, 0x0c, 0x25,
	0x9f, 0xf1, 0xa5, 0x9f, 0x97, 0x9e, 0xa0, 0x3f,
	0x4c, 0x28, 0xf0, 0x03, 0x17, 0x1f, 0xd5, 0x1a,
	0xac, 0x71, 0xa1, 0xf7, 0x00, 0x17, 0x2e, 0x01,
	0x00, 0x0d, 0x40, 0xc7, 0x49, 0x80, 0xa8, 0x02,
	0x20, 0x00, 0x32, 0x22, 0xa8, 0x67, 0x20, 0x00,
	0x32, 0x77, 0xa5, 0xf4, 0x00, 0x0c, 0xf7, 0x43,
	0x00, 0x0c, 0xf9, 0xc2, 0x20, 0x00, 0x34, 0x77,
	0x20, 0x00, 0x34, 0x33, 0x20, 0x00, 0x34, 0x22,
	0xa8, 0x67, 0xa8, 0x23, 0xa8, 0x12, 0x00, 0x17,
	0x2c, 0x04, 0x04, 0x0c, 0xe3, 0x66, 0x04, 0x0c,
	0xe2, 0x72, 0xac, 0x37, 0x10, 0x7f, 0xd7, 0x62,
	0x00, 0x17, 0x2e, 0x46, 0x00, 0x0c, 0xfc, 0x47,
	0xa5, 0xf2, 0x20, 0x00, 0x32, 0x77, 0xa8, 0x52,
	0x43, 0x09, 0x28, 0x67, 0x00, 0x17, 0x26, 0xc1,
	0x00, 0x17, 0x2e, 0x83, 0xac, 0x52, 0xac, 0x20,
	0x10, 0x00, 0x08, 0x72, 0xa8, 0x01, 0x1c, 0x83,
	0x82, 0x20, 0x16, 0x1f, 0xff, 0xbf, 0xac, 0x50,
	0xbc, 0x21, 0xac, 0x50, 0x00, 0x17, 0x2d, 0xc1,
	0x98, 0x56, 0xa8, 0x01, 0x87, 0xf1, 0x16, 0x1f,
	0xff, 0xbb, 0x04, 0x01, 0xe1, 0x63, 0x80, 0x00,
	0x92, 0x06, 0x08, 0xff, 0xff, 0x31, 0xa7, 0xaf,
	0xa7, 0xf1, 0xa7, 0xe0, 0x00, 0x17, 0x2a, 0x41,
	0x98, 0x17, 0x00, 0x17, 0x2c, 0xc6, 0xa7, 0xd1,
	0xa5, 0xe1, 0xa7, 0xc7, 0x10, 0x80, 0x14, 0x26,
	0xa7, 0xb6, 0x00, 0x17, 0x2a, 0x01, 0x00, 0x17,
	0x2c, 0x86, 0xa7, 0xd1, 0xa7, 0xb6, 0xa7, 0xc0,
	0x17, 0x1f, 0xd3, 0xce, 0xa5, 0xe3, 0x49, 0x8a,
	0x25, 0xd6, 0xa5, 0xe3, 0x49, 0x9e, 0x28, 0x5b,
	0x43, 0x0e, 0x25, 0xb6, 0x17, 0x1f, 0xd3, 0x84,
	0xa8, 0x55, 0x49, 0x8b, 0xf0, 0x46, 0x49, 0x82,
	0x25, 0xc3, 0x17, 0x1f, 0xfe, 0x67, 0xa5, 0xf8,
	0x44, 0x0d, 0xa5, 0xd1, 0xa7, 0xec, 0x12, 0xc3,
	0xaf, 0x88, 0xb6, 0x0b, 0x00, 0x17, 0x2c, 0xc1,
	0x00, 0x17, 0x2a, 0x07, 0x49, 0x83, 0x28, 0x05,
	0x00, 0x17, 0x2b, 0x02, 0x00, 0x17, 0x2b, 0x83,
	0x00, 0x00, 0x06, 0x4a, 0x00, 0x0d, 0x00, 0xc9,
	0x14, 0xc0, 0x3c, 0x02, 0x00, 0x17, 0x2b, 0x44,
	0x40, 0x00, 0x70, 0x08, 0xb0, 0xe1, 0xb0, 0xad,
	0x04, 0x0c, 0xed, 0x11, 0x04, 0x0d, 0xca, 0x01,
	0x04, 0x17, 0x20, 0x01, 0xb8, 0xe8, 0xac, 0x11,
	0x20, 0x00, 0x35, 0x91, 0xa8, 0x38, 0xa8, 0x01,
	0x04, 0x0c, 0xe8, 0x11, 0x04, 0x0d, 0xca, 0x01,
	0x04, 0x17, 0x20, 0x08, 0x93, 0x41, 0xb6, 0x08,
	0x4c, 0x0c, 0x30, 0x91, 0x88, 0x16, 0x00, 0x0c,
	0xff, 0x01, 0xa8, 0x01, 0xbb, 0x01, 0x00, 0x17,
	0x2d, 0x88, 0xa8, 0x71, 0x1d, 0x80, 0x0c, 0x25,
	0x9f, 0xf1, 0xa5, 0xaf, 0x97, 0xae, 0xa0, 0x3f,
	0x4c, 0x28, 0xf0, 0x03, 0x17, 0x1f, 0xd4, 0x62,
	0xac, 0x71, 0xa1, 0xf7, 0x00, 0x17, 0x2e, 0x01,
	0x00, 0x0d, 0x40, 0xc7, 0x49, 0x80, 0xa8, 0x02,
	0x20, 0x00, 0x32, 0x22, 0xa8, 0x67, 0x20, 0x00,
	0x32, 0x77, 0xa5, 0xf4, 0x00, 0x0c, 0xf8, 0x83,
	0x00, 0x0c, 0xfb, 0x02, 0x20, 0x00, 0x34, 0x77,
	0x20, 0x00, 0x34, 0x33, 0x20, 0x00, 0x34, 0x22,
	0xa8, 0x67, 0xa8, 0x23, 0xa8, 0x12, 0x00, 0x17,
	0x2c, 0x44, 0x04, 0x0c, 0xe3, 0x66, 0x04, 0x0c,
	0xe2, 0x72, 0xac, 0x37, 0x10, 0x7f, 0xd7, 0x26,
	0x00, 0x17, 0x2e, 0x86, 0x00, 0x0c, 0xfd, 0x87,
	0xa5, 0xf2, 0x20, 0x00, 0x32, 0x77, 0xa8, 0x52,
	0x43, 0x09, 0x28, 0x67, 0x00, 0x17, 0x26, 0xc1,
	0x00, 0x17, 0x2e, 0x43, 0xac, 0x52, 0xac, 0x20,
	0x10, 0x00, 0x08, 0x72, 0xa8, 0x01, 0x1c, 0x83,
	0x82, 0x20, 0x16, 0x1f, 0xff, 0xbf, 0xac, 0x50,
	0xbc, 0x21, 0xac, 0x50, 0x00, 0x17, 0x2d, 0xc1,
	0x98, 0x56, 0xa8, 0x01, 0x86, 0x11, 0x16, 0x1f,
	0xff, 0xbb, 0x04, 0x01, 0xe1, 0x63, 0x80, 0x00,
	0x92, 0x10, 0x97, 0x11, 0xa7, 0x0f, 0xa7, 0xf1,
	0x00, 0x0c, 0xfe, 0xc1, 0xa7, 0xe1, 0xa8, 0x01,
	0x15, 0x01, 0x7b, 0x01, 0x00, 0x17, 0x2e, 0xc1,
	0x00, 0x0d, 0x00, 0x41, 0x00, 0x0d, 0x00, 0xc6,
	0xa8, 0x01, 0xa8, 0x56, 0x1c, 0x00, 0x04, 0x16,
	0x1f, 0x1f, 0xfe, 0x0a, 0x00, 0x17, 0x27, 0x01,
	0xa8, 0x01, 0x14, 0x01, 0x01, 0x01, 0x00, 0x17,
	0x27, 0x41, 0xa8, 0x01, 0x14, 0x00, 0xfc, 0x01,
	0x00, 0x0c, 0xff, 0x41, 0xa8, 0x01, 0x15, 0x80,
	0x0c, 0x21, 0x00, 0x17, 0x27, 0x81, 0x1e, 0x00,
	0x01, 0x55, 0x1f, 0x1f, 0xd2, 0xfb, 0x12, 0x00,
	0xef, 0x10, 0x00, 0x17, 0x28, 0x01, 0xa8, 0x01,
	0x1d, 0x01, 0x46, 0x01, 0x1f, 0x1f, 0xd4, 0x00,
	0x00, 0x17, 0x2d, 0xc6, 0xac, 0x51, 0x10, 0xc0,
	0x0a, 0x25, 0xa7, 0xd6, 0x1e, 0x00, 0x00, 0xe0,
	0x00, 0x17, 0x27, 0xc1, 0xa8, 0x01, 0xb9, 0x11,
	0x00, 0x0c, 0xff, 0xc1, 0xa8, 0x01, 0x12, 0x01,
	0x2e, 0x01, 0x00, 0x0d, 0x00, 0x01, 0xa8, 0x01,
	0x10, 0xc0, 0x0e, 0x20, 0x00, 0x17, 0x26, 0xc6,
	0x98, 0x11, 0xa1, 0x03, 0xac, 0x51, 0xac, 0x50,
	0x1f, 0x1f, 0xcb, 0xc6, 0x17, 0x1f, 0xd4, 0x64,
	0x49, 0x81, 0xa7, 0xc1, 0x49, 0x8b, 0xa7, 0xb2,
	0x17, 0x1f, 0xd4, 0x5e, 0x98, 0x13, 0x17, 0x1f,
	0xd3, 0x1d, 0x49, 0xb9, 0xf0, 0x14, 0x1f, 0x1f,
	0xd4, 0x31, 0x04, 0x1d, 0x7f, 0x16, 0x04, 0x1c,
	0x77, 0x66, 0x17, 0x1f, 0xd2, 0xbf, 0x88, 0x16,
	0x17, 0x1f, 0xfd, 0x6c, 0x48, 0x4b, 0x70, 0x13,
	0x00, 0x17, 0x2e, 0x07, 0x12, 0x00, 0x0a, 0x61,
	0xac, 0x66, 0x1f, 0x1f, 0xd2, 0xb3, 0x17, 0x1f,
	0xfd, 0x61, 0x93, 0x13, 0x87, 0xf1, 0xac, 0x61,
	0xa8, 0x61, 0x18, 0x80, 0x06, 0x20, 0xac, 0x60,
	0xa5, 0xe1, 0xa8, 0x01, 0x1d, 0x80, 0x12, 0x21,
	0x1f, 0x1f, 0xfd, 0xe8, 0xa5, 0xe1, 0x93, 0x16,
	0xa8, 0x01, 0x86, 0x11, 0xb6, 0x51, 0x00, 0x17,
	0x2a, 0x06, 0x00, 0x17, 0x2a, 0x81, 0x49, 0x81,
	0xa7, 0xa6, 0x49, 0x84, 0xa7, 0x91, 0x00, 0x17,
	0x2b, 0x05, 0x00, 0x17, 0x29, 0x82, 0x00, 0x17,
	0x2d, 0x08, 0x00, 0x17, 0x2c, 0x84, 0xa0, 0x00,
	0x14, 0xc0, 0x36, 0x02, 0x00, 0x17, 0x2b, 0x87,
	0x00, 0x0d, 0x41, 0x0a, 0x1f, 0x1f, 0xd2, 0x72,
	0x17, 0x1f, 0xd4, 0x28, 0x40, 0x00, 0x34, 0xf1,
	0x41, 0x62, 0xb4, 0xb1, 0x44, 0x53, 0x25, 0x91,
	0x44, 0x4b, 0x34, 0x90, 0x4c, 0x09, 0xb4, 0x80,
	0x4c, 0x24, 0xa8, 0x56, 0xa7, 0x91, 0xb4, 0xe6,
	0xa5, 0xa6, 0xb4, 0xc0, 0xb4, 0xd0, 0xa7, 0xa6,
	0x00, 0x17, 0x2c, 0x01, 0x49, 0x81, 0xa0, 0x00,
	0xac, 0x00, 0x00, 0x17, 0x2c, 0x41, 0x14, 0xc0,
	0x0e, 0x08, 0x00, 0x14, 0x34, 0x06, 0xac, 0x00,
	0x1f, 0x1f, 0xd2, 0x5a, 0x43, 0x09, 0xb4, 0xd1,
	0x4c, 0x2b, 0x25, 0xd1, 0xa8, 0x01, 0x89, 0x16,
	0x15, 0x81, 0x42, 0x20, 0xa7, 0xe6, 0xa5, 0xd1,
	0xa8, 0x01, 0x1d, 0x81, 0x28, 0x25, 0xa5, 0xd1,
	0x00, 0x17, 0x2d, 0x86, 0xa8, 0x01, 0x15, 0x80,
	0x0c, 0x25, 0xac, 0x51, 0x17, 0x1f, 0xd3, 0x42,
	0x93, 0x03, 0x1f, 0x1f, 0xcb, 0x3d, 0xa5, 0xc6,
	0x04, 0x01, 0xe6, 0x17, 0xa5, 0xb1, 0x04, 0x03,
	0xe1, 0x28, 0x00, 0x17, 0x28, 0x42, 0x00, 0x17,
	0x28, 0xc3, 0x49, 0x80, 0xa8, 0x16, 0x04, 0x00,
	0xe6, 0x74, 0x4c, 0x0b, 0x28, 0x95, 0xb4, 0x94,
	0x04, 0x02, 0xe5, 0x84, 0xa8, 0x25, 0xb6, 0x14,
	0x08, 0x00, 0x01, 0x52, 0x00, 0x17, 0x29, 0x45,
	0xa8, 0xa4, 0x0a, 0x00, 0x00, 0x44, 0xa8, 0x45,
	0xb4, 0xa2, 0x13, 0x00, 0x04, 0x57, 0xb6, 0x24,
	0x93, 0x06, 0xbe, 0x28, 0x93, 0x61, 0x13, 0x80,
	0x09, 0x00, 0x98, 0x16, 0x93, 0x16, 0xb8, 0x46,
	0x00, 0x17, 0x29, 0x41, 0xac, 0x07, 0x93, 0x01,
	0x11, 0xa4, 0x08, 0xec, 0x98, 0x16, 0x93, 0x06,
	0xbe, 0x28, 0x93, 0x61, 0x13, 0x80, 0x09, 0x00,
	0x98, 0x16, 0x93, 0x16, 0xb8, 0xb6, 0x00, 0x14,
	0x36, 0x02, 0x08, 0x00, 0x10, 0x22, 0xa8, 0x11,
	0x86, 0x11, 0xb6, 0x11, 0xa5, 0x0f, 0x97, 0x0e,
	0xa0, 0x3f, 0x93, 0x01, 0x11, 0x98, 0x08, 0xe8,
	0x98, 0x16, 0x93, 0x06, 0xbe, 0x28, 0x93, 0x61,
	0x13, 0x80, 0x09, 0x00, 0x98, 0x16, 0x93, 0x16,
	0xb8, 0xb6, 0x93, 0x01, 0x13, 0xe4, 0x08, 0xec,
	0x98, 0x16, 0x93, 0x06, 0xbe, 0x28, 0x93, 0x61,
	0xbc, 0x31, 0x43, 0x61, 0x21, 0xe6, 0x93, 0x01,
	0x11, 0x8c, 0x08, 0xe4, 0x98, 0x16, 0x93, 0x06,
	0xbe, 0x28, 0x93, 0x61, 0x13, 0x80, 0x09, 0x00,
	0x98, 0x16, 0x93, 0x16, 0xb8, 0xb6, 0x93, 0x01,
	0x13, 0xd8, 0x08, 0xe8, 0x98, 0x16, 0x93, 0x06,
	0xbe, 0x28, 0x93, 0x61, 0xbc, 0x31, 0x86, 0x82,
	0xa1, 0xcf, 0x93, 0x01, 0x11, 0x84, 0x08, 0xf2,
	0x98, 0x16, 0x93, 0x06, 0xbe, 0x28, 0x93, 0x61,
	0x13, 0x80, 0x09, 0x00, 0x98, 0x16, 0x93, 0x16,
	0x14, 0x83, 0x86, 0xc0, 0x93, 0x01, 0x13, 0xcc,
	0x08, 0xe4, 0x98, 0x16, 0x93, 0x06, 0xbe, 0x28,
	0x93, 0x61, 0x1c, 0x83, 0x74, 0x20, 0x43, 0x21,
	0x21, 0xe9, 0x17, 0x1f, 0xfd, 0xe7, 0x4b, 0x8a,
	0x25, 0xe3, 0x1a, 0xc2, 0xe8, 0x20, 0x1e, 0x1f,
	0xff, 0x68, 0x17, 0x1f, 0xfd, 0x27, 0x4b, 0x8a,
	0x25, 0xe3, 0x1a, 0xc2, 0xd8, 0x20, 0x1e, 0x1f,
	0xff, 0x5c, 0x9f, 0xf3, 0x1f, 0x1f, 0xd2, 0xa6,
	0x1e, 0x1f, 0xff, 0xa6, 0x1f, 0x1f, 0xd3, 0x1e,
	0x1d, 0x7e, 0xba, 0x01, 0x93, 0x03, 0xa1, 0xf7,
	0xa8, 0x01, 0x1c, 0x80, 0x08, 0x21, 0x1e, 0x1f,
	0xfe, 0xaa, 0x4f, 0xf9, 0xa1, 0xfa, 0xa8, 0x01,
	0x1d, 0x7e, 0x88, 0x01, 0x1f, 0x1f, 0xfc, 0xd4,
	0x1e, 0x1f, 0xff, 0x92, 0x92, 0x01, 0xa7, 0xff,
	0x1f, 0x1f, 0xd2, 0xba, 0x1f, 0x1f, 0xd3, 0x80,
	0xbc, 0x31, 0x1f, 0x1f, 0xfe, 0x6f, 0xa5, 0xff,
	0x97, 0xfe, 0xa0, 0x3f, 0x92, 0x01, 0x00, 0x0c,
	0xff, 0x81, 0xa7, 0xff, 0x00, 0x0d, 0x40, 0xc6,
	0x17, 0x1f, 0xfc, 0x32, 0xa8, 0x03, 0xac, 0x51,
	0xa5, 0xff, 0x97, 0xfe, 0xa0, 0x3f, 0x80, 0x00,
	0x92, 0x04, 0x00, 0x17, 0x2f, 0xc2, 0x4c, 0x83,
	0x27, 0xcf, 0x4c, 0x08, 0xa8, 0x18, 0x04, 0x1d,
	0x7f, 0x87, 0x04, 0x1c, 0x7c, 0x73, 0x44, 0x1c,
	0x28, 0x17, 0x48, 0x24, 0x28, 0x93, 0x04, 0x0d,
	0xd6, 0x07, 0x4c, 0x0b, 0x29, 0x14, 0xb8, 0x43,
	0x04, 0x16, 0x20, 0x02, 0x93, 0x06, 0xbc, 0x24,
	0x93, 0x01, 0x8b, 0x61, 0xbb, 0xa1, 0x98, 0xa6,
	0x04, 0x0d, 0xd6, 0x03, 0x04, 0x17, 0x20, 0x07,
	0x82, 0xc8, 0x04, 0x0c, 0xe7, 0x77, 0x04, 0x0c,
	0xe7, 0x47, 0x00, 0x18, 0x6a, 0x02, 0x04, 0x0d,
	0xd2, 0x07, 0x00, 0x0d, 0x41, 0x06, 0x04, 0x17,
	0x20, 0x07, 0x88, 0x61, 0x20, 0x00, 0x38, 0x11,
	0xac, 0x07, 0xa5, 0xcf, 0x97, 0xce, 0xa0, 0x3f,
	0xa7, 0xe3, 0xa7, 0xf7, 0xa7, 0xd4, 0x17, 0x00,
	0x11, 0x97, 0x00, 0x0b, 0xe8, 0x43, 0xa1, 0xf6,
	0x92, 0x05, 0x98, 0x11, 0xa7, 0xbf, 0xa8, 0xc6,
	0x00, 0x0b, 0xea, 0xc3, 0xa7, 0xd6, 0x00, 0x17,
	0x2f, 0x86, 0xac, 0x51, 0xa8, 0x41, 0xa7, 0xc1,
	0xa5, 0xd1, 0xa7, 0xe1, 0xa5, 0xc1, 0x17, 0x00,
	0x11, 0x83, 0xa7, 0xf1, 0xa5, 0xc1, 0x13, 0xc0,
	0x12, 0x3a, 0x82, 0x85, 0x00, 0x17, 0x2f, 0x81,
	0xac, 0x00, 0xa5, 0xbf, 0x97, 0xbe, 0xa0, 0x3f,
	0x00, 0x0b, 0xec, 0x01, 0x88, 0x61, 0x00, 0x17,
	0x30, 0x44, 0xa8, 0x06, 0x00, 0x17, 0x30, 0x03,
	0x00, 0x0c, 0xfe, 0xc7, 0x00, 0x17, 0x27, 0x88,
	0xa0, 0x26, 0x00, 0x0c, 0xff, 0x42, 0x00, 0x17,
	0x2f, 0xc1, 0xa5, 0xd6, 0x00, 0x17, 0x27, 0x01,
	0x15, 0x83, 0xd2, 0xc0, 0xac, 0x06, 0x9f, 0xf3,
	0x1f, 0x1f, 0xd2, 0x04, 0xa1, 0xe3, 0xa5, 0xd6,
	0x00, 0x0c, 0xff, 0x01, 0x15, 0x83, 0xbe, 0xc0,
	0xac, 0x06, 0x4f, 0xf9, 0xa1, 0xf7, 0x00, 0x17,
	0x27, 0x41, 0xa5, 0xd6, 0xa1, 0x57, 0xac, 0x06,
	0xa5, 0xd6, 0xa8, 0x11, 0xac, 0x76, 0x1d, 0x83,
	0xa4, 0x21, 0x1d, 0x83, 0xa0, 0xc1, 0xa1, 0xf2,
	0xa5, 0xd1, 0x15, 0x83, 0x98, 0x21, 0xac, 0x11,
	0xa8, 0x71, 0x1d, 0x83, 0x90, 0x21, 0x4f, 0xf9,
	0xa1, 0xe1, 0x00, 0x0c, 0xff, 0x81, 0xa5, 0xd6,
	0x17, 0x1f, 0xff, 0x5e, 0xac, 0x06, 0x1f, 0x1f,
	0xd2, 0x6d, 0x1e, 0x1f, 0xff, 0xbc, 0xa5, 0xd1,
	0x04, 0x1c, 0x70, 0x11, 0x00, 0x0c, 0xf7, 0x46,
	0x20, 0x00, 0x31, 0x61, 0xa5, 0xd6, 0x81, 0xed,
	0x16, 0x1f, 0xff, 0xb1, 0xac, 0x06, 0xa5, 0xd1,
	0x04, 0x1c, 0x70, 0x11, 0x00, 0x0c, 0xf8, 0x86,
	0x20, 0x00, 0x31, 0x61, 0xa5, 0xd6, 0x81, 0xed,
	0x16, 0x1f, 0xff, 0xa5, 0xac, 0x06, 0xa5, 0xd1,
	0x04, 0x1c, 0x70, 0x11, 0x00, 0x0c, 0xf9, 0xc6,
	0x20, 0x00, 0x31, 0x61, 0xa5, 0xd6, 0x81, 0xed,
	0x16, 0x1f, 0xff, 0x99, 0xac, 0x06, 0xa5, 0xd1,
	0x04, 0x1c, 0x70, 0x11, 0x00, 0x0c, 0xfb, 0x06,
	0x20, 0x00, 0x31, 0x61, 0xa5, 0xd6, 0x81, 0xed,
	0x16, 0x1f, 0xff, 0x8d, 0xac, 0x06, 0xa5, 0xd1,
	0x04, 0x1c, 0x70, 0x11, 0x00, 0x0c, 0xfc, 0x46,
	0x20, 0x00, 0x31, 0x61, 0xa5, 0xd6, 0x81, 0xed,
	0x16, 0x1f, 0xff, 0x81, 0xac, 0x06, 0xa5, 0xd1,
	0x04, 0x1c, 0x70, 0x11, 0x00, 0x0c, 0xfd, 0x86,
	0x20, 0x00, 0x31, 0x61, 0xa5, 0xd6, 0x81, 0xed,
	0x16, 0x1f, 0xff, 0x75, 0xac, 0x06, 0x00, 0x17,
	0x26, 0xc1, 0xa5, 0xd6, 0x16, 0x1f, 0xff, 0x6f,
	0xac, 0x06, 0x16, 0x1f, 0xff, 0x87, 0xa5, 0xd3,
	0x00, 0x0c, 0xff, 0xc1, 0xa5, 0xd6, 0x16, 0x1f,
	0xff, 0x66, 0xac, 0x06, 0x00, 0x17, 0x27, 0xc1,
	0xa5, 0xd6, 0x16, 0x1f, 0xff, 0x60, 0xac, 0x06,
	0x00, 0x0d, 0x00, 0x01, 0xa5, 0xd6, 0x16, 0x1f,
	0xff, 0x5a, 0xac, 0x06, 0x00, 0x17, 0x28, 0x01,
	0xa5, 0xd6, 0x16, 0x1f, 0xff, 0x54, 0xac, 0x06,
	0xa8, 0x66, 0x15, 0x82, 0xa0, 0xc0, 0xa5, 0xd7,
	0xa8, 0x06, 0x04, 0x1c, 0x78, 0x77, 0x1c, 0x00,
	0x04, 0x67, 0xb5, 0x07, 0xb6, 0x00, 0x0f, 0x00,
	0xff, 0x01, 0x0d, 0xff, 0xff, 0x11, 0xa5, 0xd6,
	0x8a, 0x61, 0x00, 0x00, 0x3e, 0x86, 0x04, 0x0d,
	0xc6, 0x01, 0x04, 0x17, 0x20, 0x01, 0x16, 0x1f,
	0xff, 0x3a, 0xac, 0x21, 0xa8, 0x66, 0x15, 0x82,
	0x6c, 0xc0, 0xa5, 0xd7, 0xa8, 0x06, 0x04, 0x1c,
	0x78, 0x77, 0x1c, 0x00, 0x04, 0x67, 0xb4, 0x87,
	0xb6, 0x00, 0x0f, 0x00, 0xff, 0x01, 0x0d, 0xff,
	0xff, 0x11, 0xa5, 0xd6, 0x8a, 0x61, 0x00, 0x00,
	0x06, 0x46, 0x04, 0x0d, 0xc6, 0x01, 0x04, 0x17,
	0x20, 0x01, 0x17, 0x1f, 0xfe, 0xcb, 0xac, 0x31,
	0x1e, 0x1f, 0xff, 0x1d, 0x00, 0x0d, 0x00, 0x41,
	0xa5, 0xd6, 0xac, 0x06, 0x1f, 0x1f, 0xfb, 0x3c,
	0x1e, 0x1f, 0xff, 0x15, 0x00, 0x0d, 0x00, 0x81,
	0xa5, 0xd6, 0xa1, 0x79, 0xac, 0x06, 0x80, 0x00,
	0x92, 0x02, 0x00, 0x17, 0x2f, 0x06, 0x4c, 0x49,
	0xa7, 0xef, 0x17, 0x1f, 0xc4, 0x0b, 0x00, 0x08,
	0x3c, 0x84, 0xbc, 0x61, 0xa7, 0xf1, 0x17, 0x00,
	0x10, 0x7b, 0x00, 0x0b, 0xf2, 0x83, 0x00, 0x17,
	0x2f, 0x84, 0x17, 0x1f, 0xc5, 0x29, 0x98, 0x93,
	0xa1, 0xfb, 0x80, 0x00, 0x92, 0x01, 0xa7, 0xff,
	0x17, 0x1f, 0xd3, 0x52, 0x98, 0x23, 0x08, 0x00,
	0x63, 0x11, 0x00, 0x00, 0x06, 0x46, 0x04, 0x0d,
	0xd6, 0x01, 0x04, 0x17, 0x20, 0x01, 0xa5, 0xff,
	0x97, 0xfe, 0x40, 0xe0, 0x20, 0x3f, 0x80, 0x00,
	0x93, 0x34, 0x16, 0x1f, 0xd3, 0x11, 0x98, 0x23,
	0x92, 0x01, 0xa7, 0xff, 0x1f, 0x1f, 0xf1, 0x50,
	0x00, 0x17, 0x30, 0x86, 0x98, 0x17, 0xac, 0x51,
	0x00, 0x0d, 0x67, 0x81, 0xa3, 0x87, 0xa5, 0xff,
	0x97, 0xfe, 0xa0, 0x3f, 0x92, 0x04, 0x00, 0x0d,
	0x67, 0x81, 0xa7, 0xcf, 0x4f, 0xf8, 0xa2, 0xc5,
	0x4f, 0xfa, 0x27, 0xf4, 0xb9, 0x56, 0xa7, 0xe3,
	0x00, 0x17, 0x30, 0x81, 0xa8, 0x01, 0xa7, 0xd1,
	0x17, 0x1f, 0xee, 0x9c, 0xa5, 0xd3, 0x49, 0x82,
	0xa5, 0xe6, 0x00, 0x0d, 0x67, 0xc1, 0x49, 0x82,
	0x25, 0xd3, 0xb4, 0x86, 0xa5, 0xf6, 0x17, 0x1f,
	0xf0, 0x61, 0xb6, 0x06, 0x98, 0x11, 0xa5, 0xcf,
	0x97, 0xce, 0xa0, 0x3f, 0x1e, 0x00, 0x0d, 0x72,
	0x92, 0x09, 0x97, 0x81, 0xa7, 0x7f, 0xa7, 0xf1,
	0x00, 0x0d, 0x67, 0x81, 0xa2, 0xc0, 0xba, 0x61,
	0x00, 0x0d, 0x68, 0x41, 0xa5, 0x7f, 0x97, 0x7e,
	0xa0, 0x3f, 0x98, 0x16, 0xa8, 0x07, 0xa7, 0xe1,
	0xb8, 0x37, 0xa8, 0x81, 0x93, 0x06, 0x4c, 0x08,
	0xbc, 0x31, 0x93, 0x01, 0x8a, 0x61, 0x15, 0x80,
	0x50, 0x20, 0x00, 0x17, 0x30, 0x81, 0x4c, 0x0b,
	0x25, 0xe1, 0xa8, 0x01, 0xa7, 0xd1, 0xa5, 0xe1,
	0xa8, 0x81, 0xa7, 0xe1, 0xa5, 0xd1, 0xbc, 0x21,
	0x93, 0x06, 0x4c, 0x08, 0xa5, 0xe7, 0xbc, 0x27,
	0x93, 0x01, 0x8a, 0x61, 0x1d, 0x83, 0xc0, 0x20,
	0x1f, 0x1f, 0xff, 0x8e, 0x4b, 0xc2, 0xa5, 0xe4,
	0xa7, 0xe1, 0x17, 0x1f, 0xff, 0xcd, 0xa5, 0xd3,
	0x49, 0x8b, 0x70, 0x01, 0xbe, 0x56, 0x17, 0x00,
	0x01, 0xa3, 0x4b, 0xc1, 0xa5, 0xe4, 0x17, 0x1f,
	0xff, 0x91, 0x81, 0xc2, 0xa1, 0xcc, 0x93, 0x04,
	0xa8, 0x01, 0xa7, 0xd1, 0x17, 0x1f, 0xee, 0x46,
	0xa5, 0xd3, 0x15, 0x83, 0xac, 0x21, 0x00, 0x0d,
	0x67, 0xc1, 0x49, 0x82, 0x25, 0xd3, 0x49, 0x82,
	0xa8, 0x87, 0xa8, 0x06, 0xa5, 0xe1, 0xb4, 0x86,
	0x17, 0x1f, 0xf0, 0x08, 0xb6, 0x07, 0xa1, 0xc8,
	0x1c, 0x80, 0x66, 0x60, 0x14, 0x80, 0x62, 0x80,
	0x00, 0x17, 0x31, 0x86, 0xa8, 0x57, 0xbc, 0xf7,
	0xa2, 0x70, 0x10, 0x00, 0x0d, 0x51, 0x86, 0x31,
	0x04, 0x1c, 0x62, 0x11, 0x08, 0x00, 0x03, 0x58,
	0x20, 0x00, 0x21, 0x12, 0x04, 0x1c, 0x62, 0x81,
	0x88, 0x21, 0xa3, 0x61, 0x00, 0x17, 0x31, 0x42,
	0xa8, 0x11, 0xbc, 0xd1, 0xa2, 0x46, 0x10, 0x00,
	0x0a, 0x75, 0x86, 0x17, 0x08, 0x00, 0x01, 0x58,
	0x04, 0x1c, 0x61, 0x77, 0x04, 0x1c, 0x61, 0x85,
	0x88, 0x75, 0xa3, 0x05, 0x06, 0x00, 0x16, 0x73,
	0x40, 0x7a, 0xac, 0x51, 0x06, 0x10, 0x4e, 0x14,
	0x08, 0x00, 0x0e, 0x47, 0x91, 0x41, 0x88, 0x71,
	0x20, 0x00, 0x26, 0x11, 0xac, 0x11, 0xa0, 0x3f,
	0x49, 0x80, 0xa9, 0x26, 0xa9, 0x37, 0x1d, 0x00,
	0x0f, 0x67, 0x06, 0x00, 0x14, 0x63, 0x06, 0x00,
	0x0c, 0x74, 0x1d, 0x00, 0x09, 0x67, 0x06, 0x00,
	0x15, 0x63, 0x06, 0x00, 0x0d, 0x74, 0x1d, 0x00,
	0x03, 0x67, 0x98, 0x11, 0xa0, 0x3f, 0x80, 0x00,
	0xb9, 0x53, 0x00, 0x14, 0x3a, 0x42, 0x00, 0x17,
	0x30, 0xc6, 0x93, 0x41, 0xa8, 0x57, 0xa8, 0xd6,
	0xb4, 0xb7, 0xb6, 0x36, 0x08, 0x00, 0x22, 0x46,
	0xff, 0xee, 0x14, 0xc0, 0x0c, 0x06, 0x04, 0x1c,
	0x63, 0x77, 0xa3, 0xd7, 0xb0, 0x86, 0xb4, 0xa6,
	0xa0, 0x3f, 0x93, 0x06, 0x99, 0x83, 0x14, 0xc0,
	0x38, 0x03, 0x00, 0x14, 0x38, 0xc5, 0x98, 0x18,
	0x04, 0x0c, 0xe3, 0x61, 0x44, 0x28, 0xf0, 0x07,
	0x06, 0xc0, 0x18, 0xd2, 0xa8, 0x0c, 0x4c, 0x08,
	0xa8, 0x8a, 0x13, 0x00, 0x05, 0xdc, 0x06, 0x4f,
	0xec, 0x92, 0x93, 0x01, 0x1d, 0x00, 0x03, 0x9a,
	0x93, 0x17, 0x13, 0x00, 0x04, 0x9a, 0x98, 0x11,
	0x93, 0x71, 0xbc, 0x21, 0x93, 0x86, 0x86, 0x18,
	0x04, 0x0c, 0xe3, 0x63, 0x44, 0x29, 0xa1, 0xcd,
	0x00, 0x14, 0x39, 0x47, 0x93, 0x01, 0x93, 0x16,
	0x10, 0x80, 0x1e, 0xc4, 0x08, 0x00, 0x01, 0x61,
	0x06, 0xc0, 0x18, 0x87, 0x1d, 0x7f, 0xf9, 0x38,
	0x99, 0x81, 0x04, 0x0c, 0xe1, 0x61, 0x00, 0x14,
	0x38, 0xc6, 0x88, 0x61, 0xa0, 0x3f, 0x49, 0x80,
	0xa1, 0xff, 0x80, 0x00, 0x00, 0x14, 0xfc, 0xc8,
	0x08, 0x00, 0x86, 0x86, 0xa2, 0xed, 0xb8, 0xf6,
	0xe2, 0xb8, 0x14, 0xc0, 0x10, 0x3f, 0x08, 0x00,
	0x06, 0x87, 0xee, 0x75, 0x18, 0x00, 0x03, 0x61,
	0x93, 0x61, 0xee, 0x75, 0x06, 0x60, 0x84, 0x18,
	0x06, 0x50, 0x86, 0x08, 0x06, 0x10, 0x84, 0x18,
	0xa0, 0x3f, 0x80, 0x00, 0x00, 0x14, 0xfc, 0xc1,
	0xa8, 0x06, 0x12, 0xc0, 0x28, 0xc0, 0x00, 0x14,
	0xfd, 0x07, 0x20, 0x00, 0x26, 0x76, 0xa3, 0x53,
	0xa8, 0x06, 0x08, 0x00, 0x01, 0x67, 0x12, 0xc8,
	0x0c, 0xe0, 0xac, 0x07, 0x08, 0xff, 0xc1, 0x66,
	0xac, 0x06, 0x00, 0x15, 0x05, 0x21, 0x98, 0x16,
	0xa3, 0x86, 0xa0, 0x3f, 0x92, 0x08, 0x4b, 0xca,
	0x20, 0x00, 0x49, 0x99, 0x70, 0x46, 0x14, 0xc0,
	0x0c, 0x06, 0xa7, 0x8f, 0x00, 0x14, 0x37, 0x41,
	0xb0, 0x87, 0xb4, 0xd7, 0x17, 0x1f, 0xff, 0xae,
	0xa8, 0x93, 0xa9, 0x97, 0xa9, 0x16, 0x49, 0x89,
	0xa7, 0xb3, 0xa7, 0xf1, 0xa7, 0xd7, 0xb8, 0x53,
	0xa7, 0xc6, 0xa9, 0xa1, 0x1c, 0x00, 0x0e, 0x61,
	0x49, 0x80, 0xf0, 0x06, 0x06, 0x5f, 0xfa, 0x6e,
	0x06, 0x5f, 0xf8, 0x1e, 0x1f, 0x1f, 0xff, 0x62,
	0xa5, 0x8f, 0xa5, 0xf1, 0x4b, 0xc7, 0x20, 0x3f,
	0xaa, 0x26, 0x06, 0x00, 0x14, 0x13, 0x1d, 0x00,
	0x06, 0x76, 0x06, 0x00, 0x16, 0x63, 0x43, 0x0b,
	0x21, 0xef, 0x86, 0x11, 0x06, 0x5f, 0xfa, 0x0e,
	0xa1, 0x6e, 0x06, 0x5f, 0xf8, 0x1e, 0x80, 0x00,
	0x49, 0x01, 0x70, 0x0a, 0x00, 0x14, 0x3e, 0xc9,
	0x49, 0xca, 0x27, 0xef, 0x00, 0x00, 0x05, 0x05,
	0x00, 0x17, 0x30, 0xc2, 0x93, 0x08, 0x08, 0x00,
	0x01, 0x81, 0x10, 0x84, 0x6f, 0x06, 0xa7, 0xf1,
	0x1f, 0x1f, 0xff, 0x28, 0xbb, 0xa1, 0x04, 0x0c,
	0xe5, 0xa1, 0x88, 0x91, 0x06, 0xc0, 0x50, 0xd4,
	0x4c, 0x0e, 0x28, 0x07, 0x4c, 0x0b, 0x28, 0x8b,
	0x13, 0x00, 0x05, 0xd7, 0x06, 0x4f, 0xb4, 0x14,
	0x93, 0x0c, 0x15, 0x00, 0x04, 0x1b, 0x93, 0x07,
	0x93, 0xc7, 0x1b, 0x00, 0x03, 0x1b, 0x93, 0x76,
	0xbc, 0x26, 0x93, 0x8a, 0xa1, 0x61, 0xa5, 0xf8,
	0x06, 0x00, 0x16, 0x13, 0x40, 0x63, 0x28, 0x16,
	0x49, 0xa0, 0xa8, 0x98, 0xac, 0x36, 0xba, 0xe7,
	0xac, 0xb8, 0x06, 0x10, 0x4e, 0x14, 0x86, 0x11,
	0x81, 0xc5, 0x06, 0x60, 0x4e, 0x14, 0x12, 0xc0,
	0x0c, 0xc4, 0x93, 0x41, 0x87, 0xc6, 0x06, 0x60,
	0x4e, 0x64, 0xa5, 0xef, 0x97, 0xee, 0xa0, 0x3f,
	0x1f, 0x1f, 0xff, 0x56, 0x04, 0x0c, 0xe5, 0xa4,
	0x44, 0x4a, 0x28, 0x17, 0x49, 0x8b, 0x28, 0x98,
	0x49, 0xa0, 0xa9, 0x22, 0xb4, 0xb7, 0x06, 0x00,
	0x14, 0x73, 0xb4, 0xb8, 0xb4, 0xb2, 0xf8, 0xbb,
	0x08, 0x00, 0x41, 0x47, 0x06, 0x00, 0x15, 0x83,
	0xea, 0x06, 0x14, 0xc0, 0x0a, 0x20, 0xa3, 0xb8,
	0x08, 0xff, 0xc8, 0x77, 0xe8, 0xb6, 0xa1, 0xe2,
	0x92, 0x02, 0xa7, 0xef, 0xa7, 0xf4, 0xa8, 0x34,
	0xbc, 0x44, 0x1f, 0x1f, 0xfe, 0xd3, 0xbe, 0x61,
	0x1f, 0x1f, 0xff, 0x98, 0x49, 0x8a, 0x25, 0xf1,
	0xac, 0x04, 0x06, 0x00, 0x16, 0x13, 0x08, 0x00,
	0x0e, 0x46, 0x80, 0xc0, 0x20, 0x00, 0x21, 0x61,
	0x08, 0x00, 0x10, 0x16, 0x14, 0xc0, 0x12, 0x03,
	0xa2, 0x41, 0xa2, 0x68, 0x10, 0x00, 0x05, 0x12,
	0x08, 0x00, 0x10, 0x66, 0x93, 0x12, 0xa2, 0x68,
	0x1f, 0x1f, 0xff, 0x1a, 0x18, 0x00, 0x03, 0x21,
	0x93, 0x12, 0x40, 0xe4, 0x25, 0xef, 0x97, 0xee,
	0xa0, 0x3f, 0x80, 0x00, 0x49, 0x01, 0x70, 0x38,
	0x49, 0x80, 0xa7, 0xef, 0xa8, 0x76, 0x14, 0x80,
	0x0e, 0xc1, 0x49, 0x9c, 0xf0, 0x45, 0xa5, 0xef,
	0x97, 0xee, 0xa0, 0x3f, 0x00, 0x17, 0x30, 0xc2,
	0x49, 0xa9, 0xa8, 0xf4, 0xa8, 0x11, 0x08, 0x00,
	0x01, 0x1d, 0xa8, 0x91, 0x17, 0x1f, 0xff, 0x14,
	0x0a, 0x00, 0x00, 0x1a, 0x49, 0x80, 0xb4, 0x9d,
	0xb8, 0xa4, 0xb6, 0x1a, 0xaa, 0x71, 0x00, 0x01,
	0x5b, 0xe6, 0x49, 0xa8, 0xa7, 0xf1, 0xa5, 0xf7,
	0x1d, 0x00, 0x04, 0x76, 0x40, 0xe0, 0x21, 0xe5,
	0x00, 0x17, 0x31, 0xc1, 0xa8, 0x03, 0x00, 0x17,
	0x32, 0x01, 0x17, 0x1f, 0xfe, 0x4f, 0xa8, 0x04,
	0x17, 0x1f, 0xff, 0x12, 0x93, 0x93, 0x49, 0x89,
	0xf0, 0x01, 0x00, 0x17, 0x31, 0xc6, 0xb8, 0x63,
	0xac, 0x53, 0x17, 0x1f, 0xff, 0x9f, 0x00, 0x17,
	0x32, 0x04, 0xa5, 0xf6, 0x19, 0xc3, 0xd0, 0xca,
	0x13, 0xa7, 0xcc, 0xcc, 0x4c, 0x53, 0x25, 0xf7,
	0x04, 0x0d, 0xc6, 0x07, 0x04, 0x17, 0x20, 0x07,
	0x81, 0xc0, 0x04, 0x0c, 0xe7, 0x11, 0x04, 0x0d,
	0xc6, 0x01, 0xa1, 0x59, 0x04, 0x17, 0x20, 0x01,
	0x00, 0x17, 0x33, 0x01, 0x00, 0x17, 0x32, 0xc7,
	0xa8, 0x06, 0x0f, 0x00, 0x1f, 0x01, 0x0d, 0xff,
	0xff, 0x11, 0x45, 0x0b, 0x28, 0x67, 0x8a, 0x71,
	0x1a, 0x00, 0x05, 0x61, 0x89, 0x16, 0x0f, 0x00,
	0x20, 0x01, 0x89, 0x61, 0xa0, 0x2f, 0x00, 0x17,
	0x32, 0x86, 0xac, 0x51, 0x00, 0x17, 0x32, 0x41,
	0x0f, 0x00, 0x20, 0x06, 0xac, 0x03, 0xa0, 0x2f,
	0x00, 0x17, 0x32, 0x81, 0xac, 0x06, 0x80, 0x00,
	0x49, 0x02, 0xf0, 0x31, 0xa7, 0xbf, 0xba, 0x65,
	0xa7, 0xf5, 0x49, 0x80, 0xa5, 0xbf, 0x97, 0xbe,
	0xa0, 0x3f, 0x00, 0x17, 0x32, 0x46, 0x0c, 0x07,
	0xff, 0x17, 0x20, 0x22, 0xd6, 0x11, 0xa8, 0x56,
	0x20, 0x00, 0x34, 0x63, 0x49, 0x82, 0x27, 0xe7,
	0x17, 0x00, 0x0a, 0xfa, 0xa7, 0xd1, 0x49, 0x84,
	0xa5, 0xe6, 0xa5, 0xd7, 0xa7, 0xc1, 0x00, 0x15,
	0x05, 0x41, 0x20, 0x00, 0x36, 0x14, 0xa5, 0xc3,
	0x10, 0x00, 0x16, 0x67, 0xa5, 0xf1, 0x00, 0x00,
	0x80, 0x01, 0x44, 0xb0, 0xa5, 0xf6, 0x89, 0x16,
	0x91, 0x21, 0x4c, 0x0b, 0x27, 0xd6, 0xa7, 0xe1,
	0x17, 0x1f, 0xbe, 0x04, 0xa5, 0xe5, 0x49, 0x84,
	0xa5, 0xe3, 0xa5, 0xc1, 0x44, 0x09, 0xa5, 0xd1,
	0x00, 0x15, 0x05, 0x44, 0x82, 0x84, 0x17, 0x1f,
	0xbd, 0xf9, 0x98, 0x16, 0x17, 0x00, 0x0a, 0xd6,
	0xa5, 0xc3, 0x00, 0x17, 0x33, 0x66, 0xa5, 0xf7,
	0xa2, 0x68, 0x88, 0x71, 0x16, 0x1f, 0xff, 0xc3,
	0xea, 0x0d, 0x80, 0x00, 0x92, 0x04, 0x00, 0x17,
	0x33, 0x01, 0xa7, 0xcf, 0xa7, 0xf1, 0x00, 0x17,
	0x32, 0x41, 0xa5, 0xf7, 0xa8, 0x06, 0x0f, 0x00,
	0x1f, 0x01, 0xa8, 0x67, 0x0d, 0xff, 0xff, 0x11,
	0x45, 0x38, 0xa7, 0xe4, 0x49, 0x82, 0x27, 0xd3,
	0x17, 0x00, 0x0a, 0xb6, 0x20, 0x00, 0x31, 0x63,
	0xa5, 0xe6, 0x10, 0xc0, 0x18, 0xc0, 0x49, 0x89,
	0xf0, 0x67, 0xa5, 0xd6, 0x1c, 0xe0, 0x0c, 0x07,
	0x17, 0x00, 0x0a, 0xa0, 0x40, 0x00, 0x30, 0xd4,
	0x86, 0x43, 0x17, 0x00, 0x0a, 0xa7, 0x93, 0x13,
	0xa5, 0xf1, 0xa8, 0x06, 0xa5, 0xe1, 0x88, 0x61,
	0x20, 0x12, 0xa0, 0x16, 0xa5, 0xf1, 0xb6, 0x06,
	0xa5, 0xcf, 0x97, 0xce, 0xa0, 0x3f, 0x80, 0x00,
	0x00, 0x17, 0x32, 0x41, 0x00, 0x17, 0x33, 0x86,
	0x49, 0x82, 0x2c, 0x00, 0x00, 0x17, 0x34, 0x81,
	0x00, 0x17, 0x32, 0xca, 0xac, 0x00, 0x00, 0x17,
	0x34, 0xc1, 0x00, 0x17, 0x33, 0x0d, 0xac, 0x00,
	0x00, 0x17, 0x35, 0x01, 0x06, 0x40, 0x00, 0x7d,
	0xa3, 0x00, 0x00, 0x17, 0x35, 0xc1, 0x00, 0x17,
	0x35, 0x29, 0xa3, 0x00, 0xa8, 0x51, 0x20, 0x6c,
	0x00, 0x01, 0x20, 0x6a, 0x00, 0x07, 0xb6, 0x51,
	0x06, 0x40, 0x00, 0x1a, 0x20, 0x6a, 0x00, 0x01,
	0x06, 0x10, 0x00, 0x69, 0x06, 0xff, 0xf0, 0x7d,
	0x06, 0xff, 0xf0, 0x1a, 0x20, 0x46, 0x60, 0x06,
	0x00, 0x17, 0x33, 0x62, 0x00, 0x17, 0x33, 0x48,
	0x00, 0x00, 0x80, 0x07, 0x00, 0x00, 0x40, 0x01,
	0x06, 0xef, 0xf8, 0x69, 0xa3, 0x17, 0xa3, 0x71,
	0x00, 0x02, 0x00, 0x05, 0x16, 0x00, 0x12, 0x8e,
	0x00, 0x15, 0x05, 0x43, 0x49, 0x02, 0xf0, 0x08,
	0x98, 0x27, 0x4c, 0x33, 0x27, 0xbf, 0x00, 0x00,
	0x0a, 0x05, 0x00, 0x0b, 0xf5, 0x84, 0x17, 0x1f,
	0xf1, 0x93, 0x00, 0x08, 0xfb, 0x03, 0x93, 0x04,
	0x98, 0x35, 0x17, 0x1f, 0xe9, 0x65, 0x98, 0x13,
	0x49, 0x82, 0x27, 0xd1, 0x00, 0x17, 0x33, 0xc1,
	0x4c, 0x1a, 0xa5, 0xd6, 0x98, 0x13, 0x17, 0x1f,
	0xe9, 0x5b, 0xac, 0x06, 0x49, 0x82, 0x27, 0xc1,
	0x4c, 0x1a, 0xa5, 0xc6, 0x00, 0x17, 0x34, 0x01,
	0x98, 0x13, 0x17, 0x1f, 0xe9, 0x51, 0xac, 0x06,
	0x93, 0x13, 0x00, 0x17, 0x34, 0x41, 0x00, 0x0b,
	0xf6, 0x04, 0x17, 0x1f, 0xe8, 0xe3, 0xac, 0x03,
	0xa5, 0xd3, 0x17, 0x1f, 0xe8, 0xdf, 0x00, 0x0b,
	0xf6, 0x84, 0xa5, 0xc3, 0x17, 0x1f, 0xe8, 0xda,
	0x00, 0x0b, 0xf7, 0x04, 0x1f, 0x1f, 0xff, 0x8a,
	0x93, 0x04, 0x00, 0x17, 0x35, 0x46, 0x17, 0x1f,
	0xc0, 0x79, 0x98, 0xd3, 0x4c, 0x68, 0xa7, 0xc1,
	0xa5, 0xc6, 0xbc, 0x76, 0xa7, 0xf1, 0xa7, 0xe6,
	0x17, 0x00, 0x0c, 0xe6, 0x00, 0x0b, 0xf7, 0x83,
	0xa5, 0xc1, 0xb8, 0xb1, 0x00, 0x00, 0x0c, 0x65,
	0x1f, 0x1f, 0xe6, 0x82, 0x00, 0x0b, 0xf4, 0x84,
	0x17, 0x00, 0x0f, 0x48, 0x00, 0x0b, 0xf9, 0xc3,
	0xa5, 0xbf, 0x97, 0xbe, 0xa0, 0x3f, 0x80, 0x00,
	0x92, 0x05, 0xa7, 0xbf, 0x00, 0x0d, 0x71, 0x51,
	0xa2, 0x85, 0x15, 0x80, 0x32, 0xc2, 0x97, 0xc4,
	0xa7, 0xd0, 0x0f, 0x00, 0x20, 0x01, 0xa7, 0xe1,
	0x00, 0x17, 0x35, 0xc1, 0xa2, 0x40, 0x04, 0x1e,
	0x70, 0x16, 0x00, 0x17, 0x35, 0x01, 0xa2, 0x40,
	0x8b, 0x61, 0x0f, 0x06, 0x3c, 0x06, 0xa7, 0xf1,
	0x17, 0x1f, 0xc1, 0x4c, 0xa7, 0xc6, 0xa5, 0xbf,
	0x97, 0xbe, 0xa0, 0x3f, 0x00, 0x17, 0x33, 0x06,
	0xa2, 0x87, 0xa8, 0x57, 0x0f, 0x00, 0x1f, 0x06,
	0x0d, 0xff, 0xff, 0x66, 0xba, 0x98, 0x04, 0x04,
	0xe6, 0x71, 0x00, 0x17, 0x32, 0xc7, 0xa8, 0x67,
	0x8a, 0x76, 0xa1, 0x5e, 0xa7, 0xd6, 0xa7, 0xe1,
	0xa1, 0x5c, 0xa7, 0xd0, 0x92, 0x07, 0x97, 0xa1,
	0xa7, 0x9f, 0xa7, 0xf1, 0x49, 0x82, 0x70, 0x05,
	0x00, 0x17, 0x35, 0x26, 0x00, 0x17, 0x34, 0x87,
	0xa2, 0x68, 0x20, 0x46, 0x60, 0x01, 0xa7, 0xe7,
	0xea, 0x0d, 0x00, 0x17, 0x34, 0x01, 0x17, 0x1f,
	0xec, 0xbd, 0xa8, 0x03, 0x00, 0x17, 0x34, 0xc1,
	0xa8, 0x06, 0xa5, 0xe1, 0xa8, 0x01, 0x44, 0x30,
	0xa5, 0xe6, 0xac, 0x51, 0x0f, 0x00, 0x20, 0x06,
	0x12, 0x00, 0x07, 0x16, 0x0f, 0xff, 0xe0, 0x06,
	0x44, 0x30, 0xa5, 0xe6, 0xac, 0x51, 0x00, 0x17,
	0x32, 0xc7, 0x0f, 0x06, 0x40, 0x08, 0x4b, 0xd2,
	0x28, 0x66, 0x20, 0x12, 0xa0, 0x16, 0xa7, 0xa8,
	0x17, 0x1f, 0xc1, 0x04, 0xb6, 0x66, 0xa5, 0x9f,
	0x97, 0x9e, 0xa0, 0x3f, 0x92, 0x05, 0x97, 0xc6,
	0xa7, 0xbf, 0x00, 0x17, 0x34, 0x81, 0x10, 0x00,
	0x08, 0x34, 0xac, 0x03, 0x0f, 0x00, 0x20, 0x01,
	0x89, 0x31, 0x44, 0x20, 0xa1, 0x84, 0x04, 0x01,
	0xe3, 0x41, 0x00, 0x17, 0x34, 0xc7, 0x0f, 0x06,
	0x34, 0x08, 0x0f, 0x00, 0x20, 0x02, 0xac, 0x61,
	0x49, 0xb2, 0x27, 0xe4, 0xa7, 0xd3, 0xa7, 0xc8,
	0x17, 0x1f, 0xc0, 0xe4, 0xa7, 0xf2, 0xa5, 0xbf,
	0x97, 0xbe, 0xa0, 0x3f, 0x49, 0x00, 0xf0, 0x05,
	0x00, 0x17, 0x33, 0xc1, 0x49, 0x82, 0x27, 0xff,
	0x17, 0x1f, 0xec, 0x74, 0xa8, 0x03, 0x1f, 0x1f,
	0xfe, 0x41, 0x00, 0x0d, 0x71, 0x51, 0x00, 0x17,
	0x33, 0x07, 0x00, 0x17, 0x32, 0xc6, 0x0f, 0x00,
	0x1f, 0x08, 0xa2, 0x80, 0x0d, 0xff, 0xff, 0x83,
	0xa8, 0x67, 0xa8, 0x56, 0x04, 0x04, 0xe3, 0x74,
	0x45, 0x31, 0xbb, 0x41, 0x00, 0x17, 0x32, 0x81,
	0x0f, 0x00, 0x10, 0x06, 0xa8, 0x01, 0x11, 0x00,
	0x0d, 0x61, 0x00, 0x17, 0x35, 0x26, 0xa2, 0x68,
	0x20, 0x20, 0xcc, 0x17, 0xba, 0x67, 0x20, 0x46,
	0x60, 0x11, 0x17, 0x1f, 0xff, 0xb5, 0xa3, 0x51,
	0xa5, 0xff, 0x97, 0xfe, 0xa0, 0x3f, 0x80, 0x00,
	0x92, 0x07, 0xa7, 0x9f, 0x1f, 0x1f, 0xfe, 0x16,
	0x17, 0x1f, 0xed, 0x5c, 0x20, 0x22, 0xd6, 0x38,
	0x00, 0x17, 0x33, 0x01, 0x0c, 0x07, 0xff, 0x37,
	0xa7, 0xd1, 0xa5, 0xd6, 0x0f, 0x00, 0x1f, 0x01,
	0x0d, 0xff, 0xff, 0x11, 0xa8, 0x56, 0x45, 0x30,
	0xa7, 0xe3, 0x10, 0x00, 0x09, 0x78, 0xa7, 0xc1,
	0x00, 0x00, 0x80, 0x01, 0x89, 0x71, 0x88, 0x81,
	0xa1, 0x05, 0xa7, 0xb1, 0x04, 0x01, 0xe7, 0x81,
	0xa7, 0xb1, 0x1f, 0x1f, 0xee, 0x6d, 0xa5, 0xb1,
	0x12, 0x80, 0x0e, 0x20, 0x00, 0x0d, 0x71, 0x51,
	0xa5, 0x9f, 0x97, 0x9e, 0xa0, 0x3f, 0xa2, 0x80,
	0xba, 0xd1, 0x00, 0x17, 0x32, 0x81, 0xa5, 0xb6,
	0xa8, 0x01, 0x11, 0x00, 0x08, 0x61, 0x00, 0x17,
	0x34, 0x01, 0x9f, 0xf4, 0x17, 0x1f, 0xea, 0x42,
	0xa8, 0x03, 0x1f, 0x1f, 0xe5, 0x4d, 0xa5, 0xb1,
	0xa5, 0xc6, 0x44, 0x30, 0xa5, 0xb7, 0x0f, 0x00,
	0x20, 0x08, 0x49, 0xba, 0xa5, 0xe3, 0x49, 0x9b,
	0x27, 0xa1, 0x12, 0x00, 0x14, 0x18, 0xa5, 0xc4,
	0x04, 0x01, 0xe4, 0x85, 0x04, 0x01, 0xe5, 0x76,
	0x42, 0x50, 0x70, 0x37, 0x20, 0x11, 0x60, 0x17,
	0xa7, 0xa6, 0x17, 0x1f, 0xfd, 0xe7, 0xa7, 0xb7,
	0x49, 0x82, 0x25, 0xb3, 0x49, 0x9b, 0xa5, 0xa6,
	0x93, 0x65, 0x44, 0x3b, 0x27, 0xb3, 0x17, 0x1f,
	0xfd, 0xdd, 0xa7, 0xc6, 0xa5, 0xc6, 0xa5, 0xb1,
	0x20, 0x11, 0x60, 0x61, 0x17, 0x1f, 0xe5, 0x40,
	0xa7, 0xc1, 0x1f, 0x1f, 0xec, 0xfb, 0xa5, 0xd1,
	0x00, 0x17, 0x33, 0x87, 0xa8, 0x01, 0xa5, 0xa8,
	0x20, 0x12, 0xa0, 0x81, 0xa8, 0x66, 0xa5, 0xc8,
	0x20, 0x11, 0x60, 0x86, 0xa5, 0xd8, 0xb6, 0x66,
	0x17, 0x1f, 0xee, 0x1a, 0xb6, 0x71, 0x1f, 0x1f,
	0xff, 0x57, 0x1e, 0x1f, 0xff, 0xaf, 0x80, 0x00,
	0x92, 0x03, 0x00, 0x17, 0x34, 0x41, 0xa7, 0xdf,
	0xa8, 0x01, 0xa7, 0xe1, 0x17, 0x1f, 0xe9, 0xf6,
	0x4f, 0xfa, 0x25, 0xe3, 0x00, 0x17, 0x32, 0x41,
	0xa8, 0x01, 0xb8, 0x61, 0x00, 0x17, 0x33, 0x81,
	0x17, 0x1f, 0xff, 0x74, 0xa8, 0x03, 0xa1, 0xf3,
	0x92, 0x01, 0x00, 0x0d, 0x68, 0xc1, 0xa7, 0xff,
	0xa2, 0xc0, 0xbe, 0x41, 0xa5, 0xff, 0x97, 0xfe,
	0xa0, 0x3f, 0x17, 0x1f, 0xdd, 0x15, 0x98, 0x13,
	0xa1, 0xfa, 0x80, 0x00, 0x92, 0x01, 0x00, 0x0d,
	0x68, 0xc1, 0xa7, 0xff, 0xa2, 0xc5, 0xba, 0x66,
	0x00, 0x17, 0x05, 0x44, 0xa5, 0xff, 0x97, 0xfe,
	0xa0, 0x3f, 0x4c, 0x1a, 0xa3, 0x80, 0x17, 0x00,
	0x02, 0x5b, 0x00, 0x00, 0x91, 0x33, 0x17, 0x1f,
	0xdc, 0xff, 0x93, 0x03, 0xa1, 0xf4, 0x80, 0x00,
	0x92, 0x03, 0x97, 0xe1, 0xa7, 0xdf, 0x20, 0x20,
	0x58, 0x43, 0x00, 0x17, 0x05, 0x46, 0x99, 0x97,
	0x4c, 0x1c, 0x34, 0xd3, 0x0c, 0x00, 0x1f, 0x42,
	0xb4, 0xd7, 0x11, 0x80, 0x92, 0x59, 0xb6, 0x58,
	0x20, 0x20, 0x9e, 0x46, 0x20, 0x02, 0x86, 0x46,
	0x15, 0x80, 0x66, 0x60, 0x0c, 0x00, 0x1f, 0x57,
	0x04, 0x1c, 0x68, 0x58, 0x0c, 0x00, 0x60, 0x83,
	0x0c, 0x00, 0x60, 0x52, 0x0c, 0x00, 0x1f, 0x88,
	0x20, 0x02, 0x32, 0x77, 0x20, 0x02, 0x33, 0x88,
	0x06, 0x6f, 0xf8, 0x7e, 0x06, 0x6f, 0xfa, 0x8e,
	0x04, 0x1c, 0x70, 0x57, 0x04, 0x1c, 0x78, 0x58,
	0x0c, 0x00, 0x60, 0x72, 0x0c, 0x00, 0x60, 0x83,
	0x0c, 0x00, 0x1f, 0x77, 0x0c, 0x00, 0x1f, 0x88,
	0x20, 0x02, 0x32, 0x77, 0x20, 0x02, 0x33, 0x88,
	0x06, 0x6f, 0xfc, 0x7e, 0x06, 0x6f, 0xfe, 0x8e,
	0x17, 0x1f, 0xdc, 0x46, 0x40, 0xf5, 0x70, 0x14,
	0x98, 0x16, 0x00, 0x0d, 0x68, 0xc1, 0xa3, 0x86,
	0xa5, 0xdf, 0x97, 0xde, 0xa0, 0x3f, 0x20, 0x21,
	0x50, 0x58, 0x20, 0x21, 0x60, 0x52, 0x20, 0x21,
	0x70, 0x53, 0x06, 0x6f, 0xf8, 0x7e, 0x06, 0x6f,
	0xfa, 0x8e, 0x06, 0x6f, 0xfc, 0x2e, 0xa1, 0x69,
	0x06, 0x6f, 0xfe, 0x3e, 0x04, 0x1c, 0x68, 0x56,
	0x0c, 0x00, 0x60, 0x62, 0x0c, 0x00, 0x1f, 0x66,
	0x0c, 0x00, 0x1f, 0x57, 0x0c, 0x00, 0x60, 0x58,
	0x20, 0x02, 0x32, 0x66, 0x20, 0x02, 0x38, 0x77,
	0x20, 0x20, 0x9a, 0x48, 0x06, 0x6f, 0xfa, 0x6e,
	0x06, 0x6f, 0xf8, 0x7e, 0x16, 0x1f, 0xff, 0xbe,
	0x20, 0x02, 0x88, 0x46, 0x92, 0x04, 0x20, 0x22,
	0x52, 0x36, 0x00, 0x0d, 0x6a, 0x41, 0xa7, 0xcf,
	0xa7, 0xd6, 0xa7, 0xe4, 0xa7, 0xf5, 0xa8, 0x01,
	0xb8, 0xc1, 0xa5, 0xd7, 0x06, 0x20, 0x10, 0x61,
	0x1c, 0x00, 0x04, 0x76, 0xa1, 0x7a, 0xa8, 0x01,
	0xa9, 0x81, 0xbc, 0x31, 0x1f, 0x80, 0x00, 0x01,
	0xa5, 0xd1, 0x15, 0x80, 0x18, 0x3f, 0xa5, 0xe1,
	0x11, 0x80, 0x12, 0x24, 0x00, 0x0d, 0x6b, 0x81,
	0xa5, 0xe6, 0x20, 0x00, 0x36, 0x11, 0xa5, 0xf6,
	0xac, 0x06, 0xa5, 0xcf, 0x97, 0xce, 0xa0, 0x3f,
	0x00, 0x17, 0x33, 0x82, 0x00, 0x17, 0x36, 0x08,
	0xa8, 0x11, 0x20, 0x22, 0xd6, 0x16, 0x08, 0x00,
	0x01, 0x67, 0x0c, 0x07, 0xff, 0x75, 0x08, 0x00,
	0x01, 0x59, 0x00, 0x15, 0x05, 0x43, 0x0f, 0xff,
	0xe0, 0x04, 0x20, 0x11, 0x6b, 0x71, 0x0c, 0x07,
	0xff, 0x97, 0x20, 0x00, 0x36, 0x3a, 0x0d, 0x00,
	0x0c, 0x44, 0x20, 0x11, 0x6b, 0x91, 0x93, 0x76,
	0x20, 0x00, 0x35, 0x39, 0x43, 0x0b, 0xa8, 0xf5,
	0x20, 0x11, 0x6b, 0x71, 0x20, 0x00, 0x36, 0x36,
	0xa8, 0x77, 0x06, 0x70, 0x00, 0x4a, 0x06, 0x70,
	0x00, 0x59, 0xa0, 0x2f, 0xb6, 0x11, 0xac, 0x57,
	0x00, 0x0d, 0x6a, 0x46, 0xa8, 0x51, 0xbc, 0x51,
	0xa8, 0x06, 0xb6, 0x03, 0xac, 0x26, 0xa0, 0x3f,
	0xa1, 0x7f, 0xac, 0x53, 0x00, 0x0d, 0x6a, 0x81,
	0xb4, 0x80, 0xb6, 0x00, 0x00, 0x0d, 0x6b, 0x01,
	0xa0, 0x2f, 0xb4, 0x80, 0xb6, 0x00, 0x80, 0x00,
	0x92, 0x08, 0x97, 0x91, 0x15, 0x80, 0x0e, 0x61,
	0xa7, 0x8f, 0x17, 0x1f, 0xc5, 0x95, 0x93, 0x13,
	0xa1, 0x84, 0x17, 0x1f, 0xc5, 0x79, 0x93, 0x13,
	0xa5, 0x96, 0x15, 0x80, 0x12, 0x21, 0xa5, 0xa7,
	0xa5, 0xb1, 0x04, 0x00, 0xe1, 0x66, 0xa5, 0xc1,
	0x04, 0x02, 0xe1, 0x77, 0xa5, 0xd2, 0x00, 0x0d,
	0x6b, 0x08, 0x00, 0x0d, 0x6a, 0x81, 0xa5, 0xe3,
	0xb4, 0xf2, 0xb4, 0x86, 0xb6, 0x73, 0xb6, 0x07,
	0xa5, 0x8f, 0x97, 0x8e, 0xa0, 0x3f, 0x80, 0x00,
	0x49, 0x02, 0xf0, 0x31, 0x00, 0x0d, 0x6b, 0x06,
	0x00, 0x0d, 0x6a, 0x87, 0xa7, 0xbf, 0xa7, 0xe6,
	0xa7, 0xd3, 0xa7, 0xf4, 0xa8, 0x63, 0xa8, 0xe4,
	0xa5, 0xe7, 0xa8, 0xd6, 0xba, 0x41, 0x4c, 0x0b,
	0xa8, 0x65, 0x93, 0x07, 0x17, 0x1f, 0xc3, 0xbe,
	0xa5, 0xf8, 0xa7, 0xc1, 0xa5, 0xf7, 0xa5, 0xe1,
	0xa8, 0x66, 0xa8, 0x01, 0x04, 0x01, 0xe1, 0x66,
	0xa5, 0xe1, 0xa8, 0xe7, 0x4c, 0x08, 0xa8, 0x88,
	0x04, 0x03, 0xe8, 0x77, 0x0f, 0xe5, 0x7f, 0x08,
	0x0d, 0x54, 0x00, 0x88, 0xa7, 0xf2, 0x1b, 0x00,
	0x03, 0x86, 0x93, 0x01, 0x15, 0x80, 0x08, 0xea,
	0x93, 0x06, 0x93, 0x16, 0x13, 0x80, 0x08, 0xea,
	0x98, 0x11, 0x93, 0x61, 0xbc, 0x41, 0x17, 0x1f,
	0xff, 0xa9, 0xa5, 0xd3, 0xa5, 0xbf, 0xa5, 0xc1,
	0xa5, 0xf2, 0x4b, 0xdf, 0x20, 0x3f, 0x80, 0x00,
	0x16, 0x1f, 0xff, 0xc4, 0x93, 0x03, 0x80, 0x00,
	0x92, 0x03, 0xa7, 0xdf, 0x17, 0x1f, 0xff, 0xbe,
	0x97, 0xe4, 0xa5, 0xdf, 0x97, 0xde, 0xa0, 0x3f,
	0x92, 0x01, 0xa7, 0xff, 0x1f, 0x00, 0x0d, 0xac,
	0x00, 0x17, 0x35, 0x81, 0x00, 0x0d, 0x6c, 0x83,
	0x17, 0x1f, 0xff, 0x78, 0xac, 0x00, 0x17, 0x1f,
	0xff, 0x75, 0x00, 0x0d, 0x69, 0x03, 0xa5, 0xff,
	0x97, 0xfe, 0xa0, 0x3f, 0x92, 0x0a, 0x97, 0x71,
	0xa7, 0x6f, 0xa7, 0xe1, 0x00, 0x0d, 0x71, 0x51,
	0xa7, 0xd3, 0xa2, 0x80, 0x00, 0x17, 0x33, 0x87,
	0xb9, 0x31, 0xa8, 0x61, 0x20, 0x22, 0xd6, 0x16,
	0x08, 0x00, 0x01, 0x68, 0x00, 0x15, 0x05, 0x42,
	0x0f, 0xde, 0xad, 0x03, 0x20, 0x11, 0x6b, 0x81,
	0x20, 0x00, 0x36, 0x28, 0x0d, 0xbe, 0xef, 0x32,
	0x93, 0x76, 0xac, 0x72, 0xb6, 0x51, 0x00, 0x17,
	0x32, 0x41, 0xa8, 0x01, 0xbc, 0x41, 0x17, 0x1f,
	0xfd, 0xd9, 0xa8, 0x63, 0x00, 0x17, 0x36, 0x01,
	0x00, 0x17, 0x36, 0x86, 0x00, 0x17, 0x36, 0xc8,
	0x4c, 0x1b, 0xa8, 0x82, 0xa8, 0x56, 0xa8, 0x01,
	0xa8, 0x78, 0xa7, 0x82, 0xa7, 0xa6, 0xb8, 0x48,
	0xa7, 0x91, 0x4c, 0x23, 0xa7, 0xb8, 0x0f, 0xff,
	0xe0, 0x01, 0x0d, 0x00, 0x10, 0x16, 0x04, 0x1e,
	0x6c, 0x78, 0x00, 0xff, 0x00, 0x01, 0x45, 0x40,
	0xa5, 0xe3, 0x8b, 0x16, 0x08, 0x00, 0x01, 0x74,
	0x17, 0x1f, 0xfc, 0x36, 0xa7, 0x76, 0xa5, 0xd1,
	0x1d, 0x80, 0x08, 0x21, 0x1f, 0x1f, 0xfc, 0xfa,
	0xa5, 0x6f, 0x97, 0x6e, 0xa0, 0x3f, 0x80, 0x00,
	0x92, 0x05, 0x00, 0x17, 0x36, 0x01, 0xa7, 0xbf,
	0x4c, 0x09, 0xa7, 0xf3, 0xa7, 0xd1, 0xa7, 0xc4,
	0x17, 0x1f, 0xff, 0x90, 0xa7, 0xe5, 0x49, 0x96,
	0xf0, 0x1c, 0xa5, 0xd1, 0xa8, 0x01, 0x04, 0x01,
	0xe1, 0xc7, 0xa5, 0xd1, 0xa8, 0x81, 0x04, 0x03,
	0xe1, 0xd8, 0x93, 0x01, 0xbe, 0x18, 0x13, 0x80,
	0x09, 0x00, 0x98, 0x16, 0x93, 0x16, 0x15, 0x80,
	0xbe, 0xc0, 0x00, 0x0d, 0x71, 0x51, 0x00, 0x17,
	0x33, 0x81, 0xa7, 0xd1, 0xa8, 0x08, 0xa5, 0xe1,
	0x04, 0x1e, 0x6c, 0x16, 0x00, 0xff, 0x00, 0x01,
	0x8a, 0x61, 0x0f, 0xff, 0xe0, 0x06, 0x45, 0x8b,
	0x25, 0xf1, 0x8b, 0x16, 0x00, 0x15, 0x05, 0x41,
	0x20, 0x22, 0xd6, 0x84, 0xa7, 0xf1, 0x04, 0x89,
	0x94, 0x61, 0xa5, 0xf6, 0x08, 0x00, 0x01, 0x43,
	0x20, 0x00, 0x34, 0x66, 0x0c, 0x07, 0xff, 0x32,
	0x20, 0x11, 0x6b, 0x38, 0x08, 0x00, 0x01, 0x23,
	0xac, 0x51, 0x20, 0x11, 0x6b, 0x38, 0xa5, 0xd1,
	0xa5, 0xf3, 0x20, 0x00, 0x32, 0x32, 0xac, 0x08,
	0xa5, 0xe1, 0xac, 0x17, 0x18, 0xc0, 0x3a, 0x20,
	0xa1, 0x02, 0xa5, 0xc4, 0x08, 0x00, 0x04, 0x46,
	0x87, 0xf1, 0x4c, 0x22, 0xa7, 0xc6, 0xa5, 0xd6,
	0xa7, 0xe1, 0xa8, 0x56, 0x20, 0x22, 0xd6, 0x61,
	0x08, 0x00, 0x01, 0x17, 0x20, 0x11, 0x6b, 0x76,
	0xa5, 0xf7, 0x20, 0x00, 0x31, 0x73, 0xa5, 0xd1,
	0x17, 0x00, 0x0e, 0x5a, 0xac, 0x06, 0xa5, 0xe1,
	0xa5, 0xc4, 0x1d, 0x83, 0xd2, 0x20, 0xa5, 0xd1,
	0xa8, 0x01, 0x0c, 0x07, 0xff, 0x16, 0x20, 0x22,
	0xd6, 0x11, 0x18, 0x00, 0x05, 0x16, 0x89, 0x61,
	0x00, 0x00, 0x80, 0x06, 0x04, 0x01, 0xe1, 0x61,
	0x00, 0x17, 0x33, 0x66, 0xa3, 0x51, 0xa5, 0xbf,
	0x97, 0xbe, 0xa0, 0x3f, 0xa2, 0x80, 0xbc, 0x31,
	0x1f, 0x1f, 0xfe, 0x78, 0xa5, 0xd1, 0xb4, 0x8c,
	0x17, 0x1f, 0xfe, 0x74, 0xb6, 0x0d, 0x16, 0x1f,
	0xff, 0x9c, 0x93, 0x07, 0x92, 0x01, 0x00, 0x00,
	0x7f, 0xe6, 0x4f, 0xf8, 0xa7, 0xff, 0x10, 0x00,
	0x07, 0x56, 0x00, 0x17, 0x33, 0x66, 0xa5, 0xff,
	0x97, 0xfe, 0xa0, 0x3f, 0x08, 0x00, 0x08, 0x51,
	0xa2, 0x6d, 0x10, 0x00, 0x0a, 0x16, 0x00, 0x17,
	0x35, 0x06, 0xa2, 0x68, 0x08, 0x00, 0x01, 0x17,
	0x9f, 0xe1, 0xea, 0x3d, 0xa1, 0xf1, 0x1f, 0x1f,
	0xff, 0x61, 0x00, 0x17, 0x33, 0x66, 0x00, 0x17,
	0x33, 0x41, 0xa2, 0x6d, 0xa2, 0x40, 0x10, 0x00,
	0x08, 0x16, 0x00, 0x17, 0x34, 0x41, 0x93, 0x04,
	0x17, 0x1f, 0xe6, 0x44, 0xa8, 0x03, 0x49, 0x80,
	0xa1, 0xef, 0x80, 0x00, 0x92, 0x04, 0x00, 0x00,
	0x7f, 0xe6, 0x4f, 0xf8, 0xa7, 0xcf, 0xa7, 0xd5,
	0xa7, 0xe3, 0x10, 0x00, 0x06, 0x56, 0xa7, 0xf4,
	0xa5, 0xcf, 0x97, 0xce, 0xa0, 0x3f, 0x00, 0x17,
	0x33, 0x61, 0x08, 0x00, 0x08, 0x56, 0xa2, 0x46,
	0x12, 0x00, 0x0f, 0x76, 0x00, 0x17, 0x35, 0xc1,
	0x1f, 0x1f, 0xe2, 0x6a, 0xa5, 0xe3, 0xa5, 0xf4,
	0x17, 0x1f, 0xff, 0xba, 0xa5, 0xd5, 0x1f, 0x1f,
	0xe2, 0x7f, 0x49, 0x80, 0xa1, 0xeb, 0x00, 0x17,
	0x33, 0x46, 0xa2, 0x47, 0x43, 0x0c, 0x22, 0x6d,
	0x10, 0x00, 0x09, 0x67, 0xea, 0x40, 0x00, 0x17,
	0x34, 0x41, 0x93, 0x04, 0x17, 0x1f, 0xe6, 0x12,
	0xa8, 0x03, 0x4f, 0xf0, 0xa1, 0xdb, 0x80, 0x00,
	0x92, 0x01, 0x00, 0x17, 0x35, 0x81, 0xa7, 0xff,
	0xa8, 0x01, 0x04, 0x89, 0xff, 0x16, 0x93, 0x01,
	0xba, 0x66, 0x04, 0x1c, 0x65, 0x36, 0xa5, 0xff,
	0x97, 0xfe, 0xa0, 0x3f, 0x83, 0x51, 0x11, 0x80,
	0x28, 0xc4, 0x9f, 0xf1, 0x00, 0x0d, 0x6b, 0x87,
	0x20, 0x00, 0x36, 0x78, 0x91, 0x56, 0x04, 0x01,
	0xe6, 0x37, 0x4c, 0x0c, 0x28, 0x76, 0x04, 0x09,
	0xe7, 0x87, 0x8a, 0x76, 0xbc, 0x56, 0x17, 0x1f,
	0xff, 0xaf, 0x08, 0x00, 0x1f, 0x23, 0xa1, 0xe8,
	0x92, 0x04, 0x97, 0xd1, 0xa7, 0xcf, 0x93, 0x03,
	0x17, 0x1f, 0xfe, 0x28, 0xa7, 0xf1, 0x00, 0x0d,
	0x6a, 0x41, 0x93, 0x03, 0xa8, 0x01, 0x17, 0x1f,
	0xfe, 0x85, 0xa7, 0xe1, 0x00, 0x17, 0x36, 0x06,
	0xb4, 0xd1, 0x17, 0x1f, 0xfd, 0xdb, 0xb6, 0x52,
	0xa5, 0xe1, 0xbd, 0x71, 0x4c, 0x0b, 0xa5, 0xe6,
	0x00, 0x17, 0x35, 0x81, 0x06, 0x20, 0x10, 0x66,
	0x04, 0x09, 0xe6, 0x76, 0xa8, 0x01, 0x8a, 0x61,
	0x15, 0x00, 0x07, 0x61, 0xa5, 0xe1, 0xa8, 0x81,
	0xbc, 0x31, 0x1f, 0x80, 0x00, 0x01, 0xa5, 0xe1,
	0xa8, 0x01, 0x15, 0x83, 0xda, 0x20, 0xa7, 0xe1,
	0x4c, 0x09, 0xa5, 0xf4, 0x98, 0x15, 0x17, 0x1f,
	0xff, 0xad, 0xa7, 0xd3, 0xa5, 0xcf, 0x97, 0xce,
	0xa0, 0x3f, 0x80, 0x00, 0x92, 0x04, 0x97, 0xd4,
	0xa7, 0xcf, 0x00, 0x0d, 0x6a, 0x41, 0x4c, 0x0a,
	0xa7, 0xd0, 0x4c, 0x09, 0xa8, 0x01, 0x17, 0x1f,
	0xff, 0x9d, 0xa7, 0xf1, 0xa5, 0xf1, 0xb9, 0xa1,
	0x00, 0x17, 0x35, 0x86, 0xa7, 0xe1, 0xa7, 0xf6,
	0x4c, 0x0b, 0xa5, 0xe6, 0xa5, 0xf1, 0x06, 0x20,
	0x10, 0x66, 0x04, 0x09, 0xe6, 0x76, 0xa8, 0x01,
	0x8a, 0x61, 0x15, 0x00, 0x07, 0x61, 0xa5, 0xe1,
	0xa9, 0x01, 0xbc, 0x31, 0x1f, 0x80, 0x00, 0x01,
	0xa5, 0xe1, 0xa8, 0x01, 0x15, 0x83, 0xdc, 0x20,
	0xa7, 0xe1, 0x00, 0x17, 0x35, 0x81, 0x93, 0x03,
	0x17, 0x1f, 0xfe, 0x30, 0xac, 0x00, 0x00, 0x17,
	0x36, 0x06, 0xb4, 0xd1, 0x17, 0x1f, 0xfd, 0x86,
	0xb6, 0x52, 0x17, 0x1f, 0xfd, 0xb9, 0x93, 0x03,
	0x00, 0x0d, 0x6b, 0x81, 0x1c, 0xc0, 0x04, 0x04,
	0xb4, 0x80, 0xa5, 0xcf, 0x97, 0xce, 0xa0, 0x3f,
	0x92, 0x07, 0xa7, 0x9f, 0x17, 0x1f, 0xfe, 0x16,
	0x97, 0xa4, 0x4b, 0xe2, 0x25, 0xa7, 0x4c, 0x21,
	0xa5, 0xb6, 0x4c, 0x22, 0xa7, 0xd1, 0xa7, 0xc2,
	0xa7, 0xf7, 0x17, 0x1f, 0xff, 0x29, 0xa7, 0xe6,
	0xa5, 0x9f, 0x97, 0x9e, 0xa0, 0x3f, 0x80, 0x00,
	0x92, 0x01, 0xa7, 0xff, 0x1f, 0x1f, 0xe9, 0xdc,
	0x49, 0x8a, 0xa5, 0xff, 0x00, 0x17, 0x06, 0x01,
	0x9f, 0xf7, 0x4c, 0x0a, 0x28, 0x03, 0x16, 0x1f,
	0xef, 0xe1, 0x97, 0xfe, 0x00, 0x17, 0x06, 0x01,
	0x4c, 0x1a, 0x70, 0x05, 0x16, 0x1f, 0xef, 0xda,
	0x4f, 0xfb, 0xa8, 0x03, 0x49, 0x80, 0xa0, 0x3f,
	0x92, 0x02, 0xa7, 0xef, 0xa7, 0xf3, 0x17, 0x00,
	0x05, 0x47, 0x49, 0x82, 0x25, 0xf3, 0x1c, 0x83,
	0xf8, 0x20, 0xa5, 0xef, 0x97, 0xee, 0xa0, 0x3f,
	0x1e, 0x00, 0x05, 0x40, 0x49, 0x01, 0xf0, 0x38,
	0x80, 0x98, 0xa7, 0xdf, 0xb8, 0x81, 0xa7, 0xf1,
	0x98, 0x42, 0x04, 0x01, 0xe1, 0x21, 0x89, 0x17,
	0x44, 0x0a, 0x27, 0xf1, 0x80, 0xb0, 0x04, 0x01,
	0xe1, 0x71, 0x93, 0x07, 0xb8, 0xa1, 0xa7, 0xe1,
	0x42, 0xb1, 0x70, 0x09, 0x44, 0x42, 0x25, 0xe5,
	0x17, 0x1f, 0xb8, 0x48, 0x93, 0x06, 0x93, 0x17,
	0x12, 0xc0, 0x10, 0xe0, 0x93, 0x01, 0xa5, 0xf1,
	0x04, 0x1e, 0x7e, 0x11, 0xa5, 0xe6, 0x88, 0x61,
	0xa5, 0xdf, 0x97, 0xde, 0xa0, 0x3f, 0x80, 0x00,
	0x1e, 0x1f, 0xe1, 0x56, 0x1e, 0x1f, 0xe1, 0x70,
	0x49, 0x03, 0xf0, 0x01, 0x0f, 0x00, 0x40, 0x06,
	0xa7, 0x9f, 0xa7, 0xd3, 0x13, 0x00, 0x26, 0x64,
	0xa7, 0xe4, 0x17, 0x00, 0x05, 0x09, 0x49, 0x82,
	0x25, 0xd3, 0x14, 0x83, 0xf8, 0x20, 0xa7, 0xc1,
	0x1f, 0x1f, 0xe1, 0x42, 0x0f, 0x50, 0x4c, 0x01,
	0x0d, 0x54, 0x01, 0x17, 0x17, 0x00, 0x04, 0xf6,
	0xa5, 0xc3, 0x14, 0x00, 0x16, 0x17, 0xa5, 0xe6,
	0x9f, 0xf1, 0xa7, 0xb1, 0xa5, 0xb1, 0x18, 0x80,
	0x0e, 0x20, 0xa7, 0xf1, 0x17, 0x00, 0x07, 0xc4,
	0x00, 0x0b, 0xfc, 0xc3, 0x1f, 0x1f, 0xe1, 0x48,
	0x17, 0x00, 0x04, 0xec, 0xa5, 0xc3, 0xa5, 0xb1,
	0xa5, 0x9f, 0x97, 0x9e, 0xa0, 0x3f, 0x84, 0xa8,
	0x08, 0xff, 0xfc, 0x16, 0x17, 0x00, 0x04, 0xda,
	0x93, 0x63, 0x1d, 0x7f, 0xe7, 0x17, 0x4f, 0xf3,
	0xa5, 0xc8, 0xa8, 0xf1, 0xa7, 0xb7, 0x15, 0x83,
	0xc6, 0x30, 0x00, 0x17, 0x06, 0x81, 0x17, 0x00,
	0x04, 0xc9, 0x49, 0xc1, 0xf0, 0x04, 0x17, 0x00,
	0x04, 0xc5, 0x93, 0x63, 0x4f, 0xeb, 0xa8, 0xf6,
	0xa9, 0x72, 0xa9, 0xf8, 0xb4, 0x86, 0xb6, 0x02,
	0xa7, 0xb7, 0x14, 0x83, 0xa3, 0x00, 0xa7, 0xa8,
	0xa5, 0xe1, 0x11, 0x7f, 0xcd, 0x18, 0xa5, 0xd1,
	0x42, 0xe1, 0x25, 0xe1, 0x17, 0x1f, 0xc4, 0x64,
	0x04, 0x01, 0xe8, 0x14, 0xb8, 0x81, 0x00, 0x17,
	0x07, 0x06, 0xa5, 0xa7, 0xa7, 0xb1, 0x16, 0x1f,
	0xff, 0xbf, 0xac, 0x57, 0x9f, 0xc1, 0x00, 0x0b,
	0xfa, 0x83, 0x17, 0x00, 0x07, 0x81, 0xa7, 0xf1,
	0x9f, 0xc1, 0x16, 0x1f, 0xff, 0xb5, 0xa7, 0xb1,
	0x92, 0x03, 0x00, 0x17, 0x37, 0xc1, 0xa7, 0xdf,
	0xac, 0x00, 0xa7, 0xe1, 0x0f, 0x50, 0x4c, 0x01,
	0xa8, 0x47, 0x0d, 0x54, 0x02, 0x16, 0x1b, 0x00,
	0x2a, 0x76, 0x1c, 0x00, 0x22, 0x76, 0x0d, 0x54,
	0x06, 0x11, 0x14, 0x00, 0x18, 0x71, 0x4c, 0x08,
	0xa5, 0xe6, 0x00, 0x0d, 0xea, 0xd1, 0x15, 0x00,
	0x0a, 0x71, 0x4c, 0x08, 0xa5, 0xe6, 0x00, 0x0b,
	0xfe, 0x03, 0x17, 0x00, 0x07, 0x5d, 0xac, 0x51,
	0xa1, 0x86, 0xa7, 0xf7, 0x17, 0x00, 0x07, 0x58,
	0x00, 0x0b, 0xff, 0x43, 0xa5, 0xdf, 0x97, 0xde,
	0xa0, 0x3f, 0x17, 0x1f, 0xc2, 0x45, 0xac, 0x51,
	0x1f, 0x1f, 0xc1, 0xf6, 0xa1, 0xf8, 0x17, 0x1f,
	0xc4, 0x53, 0xa8, 0xc3, 0xa5, 0xe6, 0xa1, 0x73,
	0xac, 0x51, 0x0d, 0x54, 0x01, 0x11, 0x1d, 0x7f,
	0xde, 0x71, 0xa8, 0xc3, 0x17, 0x1f, 0xff, 0x5a,
	0xa9, 0x44, 0xa1, 0xf5, 0x92, 0x03, 0x00, 0x17,
	0x37, 0x06, 0x4c, 0x39, 0xa7, 0xdf, 0x17, 0x1f,
	0xba, 0xc1, 0x00, 0x09, 0x7f, 0x84, 0xb8, 0x71,
	0xa7, 0xe1, 0xa7, 0xf1, 0x17, 0x00, 0x07, 0x30,
	0x00, 0x0c, 0x01, 0xc3, 0xa5, 0xe1, 0xb8, 0xb1,
	0x00, 0x00, 0x0c, 0xf5, 0x1f, 0x1f, 0xe0, 0xcc,
	0x00, 0x0c, 0x00, 0xc4, 0x17, 0x00, 0x09, 0x92,
	0x00, 0x0c, 0x03, 0x43, 0x00, 0x17, 0x37, 0xc4,
	0x17, 0x1f, 0xbb, 0xd2, 0x98, 0x73, 0xa1, 0xfb,
	0x00, 0x20, 0x00, 0x01, 0x98, 0x16, 0xa0, 0x2f,
	0xe8, 0x80, 0xeb, 0xb0, 0x00, 0x20, 0x00, 0x01,
	0x00, 0x00, 0x06, 0x26, 0xa2, 0x40, 0x04, 0x0c,
	0xe1, 0x61, 0x00, 0x20, 0x00, 0x46, 0x88, 0x61,
	0x86, 0xe1, 0xa0, 0x2f, 0x20, 0x00, 0x23, 0x11,
	0xa2, 0x40, 0x80, 0x00, 0x00, 0x20, 0x00, 0x01,
	0x00, 0x00, 0x06, 0x26, 0xa2, 0x40, 0x04, 0x0c,
	0xe1, 0x61, 0x00, 0x20, 0x00, 0x46, 0x88, 0x61,
	0x86, 0x41, 0xa0, 0x2f, 0x20, 0x00, 0x23, 0x11,
	0xa2, 0x40, 0x80, 0x00, 0x00, 0x20, 0x00, 0x01,
	0x00, 0x00, 0x06, 0x26, 0xa2, 0x40, 0x04, 0x0c,
	0xe1, 0x61, 0x00, 0x20, 0x00, 0x46, 0xa0, 0x2f,
	0x88, 0x61, 0x06, 0x60, 0x50, 0x41, 0x80, 0x00,
	0x00, 0x20, 0x00, 0x01, 0x00, 0x00, 0x06, 0x26,
	0xa2, 0x40, 0x04, 0x0c, 0xe1, 0x61, 0x00, 0x20,
	0x00, 0x46, 0x88, 0x61, 0x08, 0x00, 0x34, 0x11,
	0xa0, 0x2f, 0x20, 0x00, 0x23, 0x11, 0xa3, 0x04,
	0x00, 0x20, 0x00, 0x01, 0x00, 0x00, 0x06, 0x26,
	0xa2, 0x40, 0x04, 0x0c, 0xe1, 0x61, 0x00, 0x20,
	0x00, 0x46, 0x88, 0x61, 0x08, 0x00, 0x18, 0x11,
	0xa0, 0x2f, 0x20, 0x00, 0x23, 0x11, 0xa3, 0x04,
	0x00, 0x20, 0x00, 0x01, 0x00, 0x00, 0x06, 0x26,
	0xa2, 0x40, 0x04, 0x0c, 0xe1, 0x61, 0x00, 0x20,
	0x00, 0x46, 0x88, 0x61, 0x86, 0xe1, 0xa0, 0x2f,
	0x20, 0x00, 0x23, 0x11, 0xa3, 0x04, 0x80, 0x00,
	0x00, 0x20, 0x00, 0x01, 0x00, 0x00, 0x06, 0x26,
	0xa2, 0x40, 0x04, 0x0c, 0xe1, 0x61, 0x00, 0x20,
	0x00, 0x46, 0x88, 0x61, 0x86, 0x41, 0xa0, 0x2f,
	0x20, 0x00, 0x23, 0x11, 0xa3, 0x04, 0x80, 0x00,
	0x00, 0x20, 0x00, 0x01, 0xa2, 0x45, 0x86, 0x16,
	0xa0, 0x2f, 0x0c, 0x00, 0x3f, 0x66, 0xea, 0x30,
	0xa0, 0x2f, 0x00, 0x17, 0x38, 0x01, 0xac, 0x03,
	0xa0, 0x2f, 0x00, 0x17, 0x38, 0x01, 0xa8, 0x01,
	0x00, 0x0d, 0x6e, 0x01, 0x00, 0x17, 0x38, 0x46,
	0xa8, 0x01, 0xa0, 0x2f, 0x20, 0x00, 0x31, 0x61,
	0xa8, 0x01, 0x80, 0x00, 0x00, 0x0d, 0x6d, 0xc1,
	0x00, 0x17, 0x38, 0x46, 0xa8, 0x01, 0xa0, 0x2f,
	0x20, 0x00, 0x31, 0x61, 0xa8, 0x01, 0x80, 0x00,
	0x00, 0x0d, 0x6d, 0xc6, 0x00, 0x0d, 0x6e, 0x07,
	0xa8, 0x51, 0xa8, 0x68, 0x15, 0x00, 0x06, 0x18,
	0x9f, 0xf1, 0xac, 0x51, 0xac, 0x61, 0xa0, 0x3f,
	0xbe, 0x38, 0x4c, 0x10, 0xa1, 0xfd, 0xa1, 0x7b,
	0x08, 0xff, 0xff, 0x81, 0x00, 0x0d, 0x6d, 0xc6,
	0x00, 0x0d, 0x6e, 0x07, 0xa8, 0x51, 0xa8, 0x68,
	0x1d, 0x00, 0x06, 0x18, 0x9f, 0xf1, 0xac, 0x61,
	0xac, 0x51, 0xa0, 0x3f, 0x1d, 0x80, 0x08, 0x22,
	0xa1, 0x7d, 0xac, 0x50, 0x43, 0x08, 0xa1, 0xfa,
	0x00, 0x0f, 0xff, 0xf6, 0x85, 0x58, 0x89, 0x31,
	0x04, 0x0d, 0xc6, 0x01, 0x04, 0x16, 0x20, 0x06,
	0x98, 0x11, 0x19, 0x80, 0x06, 0xc3, 0x93, 0x01,
	0xa0, 0x3f, 0x80, 0x00, 0x00, 0x0d, 0x6d, 0xc6,
	0xa8, 0x57, 0x00, 0x0d, 0x6e, 0x08, 0x15, 0xbc,
	0x1a, 0xff, 0x20, 0x03, 0x04, 0x31, 0xac, 0x50,
	0xac, 0x70, 0xa8, 0x76, 0x00, 0x17, 0x38, 0x47,
	0xa0, 0x2f, 0x20, 0x00, 0x36, 0x76, 0xac, 0x51,
	0xa8, 0x76, 0x14, 0x83, 0xee, 0xc2, 0x86, 0x16,
	0xa1, 0x75, 0xac, 0x76, 0x00, 0x0d, 0x6d, 0xc1,
	0x4c, 0x08, 0xa8, 0x06, 0x1c, 0xbc, 0x06, 0xdf,
	0x93, 0x01, 0xa0, 0x3f, 0x92, 0x05, 0x97, 0xc1,
	0xa7, 0xbf, 0x4c, 0x53, 0x27, 0xd3, 0x93, 0x13,
	0x17, 0x00, 0x01, 0x3a, 0xa7, 0xc6, 0xa5, 0xbf,
	0x97, 0xbe, 0xa0, 0x3f, 0x49, 0x00, 0xf0, 0x37,
	0xa7, 0xff, 0x1f, 0x1f, 0xc8, 0x37, 0x91, 0x31,
	0x00, 0x00, 0x3e, 0x86, 0x04, 0x0d, 0xd6, 0x01,
	0x15, 0x80, 0x22, 0xe4, 0x04, 0x17, 0x20, 0x06,
	0x00, 0x00, 0x05, 0xf1, 0x04, 0x0c, 0xe1, 0x61,
	0x00, 0x00, 0x06, 0x46, 0x04, 0x0d, 0xd6, 0x01,
	0x04, 0x17, 0x20, 0x01, 0xa5, 0xff, 0x97, 0xfe,
	0xa0, 0x3f, 0x15, 0x83, 0xfa, 0xe2, 0x93, 0x01,
	0xa1, 0x72, 0x00, 0x00, 0x04, 0x61, 0x80, 0x00,
	0x92, 0x01, 0xa7, 0xff, 0x1f, 0x1f, 0xe7, 0xa8,
	0x98, 0xd6, 0x04, 0x0d, 0xc6, 0x01, 0x04, 0x16,
	0x20, 0x08, 0x17, 0x1f, 0xff, 0xd5, 0x98, 0x43,
	0x18, 0x80, 0x13, 0x09, 0x81, 0xc0, 0x04, 0x1c,
	0x61, 0x11, 0x40, 0xe0, 0x25, 0xff, 0x97, 0xfe,
	0xa0, 0x3f, 0x10, 0x80, 0x15, 0x0c, 0x81, 0xc0,
	0x91, 0x21, 0x98, 0x56, 0x04, 0x0d, 0xc6, 0x01,
	0xa1, 0x75, 0x04, 0x17, 0x20, 0x01, 0xa1, 0x72,
	0x08, 0x03, 0xe8, 0x11, 0x92, 0x40, 0x06, 0x7f,
	0x00, 0xfe, 0x17, 0x1f, 0xff, 0x43, 0x00, 0x0d,
	0x6e, 0x46, 0xa7, 0xf6, 0xa2, 0x6d, 0x08, 0x00,
	0x01, 0x68, 0xa5, 0xf2, 0x00, 0x20, 0x00, 0x07,
	0xa3, 0x18, 0xe2, 0x71, 0xa2, 0x75, 0xa7, 0xe2,
	0x00, 0x00, 0x06, 0x22, 0x43, 0x23, 0xa7, 0xd7,
	0x04, 0x0c, 0xe6, 0x26, 0x88, 0x76, 0xa3, 0x58,
	0x15, 0x80, 0xee, 0x20, 0xa7, 0xc6, 0xa5, 0xc1,
	0xe2, 0x80, 0x81, 0xc7, 0x17, 0x1f, 0xff, 0x9c,
	0x98, 0x43, 0x12, 0x00, 0x65, 0x81, 0x98, 0x42,
	0xa5, 0xc1, 0xe4, 0x82, 0x1f, 0x1f, 0xff, 0x80,
	0xbe, 0xc1, 0x1f, 0x1f, 0xff, 0x29, 0x40, 0xe1,
	0x25, 0xf1, 0x17, 0x1f, 0xff, 0x53, 0xa2, 0x43,
	0xbc, 0x41, 0x1f, 0x1f, 0xff, 0x3d, 0xa1, 0xf3,
	0x1f, 0x1f, 0xff, 0x72, 0xbe, 0xa1, 0x1f, 0x1f,
	0xff, 0x11, 0x04, 0x1c, 0x70, 0x11, 0x1b, 0x00,
	0x05, 0x21, 0x1f, 0x1f, 0xff, 0x1f, 0xa1, 0xf5,
	0x14, 0x80, 0x0e, 0x41, 0x49, 0x92, 0x25, 0xf1,
	0x17, 0x1f, 0xff, 0x4a, 0xa2, 0x42, 0x1f, 0x1f,
	0xff, 0x5f, 0x1c, 0x80, 0x70, 0x20, 0x98, 0x11,
	0xa5, 0xd6, 0xe4, 0xd1, 0xe2, 0x6a, 0xa5, 0xe1,
	0x1c, 0x00, 0x04, 0x13, 0x1f, 0x1f, 0xff, 0x5c,
	0xa5, 0xd1, 0xa5, 0xc6, 0xee, 0x46, 0xee, 0x6f,
	0xa2, 0x40, 0xee, 0x69, 0x06, 0x7f, 0x28, 0x1e,
	0x06, 0x7f, 0x24, 0x7e, 0x06, 0x7f, 0x2c, 0x8e,
	0x14, 0xc0, 0x0e, 0x05, 0x06, 0x7f, 0x30, 0x2e,
	0x4a, 0x68, 0xa0, 0x00, 0xee, 0x6e, 0xb4, 0x87,
	0x1c, 0xc0, 0x06, 0x05, 0xee, 0x6e, 0xb4, 0x87,
	0x1c, 0xc0, 0x06, 0x0e, 0xee, 0x6e, 0xb4, 0x87,
	0x1c, 0xc0, 0x06, 0x0e, 0xee, 0x6e, 0xb4, 0x87,
	0x1c, 0xc0, 0x06, 0x09, 0xee, 0x6e, 0xb4, 0x87,
	0x94, 0x94, 0x9b, 0x35, 0x17, 0x1f, 0xfc, 0x82,
	0x98, 0x23, 0x06, 0x4f, 0x00, 0xfe, 0x94, 0x0e,
	0xa0, 0x3f, 0x1f, 0x1f, 0xfe, 0xd1, 0xa1, 0x49,
	0x04, 0x1c, 0x70, 0x11, 0x17, 0x1f, 0xff, 0x34,
	0x98, 0x23, 0x10, 0x7f, 0x9b, 0x18, 0x98, 0x22,
	0x16, 0x1f, 0xff, 0x98, 0x98, 0x12, 0x1f, 0x1f,
	0xff, 0x4d, 0x1e, 0x1f, 0xff, 0x8c, 0x80, 0x00,
	0x49, 0x00, 0xf0, 0x01, 0xa7, 0xff, 0xa8, 0x46,
	0x19, 0x80, 0x18, 0xcf, 0x82, 0xa8, 0x00, 0x0c,
	0x04, 0x46, 0x44, 0x0b, 0x70, 0x01, 0xa8, 0x56,
	0xa0, 0x36, 0x1f, 0x00, 0x00, 0x59, 0x98, 0x11,
	0x00, 0x17, 0x39, 0x06, 0xac, 0x51, 0xa5, 0xff,
	0x97, 0xfe, 0xa0, 0x3f, 0x17, 0x1f, 0xc6, 0xd8,
	0xa8, 0xc3, 0xa1, 0xf6, 0xa8, 0xc3, 0xa9, 0x44,
	0x17, 0x1f, 0xc6, 0xe6, 0xa9, 0xc5, 0xa1, 0xf0,
	0xa8, 0xc3, 0x17, 0x1f, 0xc6, 0xd9, 0xa9, 0x44,
	0xa1, 0xeb, 0xa8, 0xc3, 0x17, 0x1f, 0xc6, 0xcc,
	0xa9, 0x44, 0xa1, 0xe6, 0xa1, 0xe6, 0xa1, 0xe5,
	0xa1, 0xe4, 0xa1, 0xe3, 0x17, 0x1f, 0xfe, 0x02,
	0xa8, 0xc3, 0xa1, 0xdf, 0x17, 0x1f, 0xfe, 0x7a,
	0xa8, 0xc3, 0xa1, 0xda, 0xe2, 0xa2, 0x17, 0x1f,
	0xd6, 0x2f, 0x08, 0x00, 0x06, 0x54, 0xa1, 0xd4,
	0xa8, 0xc3, 0xa9, 0x44, 0x17, 0x1f, 0xf4, 0xc0,
	0xa9, 0xc5, 0xa1, 0xcf, 0x92, 0x03, 0x00, 0x17,
	0x07, 0x46, 0x4c, 0x09, 0xa7, 0xdf, 0x17, 0x1f,
	0xb8, 0x8d, 0x00, 0x09, 0xc5, 0x84, 0x4c, 0x0b,
	0x3c, 0x81, 0xa7, 0xf6, 0xa7, 0xe1, 0x17, 0x00,
	0x04, 0xfb, 0x00, 0x0c, 0x08, 0x03, 0x00, 0x17,
	0x39, 0x04, 0x17, 0x1f, 0xb9, 0xa9, 0x98, 0x13,
	0xa1, 0xfb, 0x80, 0x00, 0x16, 0x1f, 0xb9, 0x64,
	0x93, 0x34, 0x80, 0x00, 0x00, 0x0d, 0x6e, 0xc1,
	0x4c, 0x08, 0xa8, 0x06, 0x1c, 0x80, 0x06, 0xc1,
	0x93, 0x01, 0xa0, 0x3f, 0x00, 0x0d, 0x6e, 0xc1,
	0xa0, 0x2f, 0x98, 0x16, 0xac, 0x06, 0x80, 0x00,
	0xa0, 0x3f, 0x80, 0x00, 0x92, 0x04, 0xa7, 0xcf,
	0x17, 0x00, 0x01, 0xd8, 0x98, 0x13, 0x17, 0x1f,
	0xe6, 0x7f, 0xa7, 0xe1, 0xa7, 0xd1, 0x1f, 0x1f,
	0xc7, 0x49, 0x1f, 0x1f, 0xff, 0xe5, 0xbe, 0x61,
	0x17, 0x1f, 0xeb, 0xb2, 0x4b, 0xe9, 0xa5, 0xe4,
	0xa1, 0xf7, 0x1f, 0x1f, 0xcd, 0x5d, 0x1c, 0x83,
	0xf2, 0x20, 0x1f, 0x1f, 0xfe, 0x1f, 0x1f, 0x00,
	0x00, 0x1b, 0x1f, 0x1f, 0xf2, 0xd9, 0x1f, 0x00,
	0x00, 0x7f, 0x1f, 0x1f, 0xfe, 0xdd, 0x1f, 0x1f,
	0xff, 0xdd, 0x1f, 0x1f, 0xd0, 0x7b, 0x1f, 0x1f,
	0xcd, 0x51, 0xa1, 0xe7, 0x92, 0x01, 0xa7, 0xff,
	0x1f, 0x1f, 0xe5, 0xaa, 0x00, 0x0d, 0x6e, 0x86,
	0x49, 0x80, 0xac, 0x51, 0xa5, 0xff, 0x97, 0xfe,
	0xa0, 0x3f, 0x80, 0x00, 0x92, 0x05, 0xa7, 0xbf,
	0x1f, 0x1f, 0xcc, 0x5a, 0x49, 0x83, 0xa7, 0xf0,
	0x1c, 0xc0, 0x3c, 0x05, 0xa7, 0xe7, 0x17, 0x1f,
	0xc9, 0x1d, 0xa5, 0xe3, 0x20, 0x00, 0x00, 0x14,
	0x0f, 0x00, 0xbc, 0x01, 0x40, 0x00, 0x25, 0xe3,
	0x17, 0x1f, 0xfd, 0xe0, 0x0d, 0x61, 0x00, 0x17,
	0x08, 0x00, 0x01, 0x31, 0x46, 0x23, 0xa0, 0x00,
	0xa7, 0xd1, 0xa5, 0xf1, 0x08, 0x00, 0x04, 0x18,
	0x04, 0x89, 0x9f, 0x74, 0x17, 0x00, 0x00, 0xc6,
	0x49, 0x89, 0xa5, 0xd7, 0xa7, 0xf8, 0x1f, 0x1f,
	0xc7, 0x47, 0x17, 0x1f, 0xfd, 0x8d, 0x93, 0x14,
	0x1f, 0x1f, 0xd8, 0x98, 0x17, 0x1f, 0xd5, 0x4a,
	0x98, 0x33, 0x17, 0x1f, 0xfd, 0xa3, 0x49, 0x8a,
	0x70, 0x03, 0x17, 0x1f, 0xd5, 0x43, 0xa5, 0xd3,
	0x93, 0x14, 0x17, 0x1f, 0xfd, 0x9b, 0x98, 0x13,
	0x17, 0x1f, 0xd5, 0x3c, 0xa5, 0xe3, 0x93, 0x14,
	0x17, 0x1f, 0xfd, 0x94, 0x98, 0x23, 0x17, 0x1f,
	0xd5, 0x35, 0x98, 0x13, 0x93, 0x14, 0x17, 0x1f,
	0xfd, 0x8d, 0x98, 0x33, 0x1f, 0x1f, 0xcf, 0xca,
	0x17, 0x1f, 0xce, 0x24, 0x93, 0x03, 0x17, 0x1f,
	0xce, 0x21, 0x4c, 0x11, 0xa7, 0xf1, 0x4c, 0x09,
	0xa5, 0xf6, 0x88, 0x61, 0x17, 0x1f, 0xce, 0x1a,
	0xa7, 0xc1, 0x17, 0x1f, 0xce, 0x17, 0x4c, 0x19,
	0xa7, 0xf1, 0xa5, 0xf6, 0x42, 0x17, 0x25, 0xe3,
	0x17, 0x1f, 0xfd, 0x74, 0xa5, 0xc4, 0x49, 0xba,
	0x25, 0xd3, 0xa5, 0xbf, 0x16, 0x1f, 0xfd, 0x6e,
	0x97, 0xbe, 0x80, 0x00, 0x92, 0x01, 0xa7, 0xff,
	0x1f, 0x1f, 0xf4, 0x14, 0x17, 0x1f, 0xfd, 0x38,
	0x98, 0x13, 0x08, 0x00, 0x63, 0x11, 0x00, 0x00,
	0x06, 0x48, 0x04, 0x0d, 0xc8, 0x01, 0x17, 0x1f,
	0xc6, 0xe7, 0x04, 0x17, 0x20, 0x04, 0x17, 0x1f,
	0xfd, 0x2b, 0x98, 0x43, 0x08, 0x00, 0x63, 0x11,
	0x04, 0x0d, 0xc8, 0x01, 0x17, 0x1f, 0xc6, 0xdc,
	0x04, 0x17, 0x20, 0x04, 0x17, 0x1f, 0xc6, 0xd6,
	0x98, 0x13, 0x04, 0x0c, 0xe8, 0x14, 0x17, 0x1f,
	0xfd, 0x59, 0x98, 0x13, 0x17, 0x1f, 0xc6, 0xce,
	0x98, 0x23, 0x17, 0x1f, 0xc6, 0xcb, 0x49, 0x8b,
	0xf0, 0x03, 0x88, 0x71, 0x04, 0x0c, 0xe8, 0x14,
	0x17, 0x1f, 0xfd, 0x4c, 0x98, 0x23, 0x17, 0x1f,
	0xc6, 0xc1, 0x98, 0x33, 0x04, 0x0c, 0xe8, 0x14,
	0x17, 0x1f, 0xfd, 0x44, 0x98, 0x33, 0x17, 0x1f,
	0xc6, 0xb9, 0x98, 0x43, 0x04, 0x0c, 0xe8, 0x14,
	0x17, 0x1f, 0xfd, 0x3c, 0x98, 0x43, 0x4c, 0x0b,
	0xf0, 0x04, 0xa0, 0x00, 0x1c, 0xc0, 0x0e, 0x04,
	0x17, 0x1f, 0xfc, 0xe6, 0x49, 0xb9, 0xa0, 0x00,
	0x88, 0x14, 0x86, 0x17, 0x17, 0x1f, 0xfd, 0x2e,
	0x93, 0x03, 0x17, 0x00, 0x00, 0x3f, 0x9a, 0x03,
	0x17, 0x1f, 0xfd, 0x08, 0x49, 0x8a, 0x70, 0x03,
	0x17, 0x00, 0x00, 0x38, 0x9a, 0x43, 0x93, 0x14,
	0x17, 0x1f, 0xfd, 0x00, 0x98, 0x13, 0x17, 0x00,
	0x00, 0x31, 0x9a, 0x83, 0x93, 0x14, 0x17, 0x1f,
	0xfc, 0xf9, 0x98, 0x23, 0x17, 0x00, 0x00, 0x2a,
	0x9a, 0xc3, 0x93, 0x14, 0x17, 0x1f, 0xfc, 0xf2,
	0x98, 0x33, 0x17, 0x1f, 0xc6, 0x87, 0x98, 0x23,
	0x04, 0x0c, 0xe8, 0x14, 0x17, 0x1f, 0xfc, 0xea,
	0x98, 0x43, 0x17, 0x1f, 0xc6, 0x7f, 0x93, 0x03,
	0x49, 0xb9, 0xa5, 0xff, 0x04, 0x0c, 0xe8, 0x14,
	0x16, 0x1f, 0xfc, 0xe0, 0x97, 0xfe, 0x80, 0x00,
	0x92, 0x01, 0x13, 0xe0, 0x0c, 0x60, 0xa7, 0xff,
	0xa5, 0xff, 0x97, 0xfe, 0xa0, 0x3f, 0x0f, 0x00,
	0x11, 0x01, 0x0d, 0xbb, 0x00, 0x11, 0x17, 0x00,
	0x00, 0xe7, 0x44, 0x09, 0xf0, 0x05, 0xa1, 0xf5,
	0x92, 0x02, 0x97, 0xf4, 0x93, 0x01, 0x13, 0xe0,
	0x0c, 0x60, 0xa7, 0xef, 0xa5, 0xef, 0x97, 0xee,
	0xa0, 0x3f, 0x0f, 0x00, 0x11, 0x01, 0x0d, 0xbb,
	0x00, 0x11, 0x17, 0x00, 0x00, 0xdf, 0x44, 0x09,
	0xf0, 0x05, 0xa1, 0x75, 0xa5, 0xf1, 0x80, 0x00,
	0x49, 0x01, 0xf0, 0x03, 0xa7, 0xdf, 0x1f, 0x1f,
	0xc1, 0x69, 0x1f, 0x1f, 0xdd, 0x59, 0x1f, 0x1f,
	0xe4, 0xb7, 0x17, 0x1f, 0xe5, 0x59, 0x93, 0x13,
	0xa7, 0xf1, 0x17, 0x00, 0x03, 0x91, 0x00, 0x0c,
	0x09, 0xc3, 0x1f, 0x1f, 0xc0, 0xc1, 0x17, 0x1f,
	0xc0, 0xc3, 0x93, 0x16, 0xa7, 0xf6, 0xa7, 0xe1,
	0x17, 0x00, 0x03, 0x86, 0x00, 0x0c, 0x0a, 0xc3,
	0x98, 0x14, 0x17, 0x1f, 0xc1, 0x5d, 0x98, 0x43,
	0x1c, 0xbc, 0x0e, 0x3f, 0xa7, 0xf1, 0x17, 0x00,
	0x03, 0x7b, 0x00, 0x0c, 0x0d, 0x03, 0xa1, 0x80,
	0x49, 0x02, 0xf0, 0x03, 0xa7, 0xbf, 0x1f, 0x1f,
	0xc1, 0x41, 0x1f, 0x1f, 0xdd, 0x31, 0x1f, 0x1f,
	0xe4, 0x8f, 0x17, 0x1f, 0xe5, 0x31, 0x93, 0x13,
	0xa7, 0xf1, 0x17, 0x00, 0x03, 0x69, 0x00, 0x0c,
	0x09, 0xc3, 0x1f, 0x1f, 0xc0, 0x95, 0x17, 0x1f,
	0xc0, 0x8f, 0xa7, 0xd1, 0xa7, 0xf1, 0xa7, 0xc1,
	0x17, 0x00, 0x03, 0x5e, 0x00, 0x0c, 0x0f, 0x03,
	0xa5, 0xd1, 0x1b, 0xc0, 0x22, 0x23, 0x14, 0x80,
	0x26, 0x23, 0x00, 0x0c, 0x11, 0x03, 0x14, 0x80,
	0x1e, 0x24, 0x00, 0x0c, 0x12, 0x43, 0x14, 0x80,
	0x16, 0x25, 0x00, 0x0c, 0x13, 0x83, 0xa5, 0xbf,
	0x97, 0xbe, 0xa0, 0x3f, 0x15, 0x83, 0xfa, 0x22,
	0x00, 0x0c, 0x10, 0x43, 0x1f, 0x00, 0x03, 0x44,
	0x1f, 0x1f, 0xc0, 0x6a, 0x17, 0x1f, 0xc0, 0x64,
	0x93, 0x16, 0xa7, 0xf6, 0xa7, 0xe1, 0x17, 0x00,
	0x03, 0x3b, 0x00, 0x0c, 0x14, 0x83, 0x93, 0x04,
	0x17, 0x1f, 0xc1, 0x12, 0x98, 0xc3, 0x15, 0xbc,
	0x08, 0x3f, 0xa5, 0xc7, 0xa1, 0x80, 0x00, 0x0c,
	0x16, 0x86, 0x1c, 0x00, 0x04, 0x71, 0x00, 0x0c,
	0x16, 0xc6, 0xa7, 0xe6, 0xa7, 0xf1, 0x17, 0x00,
	0x03, 0x27, 0x00, 0x0c, 0x19, 0x03, 0xa1, 0xf3,
	0x49, 0x01, 0x70, 0x03, 0xa7, 0xef, 0x1f, 0x1f,
	0xc0, 0xed, 0x1f, 0x1f, 0xdc, 0xdd, 0x17, 0x00,
	0x03, 0x1b, 0x00, 0x0c, 0x1b, 0x43, 0x1f, 0x1f,
	0xe4, 0x37, 0x17, 0x1f, 0xe4, 0xd9, 0x93, 0x13,
	0xa7, 0xf1, 0x17, 0x00, 0x03, 0x11, 0x00, 0x0c,
	0x09, 0xc3, 0x17, 0x1f, 0xc0, 0xe9, 0x49, 0x82,
	0x70, 0x03, 0xa7, 0xf1, 0x17, 0x00, 0x03, 0x08,
	0x00, 0x0c, 0x1c, 0x43, 0xa1, 0x80, 0x80, 0x00,
	0x00, 0x02, 0x71, 0x01, 0x04, 0x0c, 0xe1, 0x31,
	0x00, 0x00, 0x3e, 0x86, 0x04, 0x0d, 0xc6, 0x01,
	0x04, 0x17, 0x20, 0x01, 0xa0, 0x3f, 0x80, 0x00,
	0x92, 0x08, 0xa7, 0x8f, 0x1f, 0x1f, 0xb5, 0xc0,
	0xb8, 0x51, 0x97, 0x93, 0x1f, 0x1f, 0xbd, 0xf8,
	0xa1, 0x83, 0x1f, 0x1f, 0xbd, 0xdd, 0x49, 0x8b,
	0x25, 0xa2, 0xa5, 0x91, 0xbc, 0x76, 0xa5, 0xb6,
	0x04, 0x00, 0xe6, 0x11, 0xa5, 0xc6, 0x04, 0x02,
	0xe6, 0x22, 0xa5, 0x8f, 0x97, 0x8e, 0xa0, 0x3f,
	0x06, 0x70, 0x00, 0x43, 0xa0, 0x3f, 0x80, 0x00,
	0x06, 0x40, 0x00, 0x13, 0xa0, 0x3f, 0x80, 0x00,
	0x1e, 0x1f, 0xc1, 0x0e, 0x1e, 0x1f, 0xc1, 0xce,
	0x1e, 0x1f, 0xc2, 0x02, 0x92, 0x01, 0xa7, 0xff,
	0x1f, 0x1f, 0xc1, 0x06, 0x06, 0x70, 0x00, 0x41,
	0x49, 0x80, 0xa5, 0xff, 0x97, 0xfe, 0xa0, 0x3f,
	0x92, 0x01, 0xa7, 0xff, 0x1f, 0x1f, 0xc0, 0xfc,
	0x06, 0x40, 0x00, 0x11, 0x49, 0x80, 0xac, 0x31,
	0xa5, 0xff, 0x97, 0xfe, 0xa0, 0x3f, 0x80, 0x00,
	0x92, 0x05, 0x98, 0x11, 0xa7, 0xbf, 0xa7, 0xd5,
	0xa7, 0xe4, 0xa7, 0xf3, 0xa7, 0xc1, 0xa5, 0xc1,
	0x18, 0xc0, 0x18, 0x20, 0xa5, 0xf3, 0x17, 0x1f,
	0xc1, 0xa9, 0xa5, 0xe4, 0x49, 0x89, 0xa5, 0xc1,
	0x87, 0xf1, 0x14, 0x83, 0xec, 0x60, 0xa7, 0xc1,
	0x4f, 0xf8, 0xbc, 0xd3, 0x14, 0xc0, 0x0c, 0x05,
	0xf0, 0x31, 0xa5, 0xd6, 0x06, 0x40, 0x00, 0x71,
	0x43, 0x20, 0xb4, 0xd7, 0x1f, 0x1f, 0xc1, 0xcc,
	0x93, 0x01, 0xa5, 0xbf, 0x97, 0xbe, 0xa0, 0x3f,
	0x4f, 0xf8, 0xa8, 0x26, 0xa8, 0x47, 0x08, 0x00,
	0x01, 0x78, 0x43, 0x13, 0xf8, 0xa5, 0xb6, 0x26,
	0x11, 0x90, 0x08, 0xe0, 0xb6, 0x48, 0x93, 0x01,
	0xa0, 0x3f, 0x80, 0x00, 0x0c, 0x00, 0x02, 0x41,
	0xb8, 0x81, 0x80, 0x58, 0xa8, 0x21, 0x87, 0x81,
	0xb6, 0x21, 0xa8, 0x82, 0xa8, 0x01, 0xa0, 0x3f,
	0xb8, 0x91, 0x04, 0x89, 0xe3, 0x41, 0xa8, 0x21,
	0x87, 0xc1, 0xb6, 0x21, 0xa8, 0x01, 0x49, 0x81,
	0x21, 0xf8, 0xa8, 0x26, 0xb8, 0x61, 0x08, 0xff,
	0xfc, 0x61, 0xac, 0x21, 0xa2, 0xc0, 0xa1, 0xf8,
	0x04, 0x89, 0xe2, 0x41, 0x87, 0xc6, 0xbc, 0x31,
	0xa1, 0x03, 0xa2, 0x68, 0xa8, 0x51, 0xa1, 0x78,
	0xac, 0x26, 0x80, 0x00, 0x0c, 0x00, 0x02, 0x41,
	0xb8, 0x81, 0x80, 0x58, 0xa8, 0x21, 0x87, 0x81,
	0xb6, 0x21, 0xa8, 0x82, 0xa8, 0x01, 0xa0, 0x3f,
	0xb8, 0xa1, 0x04, 0x89, 0xe3, 0x41, 0xa8, 0x21,
	0x87, 0xc1, 0xb6, 0x21, 0xa8, 0x01, 0xa1, 0x78,
	0x04, 0x1d, 0x7f, 0x12, 0xa8, 0x26, 0xb8, 0x71,
	0x08, 0xff, 0xfc, 0x61, 0xac, 0x21, 0xa8, 0x01,
	0xc0, 0x00, 0xa1, 0xf6, 0x87, 0xc6, 0x04, 0x89,
	0xe2, 0x47, 0xa8, 0x51, 0xbc, 0x27, 0xc0, 0x40,
	0xa1, 0x79, 0xac, 0x26, 0x04, 0x89, 0xe6, 0x71,
	0x00, 0x0c, 0x1e, 0x82, 0xbe, 0x31, 0x00, 0x0c,
	0x1d, 0x82, 0x08, 0x00, 0x1f, 0x36, 0x99, 0xe8,
	0xfb, 0x85, 0x81, 0x18, 0x88, 0x21, 0x04, 0x1c,
	0x64, 0x44, 0x49, 0xc0, 0xa2, 0xc6, 0x20, 0x03,
	0xc5, 0x44, 0x4c, 0x0c, 0x7b, 0xbd, 0x4c, 0x0b,
	0xba, 0x54, 0x04, 0x1c, 0x64, 0x55, 0x93, 0x08,
	0xbe, 0x25, 0x93, 0x07, 0x8b, 0x87, 0x08, 0xff,
	0xff, 0x18, 0x1d, 0x83, 0xd8, 0xe0, 0x44, 0x18,
	0xa0, 0x3f, 0x80, 0x00, 0x49, 0x06, 0xf0, 0x41,
	0x04, 0x89, 0xe8, 0x76, 0xa7, 0x3f, 0xa7, 0x93,
	0xb9, 0x26, 0xa7, 0x80, 0x49, 0x80, 0xbe, 0x45,
	0x04, 0x1c, 0x7f, 0x41, 0x98, 0x16, 0x1a, 0xc0,
	0x06, 0xa0, 0x93, 0x16, 0x49, 0xa0, 0xb8, 0x86,
	0x98, 0x16, 0x04, 0x01, 0xe4, 0x01, 0xa7, 0x86,
	0x04, 0x03, 0xe5, 0x05, 0x06, 0x50, 0x1f, 0x03,
	0x93, 0x06, 0x11, 0x80, 0x08, 0x2a, 0x98, 0x17,
	0x93, 0x07, 0xbe, 0x25, 0x93, 0x76, 0x13, 0x80,
	0x08, 0xa0, 0x98, 0x17, 0x93, 0x67, 0x14, 0x80,
	0x5a, 0xe0, 0x99, 0xf7, 0xa7, 0x71, 0xa7, 0x65,
	0x08, 0x00, 0x1e, 0x36, 0x08, 0xff, 0xff, 0x71,
	0x4c, 0x52, 0xa7, 0x46, 0x49, 0x83, 0x27, 0x51,
	0xa5, 0x73, 0x17, 0x00, 0x07, 0x51, 0xa5, 0x64,
	0x08, 0x00, 0x30, 0x71, 0x49, 0x83, 0x25, 0x47,
	0x4c, 0x52, 0xa5, 0x73, 0xfb, 0x8e, 0xa7, 0x77,
	0x17, 0x00, 0x07, 0x46, 0xa5, 0x64, 0x11, 0x80,
	0x08, 0x2a, 0x98, 0x16, 0x93, 0x06, 0x49, 0x83,
	0xbe, 0x32, 0x93, 0x67, 0x13, 0x80, 0x08, 0x40,
	0x98, 0x18, 0x93, 0x78, 0xa5, 0x76, 0xa7, 0x62,
	0xa7, 0x71, 0x15, 0x83, 0xbb, 0x00, 0xa5, 0x57,
	0x08, 0x00, 0x30, 0x18, 0x08, 0xff, 0xff, 0x71,
	0xa5, 0x96, 0x88, 0x16, 0xa3, 0xd8, 0xa5, 0x86,
	0xbc, 0x76, 0x08, 0xff, 0xfe, 0x71, 0x4d, 0x6b,
	0xa5, 0x96, 0x88, 0x16, 0xa3, 0xd7, 0xa5, 0x3f,
	0xa5, 0x96, 0x88, 0x61, 0x4b, 0x9f, 0x20, 0x3f,
	0x49, 0x80, 0xfc, 0x55, 0xbc, 0x86, 0x98, 0x16,
	0x49, 0xb0, 0xfc, 0x56, 0x08, 0x00, 0x01, 0x16,
	0x1d, 0x83, 0xf8, 0xe0, 0xa0, 0x3f, 0x80, 0x00,
	0x92, 0x10, 0x97, 0x11, 0xa7, 0x0f, 0xa7, 0xf1,
	0x93, 0x5a, 0xa7, 0x26, 0xa7, 0x33, 0xa7, 0x10,
	0x06, 0xa0, 0x01, 0x4a, 0xbd, 0x34, 0x1c, 0x84,
	0x24, 0x85, 0x17, 0x1f, 0xff, 0x07, 0x4b, 0x99,
	0xa5, 0xf5, 0xbe, 0x21, 0xa1, 0xf6, 0x4b, 0x99,
	0xa5, 0xf5, 0x17, 0x1f, 0xfe, 0xff, 0xf0, 0x04,
	0xa5, 0x0f, 0xa5, 0x11, 0x87, 0xf1, 0x4b, 0x87,
	0x20, 0x3f, 0x14, 0x83, 0xec, 0x80, 0x00, 0x0c,
	0x20, 0x06, 0x4c, 0x51, 0xa7, 0xe0, 0x93, 0x09,
	0x00, 0x0c, 0x28, 0x87, 0x08, 0x00, 0x01, 0xa1,
	0x06, 0x20, 0x00, 0x2a, 0xa7, 0xd1, 0x1c, 0x83,
	0xd0, 0x40, 0x13, 0xc4, 0x26, 0x43, 0x08, 0xff,
	0xdd, 0x21, 0x19, 0x84, 0x0e, 0x22, 0x48, 0x90,
	0xa5, 0xe8, 0x88, 0x61, 0xa8, 0x01, 0xa0, 0x31,
	0x08, 0xff, 0xab, 0x21, 0x11, 0x84, 0x0c, 0x24,
	0x91, 0x21, 0x88, 0x71, 0xa8, 0x01, 0xa0, 0x31,
	0x4b, 0x9c, 0xa5, 0xf5, 0x93, 0x93, 0x17, 0x1f,
	0xfe, 0xd1, 0x9a, 0x54, 0x15, 0x83, 0x9a, 0x20,
	0x49, 0xc9, 0xf0, 0x24, 0x17, 0x1f, 0xfe, 0xca,
	0x4b, 0x8a, 0xa5, 0xda, 0x1c, 0x83, 0x88, 0x20,
	0x1e, 0x1f, 0xff, 0xc3, 0x04, 0x89, 0x85, 0x99,
	0xa7, 0xe8, 0xa1, 0x51, 0xa5, 0xda, 0x4b, 0x99,
	0xa5, 0xf5, 0x17, 0x1f, 0xfe, 0xbb, 0x4d, 0x2a,
	0x25, 0xda, 0x1c, 0x83, 0x6a, 0x20, 0x1e, 0x1f,
	0xff, 0xb4, 0x1d, 0x84, 0x0a, 0x50, 0xbe, 0x38,
	0x04, 0x89, 0x8a, 0x99, 0x04, 0x0c, 0xe3, 0x81,
	0x08, 0xff, 0xd0, 0x28, 0x44, 0x0c, 0x21, 0xea,
	0x04, 0x89, 0x80, 0x99, 0x04, 0x89, 0x88, 0x94,
	0x17, 0x1f, 0xfe, 0xd6, 0x97, 0x23, 0x93, 0x49,
	0x49, 0x8a, 0x27, 0xc9, 0x49, 0xcb, 0xf0, 0x25,
	0x17, 0x1f, 0xff, 0x16, 0x97, 0x43, 0x49, 0x89,
	0x25, 0xc9, 0x0c, 0x04, 0x00, 0x98, 0x17, 0x1f,
	0xff, 0x75, 0x93, 0x23, 0x4d, 0x82, 0x3a, 0x48,
	0x93, 0x19, 0x9a, 0x04, 0xa5, 0xea, 0x19, 0x00,
	0x0b, 0xa9, 0x17, 0x1f, 0xfe, 0x8b, 0x4b, 0x99,
	0xa5, 0xf5, 0x14, 0x83, 0xf4, 0x20, 0x87, 0xfa,
	0x1e, 0x1f, 0xff, 0x83, 0xfc, 0x4b, 0xbc, 0x94,
	0x17, 0x1f, 0xfe, 0x80, 0x4b, 0x99, 0xa5, 0xf5,
	0x1c, 0x83, 0xf4, 0x20, 0x1e, 0x1f, 0xff, 0x79,
	0x16, 0x1f, 0xff, 0x76, 0xa5, 0xda, 0x04, 0x89,
	0x80, 0x99, 0x93, 0x94, 0x17, 0x1f, 0xfe, 0x80,
	0x97, 0x23, 0xa1, 0xcf, 0x1e, 0x1f, 0xff, 0x9a,
	0x04, 0x89, 0x86, 0x99, 0x49, 0xca, 0x70, 0x97,
	0x17, 0x1f, 0xfe, 0x76, 0x97, 0x23, 0x0c, 0x00,
	0x20, 0x9a, 0x49, 0x92, 0xf0, 0x14, 0x17, 0x1f,
	0xfe, 0xb7, 0x97, 0x43, 0x14, 0x83, 0x8f, 0x40,
	0x93, 0x12, 0x4b, 0x9d, 0x25, 0xf5, 0x93, 0xa3,
	0x17, 0x1f, 0xfe, 0x58, 0x9b, 0x04, 0x15, 0x82,
	0xa8, 0x20, 0x0c, 0x00, 0x40, 0x91, 0x00, 0x00,
	0x05, 0x84, 0xbe, 0x31, 0x00, 0x00, 0x07, 0x84,
	0x17, 0x1f, 0xfe, 0x4c, 0x4b, 0x8a, 0xf0, 0xa3,
	0x1c, 0x83, 0x62, 0x20, 0x1e, 0x1f, 0xff, 0x45,
	0x1e, 0x1f, 0xff, 0x70, 0x1e, 0x1f, 0xff, 0x6e,
	0x1e, 0x1f, 0xff, 0x6c, 0x1e, 0x1f, 0xff, 0x6a,
	0x1e, 0x1f, 0xff, 0x68, 0x1e, 0x1f, 0xff, 0x66,
	0x1e, 0x1f, 0xff, 0x64, 0x1e, 0x1f, 0xff, 0x62,
	0x1e, 0x1f, 0xff, 0x60, 0x1e, 0x1f, 0xff, 0x5e,
	0x4b, 0x99, 0xa5, 0x21, 0x08, 0xff, 0xfc, 0x12,
	0x06, 0x2f, 0xfc, 0x41, 0x17, 0x1f, 0xfe, 0x2a,
	0x4b, 0x8a, 0xa7, 0x22, 0x14, 0x82, 0x48, 0x20,
	0xa5, 0xda, 0x1e, 0x1f, 0xff, 0x22, 0x1e, 0x1f,
	0xff, 0x4d, 0x1e, 0x1f, 0xff, 0x4b, 0x1e, 0x1f,
	0xff, 0x49, 0x0c, 0x00, 0x04, 0x91, 0xbc, 0x31,
	0x04, 0x89, 0x83, 0x99, 0x04, 0x89, 0x82, 0x99,
	0x16, 0x1f, 0xff, 0x54, 0xa5, 0xe8, 0x1e, 0x1f,
	0xff, 0x6b, 0x1e, 0x1f, 0xff, 0x3b, 0x1e, 0x1f,
	0xff, 0x39, 0x0c, 0x00, 0x01, 0x91, 0xbc, 0x31,
	0x04, 0x89, 0x81, 0x99, 0x04, 0x89, 0x80, 0x99,
	0x16, 0x1f, 0xff, 0x44, 0xa5, 0xe8, 0x1e, 0x1f,
	0xff, 0x2d, 0xa5, 0x21, 0x87, 0xc1, 0x0c, 0x00,
	0x02, 0x96, 0xa7, 0x21, 0xb8, 0x86, 0xa8, 0x01,
	0xa5, 0x16, 0xa5, 0xda, 0xb4, 0x86, 0x16, 0x1f,
	0xfe, 0xf3, 0xb6, 0x00, 0x0c, 0x00, 0x01, 0x96,
	0xb8, 0x86, 0x0c, 0x00, 0x08, 0x97, 0xa5, 0x16,
	0xac, 0x06, 0x16, 0x1f, 0xfe, 0xe9, 0xa5, 0xda,
	0xa5, 0x16, 0xb8, 0x77, 0x0c, 0x00, 0x04, 0x97,
	0xa3, 0x86, 0x16, 0x1f, 0xfe, 0xe1, 0xa5, 0xda,
	0x1c, 0x83, 0xe8, 0xe0, 0xa3, 0x06, 0x16, 0x1f,
	0xfe, 0xdb, 0xa5, 0xda, 0x1e, 0x1f, 0xff, 0x06,
	0x16, 0x1f, 0xff, 0x6e, 0x0d, 0x00, 0x21, 0x99,
	0x1e, 0x1f, 0xff, 0x00, 0x1e, 0x1f, 0xfe, 0xfe,
	0xa5, 0x21, 0x87, 0xc1, 0xa8, 0x02, 0xa7, 0x21,
	0x1d, 0x82, 0x6a, 0x40, 0x16, 0x1f, 0xff, 0x33,
	0x00, 0x0c, 0x1f, 0x82, 0x1e, 0x1f, 0xfe, 0xf2,
	0x1e, 0x1f, 0xfe, 0xf0, 0x1e, 0x1f, 0xfe, 0xee,
	0x92, 0x01, 0xa7, 0xf3, 0xa5, 0xf1, 0xfc, 0x45,
	0xbc, 0x46, 0xfc, 0x45, 0x1d, 0x83, 0xfe, 0xc0,
	0x16, 0x1f, 0xbb, 0xe8, 0x97, 0xfe, 0x80, 0x00,
	0x92, 0x01, 0xa7, 0xff, 0x17, 0x1f, 0xfe, 0x9e,
	0x97, 0xf6, 0xa5, 0xff, 0x97, 0xfe, 0xa0, 0x3f,
	0x92, 0x13, 0x96, 0xe1, 0xa6, 0xdf, 0x49, 0x89,
	0xa7, 0x93, 0x17, 0x1f, 0xbb, 0x45, 0xa7, 0x84,
	0x0f, 0x3b, 0x9a, 0x01, 0x0d, 0xca, 0x00, 0x15,
	0x00, 0x17, 0x08, 0x41, 0xa4, 0xe3, 0xa7, 0x71,
	0xa4, 0xf4, 0x17, 0x00, 0x05, 0x99, 0x0f, 0x00,
	0x00, 0x06, 0x49, 0x83, 0x27, 0x51, 0xa7, 0x62,
	0xa4, 0xf4, 0xa4, 0xe3, 0x17, 0x00, 0x05, 0x90,
	0x00, 0x00, 0x3e, 0x85, 0x49, 0x92, 0x70, 0x13,
	0x93, 0x06, 0x17, 0x00, 0x05, 0x89, 0x00, 0xf4,
	0x24, 0x05, 0xa5, 0x61, 0xa7, 0xd8, 0xa7, 0xf1,
	0xa5, 0x51, 0xa7, 0xc7, 0xa7, 0xe1, 0xa5, 0x73,
	0x17, 0x1f, 0xff, 0xcc, 0x00, 0x0c, 0x31, 0x85,
	0xf0, 0x14, 0x17, 0x1f, 0xff, 0xbb, 0xa5, 0x73,
	0xa5, 0x73, 0xa5, 0x96, 0x17, 0x1f, 0xfe, 0x62,
	0xa5, 0x85, 0x49, 0x8a, 0x27, 0x51, 0x17, 0x1f,
	0xff, 0xb1, 0xa5, 0x73, 0xa4, 0xdf, 0xa5, 0x51,
	0x4b, 0x6f, 0x20, 0x3f, 0x92, 0x03, 0xa7, 0xdf,
	0x1f, 0x1f, 0xb2, 0xca, 0xa7, 0xe3, 0xba, 0x41,
	0xa7, 0xf1, 0x1f, 0x1f, 0xd9, 0x65, 0x17, 0x1f,
	0xff, 0xb5, 0x4b, 0xe9, 0xa5, 0xe4, 0xa7, 0xe1,
	0xa5, 0xf1, 0xbe, 0x31, 0x1f, 0x1f, 0xd9, 0x78,
	0xa5, 0xdf, 0xa5, 0xe1, 0x4b, 0xef, 0x20, 0x3f,
	0x92, 0x02, 0xa7, 0xef, 0xa7, 0xf3, 0x98, 0x03,
	0x1f, 0x1f, 0xad, 0x59, 0xa5, 0xf3, 0xa5, 0xef,
	0x97, 0xee, 0x05, 0xa0, 0x00, 0x00, 0x92, 0x02,
	0xa7, 0xef, 0xa7, 0xf3, 0x98, 0x23, 0x1f, 0x1f,
	0xad, 0x4e, 0xa5, 0xf3, 0xa5, 0xef, 0x97, 0xee,
	0x05, 0xa0, 0x00, 0x00, 0x92, 0x02, 0xa7, 0xef,
	0xa7, 0xf3, 0x98, 0x33, 0x1f, 0x1f, 0xad, 0x43,
	0xa5, 0xf3, 0xa5, 0xef, 0x97, 0xee, 0x05, 0xa0,
	0x00, 0x00, 0x92, 0x02, 0xa7, 0xef, 0xa7, 0xf3,
	0x98, 0x43, 0x1f, 0x1f, 0xad, 0x38, 0xa5, 0xf3,
	0xa5, 0xef, 0x97, 0xee, 0x05, 0xa0, 0x00, 0x00,
	0x92, 0x02, 0xa7, 0xef, 0xa7, 0xf3, 0x98, 0x53,
	0x1f, 0x1f, 0xad, 0x2d, 0xa5, 0xf3, 0xa5, 0xef,
	0x97, 0xee, 0x05, 0xa0, 0x00, 0x00, 0x92, 0x02,
	0xa7, 0xef, 0xa7, 0xf3, 0x98, 0x63, 0x1f, 0x1f,
	0xad, 0x22, 0xa5, 0xf3, 0xa5, 0xef, 0x97, 0xee,
	0x05, 0xa0, 0x00, 0x00, 0x92, 0x02, 0xa7, 0xef,
	0xa7, 0xf3, 0x98, 0x73, 0x1f, 0x1f, 0xad, 0x17,
	0xa5, 0xf3, 0xa5, 0xef, 0x97, 0xee, 0x05, 0xa0,
	0x00, 0x00, 0x92, 0x02, 0xa7, 0xef, 0xa7, 0xf3,
	0x98, 0x83, 0x1f, 0x1f, 0xad, 0x0c, 0xa5, 0xf3,
	0xa5, 0xef, 0x97, 0xee, 0x05, 0xa0, 0x00, 0x00,
	0x92, 0x02, 0xa7, 0xef, 0xa7, 0xf3, 0x98, 0x93,
	0x1f, 0x1f, 0xad, 0x01, 0xa5, 0xf3, 0xa5, 0xef,
	0x97, 0xee, 0x05, 0xa0, 0x00, 0x00, 0x92, 0x02,
	0xa7, 0xef, 0xa7, 0xf3, 0x98, 0xa3, 0x1f, 0x1f,
	0xac, 0xf6, 0xa5, 0xf3, 0xa5, 0xef, 0x97, 0xee,
	0x05, 0xa0, 0x00, 0x00, 0x92, 0x02, 0xa7, 0xef,
	0xa7, 0xf3, 0x98, 0xb3, 0x1f, 0x1f, 0xac, 0xeb,
	0xa5, 0xf3, 0xa5, 0xef, 0x97, 0xee, 0x05, 0xa0,
	0x00, 0x00, 0x92, 0x02, 0xa7, 0xef, 0xa7, 0xf3,
	0x98, 0xc3, 0x1f, 0x1f, 0xac, 0xe0, 0xa5, 0xf3,
	0xa5, 0xef, 0x97, 0xee, 0x05, 0xa0, 0x00, 0x00,
	0x92, 0x02, 0xa7, 0xef, 0xa7, 0xf3, 0x98, 0xd3,
	0x1f, 0x1f, 0xac, 0xd5, 0xa5, 0xf3, 0xa5, 0xef,
	0x97, 0xee, 0x05, 0xa0, 0x00, 0x00, 0x92, 0x02,
	0xa7, 0xef, 0xa7, 0xf3, 0x98, 0xe3, 0x1f, 0x1f,
	0xac, 0xca, 0xa5, 0xf3, 0xa5, 0xef, 0x97, 0xee,
	0x05, 0xa0, 0x00, 0x00, 0x06, 0xf0, 0x04, 0x1e,
	0x06, 0xf0, 0x04, 0x2e, 0x06, 0xf0, 0x04, 0x3e,
	0x06, 0xf0, 0x04, 0x4e, 0x06, 0xf0, 0x04, 0x5e,
	0x06, 0xf0, 0x04, 0x6e, 0x06, 0xf0, 0x04, 0x7e,
	0x06, 0xf0, 0x04, 0x8e, 0x06, 0xf0, 0x04, 0x9e,
	0x06, 0xf0, 0x04, 0xae, 0x06, 0xf0, 0x04, 0xbe,
	0x06, 0xf0, 0x04, 0xce, 0x06, 0xf0, 0x04, 0xde,
	0x06, 0xf0, 0x04, 0xfe, 0x09, 0x00, 0x38, 0xe3,
	0x92, 0x0e, 0x64, 0x44, 0x27, 0x21, 0x64, 0x48,
	0x27, 0x31, 0x64, 0x50, 0x27, 0x41, 0x64, 0x54,
	0x27, 0x51, 0x64, 0x58, 0x27, 0x61, 0x64, 0x5c,
	0x27, 0x71, 0x64, 0x60, 0x27, 0x81, 0x64, 0x64,
	0x27, 0x91, 0x64, 0x68, 0x27, 0xa1, 0x64, 0x6c,
	0x27, 0xb1, 0x64, 0x70, 0x27, 0xc1, 0x64, 0x74,
	0x27, 0xd1, 0x60, 0x48, 0x27, 0xe1, 0x60, 0x4c,
	0x27, 0xf1, 0x1f, 0x1f, 0xfb, 0x77, 0xa1, 0x80,
	0x06, 0xf0, 0x04, 0x1e, 0x06, 0xf0, 0x04, 0x2e,
	0x06, 0xf0, 0x04, 0x3e, 0x06, 0xf0, 0x04, 0x4e,
	0x06, 0xf0, 0x04, 0x5e, 0x06, 0xf0, 0x04, 0x6e,
	0x06, 0xf0, 0x04, 0x7e, 0x06, 0xf0, 0x04, 0x8e,
	0x06, 0xf0, 0x04, 0x9e, 0x06, 0xf0, 0x04, 0xae,
	0x06, 0xf0, 0x04, 0xbe, 0x06, 0xf0, 0x04, 0xce,
	0x06, 0xf0, 0x04, 0xde, 0x06, 0xf0, 0x04, 0xfe,
	0x09, 0x00, 0x38, 0xe3, 0x92, 0x0e, 0x64, 0x44,
	0x27, 0x21, 0x64, 0x48, 0x27, 0x31, 0x64, 0x50,
	0x27, 0x41, 0x64, 0x54, 0x27, 0x51, 0x64, 0x58,
	0x27, 0x61, 0x64, 0x5c, 0x27, 0x71, 0x64, 0x60,
	0x27, 0x81, 0x64, 0x64, 0x27, 0x91, 0x64, 0x68,
	0x27, 0xa1, 0x64, 0x6c, 0x27, 0xb1, 0x64, 0x70,
	0x27, 0xc1, 0x64, 0x74, 0x27, 0xd1, 0x60, 0x48,
	0x27, 0xe1, 0x60, 0x4c, 0x27, 0xf1, 0x1f, 0x1f,
	0xfb, 0x61, 0xa1, 0x80, 0x92, 0x0b, 0x0f, 0x30,
	0x04, 0x01, 0x0d, 0x01, 0x60, 0x11, 0xa7, 0x5f,
	0xa8, 0x06, 0xc9, 0x05, 0xb6, 0x06, 0x08, 0x2e,
	0xb0, 0x11, 0xa8, 0x06, 0x04, 0x89, 0xb2, 0x66,
	0x17, 0x1f, 0xb0, 0xf6, 0xb6, 0x06, 0x1f, 0x1f,
	0xbe, 0x21, 0x1f, 0x1f, 0xaf, 0xd1, 0x1f, 0x1f,
	0xbd, 0xfb, 0x1f, 0x1f, 0xbc, 0x47, 0x00, 0x0c,
	0x32, 0x81, 0x01, 0xff, 0x00, 0x05, 0x49, 0x82,
	0x28, 0x01, 0x45, 0x0a, 0xf0, 0x03, 0x17, 0x1f,
	0xbc, 0x11, 0x00, 0x00, 0x04, 0x06, 0xbc, 0x61,
	0x17, 0x1f, 0xfe, 0xae, 0x00, 0x0c, 0x35, 0x83,
	0xa1, 0x84, 0x17, 0x1f, 0xbb, 0xef, 0x98, 0x14,
	0x00, 0x0c, 0x32, 0x81, 0x00, 0x00, 0x0c, 0x06,
	0x4c, 0x09, 0xa8, 0x04, 0x01, 0xff, 0x00, 0x01,
	0x8a, 0x14, 0x00, 0x0c, 0x32, 0xc1, 0xa8, 0x01,
	0x17, 0x1f, 0xbb, 0xf8, 0x04, 0x01, 0xe4, 0x15,
	0xbc, 0x61, 0x17, 0x1f, 0xfe, 0x95, 0x00, 0x0c,
	0x36, 0x83, 0xa1, 0x84, 0x17, 0x1f, 0xbb, 0xd6,
	0x98, 0x14, 0x00, 0x00, 0x0c, 0x06, 0x0f, 0x30,
	0x04, 0x04, 0x0f, 0x8f, 0xfc, 0x05, 0x17, 0x1f,
	0xbb, 0xe5, 0x98, 0x23, 0xbc, 0x61, 0x17, 0x1f,
	0xfe, 0x83, 0x00, 0x0c, 0x37, 0x83, 0xa1, 0x84,
	0x17, 0x1f, 0xbb, 0xc4, 0x98, 0x14, 0x17, 0x1f,
	0xbb, 0xd3, 0x98, 0x13, 0x1f, 0x1f, 0xb9, 0xbc,
	0x0f, 0x30, 0x04, 0x01, 0xf0, 0x03, 0x06, 0x70,
	0xf4, 0x01, 0x00, 0x17, 0x80, 0x01, 0xa7, 0xf0,
	0xa7, 0xc1, 0x00, 0x0c, 0x38, 0x81, 0xa5, 0xc4,
	0xa7, 0xb1, 0x00, 0x0c, 0x89, 0x01, 0xa7, 0xe4,
	0xa7, 0xa1, 0x00, 0x17, 0x88, 0x01, 0xa7, 0x91,
	0x00, 0x17, 0x90, 0x01, 0xa7, 0x81, 0x00, 0x17,
	0x98, 0x01, 0xa7, 0x71, 0x00, 0x17, 0xa0, 0x01,
	0x17, 0x1f, 0xd5, 0xec, 0xa7, 0x61, 0xa7, 0xd1,
	0x17, 0x1f, 0xfe, 0x56, 0xa5, 0xb3, 0x49, 0x83,
	0xf0, 0x03, 0x17, 0x1f, 0xd5, 0xe3, 0xa5, 0xc4,
	0x93, 0x16, 0x98, 0x11, 0x17, 0x1f, 0xb4, 0x2e,
	0xa7, 0xf1, 0x4c, 0x09, 0xa5, 0xa6, 0xa5, 0xc1,
	0xa5, 0x94, 0x17, 0x1f, 0xd5, 0xd7, 0xad, 0xd1,
	0xa7, 0xe4, 0xa7, 0xd1, 0x17, 0x1f, 0xfe, 0x40,
	0xa5, 0xb3, 0x4c, 0x10, 0xa5, 0x94, 0x98, 0x13,
	0x17, 0x1f, 0xd5, 0xcc, 0x4c, 0x0b, 0xa7, 0xf1,
	0x17, 0x1f, 0xb4, 0x18, 0x93, 0x16, 0x4c, 0x11,
	0xa5, 0x96, 0xa5, 0xa1, 0xa5, 0x84, 0x17, 0x1f,
	0xd5, 0xc1, 0x06, 0x70, 0x40, 0x61, 0xa7, 0xe4,
	0xa7, 0xd1, 0x17, 0x1f, 0xfe, 0x29, 0xa5, 0xb3,
	0x4c, 0x18, 0xa5, 0x84, 0x98, 0x23, 0x17, 0x1f,
	0xd5, 0xb5, 0x4c, 0x13, 0xa7, 0xf1, 0x17, 0x1f,
	0xb4, 0x01, 0x93, 0x16, 0x4c, 0x19, 0xa5, 0x86,
	0xa5, 0xa1, 0xa5, 0x74, 0x17, 0x1f, 0xd5, 0xaa,
	0x06, 0x70, 0x74, 0x61, 0xa7, 0xe4, 0xa7, 0xd1,
	0x17, 0x1f, 0xfe, 0x12, 0xa5, 0xb3, 0x4c, 0x20,
	0xa5, 0x74, 0x98, 0x33, 0x17, 0x1f, 0xd5, 0x9e,
	0x4c, 0x1b, 0xa7, 0xf1, 0x17, 0x1f, 0xb3, 0xea,
	0x93, 0x16, 0x4c, 0x21, 0xa5, 0x76, 0xa5, 0xa1,
	0xa5, 0x64, 0x17, 0x1f, 0xd5, 0x93, 0x06, 0x70,
	0xa8, 0x61, 0xa7, 0xe4, 0xa7, 0xd1, 0x17, 0x1f,
	0xfd, 0xfb, 0xa5, 0xb3, 0x17, 0x1f, 0xd5, 0x8a,
	0x4c, 0x21, 0xa5, 0x64, 0x93, 0x16, 0x17, 0x1f,
	0xb3, 0xd5, 0x98, 0x47, 0xa5, 0x66, 0xa5, 0xa1,
	0x17, 0x1f, 0xb1, 0x20, 0x06, 0x70, 0xdc, 0x61,
	0x00, 0x17, 0x39, 0x46, 0x98, 0x11, 0x98, 0x13,
	0x17, 0x1f, 0xbb, 0xb4, 0xac, 0x51, 0x1f, 0x1f,
	0xb6, 0x45, 0xa5, 0x5f, 0x16, 0x1f, 0xd6, 0x38,
	0x97, 0x5e, 0x80, 0x00, 0x92, 0x04, 0xa7, 0xcf,
	0x1f, 0x1f, 0xff, 0x06, 0x1f, 0x00, 0x02, 0x5a,
	0x00, 0x0c, 0x3c, 0x41, 0x00, 0x0c, 0x3b, 0x86,
	0xa7, 0xe1, 0x00, 0x0d, 0x6f, 0x01, 0xa7, 0xf6,
	0xa8, 0x01, 0x00, 0x0c, 0x3a, 0x43, 0x17, 0x1f,
	0xfd, 0xcb, 0xa7, 0xd1, 0xa5, 0xd1, 0x00, 0x0c,
	0x3d, 0x03, 0x17, 0x1f, 0xfd, 0xc5, 0xa7, 0xf1,
	0x17, 0x1f, 0xfd, 0xc2, 0x00, 0x0c, 0x3e, 0x03,
	0x0f, 0x20, 0x21, 0x06, 0x0f, 0x30, 0x04, 0x01,
	0x0d, 0x10, 0x19, 0x64, 0x0f, 0x09, 0x34, 0x06,
	0x17, 0x1f, 0xfa, 0xd8, 0x0d, 0x01, 0x10, 0x13,
	0x0d, 0x09, 0x34, 0x64, 0x0f, 0xab, 0xcc, 0x06,
	0x17, 0x1f, 0xfa, 0xd0, 0x0d, 0x01, 0x14, 0x13,
	0x0d, 0xde, 0xfa, 0x64, 0x17, 0x1f, 0xfa, 0xca,
	0x0d, 0x01, 0x18, 0x13, 0x17, 0x1f, 0xfa, 0xc6,
	0x0d, 0x01, 0x1c, 0x13, 0x1f, 0x1f, 0xe2, 0x3e,
	0xa1, 0x80, 0x80, 0x00, 0x92, 0x02, 0xa7, 0xf4,
	0xa7, 0xef, 0x17, 0x1f, 0xfd, 0x99, 0x00, 0x0c,
	0x40, 0x03, 0x07, 0x00, 0x80, 0x21, 0xa1, 0x80,
	0x49, 0x02, 0xf0, 0x32, 0xa7, 0xbf, 0x07, 0x00,
	0x80, 0x21, 0x17, 0x1f, 0xbb, 0x5b, 0x49, 0x81,
	0xa7, 0xc5, 0x1f, 0x1f, 0xde, 0xa9, 0x49, 0x89,
	0xa7, 0xe2, 0x17, 0x1f, 0xdf, 0x49, 0xa7, 0xd4,
	0xa7, 0xf1, 0x17, 0x1f, 0xfd, 0x81, 0x00, 0x0c,
	0x41, 0x43, 0x17, 0x1f, 0xfd, 0x7d, 0x00, 0x0c,
	0x44, 0x03, 0x1f, 0x1f, 0xbb, 0x79, 0x93, 0x04,
	0x17, 0x1f, 0xbb, 0x52, 0x00, 0x0a, 0xbc, 0x83,
	0xa7, 0xf1, 0x17, 0x1f, 0xfd, 0x71, 0x00, 0x0c,
	0x45, 0x03, 0xa1, 0x80, 0x92, 0x03, 0xa7, 0xdf,
	0x17, 0x1f, 0xd9, 0x08, 0x00, 0x0c, 0x46, 0x03,
	0x00, 0x05, 0x00, 0x06, 0xa7, 0xf1, 0x17, 0x1f,
	0xfd, 0x63, 0xa7, 0xe6, 0x1f, 0x1f, 0xde, 0x80,
	0x17, 0x1f, 0xdf, 0x22, 0x93, 0x13, 0xa7, 0xf1,
	0x17, 0x1f, 0xfd, 0x5a, 0x00, 0x0c, 0x48, 0x43,
	0xa5, 0xdf, 0x97, 0xde, 0xa0, 0x3f, 0x80, 0x00,
	0x92, 0x18, 0x96, 0x86, 0x00, 0x00, 0x23, 0x01,
	0x4c, 0x41, 0x26, 0x80, 0x4b, 0xa4, 0x26, 0xe1,
	0xa6, 0xf1, 0xa7, 0x01, 0xa7, 0x11, 0xa7, 0x21,
	0xa7, 0x31, 0xa7, 0x42, 0xa6, 0x92, 0xa7, 0x82,
	0x00, 0x00, 0x12, 0x81, 0x00, 0x17, 0x11, 0x47,
	0x0f, 0x02, 0x30, 0x02, 0xa6, 0xa1, 0x4c, 0x80,
	0xa6, 0xb1, 0xb4, 0xe2, 0x00, 0x00, 0x22, 0x02,
	0xa7, 0x91, 0xa6, 0xd2, 0x00, 0x00, 0x12, 0x03,
	0x00, 0x00, 0x21, 0x81, 0x00, 0x00, 0x0f, 0x02,
	0xa7, 0x53, 0xa6, 0xc1, 0xa7, 0x72, 0xa7, 0x60,
	0xa7, 0xa0, 0xa7, 0xb0, 0xa7, 0xc0, 0xa7, 0xd0,
	0x14, 0xc0, 0x12, 0x0b, 0xa7, 0xe0, 0xa7, 0xf0,
	0xb0, 0xd1, 0x04, 0x1e, 0x70, 0x12, 0xb0, 0xf1,
	0x8b, 0x21, 0xb4, 0xe1, 0x4b, 0x47, 0x20, 0x3f,
	0x92, 0x05, 0x97, 0xc1, 0xa7, 0xbf, 0xa7, 0xf1,
	0x00, 0x17, 0x39, 0x81, 0x20, 0x00, 0x33, 0x11,
	0x00, 0x00, 0x40, 0x03, 0xa8, 0x01, 0xa7, 0xc3,
	0xa7, 0xe1, 0x4c, 0x12, 0xa5, 0xe1, 0x17, 0x1f,
	0xfa, 0x31, 0x44, 0x09, 0xa5, 0xf4, 0xa7, 0xd1,
	0x17, 0x1f, 0xf3, 0xf2, 0x00, 0x00, 0x90, 0x23,
	0xa5, 0xc1, 0x08, 0x00, 0x04, 0x13, 0x00, 0x00,
	0x50, 0x01, 0xa7, 0xc3, 0x1b, 0x7f, 0xef, 0x31,
	0xa5, 0xbf, 0x97, 0xbe, 0xa0, 0x3f, 0x80, 0x00,
	0x49, 0x00, 0xf0, 0x34, 0x00, 0x0d, 0x6f, 0x51,
	0xa7, 0xff, 0xa2, 0x80, 0xba, 0x61, 0x00, 0x0d,
	0x6f, 0xc5, 0xa5, 0xff, 0x97, 0xfe, 0xa0, 0x3f,
	0xa2, 0xa0, 0xbe, 0x51, 0x1f, 0x1f, 0xff, 0x96,
	0x98, 0x11, 0xa3, 0xc1, 0x00, 0x00, 0x08, 0xe5,
	0x17, 0x1f, 0xf3, 0xce, 0x00, 0x00, 0x70, 0x23,
	0xa1, 0xf1, 0x80, 0x00, 0x92, 0x01, 0x00, 0x0d,
	0x6f, 0x41, 0xa7, 0xff, 0xa2, 0x80, 0xba, 0x61,
	0x00, 0x17, 0x39, 0x86, 0xa5, 0xff, 0x97, 0xfe,
	0xa0, 0x3f, 0x00, 0x17, 0x10, 0x44, 0x17, 0x1f,
	0xf9, 0xf5, 0x4c, 0x22, 0xa8, 0x53, 0xa8, 0xd3,
	0x00, 0x17, 0x10, 0x86, 0x17, 0x1f, 0xf9, 0xee,
	0xb4, 0xd1, 0xb6, 0x51, 0x17, 0x1f, 0xf3, 0xb0,
	0x00, 0x00, 0x80, 0x23, 0x17, 0x1f, 0xff, 0xa6,
	0x93, 0x03, 0x17, 0x1f, 0xff, 0xa3, 0x98, 0x13,
	0x00, 0x0d, 0x6f, 0xc1, 0xa3, 0x80, 0x00, 0x0d,
	0x6f, 0x81, 0xa8, 0x01, 0xba, 0x41, 0x98, 0x17,
	0x1f, 0x1f, 0xbf, 0xd4, 0x00, 0x0d, 0x6f, 0x51,
	0xa1, 0x5a, 0xa3, 0x87, 0x49, 0x00, 0xf0, 0x03,
	0xa7, 0xff, 0x1f, 0x1f, 0xff, 0x8f, 0x17, 0x1f,
	0xff, 0x8d, 0x98, 0x13, 0x1f, 0x1f, 0xc1, 0x18,
	0x98, 0xc5, 0x00, 0x17, 0x11, 0x44, 0x17, 0x1f,
	0xf3, 0x8b, 0x00, 0x00, 0xb0, 0x23, 0x00, 0x0d,
	0x6f, 0x51, 0xa3, 0x80, 0x00, 0x0d, 0x6f, 0x81,
	0xac, 0x00, 0xa5, 0xff, 0x97, 0xfe, 0xa0, 0x3f,
	0x49, 0x00, 0xf0, 0x47, 0x0c, 0x01, 0xff, 0x38,
	0xa7, 0xff, 0x1d, 0x80, 0x11, 0x09, 0x1f, 0x1f,
	0xbf, 0xad, 0x98, 0x16, 0x00, 0x0d, 0x6f, 0x81,
	0xac, 0x06, 0x15, 0x80, 0x15, 0x07, 0x00, 0x17,
	0x10, 0x41, 0x98, 0x16, 0xb5, 0x87, 0xb6, 0x05,
	0x00, 0x0d, 0x6f, 0x41, 0xa3, 0x86, 0xa5, 0xff,
	0x97, 0xfe, 0xa0, 0x3f, 0x92, 0x01, 0x0f, 0x10,
	0x21, 0x06, 0xa7, 0xff, 0x17, 0x1f, 0xf9, 0x9e,
	0x0d, 0x90, 0x00, 0x63, 0x0d, 0xd0, 0x00, 0x63,
	0x17, 0x1f, 0xf9, 0x98, 0x93, 0x16, 0x00, 0x17,
	0x39, 0x87, 0xb4, 0xe6, 0xb8, 0x76, 0xb6, 0x61,
	0xbc, 0x51, 0x17, 0x1f, 0xf1, 0xbf, 0x00, 0x0d,
	0x70, 0x03, 0x49, 0x80, 0xa5, 0xff, 0x97, 0xfe,
	0xa0, 0x3f, 0x80, 0x00, 0x92, 0x01, 0xa7, 0xff,
	0x1f, 0x1f, 0xf2, 0x34, 0x1f, 0x1f, 0xef, 0x2c,
	0x17, 0x1f, 0xf9, 0x54, 0x00, 0x00, 0x3e, 0x83,
	0x93, 0x14, 0x17, 0x1f, 0xe6, 0x51, 0x00, 0x0c,
	0x49, 0x43, 0x00, 0x17, 0x06, 0x06, 0x93, 0x08,
	0x4c, 0x13, 0xac, 0x51, 0x49, 0x83, 0x25, 0xff,
	0x97, 0xfe, 0x00, 0x00, 0x08, 0x25, 0x00, 0x0c,
	0x49, 0xc4, 0x16, 0x1f, 0xe0, 0xb1, 0x00, 0x0a,
	0xf7, 0x83, 0x80, 0x00, 0x92, 0x02, 0x0f, 0x00,
	0xfc, 0x06, 0x00, 0x0d, 0x71, 0x47, 0x45, 0x1b,
	0x27, 0xef, 0x0f, 0x00, 0x18, 0x01, 0xa7, 0xf7,
	0x1b, 0x00, 0x28, 0x61, 0x1c, 0x00, 0x1c, 0x61,
	0x0f, 0x00, 0x24, 0x07, 0x1b, 0x00, 0x14, 0x67,
	0x14, 0x00, 0x13, 0x67, 0x00, 0x80, 0x00, 0x41,
	0x0f, 0x00, 0x28, 0x01, 0x15, 0x00, 0x0c, 0x61,
	0xa5, 0xf1, 0xa2, 0x80, 0x15, 0x80, 0x10, 0x21,
	0x0f, 0x00, 0x34, 0x01, 0x1d, 0x00, 0x04, 0x41,
	0x1f, 0x1f, 0xef, 0x7a, 0x93, 0x01, 0xa5, 0xef,
	0x97, 0xee, 0xa0, 0x3f, 0xa2, 0xb0, 0x1d, 0x83,
	0xf6, 0x20, 0x17, 0x1f, 0xee, 0x25, 0x93, 0x43,
	0x00, 0x17, 0x36, 0x81, 0xa1, 0x74, 0xac, 0x05,
	0x00, 0x40, 0x00, 0x01, 0x1b, 0x7f, 0xf0, 0x61,
	0x14, 0x00, 0x0c, 0x61, 0x0f, 0x00, 0x10, 0x01,
	0x15, 0x7f, 0xea, 0x61, 0x00, 0x3f, 0xff, 0xf1,
	0x17, 0x1f, 0xf1, 0x06, 0x8a, 0x13, 0xa1, 0xe3,
	0x81, 0x10, 0x1d, 0x80, 0x22, 0x21, 0xa2, 0xb0,
	0x15, 0x83, 0xbc, 0x20, 0x00, 0x17, 0x35, 0x81,
	0xac, 0x04, 0x00, 0x0d, 0x71, 0x51, 0x17, 0x1f,
	0xf3, 0x31, 0xa3, 0x85, 0x98, 0x11, 0xa5, 0xf6,
	0xa1, 0x52, 0xa3, 0xd1, 0x1d, 0x80, 0x18, 0x22,
	0xa2, 0xb0, 0x15, 0x83, 0x9a, 0x21, 0x00, 0x17,
	0x36, 0xc1, 0x17, 0x1f, 0xf3, 0x59, 0xac, 0x04,
	0x1e, 0x1f, 0xff, 0xc6, 0x1c, 0x80, 0x1a, 0x23,
	0x1d, 0x83, 0x84, 0x24, 0x17, 0x1f, 0xf1, 0xc4,
	0x93, 0x03, 0x1f, 0x1f, 0xee, 0x6b, 0xa5, 0xf1,
	0x16, 0x1f, 0xff, 0xba, 0xa3, 0x80, 0x17, 0x1f,
	0xf1, 0xbb, 0x98, 0x13, 0x1f, 0x1f, 0xee, 0x62,
	0x49, 0x80, 0xa1, 0xdf, 0x92, 0x01, 0xa7, 0xff,
	0xa8, 0xc4, 0xa8, 0x43, 0x17, 0x1f, 0xff, 0x88,
	0xa9, 0x45, 0x00, 0x17, 0x3a, 0xc6, 0xac, 0x51,
	0xa5, 0xff, 0x97, 0xfe, 0xa0, 0x3f, 0x80, 0x00,
	0x92, 0x03, 0x00, 0x17, 0x3a, 0x06, 0x4c, 0x19,
	0xa7, 0xdf, 0x17, 0x1f, 0xaf, 0x3f, 0x00, 0x0a,
	0xf5, 0xc4, 0xb8, 0x71, 0xa7, 0xe1, 0xa7, 0xf1,
	0x17, 0x1f, 0xfb, 0xae, 0x00, 0x0c, 0x4b, 0x43,
	0xa5, 0xe1, 0xb8, 0xb1, 0x00, 0x00, 0x0c, 0x95,
	0x1f, 0x1f, 0xd5, 0x4a, 0x00, 0x0c, 0x4a, 0x44,
	0x17, 0x1f, 0xfe, 0x10, 0x00, 0x0c, 0x4d, 0x03,
	0x00, 0x17, 0x3a, 0xc4, 0x17, 0x1f, 0xb0, 0x50,
	0x98, 0x33, 0xa1, 0xfb, 0x92, 0x02, 0x00, 0x0c,
	0x7a, 0x01, 0xa7, 0xef, 0xa2, 0xc5, 0x15, 0x00,
	0x08, 0x36, 0x00, 0x0c, 0x4f, 0x83, 0xa7, 0xf1,
	0xa1, 0x06, 0x00, 0x0c, 0x4d, 0xc3, 0x00, 0x0c,
	0x7a, 0x31, 0xa7, 0xf1, 0x1f, 0x1f, 0xfb, 0x88,
	0x17, 0x1f, 0xad, 0x96, 0xa5, 0xf3, 0x49, 0x80,
	0xa5, 0xef, 0x97, 0xee, 0xa0, 0x3f, 0x80, 0x00,
	0x49, 0x01, 0x70, 0x08, 0xa7, 0xef, 0x1f, 0x1f,
	0xb8, 0x93, 0x00, 0x00, 0x10, 0x01, 0x93, 0x06,
	0x4c, 0x13, 0xa7, 0xf1, 0xa5, 0xf5, 0x00, 0x0c,
	0x51, 0x04, 0x17, 0x1f, 0xdf, 0xe1, 0x00, 0x09,
	0x87, 0x43, 0x1f, 0x1f, 0xc3, 0x23, 0x1f, 0x1f,
	0xd1, 0x6b, 0x1f, 0x1f, 0xeb, 0x0f, 0x1f, 0x1f,
	0xf6, 0xb3, 0x49, 0x83, 0x25, 0xf5, 0x4c, 0x13,
	0xf0, 0x08, 0x00, 0x0c, 0x51, 0x84, 0x17, 0x1f,
	0xdf, 0xcf, 0x00, 0x09, 0xd3, 0x43, 0x49, 0x83,
	0x25, 0xf5, 0x4c, 0x13, 0xf0, 0x08, 0x00, 0x0c,
	0x51, 0xc4, 0x17, 0x1f, 0xdf, 0xc5, 0x00, 0x09,
	0xcd, 0xc3, 0x1f, 0x1f, 0xc6, 0x15, 0x49, 0x83,
	0x25, 0xf5, 0x4c, 0x13, 0xf0, 0x08, 0x00, 0x0c,
	0x52, 0x44, 0x17, 0x1f, 0xdf, 0xb9, 0x00, 0x08,
	0x5e, 0x03, 0x1f, 0x1f, 0xc4, 0xe7, 0x49, 0x83,
	0x25, 0xf5, 0x4c, 0x13, 0xf0, 0x08, 0x00, 0x0c,
	0x52, 0x84, 0x17, 0x1f, 0xdf, 0xad, 0x00, 0x05,
	0x5b, 0xc3, 0x49, 0x84, 0x25, 0xf5, 0x93, 0x06,
	0x98, 0x27, 0x00, 0x0c, 0x52, 0xc4, 0x17, 0x1f,
	0xdf, 0xa3, 0x00, 0x05, 0x81, 0x43, 0x1f, 0x1f,
	0xfe, 0xd3, 0x1f, 0x1f, 0xd1, 0xfb, 0x99, 0xe5,
	0x00, 0x0c, 0x7a, 0x03, 0x17, 0x1f, 0xad, 0x86,
	0x00, 0x0a, 0xfb, 0xc4, 0x4c, 0xfa, 0xa5, 0xef,
	0x97, 0xee, 0x00, 0x0c, 0x7a, 0x33, 0x16, 0x1f,
	0xad, 0x7d, 0x00, 0x0a, 0xfb, 0xc4, 0x80, 0x00,
	0xbc, 0xc5, 0x43, 0xfa, 0xfe, 0x50, 0xfe, 0x5d,
	0x1c, 0x7f, 0xfc, 0x16, 0x06, 0x0f, 0xff, 0x13,
	0x06, 0x0f, 0xff, 0x64, 0x44, 0xb0, 0xa0, 0x3f,
	0x49, 0x80, 0xa0, 0x3f, 0x93, 0x31, 0x14, 0x80,
	0x66, 0xa0, 0x04, 0x05, 0xe1, 0x46, 0x80, 0x6e,
	0x15, 0x80, 0x94, 0xe0, 0x93, 0x17, 0x14, 0x80,
	0x52, 0xa1, 0x04, 0x1d, 0x61, 0x58, 0x80, 0xad,
	0x15, 0x80, 0x50, 0xc0, 0x80, 0x7d, 0x14, 0x80,
	0x3b, 0x01, 0x04, 0x1d, 0x61, 0x86, 0x80, 0x69,
	0x1c, 0x80, 0x08, 0x40, 0xb0, 0xb2, 0xb4, 0xe2,
	0x04, 0x1c, 0x61, 0x62, 0x1c, 0x80, 0x20, 0x40,
	0x43, 0xf9, 0x30, 0xb3, 0xb0, 0xb6, 0x14, 0x80,
	0x12, 0x40, 0xb4, 0xe3, 0x1c, 0xe0, 0x0a, 0x02,
	0xb0, 0xb2, 0xb4, 0xe6, 0xb0, 0xb6, 0xb4, 0xe2,
	0x40, 0x00, 0x34, 0xe6, 0x80, 0x7d, 0xbc, 0x36,
	0xee, 0x5d, 0xe8, 0xb6, 0x80, 0x65, 0xbc, 0x36,
	0xa2, 0xdd, 0xa3, 0xe6, 0x40, 0x00, 0x20, 0x3f,
	0x1c, 0x80, 0x08, 0xc0, 0xee, 0x5d, 0xe8, 0xb6,
	0x04, 0x1c, 0x61, 0x86, 0x14, 0x80, 0x24, 0xc0,
	0x08, 0xff, 0xff, 0x62, 0xee, 0x5f, 0xe8, 0xc6,
	0x14, 0x80, 0x14, 0x40, 0xee, 0x5d, 0xa0, 0x00,
	0x1c, 0xe0, 0x0a, 0x02, 0xee, 0x5f, 0xe8, 0xb6,
	0xee, 0x5d, 0xe8, 0xc6, 0x40, 0x00, 0x68, 0xb6,
	0x40, 0x00, 0x21, 0xe2, 0x40, 0x33, 0x70, 0x16,
	0x1c, 0x80, 0x08, 0xe0, 0xfe, 0x5e, 0xf8, 0xbd,
	0x04, 0x1c, 0x61, 0x58, 0x1c, 0x80, 0x21, 0x00,
	0x43, 0xfc, 0x7e, 0x59, 0xfe, 0x5e, 0x14, 0x80,
	0x13, 0x00, 0xf8, 0x95, 0x1c, 0xe0, 0x0a, 0x08,
	0xfe, 0x5f, 0xf8, 0xbd, 0xfe, 0x5e, 0xf8, 0xc5,
	0x40, 0x00, 0x78, 0xbd, 0xa1, 0xcc, 0x80, 0x00,
	0x49, 0x98, 0xbc, 0x85, 0x14, 0xe0, 0x08, 0x05,
	0x80, 0x00, 0x93, 0x16, 0xf8, 0xa5, 0xa0, 0x00,
	0xa0, 0x3f, 0x80, 0x00, 0x12, 0xc0, 0x4e, 0xc0,
	0x4c, 0x0c, 0xf0, 0x02, 0x14, 0xc0, 0x3e, 0x40,
	0x49, 0x94, 0x70, 0x07, 0x40, 0x00, 0x20, 0x00,
	0x04, 0x1c, 0x7f, 0x71, 0x20, 0x02, 0x18, 0x18,
	0x04, 0x1c, 0x7f, 0x42, 0x04, 0x1e, 0x61, 0x3a,
	0x04, 0x1c, 0x7f, 0x31, 0x20, 0x02, 0x17, 0x27,
	0x13, 0x00, 0x08, 0x68, 0x20, 0x02, 0x14, 0x14,
	0x1d, 0x00, 0x09, 0x68, 0x1b, 0x00, 0x07, 0x75,
	0x89, 0x57, 0x20, 0x02, 0x13, 0x9a, 0x04, 0x03,
	0xe6, 0x88, 0x93, 0xa3, 0xa0, 0x2f, 0x93, 0x42,
	0x93, 0x31, 0x93, 0x48, 0x13, 0x00, 0x0a, 0x68,
	0x49, 0x9b, 0xf0, 0x01, 0x15, 0x00, 0x0b, 0x68,
	0xf0, 0x01, 0x13, 0x00, 0x08, 0x75, 0xf0, 0x01,
	0x4c, 0x08, 0xa0, 0x2f, 0x89, 0x57, 0x04, 0x03,
	0xe6, 0x88, 0xa0, 0x3f, 0x00, 0x00, 0x00, 0x00,
	0x00, 0x00, 0x00, 0x00, 0x44, 0x4d, 0x41, 0x25,
	0x64, 0x20, 0x70, 0x6f, 0x6c, 0x6c, 0x69, 0x6e,
	0x67, 0x20, 0x74, 0x69, 0x6d, 0x65, 0x6f, 0x75,
	0x74, 0x21, 0x21, 0x21, 0x21, 0x0a, 0x00, 0x00,
	0x44, 0x4d, 0x41, 0x25, 0x64, 0x20, 0x63, 0x68,
	0x20, 0x65, 0x72, 0x72, 0x0a, 0x00, 0x00, 0x00,
	0x44, 0x4d, 0x41, 0x25, 0x64, 0x20, 0x69, 0x6e,
	0x5f, 0x75, 0x73, 0x65, 0x3d, 0x30, 0x0a, 0x00,
	0x44, 0x4d, 0x41, 0x25, 0x64, 0x20, 0x63, 0x66,
	0x67, 0x20, 0x6e, 0x75, 0x6c, 0x6c, 0x0a, 0x00,
	0x44, 0x4d, 0x41, 0x25, 0x64, 0x20, 0x63, 0x6f,
	0x75, 0x6e, 0x74, 0x3a, 0x30, 0x78, 0x25, 0x78,
	0x20, 0x6f, 0x76, 0x65, 0x72, 0x20, 0x30, 0x78,
	0x25, 0x78, 0x0a, 0x00, 0x44, 0x4d, 0x41, 0x25,
	0x64, 0x20, 0x63, 0x6f, 0x75, 0x6e, 0x74, 0x65,
	0x72, 0x20, 0x6f, 0x76, 0x65, 0x72, 0x20, 0x30,
	0x78, 0x25, 0x78, 0x0a, 0x00, 0x00, 0x00, 0x00,
	0x64, 0x6d, 0x61, 0x5f, 0x74, 0x72, 0x61, 0x6e,
	0x73, 0x61, 0x63, 0x74, 0x69, 0x6f, 0x6e, 0x00,
	0x44, 0x4d, 0x41, 0x20, 0x6c, 0x65, 0x6e, 0x3d,
	0x30, 0x0a, 0x00, 0x00, 0x44, 0x4d, 0x41, 0x20,
	0x6c, 0x65, 0x6e, 0x3e, 0x4d, 0x41, 0x58, 0x0a,
	0x00, 0x00, 0x00, 0x00, 0x44, 0x4d, 0x41, 0x20,
	0x69, 0x64, 0x3a, 0x25, 0x64, 0x20, 0x63, 0x61,
	0x6e, 0x27, 0x74, 0x20, 0x69, 0x6e, 0x20, 0x69,
	0x73, 0x72, 0x0a, 0x00, 0x64, 0x6d, 0x61, 0x2e,
	0x63, 0x00, 0x00, 0x00, 0x44, 0x4d, 0x41, 0x20,
	0x72, 0x65, 0x71, 0x20, 0x63, 0x68, 0x3a, 0x25,
	0x64, 0x20, 0x66, 0x61, 0x69, 0x6c, 0x0a, 0x00,
	0x44, 0x4d, 0x41, 0x20, 0x63, 0x66, 0x67, 0x20,
	0x65, 0x72, 0x72, 0x0a, 0x00, 0x00, 0x00, 0x00,
	0x44, 0x4d, 0x41, 0x20, 0x63, 0x68, 0x3a, 0x25,
	0x64, 0x20, 0x70, 0x6f, 0x6c, 0x6c, 0x20, 0x74,
	0x69, 0x6d, 0x65, 0x6f, 0x75, 0x74, 0x0a, 0x00,
	0x4e, 0x6f, 0x20, 0x49, 0x52, 0x51, 0x23, 0x25,
	0x64, 0x20, 0x68, 0x61, 0x6e, 0x64, 0x6c, 0x65,
	0x72, 0x0a, 0x00, 0x00, 0x49, 0x50, 0x49, 0x20,
	0x72, 0x65, 0x67, 0x69, 0x73, 0x74, 0x65, 0x72,
	0x20, 0x66, 0x61, 0x69, 0x6c, 0x20, 0x28, 0x25,
	0x64, 0x29, 0x0a, 0x00, 0x49, 0x50, 0x49, 0x20,
	0x73, 0x65, 0x6e, 0x64, 0x20, 0x66, 0x61, 0x69,
	0x6c, 0x20, 0x28, 0x25, 0x64, 0x29, 0x0a, 0x00,
	0x49, 0x50, 0x49, 0x20, 0x25, 0x64, 0x20, 0x72,
	0x65, 0x70, 0x6c, 0x79, 0x20, 0x66, 0x61, 0x69,
	0x6c, 0x20, 0x28, 0x25, 0x64, 0x29, 0x0a, 0x00,
	0x52, 0x45, 0x43, 0x56, 0x20, 0x50, 0x49, 0x4e,
	0x20, 0x4e, 0x4f, 0x54, 0x20, 0x44, 0x45, 0x46,
	0x49, 0x4e, 0x45, 0x44, 0x0a, 0x00, 0x00, 0x00,
	0x5b, 0x4d, 0x42, 0x4f, 0x58, 0x5d, 0x72, 0x65,
	0x63, 0x76, 0x20, 0x70, 0x69, 0x6e, 0x20, 0x6d,
	0x62, 0x6f, 0x78, 0x3d, 0x25, 0x75, 0x20, 0x6f,
	0x66, 0x66, 0x3d, 0x25, 0x75, 0x20, 0x63, 0x76,
	0x5f, 0x6f, 0x70, 0x74, 0x3d, 0x25, 0x75, 0x20,
	0x63, 0x74, 0x78, 0x5f, 0x6f, 0x70, 0x74, 0x3d,
	0x25, 0x75, 0x20, 0x6d, 0x67, 0x5f, 0x73, 0x7a,
	0x3d, 0x25, 0x75, 0x20, 0x70, 0x5f, 0x69, 0x64,
	0x78, 0x3d, 0x25, 0x75, 0x20, 0x69, 0x64, 0x3d,
	0x25, 0x75, 0x20, 0x69, 0x72, 0x71, 0x5f, 0x72,
	0x65, 0x67, 0x3d, 0x25, 0x75, 0x20, 0x63, 0x76,
	0x5f, 0x69, 0x72, 0x71, 0x3d, 0x25, 0x78, 0x20,
	0x6e, 0x6f, 0x74, 0x69, 0x3d, 0x25, 0x75, 0x20,
	0x63, 0x62, 0x3d, 0x25, 0x75, 0x20, 0x70, 0x72,
	0x65, 0x5f, 0x74, 0x73, 0x3d, 0x25, 0x6c, 0x6c,
	0x75, 0x20, 0x70, 0x6f, 0x5f, 0x74, 0x73, 0x25,
	0x6c, 0x6c, 0x75, 0x0a, 0x00, 0x00, 0x00, 0x00,
	0x5b, 0x4d, 0x42, 0x4f, 0x58, 0x20, 0x49, 0x53,
	0x52, 0x5d, 0x72, 0x65, 0x61, 0x64, 0x20, 0x65,
	0x72, 0x72, 0x20, 0x72, 0x65, 0x74, 0x3d, 0x25,
	0x64, 0x0a, 0x00, 0x00, 0x5b, 0x4d, 0x42, 0x4f,
	0x58, 0x20, 0x49, 0x53, 0x52, 0x5d, 0x70, 0x69,
	0x6e, 0x20, 0x74, 0x61, 0x62, 0x6c, 0x65, 0x20,
	0x65, 0x72, 0x72, 0x2c, 0x20, 0x73, 0x74, 0x61,
	0x74, 0x75, 0x73, 0x3d, 0x25, 0x78, 0x0a, 0x00,
	0x5b, 0x50, 0x57, 0x52, 0x41, 0x50, 0x5d, 0x45,
	0x52, 0x52, 0x4f, 0x52, 0x2c, 0x6c, 0x69, 0x6e,
	0x65, 0x3d, 0x25, 0x64, 0x20, 0x69, 0x6e, 0x69,
	0x74, 0x20, 0x6e, 0x6f, 0x74, 0x20, 0x66, 0x69,
	0x6e, 0x69, 0x73, 0x68, 0x0a, 0x00, 0x00, 0x00,
	0x5b, 0x50, 0x57, 0x52, 0x41, 0x50, 0x5d, 0x45,
	0x52, 0x52, 0x4f, 0x52, 0x2c, 0x6c, 0x69, 0x6e,
	0x65, 0x3d, 0x25, 0x64, 0x20, 0x77, 0x61, 0x69,
	0x74, 0x5f, 0x66, 0x73, 0x6d, 0x5f, 0x69, 0x64,
	0x6c, 0x65, 0x20, 0x66, 0x61, 0x69, 0x6c, 0x2c,
	0x20, 0x72, 0x65, 0x74, 0x3d, 0x25, 0x78, 0x0a,
	0x00, 0x00, 0x00, 0x00, 0x5b, 0x50, 0x57, 0x52,
	0x41, 0x50, 0x5d, 0x45, 0x52, 0x52, 0x4f, 0x52,
	0x2c, 0x6c, 0x69, 0x6e, 0x65, 0x3d, 0x25, 0x64,
	0x20, 0x72, 0x64, 0x61, 0x74, 0x61, 0x20, 0x6e,
	0x75, 0x6c, 0x6c, 0x0a, 0x00, 0x00, 0x00, 0x00,
	0x5b, 0x50, 0x57, 0x52, 0x41, 0x50, 0x5d, 0x45,
	0x52, 0x52, 0x4f, 0x52, 0x2c, 0x6c, 0x69, 0x6e,
	0x65, 0x3d, 0x25, 0x64, 0x20, 0x77, 0x61, 0x69,
	0x74, 0x5f, 0x66, 0x73, 0x6d, 0x5f, 0x76, 0x6c,
	0x64, 0x63, 0x6c, 0x72, 0x20, 0x66, 0x61, 0x69,
	0x6c, 0x2c, 0x72, 0x65, 0x74, 0x3d, 0x25, 0x78,
	0x0a, 0x00, 0x00, 0x00, 0x5b, 0x50, 0x57, 0x52,
	0x41, 0x50, 0x5d, 0x45, 0x52, 0x52, 0x4f, 0x52,
	0x2c, 0x6c, 0x69, 0x6e, 0x65, 0x3d, 0x25, 0x64,
	0x20, 0x70, 0x77, 0x72, 0x61, 0x70, 0x5f, 0x73,
	0x77, 0x69, 0x6e, 0x66, 0x5f, 0x74, 0x69, 0x6e,
	0x79, 0x73, 0x79, 0x73, 0x20, 0x66, 0x61, 0x69,
	0x6c, 0x2c, 0x20, 0x72, 0x65, 0x74, 0x3d, 0x25,
	0x78, 0x0a, 0x00, 0x00, 0x5b, 0x50, 0x57, 0x52,
	0x41, 0x50, 0x5d, 0x45, 0x52, 0x52, 0x4f, 0x52,
	0x2c, 0x6c, 0x69, 0x6e, 0x65, 0x3d, 0x25, 0x64,
	0x20, 0x52, 0x65, 0x61, 0x64, 0x20, 0x66, 0x61,
	0x69, 0x6c, 0x2c, 0x20, 0x72, 0x64, 0x61, 0x74,
	0x61, 0x3d, 0x30, 0x78, 0x25, 0x78, 0x2c, 0x20,
	0x65, 0x78, 0x70, 0x3d, 0x30, 0x78, 0x35, 0x61,
	0x61, 0x35, 0x2c, 0x20, 0x72, 0x65, 0x74, 0x3d,
	0x30, 0x78, 0x25, 0x78, 0x0a, 0x00, 0x00, 0x00,
	0x5b, 0x50, 0x57, 0x52, 0x41, 0x50, 0x5d, 0x52,
	0x65, 0x61, 0x64, 0x20, 0x70, 0x61, 0x73, 0x73,
	0x2c, 0x20, 0x72, 0x65, 0x74, 0x3d, 0x25, 0x78,
	0x0a, 0x00, 0x00, 0x00, 0x5b, 0x50, 0x57, 0x52,
	0x41, 0x50, 0x5d, 0x45, 0x52, 0x52, 0x4f, 0x52,
	0x2c, 0x6c, 0x69, 0x6e, 0x65, 0x3d, 0x25, 0x64,
	0x20, 0x57, 0x72, 0x69, 0x74, 0x65, 0x20, 0x66,
	0x61, 0x69, 0x6c, 0x2c, 0x20, 0x72, 0x64, 0x61,
	0x74, 0x61, 0x3d, 0x30, 0x78, 0x25, 0x78, 0x2c,
	0x20, 0x65, 0x78, 0x70, 0x3d, 0x30, 0x78, 0x61,
	0x35, 0x35, 0x61, 0x2c, 0x20, 0x72, 0x65, 0x74,
	0x3d, 0x30, 0x78, 0x25, 0x78, 0x2c, 0x20, 0x72,
	0x65, 0x74, 0x31, 0x3d, 0x30, 0x78, 0x25, 0x78,
	0x0a, 0x00, 0x00, 0x00, 0x5b, 0x50, 0x57, 0x52,
	0x41, 0x50, 0x5d, 0x57, 0x72, 0x69, 0x74, 0x65,
	0x20, 0x70, 0x61, 0x73, 0x73, 0x0a, 0x00, 0x00,
	0x5b, 0x50, 0x57, 0x52, 0x41, 0x50, 0x5d, 0x69,
	0x6e, 0x69, 0x74, 0x20, 0x64, 0x6f, 0x6e, 0x65,
	0x0a, 0x00, 0x00, 0x00, 0x5b, 0x74, 0x73, 0x5d,
	0x74, 0x69, 0x63, 0x6b, 0x3d, 0x30, 0x78, 0x25,
	0x6c, 0x78, 0x2c, 0x30, 0x78, 0x25, 0x6c, 0x78,
	0x0a, 0x00, 0x00, 0x00, 0x5b, 0x74, 0x73, 0x5d,
	0x74, 0x73, 0x3d, 0x25, 0x6c, 0x6c, 0x75, 0x2e,
	0x25, 0x6c, 0x6c, 0x75, 0x0a, 0x00, 0x00, 0x00,
	0x5b, 0x74, 0x73, 0x5d, 0x76, 0x65, 0x72, 0x3d,
	0x25, 0x75, 0x2c, 0x66, 0x7a, 0x3d, 0x25, 0x75,
	0x0a, 0x00, 0x00, 0x00, 0x6c, 0x6f, 0x67, 0x67,
	0x65, 0x72, 0x5f, 0x75, 0x70, 0x64, 0x61, 0x74,
	0x65, 0x00, 0x00, 0x00, 0x25, 0x73, 0x3a, 0x65,
	0x72, 0x72, 0x20, 0x72, 0x3d, 0x25, 0x75, 0x20,
	0x77, 0x3d, 0x25, 0x75, 0x20, 0x6c, 0x3d, 0x25,
	0x75, 0x0a, 0x00, 0x00, 0x6c, 0x6f, 0x67, 0x67,
	0x65, 0x72, 0x5f, 0x77, 0x5f, 0x70, 0x6f, 0x73,
	0x20, 0x3d, 0x3d, 0x20, 0x6c, 0x6f, 0x67, 0x67,
	0x65, 0x72, 0x5f, 0x72, 0x5f, 0x70, 0x6f, 0x73,
	0x0a, 0x00, 0x00, 0x00, 0x5b, 0x25, 0x64, 0x5d,
	0x20, 0x66, 0x72, 0x6f, 0x6d, 0x3d, 0x30, 0x78,
	0x25, 0x78, 0x2c, 0x20, 0x74, 0x6f, 0x3d, 0x30,
	0x78, 0x25, 0x78, 0x0a, 0x00, 0x00, 0x00, 0x00,
	0x76, 0x61, 0x6c, 0x75, 0x65, 0x20, 0x69, 0x6e,
	0x20, 0x73, 0x72, 0x61, 0x6d, 0x20, 0x6f, 0x66,
	0x66, 0x73, 0x65, 0x74, 0x20, 0x30, 0x78, 0x25,
	0x78, 0x20, 0x69, 0x73, 0x20, 0x7a, 0x65, 0x72,
	0x6f, 0x0a, 0x00, 0x00, 0x0a, 0x2d, 0x00, 0x00,
	0x0e, 0x2d, 0x00, 0x00, 0x12, 0x2d, 0x00, 0x00,
	0x16, 0x2d, 0x00, 0x00, 0x1a, 0x2d, 0x00, 0x00,
	0x06, 0x2d, 0x00, 0x00, 0x1e, 0x2d, 0x00, 0x00,
	0x2c, 0x2d, 0x00, 0x00, 0x5b, 0x25, 0x64, 0x5d,
	0x20, 0x4e, 0x55, 0x4c, 0x4c, 0x0a, 0x00, 0x00,
	0x47, 0x69, 0x76, 0x65, 0x5b, 0x25, 0x64, 0x5d,
	0x20, 0x66, 0x61, 0x69, 0x6c, 0x0a, 0x00, 0x00,
	0x73, 0x6c, 0x70, 0x5f, 0x65, 0x76, 0x65, 0x6e,
	0x74, 0x20, 0x71, 0x75, 0x65, 0x20, 0x66, 0x75,
	0x6c, 0x6c, 0x2c, 0x20, 0x61, 0x64, 0x64, 0x20,
	0x71, 0x75, 0x65, 0x20, 0x66, 0x61, 0x69, 0x6c,
	0x2c, 0x20, 0x63, 0x75, 0x72, 0x3d, 0x25, 0x75,
	0x2c, 0x20, 0x69, 0x6e, 0x64, 0x65, 0x78, 0x3d,
	0x25, 0x75, 0x2c, 0x20, 0x69, 0x6e, 0x76, 0x61,
	0x6c, 0x69, 0x64, 0x20, 0x3d, 0x20, 0x30, 0x78,
	0x25, 0x78, 0x0a, 0x00, 0x00, 0x00, 0x00, 0x00,
	0x00, 0x00, 0x00, 0x00, 0x00, 0x00, 0x00, 0x00,
	0x00, 0x00, 0x00, 0x00, 0x00, 0x00, 0x00, 0x00,
	0x00, 0x00, 0x00, 0x00, 0x00, 0x00, 0x00, 0x00,
	0x00, 0x00, 0x00, 0x00, 0x00, 0x00, 0x00, 0x00,
	0x00, 0x00, 0x00, 0x00, 0x00, 0x00, 0x00, 0x00,
	0x00, 0x00, 0x00, 0x00, 0x69, 0x6e, 0x66, 0x6f,
	0x3a, 0x20, 0x25, 0x64, 0x20, 0x25, 0x64, 0x20,
	0x25, 0x64, 0x20, 0x25, 0x64, 0x20, 0x25, 0x64,
	0x20, 0x25, 0x64, 0x20, 0x25, 0x64, 0x20, 0x25,
	0x64, 0x20, 0x25, 0x64, 0x20, 0x25, 0x64, 0x20,
	0x25, 0x64, 0x20, 0x25, 0x64, 0x20, 0x25, 0x64,
	0x20, 0x25, 0x64, 0x20, 0x25, 0x64, 0x20, 0x25,
	0x64, 0x20, 0x25, 0x64, 0x20, 0x25, 0x64, 0x20,
	0x25, 0x64, 0x20, 0x25, 0x78, 0x20, 0x25, 0x6c,
	0x6c, 0x64, 0x20, 0x25, 0x6c, 0x6c, 0x64, 0x0a,
	0x00, 0x00, 0x00, 0x00, 0x76, 0x73, 0x72, 0x61,
	0x6d, 0x5f, 0x67, 0x70, 0x75, 0x00, 0x00, 0x00,
	0x76, 0x73, 0x72, 0x61, 0x6d, 0x5f, 0x70, 0x72,
	0x6f, 0x63, 0x31, 0x00, 0x76, 0x73, 0x72, 0x61,
	0x6d, 0x5f, 0x70, 0x72, 0x6f, 0x63, 0x32, 0x00,
	0x76, 0x63, 0x6f, 0x72, 0x65, 0x00, 0x00, 0x00,
	0x5b, 0x50, 0x4d, 0x55, 0x5d, 0x76, 0x70, 0x0a,
	0x00, 0x00, 0x00, 0x00, 0x5b, 0x50, 0x4d, 0x55,
	0x5d, 0x6c, 0x64, 0x6f, 0x20, 0x6e, 0x6f, 0x74,
	0x20, 0x73, 0x75, 0x70, 0x70, 0x6f, 0x72, 0x74,
	0x0a, 0x00, 0x00, 0x00, 0x5b, 0x50, 0x4d, 0x55,
	0x5d, 0x76, 0x67, 0x77, 0x0a, 0x00, 0x00, 0x00,
	0x5b, 0x50, 0x4d, 0x55, 0x5d, 0x70, 0x0a, 0x00,
	0x5b, 0x50, 0x4d, 0x55, 0x5d, 0x25, 0x64, 0x2c,
	0x20, 0x25, 0x64, 0x2c, 0x20, 0x25, 0x64, 0x0a,
	0x00, 0x00, 0x00, 0x00, 0x00, 0x20, 0x02, 0x1c,
	0x00, 0x30, 0x02, 0x1c, 0x00, 0x20, 0x10, 0x1c,
	0x00, 0x30, 0x10, 0x1c, 0x00, 0x30, 0x01, 0x14,
	0x00, 0x20, 0xf0, 0x14, 0x00, 0x30, 0xf0, 0x14,
	0x00, 0x40, 0xe0, 0x14, 0x00, 0x10, 0x00, 0x15,
	0x00, 0x00, 0x12, 0x15, 0x00, 0x00, 0x23, 0x15,
	0x00, 0x00, 0x53, 0x15, 0x00, 0x00, 0x63, 0x15,
	0x00, 0x00, 0x34, 0x15, 0x00, 0x10, 0x00, 0x16,
	0x00, 0x20, 0x00, 0x16, 0x00, 0x00, 0x14, 0x15,
	0x00, 0x80, 0x00, 0x16, 0x00, 0xa0, 0x00, 0x16,
	0x00, 0x90, 0x00, 0x16, 0x00, 0xb0, 0x00, 0x16,
	0x00, 0x00, 0x01, 0x1a, 0x00, 0xe0, 0x02, 0x18,
	0x00, 0xd0, 0x00, 0x18, 0x00, 0x10, 0x20, 0x17,
	0x00, 0x40, 0x02, 0x1c, 0x00, 0x20, 0x01, 0x14,
	0x00, 0xe0, 0x00, 0x14, 0x10, 0x14, 0x18, 0x1c,
	0x20, 0x24, 0x28, 0x30, 0x34, 0x20, 0x24, 0x2c,
	0x30, 0x34, 0x38, 0x28, 0x3c, 0x40, 0x00, 0x00,
	0x01, 0x02, 0x02, 0x08, 0x02, 0x05, 0x00, 0x00,
	0x0c, 0x0a, 0x08, 0x00, 0x08, 0x00, 0x00, 0x00,
	0x5b, 0x53, 0x53, 0x50, 0x4d, 0x5d, 0x5b, 0x53,
	0x4d, 0x49, 0x5d, 0x25, 0x73, 0x2d, 0x20, 0x6d,
	0x61, 0x73, 0x74, 0x3a, 0x25, 0x64, 0x2c, 0x20,
	0x6d, 0x65, 0x74, 0x5f, 0x63, 0x6f, 0x6e, 0x66,
	0x3a, 0x30, 0x78, 0x25, 0x6c, 0x6c, 0x78, 0x2d,
	0x3e, 0x30, 0x78, 0x25, 0x6c, 0x6c, 0x78, 0x2c,
	0x20, 0x6d, 0x6f, 0x6e, 0x5f, 0x65, 0x6e, 0x3a,
	0x30, 0x78, 0x25, 0x6c, 0x6c, 0x78, 0x2d, 0x3e,
	0x30, 0x78, 0x25, 0x6c, 0x6c, 0x78, 0x0a, 0x00,
	0x5b, 0x53, 0x53, 0x50, 0x4d, 0x5d, 0x5b, 0x53,
	0x4d, 0x49, 0x5d, 0x25, 0x73, 0x2d, 0x20, 0x6d,
	0x65, 0x74, 0x5f, 0x65, 0x6e, 0x63, 0x3a, 0x30,
	0x78, 0x25, 0x78, 0x20, 0x30, 0x78, 0x25, 0x78,
	0x20, 0x30, 0x78, 0x25, 0x78, 0x20, 0x30, 0x78,
	0x25, 0x78, 0x20, 0x30, 0x78, 0x25, 0x78, 0x0a,
	0x00, 0x00, 0x00, 0x00, 0x5b, 0x53, 0x53, 0x50,
	0x4d, 0x5d, 0x5b, 0x53, 0x4d, 0x49, 0x5d, 0x25,
	0x73, 0x2d, 0x20, 0x65, 0x6e, 0x3a, 0x25, 0x64,
	0x2c, 0x20, 0x6d, 0x6f, 0x6e, 0x5f, 0x65, 0x6e,
	0x3a, 0x30, 0x78, 0x25, 0x6c, 0x6c, 0x78, 0x0a,
	0x00, 0x00, 0x00, 0x00, 0x73, 0x6d, 0x69, 0x5f,
	0x74, 0x61, 0x73, 0x6b, 0x00, 0x00, 0x00, 0x00,
	0x5b, 0x53, 0x53, 0x50, 0x4d, 0x5d, 0x5b, 0x53,
	0x4d, 0x49, 0x5d, 0x25, 0x73, 0x2d, 0x20, 0x69,
	0x70, 0x69, 0x5f, 0x72, 0x65, 0x67, 0x69, 0x73,
	0x74, 0x65, 0x72, 0x3a, 0x25, 0x64, 0x20, 0x66,
	0x61, 0x69, 0x6c, 0x65, 0x64, 0x3a, 0x25, 0x64,
	0x0a, 0x00, 0x00, 0x00, 0x73, 0x6d, 0x69, 0x2e,
	0x63, 0x00, 0x00, 0x00, 0x73, 0x6d, 0x69, 0x00,
	0x6d, 0x62, 0x6f, 0x78, 0x20, 0x25, 0x64, 0x20,
	0x69, 0x72, 0x71, 0x20, 0x72, 0x65, 0x71, 0x75,
	0x65, 0x73, 0x74, 0x20, 0x66, 0x61, 0x69, 0x6c,
	0x65, 0x64, 0x0a, 0x00, 0x5b, 0x50, 0x4d, 0x55,
	0x5d, 0x31, 0x2e, 0x72, 0x5b, 0x25, 0x78, 0x5d,
	0x0a, 0x00, 0x00, 0x00, 0x5b, 0x50, 0x4d, 0x55,
	0x5d, 0x32, 0x2e, 0x72, 0x5b, 0x25, 0x78, 0x5d,
	0x0a, 0x00, 0x00, 0x00, 0x5b, 0x50, 0x4d, 0x55,
	0x5d, 0x32, 0x2e, 0x77, 0x5b, 0x25, 0x78, 0x5d,
	0x0a, 0x00, 0x00, 0x00, 0x5b, 0x50, 0x4d, 0x55,
	0x49, 0x5d, 0x20, 0x6f, 0x70, 0x28, 0x25, 0x64,
	0x29, 0x20, 0x57, 0x20, 0x52, 0x65, 0x67, 0x5b,
	0x25, 0x78, 0x5d, 0x3d, 0x20, 0x56, 0x3a, 0x25,
	0x78, 0x20, 0x4d, 0x3a, 0x25, 0x78, 0x20, 0x53,
	0x3a, 0x25, 0x78, 0x20, 0x66, 0x61, 0x69, 0x6c,
	0x65, 0x64, 0x0a, 0x00, 0x5b, 0x50, 0x4d, 0x55,
	0x49, 0x5d, 0x20, 0x20, 0x6f, 0x70, 0x28, 0x25,
	0x64, 0x29, 0x20, 0x69, 0x73, 0x20, 0x6e, 0x6f,
	0x74, 0x20, 0x73, 0x75, 0x70, 0x70, 0x6f, 0x72,
	0x74, 0x65, 0x64, 0x0a, 0x00, 0x00, 0x00, 0x00,
	0x70, 0x6d, 0x69, 0x63, 0x5f, 0x74, 0x61, 0x73,
	0x6b, 0x00, 0x00, 0x00, 0x70, 0x6d, 0x69, 0x63,
	0x5f, 0x74, 0x61, 0x73, 0x6b, 0x3a, 0x20, 0x69,
	0x70, 0x69, 0x5f, 0x72, 0x65, 0x67, 0x69, 0x73,
	0x74, 0x65, 0x72, 0x20, 0x65, 0x72, 0x72, 0x6f,
	0x72, 0x20, 0x25, 0x64, 0x0a, 0x00, 0x00, 0x00,
	0x70, 0x6d, 0x69, 0x63, 0x5f, 0x69, 0x70, 0x69,
	0x2e, 0x63, 0x00, 0x00, 0x70, 0x72, 0x76, 0x54,
	0x61, 0x73, 0x6b, 0x45, 0x78, 0x69, 0x74, 0x45,
	0x72, 0x72, 0x6f, 0x72, 0x00, 0x00, 0x00, 0x00,
	0x70, 0x6f, 0x72, 0x74, 0x2e, 0x63, 0x00, 0x00,
	0x76, 0x50, 0x6f, 0x72, 0x74, 0x45, 0x6e, 0x74,
	0x65, 0x72, 0x43, 0x72, 0x69, 0x74, 0x69, 0x63,
	0x61, 0x6c, 0x00, 0x00, 0x76, 0x50, 0x6f, 0x72,
	0x74, 0x45, 0x78, 0x69, 0x74, 0x43, 0x72, 0x69,
	0x74, 0x69, 0x63, 0x61, 0x6c, 0x00, 0x00, 0x00,
	0x76, 0x4c, 0x69, 0x73, 0x74, 0x49, 0x6e, 0x73,
	0x65, 0x72, 0x74, 0x00, 0x6c, 0x69, 0x73, 0x74,
	0x2e, 0x63, 0x00, 0x00, 0x76, 0x50, 0x6f, 0x72,
	0x74, 0x46, 0x72, 0x65, 0x65, 0x00, 0x00, 0x00,
	0x68, 0x65, 0x61, 0x70, 0x5f, 0x31, 0x2e, 0x63,
	0x00, 0x00, 0x00, 0x00, 0x78, 0x51, 0x75, 0x65,
	0x75, 0x65, 0x47, 0x65, 0x6e, 0x65, 0x72, 0x69,
	0x63, 0x52, 0x65, 0x73, 0x65, 0x74, 0x00, 0x00,
	0x71, 0x75, 0x65, 0x75, 0x65, 0x2e, 0x63, 0x00,
	0x70, 0x72, 0x76, 0x4e, 0x6f, 0x74, 0x69, 0x66,
	0x79, 0x51, 0x75, 0x65, 0x75, 0x65, 0x53, 0x65,
	0x74, 0x43, 0x6f, 0x6e, 0x74, 0x61, 0x69, 0x6e,
	0x65, 0x72, 0x00, 0x00, 0x78, 0x51, 0x75, 0x65,
	0x75, 0x65, 0x47, 0x69, 0x76, 0x65, 0x46, 0x72,
	0x6f, 0x6d, 0x49, 0x53, 0x52, 0x00, 0x00, 0x00,
	0x78, 0x51, 0x75, 0x65, 0x75, 0x65, 0x47, 0x65,
	0x6e, 0x65, 0x72, 0x69, 0x63, 0x53, 0x65, 0x6e,
	0x64, 0x46, 0x72, 0x6f, 0x6d, 0x49, 0x53, 0x52,
	0x00, 0x00, 0x00, 0x00, 0x78, 0x51, 0x75, 0x65,
	0x75, 0x65, 0x53, 0x65, 0x6d, 0x61, 0x70, 0x68,
	0x6f, 0x72, 0x65, 0x54, 0x61, 0x6b, 0x65, 0x00,
	0x78, 0x51, 0x75, 0x65, 0x75, 0x65, 0x52, 0x65,
	0x63, 0x65, 0x69, 0x76, 0x65, 0x00, 0x00, 0x00,
	0x78, 0x51, 0x75, 0x65, 0x75, 0x65, 0x47, 0x65,
	0x6e, 0x65, 0x72, 0x69, 0x63, 0x53, 0x65, 0x6e,
	0x64, 0x00, 0x00, 0x00, 0x70, 0x72, 0x76, 0x49,
	0x6e, 0x69, 0x74, 0x69, 0x61, 0x6c, 0x69, 0x73,
	0x65, 0x4e, 0x65, 0x77, 0x54, 0x61, 0x73, 0x6b,
	0x00, 0x00, 0x00, 0x00, 0x74, 0x61, 0x73, 0x6b,
	0x73, 0x2e, 0x63, 0x00, 0x70, 0x63, 0x54, 0x61,
	0x73, 0x6b, 0x47, 0x65, 0x74, 0x4e, 0x61, 0x6d,
	0x65, 0x00, 0x00, 0x00, 0x78, 0x54, 0x61, 0x73,
	0x6b, 0x49, 0x6e, 0x63, 0x72, 0x65, 0x6d, 0x65,
	0x6e, 0x74, 0x54, 0x69, 0x63, 0x6b, 0x00, 0x00,
	0x78, 0x54, 0x61, 0x73, 0x6b, 0x52, 0x65, 0x73,
	0x75, 0x6d, 0x65, 0x41, 0x6c, 0x6c, 0x00, 0x00,
	0x76, 0x54, 0x61, 0x73, 0x6b, 0x53, 0x77, 0x69,
	0x74, 0x63, 0x68, 0x43, 0x6f, 0x6e, 0x74, 0x65,
	0x78, 0x74, 0x00, 0x00, 0xa5, 0xa5, 0xa5, 0xa5,
	0xa5, 0xa5, 0xa5, 0xa5, 0xa5, 0xa5, 0xa5, 0xa5,
	0xa5, 0xa5, 0xa5, 0xa5, 0xa5, 0xa5, 0xa5, 0xa5,
	0x78, 0x54, 0x61, 0x73, 0x6b, 0x52, 0x65, 0x6d,
	0x6f, 0x76, 0x65, 0x46, 0x72, 0x6f, 0x6d, 0x45,
	0x76, 0x65, 0x6e, 0x74, 0x4c, 0x69, 0x73, 0x74,
	0x00, 0x00, 0x00, 0x00, 0x78, 0x54, 0x61, 0x73,
	0x6b, 0x43, 0x68, 0x65, 0x63, 0x6b, 0x46, 0x6f,
	0x72, 0x54, 0x69, 0x6d, 0x65, 0x4f, 0x75, 0x74,
	0x00, 0x00, 0x00, 0x00, 0x76, 0x54, 0x61, 0x73,
	0x6b, 0x53, 0x74, 0x61, 0x72, 0x74, 0x53, 0x63,
	0x68, 0x65, 0x64, 0x75, 0x6c, 0x65, 0x72, 0x00,
	0x49, 0x44, 0x4c, 0x45, 0x00, 0x00, 0x00, 0x00,
	0x78, 0x54, 0x61, 0x73, 0x6b, 0x50, 0x72, 0x69,
	0x6f, 0x72, 0x69, 0x74, 0x79, 0x44, 0x69, 0x73,
	0x69, 0x6e, 0x68, 0x65, 0x72, 0x69, 0x74, 0x00,
	0x76, 0x54, 0x61, 0x73, 0x6b, 0x50, 0x72, 0x69,
	0x6f, 0x72, 0x69, 0x74, 0x79, 0x44, 0x69, 0x73,
	0x69, 0x6e, 0x68, 0x65, 0x72, 0x69, 0x74, 0x41,
	0x66, 0x74, 0x65, 0x72, 0x54, 0x69, 0x6d, 0x65,
	0x6f, 0x75, 0x74, 0x00, 0x76, 0x54, 0x61, 0x73,
	0x6b, 0x4e, 0x6f, 0x74, 0x69, 0x66, 0x79, 0x47,
	0x69, 0x76, 0x65, 0x46, 0x72, 0x6f, 0x6d, 0x49,
	0x53, 0x52, 0x00, 0x00, 0x76, 0x54, 0x61, 0x73,
	0x6b, 0x44, 0x65, 0x6c, 0x61, 0x79, 0x55, 0x6e,
	0x74, 0x69, 0x6c, 0x00, 0x76, 0x54, 0x61, 0x73,
	0x6b, 0x50, 0x6c, 0x61, 0x63, 0x65, 0x4f, 0x6e,
	0x45, 0x76, 0x65, 0x6e, 0x74, 0x4c, 0x69, 0x73,
	0x74, 0x00, 0x00, 0x00, 0x76, 0x54, 0x61, 0x73,
	0x6b, 0x50, 0x6c, 0x61, 0x63, 0x65, 0x4f, 0x6e,
	0x45, 0x76, 0x65, 0x6e, 0x74, 0x4c, 0x69, 0x73,
	0x74, 0x52, 0x65, 0x73, 0x74, 0x72, 0x69, 0x63,
	0x74, 0x65, 0x64, 0x00, 0x78, 0x54, 0x69, 0x6d,
	0x65, 0x72, 0x47, 0x65, 0x6e, 0x65, 0x72, 0x69,
	0x63, 0x43, 0x6f, 0x6d, 0x6d, 0x61, 0x6e, 0x64,
	0x00, 0x00, 0x00, 0x00, 0x74, 0x69, 0x6d, 0x65,
	0x72, 0x73, 0x2e, 0x63, 0x00, 0x00, 0x00, 0x00,
	0x78, 0x54, 0x69, 0x6d, 0x65, 0x72, 0x47, 0x65,
	0x74, 0x54, 0x69, 0x6d, 0x65, 0x72, 0x44, 0x61,
	0x65, 0x6d, 0x6f, 0x6e, 0x54, 0x61, 0x73, 0x6b,
	0x48, 0x61, 0x6e, 0x64, 0x6c, 0x65, 0x00, 0x00,
	0x70, 0x72, 0x76, 0x50, 0x72, 0x6f, 0x63, 0x65,
	0x73, 0x73, 0x45, 0x78, 0x70, 0x69, 0x72, 0x65,
	0x64, 0x54, 0x69, 0x6d, 0x65, 0x72, 0x00, 0x00,
	0x70, 0x72, 0x76, 0x53, 0x77, 0x69, 0x74, 0x63,
	0x68, 0x54, 0x69, 0x6d, 0x65, 0x72, 0x4c, 0x69,
	0x73, 0x74, 0x73, 0x00, 0x70, 0x72, 0x76, 0x50,
	0x72, 0x6f, 0x63, 0x65, 0x73, 0x73, 0x52, 0x65,
	0x63, 0x65, 0x69, 0x76, 0x65, 0x64, 0x43, 0x6f,
	0x6d, 0x6d, 0x61, 0x6e, 0x64, 0x73, 0x00, 0x00,
	0x52, 0x79, 0x00, 0x00, 0x52, 0x79, 0x00, 0x00,
	0x52, 0x79, 0x00, 0x00, 0x0c, 0x79, 0x00, 0x00,
	0xa8, 0x79, 0x00, 0x00, 0xd8, 0x79, 0x00, 0x00,
	0x52, 0x79, 0x00, 0x00, 0x52, 0x79, 0x00, 0x00,
	0x0c, 0x79, 0x00, 0x00, 0xa8, 0x79, 0x00, 0x00,
	0x54, 0x6d, 0x72, 0x51, 0x00, 0x00, 0x00, 0x00,
	0x78, 0x54, 0x69, 0x6d, 0x65, 0x72, 0x43, 0x72,
	0x65, 0x61, 0x74, 0x65, 0x54, 0x69, 0x6d, 0x65,
	0x72, 0x54, 0x61, 0x73, 0x6b, 0x00, 0x00, 0x00,
	0x54, 0x6d, 0x72, 0x20, 0x53, 0x76, 0x63, 0x00,
	0x70, 0x72, 0x76, 0x49, 0x6e, 0x69, 0x74, 0x69,
	0x61, 0x6c, 0x69, 0x73, 0x65, 0x4e, 0x65, 0x77,
	0x54, 0x69, 0x6d, 0x65, 0x72, 0x00, 0x00, 0x00,
	0x78, 0x54, 0x69, 0x6d, 0x65, 0x72, 0x50, 0x65,
	0x6e, 0x64, 0x46, 0x75, 0x6e, 0x63, 0x74, 0x69,
	0x6f, 0x6e, 0x43, 0x61, 0x6c, 0x6c, 0x00, 0x00,
	0x62, 0x63, 0x70, 0x75, 0x5f, 0x77, 0x65, 0x69,
	0x67, 0x68, 0x74, 0x3a, 0x28, 0x6d, 0x61, 0x78,
	0x3a, 0x25, 0x64, 0x20, 0x6d, 0x69, 0x6e, 0x3a,
	0x25, 0x64, 0x29, 0x0a, 0x00, 0x00, 0x00, 0x00,
	0x25, 0x64, 0x0a, 0x2c, 0x00, 0x00, 0x00, 0x00,
	0x0a, 0x00, 0x00, 0x00, 0x43, 0x4d, 0x20, 0x43,
	0x50, 0x55, 0x5f, 0x4f, 0x50, 0x50, 0x28, 0x25,
	0x64, 0x29, 0x20, 0x76, 0x66, 0x20, 0x69, 0x6e,
	0x66, 0x6f, 0x20, 0x28, 0x76, 0x3a, 0x25, 0x64,
	0x2c, 0x20, 0x66, 0x3a, 0x25, 0x64, 0x29, 0x0a,
	0x00, 0x00, 0x00, 0x00, 0x43, 0x4d, 0x5f, 0x4d,
	0x47, 0x52, 0x20, 0x43, 0x4d, 0x44, 0x3a, 0x25,
	0x64, 0x20, 0x25, 0x64, 0x0a, 0x00, 0x00, 0x00,
	0xfa, 0x83, 0x00, 0x00, 0x22, 0x84, 0x00, 0x00,
	0x36, 0x84, 0x00, 0x00, 0x46, 0x84, 0x00, 0x00,
	0x50, 0x84, 0x00, 0x00, 0x60, 0x84, 0x00, 0x00,
	0x72, 0x84, 0x00, 0x00, 0x86, 0x84, 0x00, 0x00,
	0x9e, 0x84, 0x00, 0x00, 0xb6, 0x84, 0x00, 0x00,
	0xce, 0x84, 0x00, 0x00, 0xe6, 0x84, 0x00, 0x00,
	0xfe, 0x84, 0x00, 0x00, 0xf4, 0x83, 0x00, 0x00,
	0xf4, 0x83, 0x00, 0x00, 0xf4, 0x83, 0x00, 0x00,
	0x16, 0x85, 0x00, 0x00, 0x22, 0x85, 0x00, 0x00,
	0x28, 0x85, 0x00, 0x00, 0x34, 0x85, 0x00, 0x00,
	0x40, 0x85, 0x00, 0x00, 0x4c, 0x85, 0x00, 0x00,
	0x58, 0x85, 0x00, 0x00, 0x8c, 0x85, 0x00, 0x00,
	0xc4, 0x85, 0x00, 0x00, 0xd4, 0x85, 0x00, 0x00,
	0x49, 0x50, 0x49, 0x52, 0x5f, 0x43, 0x5f, 0x43,
	0x4d, 0x3a, 0x20, 0x72, 0x65, 0x63, 0x76, 0x5f,
	0x72, 0x65, 0x67, 0x20, 0x65, 0x72, 0x72, 0x6f,
	0x72, 0x20, 0x25, 0x64, 0x0a, 0x00, 0x00, 0x00,
	0x76, 0x4d, 0x45, 0x54, 0x5f, 0x6c, 0x6f, 0x67,
	0x5f, 0x69, 0x6e, 0x69, 0x74, 0x00, 0x00, 0x00,
	0x4d, 0x65, 0x74, 0x4c, 0x00, 0x00, 0x00, 0x00,
	0x4d, 0x44, 0x75, 0x6d, 0x70, 0x00, 0x00, 0x00,
	0x4d, 0x53, 0x72, 0x61, 0x6d, 0x00, 0x00, 0x00,
	0x4d, 0x44, 0x72, 0x61, 0x6d, 0x00, 0x00, 0x00,
	0x5b, 0x4d, 0x65, 0x74, 0x5d, 0x20, 0x69, 0x70,
	0x69, 0x5f, 0x72, 0x65, 0x67, 0x69, 0x73, 0x74,
	0x65, 0x72, 0x3a, 0x25, 0x64, 0x20, 0x66, 0x61,
	0x69, 0x6c, 0x65, 0x64, 0x3a, 0x25, 0x64, 0x0a,
	0x00, 0x00, 0x00, 0x00, 0x6d, 0x65, 0x74, 0x5f,
	0x6c, 0x6f, 0x67, 0x2e, 0x63, 0x00, 0x00, 0x00,
	0x45, 0x72, 0x72, 0x6f, 0x72, 0x3a, 0x20, 0x6c,
	0x6f, 0x67, 0x67, 0x65, 0x72, 0x5f, 0x64, 0x72,
	0x61, 0x6d, 0x5f, 0x72, 0x65, 0x67, 0x69, 0x73,
	0x74, 0x65, 0x72, 0x20, 0x72, 0x65, 0x74, 0x20,
	0x25, 0x64, 0x0a, 0x00, 0x50, 0x4c, 0x54, 0x20,
	0x69, 0x6e, 0x69, 0x74, 0x20, 0x66, 0x61, 0x69,
	0x6c, 0x3a, 0x20, 0x25, 0x64, 0x0a, 0x00, 0x00,
	0x50, 0x4c, 0x54, 0x3a, 0x20, 0x63, 0x68, 0x65,
	0x63, 0x6b, 0x20, 0x61, 0x6c, 0x69, 0x76, 0x65,
	0x0a, 0x00, 0x00, 0x00, 0x50, 0x4c, 0x54, 0x3a,
	0x20, 0x77, 0x72, 0x6f, 0x6e, 0x67, 0x20, 0x63,
	0x6d, 0x64, 0x3d, 0x30, 0x78, 0x25, 0x78, 0x0a,
	0x00, 0x00, 0x00, 0x00, 0x76, 0x50, 0x6c, 0x61,
	0x74, 0x66, 0x6f, 0x72, 0x6d, 0x54, 0x61, 0x73,
	0x6b, 0x00, 0x00, 0x00, 0x50, 0x4c, 0x54, 0x3a,
	0x20, 0x72, 0x65, 0x63, 0x76, 0x5f, 0x72, 0x65,
	0x67, 0x20, 0x65, 0x72, 0x72, 0x6f, 0x72, 0x20,
	0x25, 0x64, 0x0a, 0x00, 0x70, 0x6c, 0x61, 0x74,
	0x5f, 0x73, 0x65, 0x72, 0x76, 0x69, 0x63, 0x65,
	0x2e, 0x63, 0x00, 0x00, 0x72, 0x9c, 0x00, 0x00,
	0x84, 0x9c, 0x00, 0x00, 0x8c, 0x9c, 0x00, 0x00,
	0x98, 0x9c, 0x00, 0x00, 0xa2, 0x9c, 0x00, 0x00,
	0x78, 0x9c, 0x00, 0x00, 0xac, 0x9c, 0x00, 0x00,
	0xae, 0x9c, 0x00, 0x00, 0xb0, 0x9c, 0x00, 0x00,
	0xb2, 0x9c, 0x00, 0x00, 0x78, 0x9c, 0x00, 0x00,
	0xb4, 0x9c, 0x00, 0x00, 0xbc, 0x9c, 0x00, 0x00,
	0xc4, 0x9c, 0x00, 0x00, 0xd0, 0x9c, 0x00, 0x00,
	0x69, 0x70, 0x69, 0x5f, 0x72, 0x65, 0x67, 0x69,
	0x73, 0x74, 0x65, 0x72, 0x3a, 0x25, 0x64, 0x20,
	0x66, 0x61, 0x69, 0x6c, 0x65, 0x64, 0x3a, 0x25,
	0x64, 0x0a, 0x00, 0x00, 0x52, 0x75, 0x6e, 0x6e,
	0x69, 0x6e, 0x67, 0x3a, 0x20, 0x25, 0x73, 0x0a,
	0x00, 0x00, 0x00, 0x00, 0x49, 0x41, 0x62, 0x6f,
	0x72, 0x74, 0x20, 0x66, 0x72, 0x6f, 0x6d, 0x20,
	0x30, 0x78, 0x25, 0x78, 0x20, 0x28, 0x49, 0x46,
	0x41, 0x42, 0x54, 0x43, 0x41, 0x55, 0x20, 0x3d,
	0x20, 0x30, 0x78, 0x25, 0x78, 0x29, 0x0a, 0x00,
	0x20, 0x20, 0x4c, 0x61, 0x73, 0x74, 0x20, 0x61,
	0x64, 0x64, 0x72, 0x65, 0x73, 0x73, 0x20, 0x6a,
	0x75, 0x6d, 0x70, 0x20, 0x66, 0x72, 0x6f, 0x6d,
	0x3a, 0x20, 0x30, 0x78, 0x25, 0x78, 0x0a, 0x00,
	0x44, 0x41, 0x62, 0x6f, 0x72, 0x74, 0x20, 0x66,
	0x72, 0x6f, 0x6d, 0x20, 0x30, 0x78, 0x25, 0x78,
	0x0a, 0x00, 0x00, 0x00, 0x4d, 0x50, 0x55, 0x20,
	0x65, 0x72, 0x72, 0x6f, 0x72, 0x0a, 0x00, 0x00,
	0x55, 0x6e, 0x61, 0x6c, 0x69, 0x67, 0x6e, 0x65,
	0x64, 0x20, 0x61, 0x63, 0x63, 0x65, 0x73, 0x73,
	0x0a, 0x00, 0x00, 0x00, 0x44, 0x69, 0x76, 0x69,
	0x64, 0x65, 0x64, 0x20, 0x62, 0x79, 0x20, 0x7a,
	0x65, 0x72, 0x6f, 0x0a, 0x00, 0x00, 0x00, 0x00,
	0x4c, 0x46, 0x20, 0x6f, 0x76, 0x65, 0x72, 0x66,
	0x6c, 0x6f, 0x77, 0x0a, 0x00, 0x00, 0x00, 0x00,
	0x20, 0x20, 0x44, 0x41, 0x41, 0x42, 0x54, 0x41,
	0x44, 0x3a, 0x20, 0x30, 0x78, 0x25, 0x78, 0x2c,
	0x20, 0x44, 0x41, 0x41, 0x42, 0x54, 0x53, 0x50,
	0x3a, 0x20, 0x30, 0x78, 0x25, 0x78, 0x0a, 0x00,
	0x00, 0x00, 0x00, 0x00, 0x28, 0x72, 0x65, 0x67,
	0x69, 0x73, 0x74, 0x65, 0x72, 0x20, 0x64, 0x75,
	0x6d, 0x70, 0x20, 0x6d, 0x61, 0x79, 0x20, 0x61,
	0x73, 0x79, 0x6e, 0x63, 0x68, 0x72, 0x6f, 0x6e,
	0x6f, 0x75, 0x73, 0x29, 0x00, 0x00, 0x00, 0x00,
	0x20, 0x20, 0x4c, 0x61, 0x73, 0x74, 0x20, 0x61,
	0x64, 0x64, 0x72, 0x65, 0x73, 0x73, 0x20, 0x6a,
	0x75, 0x6d, 0x70, 0x20, 0x66, 0x72, 0x6f, 0x6d,
	0x3a, 0x20, 0x30, 0x78, 0x25, 0x78, 0x20, 0x25,
	0x73, 0x0a, 0x00, 0x00, 0x46, 0x61, 0x74, 0x61,
	0x6c, 0x20, 0x45, 0x72, 0x72, 0x6f, 0x72, 0x21,
	0x0a, 0x00, 0x00, 0x00, 0x46, 0x61, 0x74, 0x61,
	0x6c, 0x20, 0x66, 0x72, 0x6f, 0x6d, 0x20, 0x30,
	0x78, 0x25, 0x78, 0x0a, 0x00, 0x00, 0x00, 0x00,
	0x30, 0x31, 0x32, 0x33, 0x34, 0x35, 0x36, 0x37,
	0x38, 0x39, 0x61, 0x62, 0x63, 0x64, 0x65, 0x66,
	0x30, 0x31, 0x32, 0x33, 0x34, 0x35, 0x36, 0x37,
	0x38, 0x39, 0x41, 0x42, 0x43, 0x44, 0x45, 0x46,
	0x3c, 0x6e, 0x75, 0x6c, 0x6c, 0x3e, 0x00, 0x00,
	0x3c, 0xa4, 0x00, 0x00, 0x08, 0xa4, 0x00, 0x00,
	0x46, 0xa4, 0x00, 0x00, 0x08, 0xa4, 0x00, 0x00,
	0x08, 0xa4, 0x00, 0x00, 0x08, 0xa4, 0x00, 0x00,
	0x08, 0xa4, 0x00, 0x00, 0x08, 0xa4, 0x00, 0x00,
	0x08, 0xa4, 0x00, 0x00, 0x08, 0xa4, 0x00, 0x00,
	0x08, 0xa4, 0x00, 0x00, 0x40, 0xa4, 0x00, 0x00,
	0x08, 0xa4, 0x00, 0x00, 0x5a, 0xa4, 0x00, 0x00,
	0x5a, 0xa4, 0x00, 0x00, 0x5a, 0xa4, 0x00, 0x00,
	0x5a, 0xa4, 0x00, 0x00, 0x5a, 0xa4, 0x00, 0x00,
	0x5a, 0xa4, 0x00, 0x00, 0x5a, 0xa4, 0x00, 0x00,
	0x5a, 0xa4, 0x00, 0x00, 0x5a, 0xa4, 0x00, 0x00,
	0x5a, 0xa4, 0x00, 0x00, 0x08, 0xa4, 0x00, 0x00,
	0x08, 0xa4, 0x00, 0x00, 0x08, 0xa4, 0x00, 0x00,
	0x08, 0xa4, 0x00, 0x00, 0x08, 0xa4, 0x00, 0x00,
	0x08, 0xa4, 0x00, 0x00, 0x08, 0xa4, 0x00, 0x00,
	0x08, 0xa4, 0x00, 0x00, 0x08, 0xa4, 0x00, 0x00,
	0x08, 0xa4, 0x00, 0x00, 0x70, 0xa4, 0x00, 0x00,
	0xd6, 0xa4, 0x00, 0x00, 0x18, 0xa4, 0x00, 0x00,
	0xe4, 0xa4, 0x00, 0x00, 0xe8, 0xa4, 0x00, 0x00,
	0x38, 0xa5, 0x00, 0x00, 0x3c, 0xa5, 0x00, 0x00,
	0x40, 0xa5, 0x00, 0x00, 0x44, 0xa5, 0x00, 0x00,
	0x48, 0xa5, 0x00, 0x00, 0x4c, 0xa5, 0x00, 0x00,
	0x50, 0xa5, 0x00, 0x00, 0x54, 0xa5, 0x00, 0x00,
	0x58, 0xa5, 0x00, 0x00, 0x5c, 0xa5, 0x00, 0x00,
	0x60, 0xa5, 0x00, 0x00, 0x74, 0xa4, 0x00, 0x00,
	0x7e, 0xa5, 0x00, 0x00, 0x82, 0xa5, 0x00, 0x00,
	0x86, 0xa5, 0x00, 0x00, 0x8a, 0xa5, 0x00, 0x00,
	0x9e, 0xa5, 0x00, 0x00, 0xa2, 0xa5, 0x00, 0x00,
	0xa6, 0xa5, 0x00, 0x00, 0xaa, 0xa5, 0x00, 0x00,
	0xbe, 0xa5, 0x00, 0x00, 0xc2, 0xa5, 0x00, 0x00,
	0x0c, 0xa6, 0x00, 0x00, 0x10, 0xa6, 0x00, 0x00,
	0x18, 0xa6, 0x00, 0x00, 0x1c, 0xa6, 0x00, 0x00,
	0x20, 0xa6, 0x00, 0x00, 0x34, 0xa6, 0x00, 0x00,
	0xda, 0xa4, 0x00, 0x00, 0x38, 0xa6, 0x00, 0x00,
	0x3c, 0xa6, 0x00, 0x00, 0xec, 0xa4, 0x00, 0x00,
	0x5b, 0x25, 0x6c, 0x6c, 0x75, 0x2e, 0x25, 0x30,
	0x36, 0x6c, 0x6c, 0x75, 0x5d, 0x20, 0x00, 0x00,
	0x2c, 0xb2, 0x00, 0x00, 0x00, 0x80, 0x02, 0x00,
	0x4d, 0x65, 0x64, 0x69, 0x61, 0x54, 0x65, 0x6b,
	0x20, 0x53, 0x53, 0x50, 0x4d, 0x20, 0x66, 0x69,
	0x72, 0x6d, 0x77, 0x61, 0x72, 0x65, 0x3a, 0x20,
	0x76, 0x65, 0x72, 0x73, 0x69, 0x6f, 0x6e, 0x20,
	0x31, 0x2e, 0x38, 0x38, 0x2e, 0x30, 0x32, 0x00,
	0x4d, 0x50, 0x55, 0x5f, 0x50, 0x4d, 0x20, 0x66,
	0x61, 0x69, 0x6c, 0x21, 0x0a, 0x00, 0x00, 0x00,
	0x4d, 0x50, 0x55, 0x5f, 0x44, 0x4d, 0x20, 0x66,
	0x61, 0x69, 0x6c, 0x21, 0x0a, 0x00, 0x00, 0x00,
	0x4d, 0x50, 0x55, 0x5f, 0x43, 0x46, 0x47, 0x20,
	0x66, 0x69, 0x61, 0x6c, 0x21, 0x0a, 0x00, 0x00,
	0x6d, 0x62, 0x6f, 0x78, 0x20, 0x25, 0x75, 0x20,
	0x62, 0x61, 0x73, 0x65, 0x3d, 0x30, 0x78, 0x25,
	0x78, 0x20, 0x28, 0x30, 0x78, 0x25, 0x78, 0x29,
	0x0a, 0x00, 0x00, 0x00, 0x42, 0x75, 0x69, 0x6c,
	0x64, 0x20, 0x74, 0x69, 0x6d, 0x65, 0x3a, 0x20,
	0x25, 0x73, 0x20, 0x25, 0x73, 0x0a, 0x0d, 0x00,
	0x4d, 0x61, 0x72, 0x20, 0x20, 0x38, 0x20, 0x32,
	0x30, 0x32, 0x33, 0x00, 0x31, 0x31, 0x3a, 0x32,
	0x30, 0x3a, 0x30, 0x33, 0x00, 0x00, 0x00, 0x00,
	0x56, 0x65, 0x72, 0x73, 0x69, 0x6f, 0x6e, 0x3a,
	0x20, 0x25, 0x73, 0x0a, 0x0d, 0x00, 0x00, 0x00,
	0x65, 0x76, 0x62, 0x20, 0x74, 0x65, 0x73, 0x74,
	0x20, 0x76, 0x65, 0x72, 0x73, 0x69, 0x6f, 0x6e,
	0x20, 0x20, 0x20, 0x31, 0x31, 0x5f, 0x30, 0x39,
	0x5f, 0x30, 0x39, 0x5f, 0x32, 0x34, 0x0a, 0x00,
	0x4c, 0x6f, 0x77, 0x20, 0x53, 0x3a, 0x20, 0x6e,
	0x61, 0x6d, 0x65, 0x3a, 0x25, 0x73, 0x20, 0x0d,
	0x0a, 0x00, 0x00, 0x00, 0x52, 0x75, 0x6e, 0x6e,
	0x69, 0x6e, 0x67, 0x3a, 0x20, 0x25, 0x73, 0x20,
	0x66, 0x69, 0x6c, 0x65, 0x28, 0x25, 0x73, 0x29,
	0x20, 0x66, 0x75, 0x6e, 0x63, 0x28, 0x25, 0x73,
	0x29, 0x20, 0x6c, 0x69, 0x6e, 0x65, 0x28, 0x25,
	0x64, 0x29, 0x20, 0x0a, 0x00, 0x00, 0x00, 0x00,
	0x70, 0x63, 0x74, 0x72, 0x61, 0x63, 0x65, 0x5f,
	0x64, 0x75, 0x6d, 0x70, 0x3a, 0x0a, 0x00, 0x00,
	0x41, 0x73, 0x73, 0x65, 0x72, 0x74, 0x20, 0x61,
	0x74, 0x20, 0x30, 0x78, 0x25, 0x78, 0x0a, 0x00,
	0x4c, 0x6f, 0x77, 0x20, 0x48, 0x3a, 0x20, 0x66,
	0x72, 0x65, 0x65, 0x20, 0x73, 0x69, 0x7a, 0x65,
	0x2f, 0x74, 0x6f, 0x74, 0x61, 0x6c, 0x20, 0x73,
	0x69, 0x7a, 0x65, 0x3a, 0x25, 0x64, 0x2f, 0x25,
	0x64, 0x0a, 0x00, 0x00, 0x52, 0x75, 0x6e, 0x6e,
	0x69, 0x6e, 0x67, 0x3a, 0x20, 0x25, 0x73, 0x0a,
	0x00, 0x00, 0x00, 0x00, 0x4d, 0x43, 0x4c, 0x4b,
	0x00, 0x00, 0x00, 0x00, 0x4d, 0x65, 0x74, 0x43,
	0x00, 0x00, 0x00, 0x00, 0x76, 0x4d, 0x45, 0x54,
	0x43, 0x6f, 0x6d, 0x6d, 0x61, 0x6e, 0x64, 0x54,
	0x61, 0x73, 0x6b, 0x00, 0x4d, 0x65, 0x74, 0x43,
	0x3a, 0x20, 0x72, 0x65, 0x63, 0x76, 0x5f, 0x72,
	0x65, 0x67, 0x20, 0x65, 0x72, 0x72, 0x6f, 0x72,
	0x20, 0x25, 0x64, 0x0a, 0x00, 0x00, 0x00, 0x00,
	0x6d, 0x65, 0x74, 0x5f, 0x6d, 0x61, 0x69, 0x6e,
	0x2e, 0x63, 0x00, 0x00, 0x49, 0x4e, 0x46, 0x52,
	0x41, 0x20, 0x74, 0x69, 0x6d, 0x65, 0x6f, 0x75,
	0x74, 0x20, 0x64, 0x65, 0x74, 0x65, 0x63, 0x74,
	0x65, 0x64, 0x21, 0x0a, 0x00, 0x00, 0x00, 0x00,
	0x50, 0x45, 0x52, 0x49, 0x20, 0x74, 0x69, 0x6d,
	0x65, 0x6f, 0x75, 0x74, 0x20, 0x64, 0x65, 0x74,
	0x65, 0x63, 0x74, 0x65, 0x64, 0x21, 0x0a, 0x00,
	0x50, 0x4c, 0x41, 0x54, 0x00, 0x00, 0x00, 0x00,
	0x51, 0x4f, 0x53, 0x00, 0x51, 0x4f, 0x53, 0x49,
	0x00, 0x00, 0x00, 0x00, 0x43, 0x4d, 0x00, 0x00,
	0x53, 0x4c, 0x50, 0x00, 0x50, 0x4d, 0x49, 0x43,
	0x00, 0x00, 0x00, 0x00, 0x00, 0x00, 0x00, 0x00,
	0x00, 0x00, 0x00, 0x00, 0x00, 0x00, 0x00, 0x00,
	0x00, 0x00, 0x00, 0x00, 0x00, 0x00, 0x00, 0x00,
	0xd9, 0x89, 0x9d, 0x09, 0x15, 0x00, 0x00, 0x00,
	0x00, 0x00, 0x00, 0x00, 0x00, 0x00, 0x00, 0x00,
	0x00, 0x00, 0x00, 0x00, 0x00, 0xff, 0x00, 0x00,
	0x00, 0x00, 0x00, 0x00, 0x00, 0x00, 0x00, 0x00,
	0x00, 0x00, 0x00, 0x00, 0x00, 0x00, 0x00, 0x00,
	0x00, 0x00, 0x00, 0x80, 0x00, 0x00, 0x00, 0x40,
	0x00, 0x00, 0x00, 0x00, 0x00, 0x00, 0x00, 0x00,
	0x00, 0x00, 0x00, 0x90, 0x00, 0x00, 0x00, 0x50,
	0x00, 0x00, 0x00, 0x00, 0x00, 0x00, 0x00, 0x00,
	0x00, 0x00, 0x00, 0xa0, 0x00, 0x00, 0x00, 0x60,
	0x00, 0x00, 0x00, 0x00, 0x00, 0x00, 0x00, 0x00,
	0x00, 0x00, 0x00, 0xb0, 0x00, 0x00, 0x00, 0x70,
	0x00, 0x00, 0x00, 0x00, 0x1c, 0x02, 0x00, 0x00,
	0xcc, 0x01, 0x00, 0x00, 0x54, 0x01, 0x00, 0x00,
	0x54, 0x01, 0x00, 0x00, 0x54, 0x01, 0x00, 0x00,
	0xe6, 0x00, 0x00, 0x00, 0xac, 0xc5, 0x00, 0x00,
	0xec, 0xe0, 0x00, 0x00, 0x00, 0x00, 0x00, 0x00,
	0x01, 0x00, 0x00, 0x00, 0x02, 0x00, 0x00, 0x00,
	0x03, 0x00, 0x00, 0x00, 0x04, 0x00, 0x00, 0x00,
	0x05, 0x00, 0x00, 0x00, 0x05, 0x00, 0x00, 0x00,
	0x01, 0x00, 0x00, 0x00, 0x02, 0x00, 0x00, 0x00,
	0x03, 0x00, 0x00, 0x00, 0x04, 0x00, 0x00, 0x00,
	0x05, 0x00, 0x00, 0x00, 0x06, 0x00, 0x00, 0x00,
	0x00, 0x00, 0x00, 0x00, 0x00, 0x00, 0x00, 0x00,
	0x00, 0x00, 0x00, 0x00, 0x00, 0x00, 0x00, 0x00,
	0x08, 0x10, 0x0b, 0x00, 0x10, 0x18, 0x41, 0x00,
	0x08, 0x10, 0x0b, 0x00, 0x00, 0xd4, 0x30, 0x00,
	0x10, 0xeb, 0x09, 0x00, 0x00, 0xd4, 0x30, 0x00,
	0x08, 0x10, 0x0b, 0x00, 0x00, 0x9f, 0x24, 0x00,
	0x10, 0xeb, 0x09, 0x00, 0x00, 0x9f, 0x24, 0x00,
	0xc0, 0x27, 0x09, 0x00, 0x00, 0x9f, 0x24, 0x00,
	0x08, 0x10, 0x0b, 0x00, 0x10, 0x79, 0x1c, 0x00,
	0x10, 0xeb, 0x09, 0x00, 0x10, 0x79, 0x1c, 0x00,
	0xc0, 0x27, 0x09, 0x00, 0x10, 0x79, 0x1c, 0x00,
	0x08, 0x10, 0x0b, 0x00, 0x00, 0x6a, 0x18, 0x00,
	0x10, 0xeb, 0x09, 0x00, 0x00, 0x6a, 0x18, 0x00,
	0xc0, 0x27, 0x09, 0x00, 0x00, 0x6a, 0x18, 0x00,
	0x70, 0x64, 0x08, 0x00, 0x00, 0x6a, 0x18, 0x00,
	0x08, 0x10, 0x0b, 0x00, 0x80, 0x4f, 0x12, 0x00,
	0x10, 0xeb, 0x09, 0x00, 0x80, 0x4f, 0x12, 0x00,
	0xc0, 0x27, 0x09, 0x00, 0x80, 0x4f, 0x12, 0x00,
	0x70, 0x64, 0x08, 0x00, 0x80, 0x4f, 0x12, 0x00,
	0x08, 0x10, 0x0b, 0x00, 0x00, 0x35, 0x0c, 0x00,
	0x10, 0xeb, 0x09, 0x00, 0x00, 0x35, 0x0c, 0x00,
	0xc0, 0x27, 0x09, 0x00, 0x00, 0x35, 0x0c, 0x00,
	0x70, 0x64, 0x08, 0x00, 0x00, 0x35, 0x0c, 0x00,
	0x00, 0x00, 0x01, 0x00, 0x01, 0x02, 0x00, 0x01,
	0x02, 0x00, 0x01, 0x02, 0x03, 0x00, 0x01, 0x02,
	0x03, 0x00, 0x01, 0x02, 0x03, 0x00, 0x00, 0x00,
	0x00, 0x01, 0x01, 0x02, 0x02, 0x02, 0x03, 0x03,
	0x03, 0x04, 0x04, 0x04, 0x04, 0x05, 0x05, 0x05,
	0x05, 0x06, 0x06, 0x06, 0x06, 0x00, 0x00, 0x00,
	0x00, 0x90, 0x21, 0x10, 0x00, 0x00, 0x00, 0x00,
	0x00, 0xd0, 0x21, 0x10, 0x00, 0x00, 0x00, 0x00,
	0x00, 0x50, 0x23, 0x10, 0x00, 0x00, 0x00, 0x00,
	0x00, 0x50, 0x24, 0x10, 0x00, 0x00, 0x00, 0x00,
	0x00, 0x50, 0x25, 0x10, 0x00, 0x00, 0x00, 0x00,
	0x00, 0x50, 0x26, 0x10, 0x00, 0x00, 0x00, 0x00,
	0x00, 0x40, 0x23, 0x10, 0x00, 0x00, 0x00, 0x00,
	0x00, 0x40, 0x24, 0x10, 0x00, 0x00, 0x00, 0x00,
	0x00, 0x40, 0x25, 0x10, 0x00, 0x00, 0x00, 0x00,
	0x00, 0x40, 0x26, 0x10, 0x00, 0x00, 0x00, 0x00,
	0x00, 0x80, 0x23, 0x10, 0x00, 0x00, 0x00, 0x00,
	0x00, 0x80, 0x24, 0x10, 0x00, 0x00, 0x00, 0x00,
	0x00, 0x80, 0x25, 0x10, 0x00, 0x00, 0x00, 0x00,
	0x00, 0x80, 0x26, 0x10, 0x00, 0x00, 0x00, 0x00,
	0x00, 0xd8, 0x11, 0x00, 0x00, 0x00, 0x00, 0x00,
	0x00, 0x70, 0x01, 0x10, 0x00, 0x00, 0x00, 0x00,
	0x00, 0xe0, 0x20, 0x10, 0x00, 0x00, 0x00, 0x00,
	0x00, 0xe0, 0x21, 0x10, 0x00, 0x00, 0x00, 0x00,
	0xff, 0x00, 0x00, 0x00, 0xff, 0x00, 0x00, 0x00,
	0xff, 0x00, 0x00, 0x00, 0xff, 0x00, 0x00, 0x00,
	0x00, 0x01, 0x00, 0x05, 0x02, 0x00, 0x00, 0x00,
	0x0b, 0x02, 0x00, 0x0c, 0x02, 0x00, 0x0d, 0x02,
	0x00, 0x0e, 0x02, 0x00, 0x0f, 0x02, 0x00, 0x00,
	0x1e, 0x09, 0x00, 0x1f, 0x09, 0x00, 0x00, 0x00,
	0x20, 0xa1, 0x07, 0x00, 0xb6, 0xbd, 0x13, 0x00,
	0x48, 0x1b, 0x7f, 0x00, 0x00, 0x00, 0x10, 0x1f,
	0x7f, 0x00, 0x08, 0x00, 0x08, 0x1f, 0x00, 0x00,
	0x00, 0x00, 0x00, 0x00, 0x6a, 0x18, 0x00, 0x00,
	0x02, 0x00, 0x00, 0x00, 0x20, 0xa1, 0x07, 0x00,
	0xb6, 0xbd, 0x13, 0x00, 0x44, 0x1b, 0x7f, 0x00,
	0x00, 0x00, 0x90, 0x1e, 0x7f, 0x00, 0x08, 0x00,
	0x88, 0x1e, 0x00, 0x00, 0x00, 0x00, 0x00, 0x00,
	0x6a, 0x18, 0x00, 0x00, 0x02, 0x00, 0x00, 0x00,
	0x20, 0xa1, 0x07, 0x00, 0xb6, 0xbd, 0x13, 0x00,
	0x46, 0x1b, 0x7f, 0x00, 0x00, 0x00, 0xb0, 0x1e,
	0x7f, 0x00, 0x08, 0x00, 0xa8, 0x1e, 0x00, 0x00,
	0x00, 0x00, 0x00, 0x00, 0x6a, 0x18, 0x00, 0x00,
	0x02, 0x00, 0x00, 0x00, 0x80, 0x1a, 0x06, 0x00,
	0x16, 0x37, 0x12, 0x00, 0xb4, 0x15, 0x7f, 0x00,
	0x00, 0x00, 0xa6, 0x15, 0x7f, 0x00, 0x00, 0x00,
	0x88, 0x15, 0x00, 0x00, 0x8e, 0x19, 0x09, 0x00,
	0x6a, 0x18, 0x00, 0x00, 0x02, 0x00, 0x00, 0x00,
	0x3c, 0x40, 0x00, 0x00, 0x9c, 0x40, 0x00, 0x00,
	0x10, 0x41, 0x00, 0x00, 0x3c, 0x41, 0x00, 0x00,
	0x70, 0x41, 0x00, 0x00, 0x9c, 0x41, 0x00, 0x00,
	0x04, 0xb8, 0x00, 0x00, 0x00, 0x00, 0x00, 0x00,
	0x38, 0xc8, 0x00, 0x00, 0x10, 0xb8, 0x00, 0x00,
	0x01, 0x00, 0x00, 0x00, 0x38, 0xc8, 0x00, 0x00,
	0x1c, 0xb8, 0x00, 0x00, 0x02, 0x00, 0x00, 0x00,
	0x38, 0xc8, 0x00, 0x00, 0x28, 0xb8, 0x00, 0x00,
	0x03, 0x00, 0x00, 0x00, 0x38, 0xc8, 0x00, 0x00,
	0x00, 0x00, 0x00, 0x00, 0x38, 0x54, 0x00, 0x00,
	0xff, 0x00, 0x00, 0x00, 0xff, 0x00, 0x00, 0x00,
	0x00, 0x00, 0x00, 0x00, 0x20, 0x00, 0x00, 0x00,
	0x00, 0x00, 0x00, 0x00, 0x00, 0x78, 0x01, 0x00,
	0xc0, 0x00, 0x04, 0x30, 0xa0, 0x00, 0x04, 0x30,
	0xe0, 0x00, 0x04, 0x30, 0x00, 0x00, 0x00, 0x00,
	0x00, 0x00, 0x00, 0x00, 0x00, 0x00, 0x00, 0x00,
	0x00, 0x00, 0x00, 0x00, 0x00, 0x00, 0x00, 0x00,
	0x00, 0x00, 0x00, 0x00, 0x01, 0x00, 0x00, 0x00,
	0x20, 0x00, 0x00, 0x00, 0x00, 0x00, 0x00, 0x00,
	0x80, 0x78, 0x01, 0x00, 0xc4, 0x00, 0x04, 0x30,
	0xa4, 0x00, 0x04, 0x30, 0xe4, 0x00, 0x04, 0x30,
	0x00, 0x00, 0x00, 0x00, 0x00, 0x00, 0x00, 0x00,
	0x00, 0x00, 0x00, 0x00, 0x00, 0x00, 0x00, 0x00,
	0x00, 0x00, 0x00, 0x00, 0x00, 0x00, 0x00, 0x00,
	0x02, 0x00, 0x00, 0x00, 0x20, 0x00, 0x00, 0x00,
	0x00, 0x00, 0x00, 0x00, 0x00, 0x79, 0x01, 0x00,
	0xc8, 0x00, 0x04, 0x30, 0xa8, 0x00, 0x04, 0x30,
	0xe8, 0x00, 0x04, 0x30, 0x00, 0x00, 0x00, 0x00,
	0x00, 0x00, 0x00, 0x00, 0x00, 0x00, 0x00, 0x00,
	0x00, 0x00, 0x00, 0x00, 0x00, 0x00, 0x00, 0x00,
	0x00, 0x00, 0x00, 0x00, 0x03, 0x00, 0x00, 0x00,
	0x20, 0x00, 0x00, 0x00, 0x00, 0x00, 0x00, 0x00,
	0x80, 0x79, 0x01, 0x00, 0xcc, 0x00, 0x04, 0x30,
	0xac, 0x00, 0x04, 0x30, 0xec, 0x00, 0x04, 0x30,
	0x00, 0x00, 0x00, 0x00, 0x00, 0x00, 0x00, 0x00,
	0x00, 0x00, 0x00, 0x00, 0x00, 0x00, 0x00, 0x00,
	0x00, 0x00, 0x00, 0x00, 0x00, 0x00, 0x00, 0x00,
	0x04, 0x00, 0x00, 0x00, 0x20, 0x00, 0x00, 0x00,
	0x00, 0x00, 0x00, 0x00, 0x00, 0x7a, 0x01, 0x00,
	0xd0, 0x00, 0x04, 0x30, 0xb0, 0x00, 0x04, 0x30,
	0xf0, 0x00, 0x04, 0x30, 0x00, 0x00, 0x00, 0x00,
	0x00, 0x00, 0x00, 0x00, 0x00, 0x00, 0x00, 0x00,
	0x00, 0x00, 0x00, 0x00, 0x00, 0x00, 0x00, 0x00,
	0x00, 0x00, 0x00, 0x00, 0x00, 0x00, 0x00, 0x50,
	0x07, 0x00, 0x00, 0x00, 0x00, 0x00, 0x00, 0x00,
	0x00, 0x00, 0x00, 0x00, 0x00, 0x00, 0x00, 0x00,
	0x00, 0x00, 0x00, 0x00, 0x00, 0x00, 0x00, 0x00,
	0x00, 0x00, 0x00, 0x00, 0x00, 0x00, 0x00, 0x00,
	0x00, 0x00, 0x00, 0x00, 0x00, 0x00, 0x00, 0x00,
	0x00, 0x00, 0x00, 0x00, 0x00, 0x00, 0x00, 0x00,
	0x00, 0x00, 0x00, 0x00, 0x00, 0x00, 0x00, 0x00,
	0x00, 0x00, 0x00, 0x00, 0x70, 0x00, 0x00, 0x50,
	0x06, 0x00, 0x00, 0x00, 0x07, 0x00, 0x00, 0x00,
	0x01, 0x00, 0x00, 0x00, 0x00, 0x00, 0x00, 0x00,
	0x00, 0x00, 0x00, 0x00, 0x00, 0x00, 0x00, 0x00,
	0x00, 0x00, 0x00, 0x00, 0x00, 0x00, 0x00, 0x00,
	0x00, 0x00, 0x00, 0x00, 0x00, 0x00, 0x00, 0x00,
	0x00, 0x00, 0x00, 0x00, 0x00, 0x00, 0x00, 0x00,
	0x00, 0x00, 0x00, 0x00, 0x00, 0x00, 0x00, 0x00,
	0x00, 0x00, 0x00, 0x00, 0xd0, 0x00, 0x00, 0x50,
	0x05, 0x00, 0x00, 0x00, 0x0d, 0x00, 0x00, 0x00,
	0x02, 0x00, 0x00, 0x00, 0x00, 0x00, 0x00, 0x00,
	0x00, 0x00, 0x00, 0x00, 0x00, 0x00, 0x00, 0x00,
	0x00, 0x00, 0x00, 0x00, 0x00, 0x00, 0x00, 0x00,
	0x00, 0x00, 0x00, 0x00, 0x00, 0x00, 0x00, 0x00,
	0x00, 0x00, 0x00, 0x00, 0x00, 0x00, 0x00, 0x00,
	0x00, 0x00, 0x00, 0x00, 0x00, 0x00, 0x00, 0x00,
	0x00, 0x00, 0x00, 0x00, 0x20, 0x01, 0x00, 0x50,
	0x04, 0x00, 0x00, 0x00, 0x12, 0x00, 0x00, 0x00,
	0x03, 0x00, 0x00, 0x00, 0x00, 0x00, 0x00, 0x00,
	0x00, 0x00, 0x00, 0x00, 0x00, 0x00, 0x00, 0x00,
	0x00, 0x00, 0x00, 0x00, 0x00, 0x00, 0x00, 0x00,
	0x00, 0x00, 0x00, 0x00, 0x00, 0x00, 0x00, 0x00,
	0x00, 0x00, 0x00, 0x00, 0x00, 0x00, 0x00, 0x00,
	0x00, 0x00, 0x00, 0x00, 0x00, 0x00, 0x00, 0x00,
	0x00, 0x00, 0x00, 0x00, 0x60, 0x01, 0x00, 0x50,
	0x04, 0x00, 0x00, 0x00, 0x16, 0x00, 0x00, 0x00,
	0x04, 0x00, 0x00, 0x00, 0x00, 0x00, 0x00, 0x00,
	0x00, 0x00, 0x00, 0x00, 0x00, 0x00, 0x00, 0x00,
	0x00, 0x00, 0x00, 0x00, 0x00, 0x00, 0x00, 0x00,
	0x00, 0x00, 0x00, 0x00, 0x00, 0x00, 0x00, 0x00,
	0x00, 0x00, 0x00, 0x00, 0x00, 0x00, 0x00, 0x00,
	0x00, 0x00, 0x00, 0x00, 0x00, 0x00, 0x00, 0x00,
	0x00, 0x00, 0x00, 0x00, 0xa0, 0x01, 0x00, 0x50,
	0x04, 0x00, 0x00, 0x00, 0x1a, 0x00, 0x00, 0x00,
	0x05, 0x00, 0x00, 0x00, 0x00, 0x00, 0x00, 0x00,
	0x00, 0x00, 0x00, 0x00, 0x00, 0x00, 0x00, 0x00,
	0x00, 0x00, 0x00, 0x00, 0x00, 0x00, 0x00, 0x00,
	0x00, 0x00, 0x00, 0x00, 0x00, 0x00, 0x00, 0x00,
	0x00, 0x00, 0x00, 0x00, 0x00, 0x00, 0x00, 0x00,
	0x00, 0x00, 0x00, 0x00, 0x00, 0x00, 0x00, 0x00,
	0x00, 0x00, 0x00, 0x00, 0xe0, 0x01, 0x00, 0x50,
	0x02, 0x00, 0x00, 0x00, 0x1e, 0x00, 0x00, 0x00,
	0x06, 0x00, 0x00, 0x00, 0x00, 0x00, 0x00, 0x00,
	0x00, 0x00, 0x00, 0x00, 0x00, 0x00, 0x00, 0x00,
	0x00, 0x00, 0x00, 0x00, 0x00, 0x00, 0x00, 0x00,
	0x00, 0x00, 0x00, 0x00, 0x00, 0x00, 0x00, 0x00,
	0x00, 0x00, 0x00, 0x00, 0x00, 0x00, 0x00, 0x00,
	0x00, 0x00, 0x00, 0x00, 0x00, 0x00, 0x00, 0x00,
	0x00, 0x00, 0x00, 0x00, 0x01, 0x00, 0x00, 0x50,
	0x03, 0x00, 0x00, 0x00, 0x00, 0x00, 0x00, 0x00,
	0x07, 0x00, 0x00, 0x00, 0x00, 0x00, 0x00, 0x00,
	0x00, 0x00, 0x00, 0x00, 0x00, 0x00, 0x00, 0x00,
	0x00, 0x00, 0x00, 0x00, 0x00, 0x00, 0x00, 0x00,
	0x00, 0x00, 0x00, 0x00, 0x00, 0x00, 0x00, 0x00,
	0x00, 0x00, 0x00, 0x00, 0x00, 0x00, 0x00, 0x00,
	0x00, 0x00, 0x00, 0x00, 0x00, 0x00, 0x00, 0x00,
	0x00, 0x00, 0x00, 0x00, 0x31, 0x00, 0x00, 0x50,
	0x03, 0x00, 0x00, 0x00, 0x03, 0x00, 0x00, 0x00,
	0x08, 0x00, 0x00, 0x00, 0x00, 0x00, 0x00, 0x00,
	0x00, 0x00, 0x00, 0x00, 0x00, 0x00, 0x00, 0x00,
	0x00, 0x00, 0x00, 0x00, 0x00, 0x00, 0x00, 0x00,
	0x00, 0x00, 0x00, 0x00, 0x00, 0x00, 0x00, 0x00,
	0x00, 0x00, 0x00, 0x00, 0x00, 0x00, 0x00, 0x00,
	0x00, 0x00, 0x00, 0x00, 0x00, 0x00, 0x00, 0x00,
	0x00, 0x00, 0x00, 0x00, 0x61, 0x00, 0x00, 0x50,
	0x02, 0x00, 0x00, 0x00, 0x06, 0x00, 0x00, 0x00,
	0x09, 0x00, 0x00, 0x00, 0x00, 0x00, 0x00, 0x00,
	0x00, 0x00, 0x00, 0x00, 0x00, 0x00, 0x00, 0x00,
	0x00, 0x00, 0x00, 0x00, 0x00, 0x00, 0x00, 0x00,
	0x00, 0x00, 0x00, 0x00, 0x00, 0x00, 0x00, 0x00,
	0x00, 0x00, 0x00, 0x00, 0x00, 0x00, 0x00, 0x00,
	0x00, 0x00, 0x00, 0x00, 0x00, 0x00, 0x00, 0x00,
	0x00, 0x00, 0x00, 0x00, 0x81, 0x00, 0x00, 0x50,
	0x02, 0x00, 0x00, 0x00, 0x08, 0x00, 0x00, 0x00,
	0x0a, 0x00, 0x00, 0x00, 0x00, 0x00, 0x00, 0x00,
	0x00, 0x00, 0x00, 0x00, 0x00, 0x00, 0x00, 0x00,
	0x00, 0x00, 0x00, 0x00, 0x00, 0x00, 0x00, 0x00,
	0x00, 0x00, 0x00, 0x00, 0x00, 0x00, 0x00, 0x00,
	0x00, 0x00, 0x00, 0x00, 0x00, 0x00, 0x00, 0x00,
	0x00, 0x00, 0x00, 0x00, 0x00, 0x00, 0x00, 0x00,
	0x00, 0x00, 0x00, 0x00, 0xa1, 0x00, 0x00, 0x50,
	0x08, 0x00, 0x00, 0x00, 0x0a, 0x00, 0x00, 0x00,
	0x0b, 0x00, 0x00, 0x00, 0x00, 0x00, 0x00, 0x00,
	0x00, 0x00, 0x00, 0x00, 0x00, 0x00, 0x00, 0x00,
	0x00, 0x00, 0x00, 0x00, 0x00, 0x00, 0x00, 0x00,
	0x00, 0x00, 0x00, 0x00, 0x00, 0x00, 0x00, 0x00,
	0x00, 0x00, 0x00, 0x00, 0x00, 0x00, 0x00, 0x00,
	0x00, 0x00, 0x00, 0x00, 0x00, 0x00, 0x00, 0x00,
	0x00, 0x00, 0x00, 0x00, 0x21, 0x01, 0x00, 0x51,
	0x01, 0x00, 0x00, 0x00, 0x12, 0x00, 0x00, 0x00,
	0x0d, 0x00, 0x00, 0x00, 0x00, 0x00, 0x00, 0x00,
	0x00, 0x00, 0x00, 0x00, 0x00, 0x00, 0x00, 0x00,
	0x00, 0x00, 0x00, 0x00, 0x00, 0x00, 0x00, 0x00,
	0x00, 0x00, 0x00, 0x00, 0x00, 0x00, 0x00, 0x00,
	0x00, 0x00, 0x00, 0x00, 0x00, 0x00, 0x00, 0x00,
	0x00, 0x00, 0x00, 0x00, 0x00, 0x00, 0x00, 0x00,
	0x00, 0x00, 0x00, 0x00, 0x31, 0x01, 0x00, 0x51,
	0x01, 0x00, 0x00, 0x00, 0x13, 0x00, 0x00, 0x00,
	0x0e, 0x00, 0x00, 0x00, 0x00, 0x00, 0x00, 0x00,
	0x00, 0x00, 0x00, 0x00, 0x00, 0x00, 0x00, 0x00,
	0x00, 0x00, 0x00, 0x00, 0x00, 0x00, 0x00, 0x00,
	0x00, 0x00, 0x00, 0x00, 0x00, 0x00, 0x00, 0x00,
	0x00, 0x00, 0x00, 0x00, 0x00, 0x00, 0x00, 0x00,
	0x00, 0x00, 0x00, 0x00, 0x00, 0x00, 0x00, 0x00,
	0x00, 0x00, 0x00, 0x00, 0x41, 0x01, 0x00, 0x51,
	0x01, 0x00, 0x00, 0x00, 0x14, 0x00, 0x00, 0x00,
	0x0f, 0x00, 0x00, 0x00, 0x00, 0x00, 0x00, 0x00,
	0x00, 0x00, 0x00, 0x00, 0x00, 0x00, 0x00, 0x00,
	0x00, 0x00, 0x00, 0x00, 0x00, 0x00, 0x00, 0x00,
	0x00, 0x00, 0x00, 0x00, 0x00, 0x00, 0x00, 0x00,
	0x00, 0x00, 0x00, 0x00, 0x00, 0x00, 0x00, 0x00,
	0x00, 0x00, 0x00, 0x00, 0x00, 0x00, 0x00, 0x00,
	0x00, 0x00, 0x00, 0x00, 0x51, 0x01, 0x00, 0x51,
	0x01, 0x00, 0x00, 0x00, 0x15, 0x00, 0x00, 0x00,
	0x10, 0x00, 0x00, 0x00, 0x00, 0x00, 0x00, 0x00,
	0x00, 0x00, 0x00, 0x00, 0x00, 0x00, 0x00, 0x00,
	0x00, 0x00, 0x00, 0x00, 0x00, 0x00, 0x00, 0x00,
	0x00, 0x00, 0x00, 0x00, 0x00, 0x00, 0x00, 0x00,
	0x00, 0x00, 0x00, 0x00, 0x00, 0x00, 0x00, 0x00,
	0x00, 0x00, 0x00, 0x00, 0x00, 0x00, 0x00, 0x00,
	0x00, 0x00, 0x00, 0x00, 0x02, 0x00, 0x00, 0x00,
	0x06, 0x00, 0x00, 0x00, 0x00, 0x00, 0x00, 0x00,
	0x0c, 0x00, 0x00, 0x00, 0x00, 0x00, 0x00, 0x00,
	0x00, 0x00, 0x00, 0x00, 0x62, 0x00, 0x00, 0x01,
	0x04, 0x00, 0x00, 0x00, 0x06, 0x00, 0x00, 0x00,
	0x0d, 0x00, 0x00, 0x00, 0x00, 0x00, 0x00, 0x00,
	0x00, 0x00, 0x00, 0x00, 0xa2, 0x00, 0x00, 0x01,
	0x04, 0x00, 0x00, 0x00, 0x0a, 0x00, 0x00, 0x00,
	0x0e, 0x00, 0x00, 0x00, 0x00, 0x00, 0x00, 0x00,
	0x00, 0x00, 0x00, 0x00, 0xe2, 0x00, 0x00, 0x01,
	0x03, 0x00, 0x00, 0x00, 0x0e, 0x00, 0x00, 0x00,
	0x0f, 0x00, 0x00, 0x00, 0x00, 0x00, 0x00, 0x00,
	0x00, 0x00, 0x00, 0x00, 0x12, 0x01, 0x00, 0x01,
	0x02, 0x00, 0x00, 0x00, 0x11, 0x00, 0x00, 0x00,
	0x10, 0x00, 0x00, 0x00, 0x00, 0x00, 0x00, 0x00,
	0x00, 0x00, 0x00, 0x00, 0x32, 0x01, 0x00, 0x01,
	0x01, 0x00, 0x00, 0x00, 0x13, 0x00, 0x00, 0x00,
	0x00, 0x00, 0x00, 0x00, 0x00, 0x00, 0x00, 0x00,
	0x00, 0x00, 0x00, 0x00, 0x42, 0x01, 0x00, 0x01,
	0x01, 0x00, 0x00, 0x00, 0x14, 0x00, 0x00, 0x00,
	0x01, 0x00, 0x00, 0x00, 0x00, 0x00, 0x00, 0x00,
	0x00, 0x00, 0x00, 0x00, 0x52, 0x01, 0x00, 0x01,
	0x01, 0x00, 0x00, 0x00, 0x15, 0x00, 0x00, 0x00,
	0x02, 0x00, 0x00, 0x00, 0x00, 0x00, 0x00, 0x00,
	0x00, 0x00, 0x00, 0x00, 0x62, 0x01, 0x00, 0x01,
	0x01, 0x00, 0x00, 0x00, 0x16, 0x00, 0x00, 0x00,
	0x03, 0x00, 0x00, 0x00, 0x00, 0x00, 0x00, 0x00,
	0x00, 0x00, 0x00, 0x00, 0x72, 0x01, 0x00, 0x01,
	0x01, 0x00, 0x00, 0x00, 0x17, 0x00, 0x00, 0x00,
	0x04, 0x00, 0x00, 0x00, 0x00, 0x00, 0x00, 0x00,
	0x00, 0x00, 0x00, 0x00, 0x82, 0x01, 0x00, 0x01,
	0x01, 0x00, 0x00, 0x00, 0x18, 0x00, 0x00, 0x00,
	0x05, 0x00, 0x00, 0x00, 0x00, 0x00, 0x00, 0x00,
	0x00, 0x00, 0x00, 0x00, 0x92, 0x01, 0x00, 0x01,
	0x01, 0x00, 0x00, 0x00, 0x19, 0x00, 0x00, 0x00,
	0x06, 0x00, 0x00, 0x00, 0x00, 0x00, 0x00, 0x00,
	0x00, 0x00, 0x00, 0x00, 0xa2, 0x01, 0x00, 0x01,
	0x01, 0x00, 0x00, 0x00, 0x1a, 0x00, 0x00, 0x00,
	0x07, 0x00, 0x00, 0x00, 0x00, 0x00, 0x00, 0x00,
	0x00, 0x00, 0x00, 0x00, 0xb2, 0x01, 0x00, 0x01,
	0x01, 0x00, 0x00, 0x00, 0x1b, 0x00, 0x00, 0x00,
	0x08, 0x00, 0x00, 0x00, 0x00, 0x00, 0x00, 0x00,
	0x00, 0x00, 0x00, 0x00, 0xc2, 0x01, 0x00, 0x01,
	0x01, 0x00, 0x00, 0x00, 0x1c, 0x00, 0x00, 0x00,
	0x09, 0x00, 0x00, 0x00, 0x00, 0x00, 0x00, 0x00,
	0x00, 0x00, 0x00, 0x00, 0xd2, 0x01, 0x00, 0x01,
	0x01, 0x00, 0x00, 0x00, 0x1d, 0x00, 0x00, 0x00,
	0x0a, 0x00, 0x00, 0x00, 0x00, 0x00, 0x00, 0x00,
	0x00, 0x00, 0x00, 0x00, 0xe2, 0x01, 0x00, 0x01,
	0x01, 0x00, 0x00, 0x00, 0x1e, 0x00, 0x00, 0x00,
	0x0b, 0x00, 0x00, 0x00, 0x00, 0x00, 0x00, 0x00,
	0x00, 0x00, 0x00, 0x00, 0xaa, 0xaa, 0xaa, 0xaa,
	0x00, 0x00, 0x00, 0x00, 0x00, 0x00, 0x00, 0x00,
	0x00, 0x00, 0x00, 0x00, 0x00, 0x00, 0x00, 0x00,
	0x00, 0x00, 0x00, 0x00, 0x00, 0x00, 0x00, 0x00,
	0x00, 0x00, 0x00, 0x00, 0x00, 0x00, 0x00, 0x00,
	0x00, 0x00, 0x00, 0x00, 0x00, 0x00, 0x00, 0x00,
	0x00, 0x00, 0x00, 0x00, 0x00, 0x00, 0x00, 0x00,
	0x00, 0x00, 0x00, 0x00, 0x00, 0x00, 0x00, 0x00,
	0x00, 0x00, 0x00, 0x00, 0x00, 0x00, 0x00, 0x00,
	0x00, 0x00, 0x00, 0x00, 0x8c, 0x00, 0x00, 0x00,
	0x8c, 0x00, 0x00, 0x00, 0x64, 0x00, 0x00, 0x00,
	0x64, 0x00, 0x00, 0x00, 0x64, 0x00, 0x00, 0x00,
	0x64, 0x00, 0x00, 0x00, 0x64, 0x00, 0x00, 0x00,
	0x64, 0x00, 0x00, 0x00, 0x64, 0x00, 0x00, 0x00,
	0x64, 0x00, 0x00, 0x00, 0x64, 0x00, 0x00, 0x00,
	0x64, 0x00, 0x00, 0x00, 0x64, 0x00, 0x00, 0x00,
	0x64, 0x00, 0x00, 0x00, 0x64, 0x00, 0x00, 0x00,
	0x64, 0x00, 0x00, 0x00, 0x64, 0x00, 0x00, 0x00,
	0x64, 0x00, 0x00, 0x00, 0x64, 0x00, 0x00, 0x00,
	0x64, 0x00, 0x00, 0x00, 0x00, 0x00, 0x00, 0x00,
	0x00, 0x00, 0x00, 0x00, 0x00, 0x00, 0x00, 0x00,
	0x00, 0x00, 0x00, 0x00, 0x00, 0x00, 0x00, 0x00,
	0x03, 0x00, 0x00, 0x00, 0x00, 0x00, 0x00, 0x00,
	0x00, 0x00, 0x00, 0x00, 0x00, 0x00, 0x00, 0x00,
	0x00, 0x00, 0x00, 0x00, 0x01, 0x00, 0x00, 0x00,
	0x01, 0x00, 0x00, 0x00, 0x01, 0x00, 0x00, 0x00,
	0x00, 0x00, 0x00, 0x00, 0xe8, 0x03, 0x00, 0x00,
	0x58, 0x1b, 0x00, 0x00, 0x64, 0x00, 0x00, 0x00,
	0x64, 0x00, 0x00, 0x00, 0x64, 0x00, 0x00, 0x00,
	0x64, 0x00, 0x00, 0x00, 0x64, 0x00, 0x00, 0x00,
	0x64, 0x00, 0x00, 0x00, 0x64, 0x00, 0x00, 0x00,
	0x64, 0x00, 0x00, 0x00, 0x64, 0x00, 0x00, 0x00,
	0x64, 0x00, 0x00, 0x00, 0x64, 0x00, 0x00, 0x00,
	0x64, 0x00, 0x00, 0x00, 0x64, 0x00, 0x00, 0x00,
	0x64, 0x00, 0x00, 0x00, 0x64, 0x00, 0x00, 0x00,
	0x64, 0x00, 0x00, 0x00, 0x64, 0x00, 0x00, 0x00,
	0x64, 0x00, 0x00, 0x00, 0x5b, 0x00, 0x00, 0x00,
	0xbb, 0x00, 0x00, 0x00, 0x96, 0x00, 0x00, 0x00,
	0xeb, 0x01, 0x00, 0x00, 0x67, 0x03, 0x00, 0x00,
	0x59, 0x00, 0x00, 0x00, 0xc3, 0x00, 0x00, 0x00,
	0x97, 0x00, 0x00, 0x00, 0xf3, 0x01, 0x00, 0x00,
	0x6d, 0x03, 0x00, 0x00, 0x57, 0x00, 0x00, 0x00,
	0xca, 0x00, 0x00, 0x00, 0x98, 0x00, 0x00, 0x00,
	0xfb, 0x01, 0x00, 0x00, 0x73, 0x03, 0x00, 0x00,
	0x55, 0x00, 0x00, 0x00, 0xd2, 0x00, 0x00, 0x00,
	0x9a, 0x00, 0x00, 0x00, 0x04, 0x02, 0x00, 0x00,
	0x79, 0x03, 0x00, 0x00, 0x53, 0x00, 0x00, 0x00,
	0xd9, 0x00, 0x00, 0x00, 0x9b, 0x00, 0x00, 0x00,
	0x0c, 0x02, 0x00, 0x00, 0x7f, 0x03, 0x00, 0x00,
	0x51, 0x00, 0x00, 0x00, 0xe0, 0x00, 0x00, 0x00,
	0x9c, 0x00, 0x00, 0x00, 0x14, 0x02, 0x00, 0x00,
	0x85, 0x03, 0x00, 0x00, 0x4f, 0x00, 0x00, 0x00,
	0xe8, 0x00, 0x00, 0x00, 0x9e, 0x00, 0x00, 0x00,
	0x1c, 0x02, 0x00, 0x00, 0x8b, 0x03, 0x00, 0x00,
	0x4d, 0x00, 0x00, 0x00, 0xef, 0x00, 0x00, 0x00,
	0x9f, 0x00, 0x00, 0x00, 0x24, 0x02, 0x00, 0x00,
	0x91, 0x03, 0x00, 0x00, 0x4b, 0x00, 0x00, 0x00,
	0xf6, 0x00, 0x00, 0x00, 0xa1, 0x00, 0x00, 0x00,
	0x2d, 0x02, 0x00, 0x00, 0x97, 0x03, 0x00, 0x00,
	0x49, 0x00, 0x00, 0x00, 0xfe, 0x00, 0x00, 0x00,
	0xa2, 0x00, 0x00, 0x00, 0x35, 0x02, 0x00, 0x00,
	0x9e, 0x03, 0x00, 0x00, 0x47, 0x00, 0x00, 0x00,
	0x05, 0x01, 0x00, 0x00, 0xa3, 0x00, 0x00, 0x00,
	0x3d, 0x02, 0x00, 0x00, 0xa4, 0x03, 0x00, 0x00,
	0x45, 0x00, 0x00, 0x00, 0x0d, 0x01, 0x00, 0x00,
	0xa5, 0x00, 0x00, 0x00, 0x45, 0x02, 0x00, 0x00,
	0xaa, 0x03, 0x00, 0x00, 0x43, 0x00, 0x00, 0x00,
	0x14, 0x01, 0x00, 0x00, 0xa6, 0x00, 0x00, 0x00,
	0x4d, 0x02, 0x00, 0x00, 0xb0, 0x03, 0x00, 0x00,
	0x41, 0x00, 0x00, 0x00, 0x1b, 0x01, 0x00, 0x00,
	0xa7, 0x00, 0x00, 0x00, 0x56, 0x02, 0x00, 0x00,
	0xb6, 0x03, 0x00, 0x00, 0x3e, 0x00, 0x00, 0x00,
	0x23, 0x01, 0x00, 0x00, 0xa9, 0x00, 0x00, 0x00,
	0x5e, 0x02, 0x00, 0x00, 0xbc, 0x03, 0x00, 0x00,
	0x3c, 0x00, 0x00, 0x00, 0x2a, 0x01, 0x00, 0x00,
	0xaa, 0x00, 0x00, 0x00, 0x66, 0x02, 0x00, 0x00,
	0xc2, 0x03, 0x00, 0x00, 0x3a, 0x00, 0x00, 0x00,
	0x32, 0x01, 0x00, 0x00, 0xab, 0x00, 0x00, 0x00,
	0x6e, 0x02, 0x00, 0x00, 0xc8, 0x03, 0x00, 0x00,
	0x38, 0x00, 0x00, 0x00, 0x39, 0x01, 0x00, 0x00,
	0xad, 0x00, 0x00, 0x00, 0x76, 0x02, 0x00, 0x00,
	0xce, 0x03, 0x00, 0x00, 0x36, 0x00, 0x00, 0x00,
	0x40, 0x01, 0x00, 0x00, 0xae, 0x00, 0x00, 0x00,
	0x7e, 0x02, 0x00, 0x00, 0xd4, 0x03, 0x00, 0x00,
	0x34, 0x00, 0x00, 0x00, 0x48, 0x01, 0x00, 0x00,
	0xb0, 0x00, 0x00, 0x00, 0x87, 0x02, 0x00, 0x00,
	0xda, 0x03, 0x00, 0x00, 0x32, 0x00, 0x00, 0x00,
	0x4f, 0x01, 0x00, 0x00, 0xb1, 0x00, 0x00, 0x00,
	0x8f, 0x02, 0x00, 0x00, 0xe1, 0x03, 0x00, 0x00,
	0x30, 0x00, 0x00, 0x00, 0x57, 0x01, 0x00, 0x00,
	0xb2, 0x00, 0x00, 0x00, 0x97, 0x02, 0x00, 0x00,
	0xe7, 0x03, 0x00, 0x00, 0x2e, 0x00, 0x00, 0x00,
	0x5e, 0x01, 0x00, 0x00, 0xb4, 0x00, 0x00, 0x00,
	0x9f, 0x02, 0x00, 0x00, 0xed, 0x03, 0x00, 0x00,
	0x2c, 0x00, 0x00, 0x00, 0x65, 0x01, 0x00, 0x00,
	0xb5, 0x00, 0x00, 0x00, 0xa7, 0x02, 0x00, 0x00,
	0xf3, 0x03, 0x00, 0x00, 0x2a, 0x00, 0x00, 0x00,
	0x6d, 0x01, 0x00, 0x00, 0xb6, 0x00, 0x00, 0x00,
	0xb0, 0x02, 0x00, 0x00, 0xf9, 0x03, 0x00, 0x00,
	0x28, 0x00, 0x00, 0x00, 0x74, 0x01, 0x00, 0x00,
	0xb8, 0x00, 0x00, 0x00, 0xb8, 0x02, 0x00, 0x00,
	0xff, 0x03, 0x00, 0x00, 0x26, 0x00, 0x00, 0x00,
	0x7c, 0x01, 0x00, 0x00, 0xb9, 0x00, 0x00, 0x00,
	0xc0, 0x02, 0x00, 0x00, 0x05, 0x04, 0x00, 0x00,
	0x24, 0x00, 0x00, 0x00, 0x83, 0x01, 0x00, 0x00,
	0xba, 0x00, 0x00, 0x00, 0xc8, 0x02, 0x00, 0x00,
	0x0b, 0x04, 0x00, 0x00, 0x22, 0x00, 0x00, 0x00,
	0x8a, 0x01, 0x00, 0x00, 0xbc, 0x00, 0x00, 0x00,
	0xd0, 0x02, 0x00, 0x00, 0x11, 0x04, 0x00, 0x00,
	0x20, 0x00, 0x00, 0x00, 0x92, 0x01, 0x00, 0x00,
	0xbd, 0x00, 0x00, 0x00, 0xd9, 0x02, 0x00, 0x00,
	0x17, 0x04, 0x00, 0x00, 0x1e, 0x00, 0x00, 0x00,
	0x99, 0x01, 0x00, 0x00, 0xbf, 0x00, 0x00, 0x00,
	0xe1, 0x02, 0x00, 0x00, 0x1e, 0x04, 0x00, 0x00,
	0x1c, 0x00, 0x00, 0x00, 0xa1, 0x01, 0x00, 0x00,
	0xc0, 0x00, 0x00, 0x00, 0xe9, 0x02, 0x00, 0x00,
	0x24, 0x04, 0x00, 0x00, 0x1a, 0x00, 0x00, 0x00,
	0xa8, 0x01, 0x00, 0x00, 0xc1, 0x00, 0x00, 0x00,
	0xf1, 0x02, 0x00, 0x00, 0x2a, 0x04, 0x00, 0x00,
	0x17, 0x00, 0x00, 0x00, 0xaf, 0x01, 0x00, 0x00,
	0xc3, 0x00, 0x00, 0x00, 0xf9, 0x02, 0x00, 0x00,
	0x30, 0x04, 0x00, 0x00, 0x15, 0x00, 0x00, 0x00,
	0xb7, 0x01, 0x00, 0x00, 0xc4, 0x00, 0x00, 0x00,
	0x02, 0x03, 0x00, 0x00, 0x36, 0x04, 0x00, 0x00,
	0x13, 0x00, 0x00, 0x00, 0xbe, 0x01, 0x00, 0x00,
	0xc5, 0x00, 0x00, 0x00, 0x0a, 0x03, 0x00, 0x00,
	0x3c, 0x04, 0x00, 0x00, 0x11, 0x00, 0x00, 0x00,
	0xc6, 0x01, 0x00, 0x00, 0xc7, 0x00, 0x00, 0x00,
	0x12, 0x03, 0x00, 0x00, 0x42, 0x04, 0x00, 0x00,
	0x0f, 0x00, 0x00, 0x00, 0xcd, 0x01, 0x00, 0x00,
	0xc8, 0x00, 0x00, 0x00, 0x1a, 0x03, 0x00, 0x00,
	0x48, 0x04, 0x00, 0x00, 0x0d, 0x00, 0x00, 0x00,
	0xd4, 0x01, 0x00, 0x00, 0xc9, 0x00, 0x00, 0x00,
	0x22, 0x03, 0x00, 0x00, 0x4e, 0x04, 0x00, 0x00,
	0x0b, 0x00, 0x00, 0x00, 0xdc, 0x01, 0x00, 0x00,
	0xcb, 0x00, 0x00, 0x00, 0x2b, 0x03, 0x00, 0x00,
	0x54, 0x04, 0x00, 0x00, 0x09, 0x00, 0x00, 0x00,
	0xe3, 0x01, 0x00, 0x00, 0xcc, 0x00, 0x00, 0x00,
	0x33, 0x03, 0x00, 0x00, 0x5a, 0x04, 0x00, 0x00,
	0x07, 0x00, 0x00, 0x00, 0xeb, 0x01, 0x00, 0x00,
	0xce, 0x00, 0x00, 0x00, 0x3b, 0x03, 0x00, 0x00,
	0x61, 0x04, 0x00, 0x00, 0x05, 0x00, 0x00, 0x00,
	0xf2, 0x01, 0x00, 0x00, 0xcf, 0x00, 0x00, 0x00,
	0x43, 0x03, 0x00, 0x00, 0x67, 0x04, 0x00, 0x00,
	0x03, 0x00, 0x00, 0x00, 0xf9, 0x01, 0x00, 0x00,
	0xd0, 0x00, 0x00, 0x00, 0x4b, 0x03, 0x00, 0x00,
	0x6d, 0x04, 0x00, 0x00, 0x01, 0x00, 0x00, 0x00,
	0x01, 0x02, 0x00, 0x00, 0xd2, 0x00, 0x00, 0x00,
	0x54, 0x03, 0x00, 0x00, 0x73, 0x04, 0x00, 0x00,
	0xff, 0xff, 0xff, 0xff, 0x08, 0x02, 0x00, 0x00,
	0xd3, 0x00, 0x00, 0x00, 0x5c, 0x03, 0x00, 0x00,
	0x79, 0x04, 0x00, 0x00, 0xfd, 0xff, 0xff, 0xff,
	0x10, 0x02, 0x00, 0x00, 0xd4, 0x00, 0x00, 0x00,
	0x64, 0x03, 0x00, 0x00, 0x7f, 0x04, 0x00, 0x00,
	0xfb, 0xff, 0xff, 0xff, 0x17, 0x02, 0x00, 0x00,
	0xd6, 0x00, 0x00, 0x00, 0x6c, 0x03, 0x00, 0x00,
	0x85, 0x04, 0x00, 0x00, 0x4c, 0xd0, 0x00, 0x00,
	0x18, 0x01, 0x00, 0x00, 0x13, 0x01, 0x00, 0x00,
	0xec, 0x00, 0x00, 0x00, 0xe8, 0x00, 0x00, 0x00,
	0xb4, 0x00, 0x00, 0x00, 0xb4, 0x00, 0x00, 0x00,
	0x97, 0x00, 0x00, 0x00, 0x97, 0x00, 0x00, 0x00,
	0x7d, 0x00, 0x00, 0x00, 0x7d, 0x00, 0x00, 0x00,
	0x71, 0x00, 0x00, 0x00, 0x71, 0x00, 0x00, 0x00,
	0x66, 0x00, 0x00, 0x00, 0x66, 0x00, 0x00, 0x00,
	0x5d, 0x00, 0x00, 0x00, 0x5d, 0x00, 0x00, 0x00,
	0x54, 0x00, 0x00, 0x00, 0x54, 0x00, 0x00, 0x00,
	0x4c, 0x00, 0x00, 0x00, 0x4c, 0x00, 0x00, 0x00,
	0x44, 0x00, 0x00, 0x00, 0x44, 0x00, 0x00, 0x00,
	0x3b, 0x00, 0x00, 0x00, 0x3b, 0x00, 0x00, 0x00,
	0x32, 0x00, 0x00, 0x00, 0x32, 0x00, 0x00, 0x00,
	0x2a, 0x00, 0x00, 0x00, 0x2a, 0x00, 0x00, 0x00,
	0x23, 0x00, 0x00, 0x00, 0x23, 0x00, 0x00, 0x00,
	0x1d, 0x00, 0x00, 0x00, 0x1d, 0x00, 0x00, 0x00,
	0x19, 0x00, 0x00, 0x00, 0x6c, 0x01, 0x00, 0x00,
	0x13, 0x04, 0x00, 0x00, 0x18, 0x00, 0x00, 0x00,
	0x1d, 0x00, 0x00, 0x00, 0x67, 0x00, 0x00, 0x00,
	0x27, 0x00, 0x00, 0x00, 0xc1, 0x00, 0x00, 0x00,
	0x13, 0x04, 0x00, 0x00, 0x26, 0x00, 0x00, 0x00,
	0x0f, 0x00, 0x00, 0x00, 0x67, 0x00, 0x00, 0x00,
	0x1f, 0x00, 0x00, 0x00, 0x19, 0x01, 0x00, 0x00,
	0x13, 0x04, 0x00, 0x00, 0x1d, 0x00, 0x00, 0x00,
	0x16, 0x00, 0x00, 0x00, 0x67, 0x00, 0x00, 0x00,
	0x21, 0x00, 0x00, 0x00, 0x00, 0x01, 0x00, 0x00,
	0x13, 0x04, 0x00, 0x00, 0x1f, 0x00, 0x00, 0x00,
	0x14, 0x00, 0x00, 0x00, 0x67, 0x00, 0x00, 0x00,
	0x1f, 0x00, 0x00, 0x00, 0x16, 0x01, 0x00, 0x00,
	0x13, 0x04, 0x00, 0x00, 0x1e, 0x00, 0x00, 0x00,
	0x16, 0x00, 0x00, 0x00, 0x67, 0x00, 0x00, 0x00,
	0x17, 0x00, 0x00, 0x00, 0xbd, 0x01, 0x00, 0x00,
	0xd8, 0x04, 0x00, 0x00, 0x16, 0x00, 0x00, 0x00,
	0x23, 0x00, 0x00, 0x00, 0x76, 0x00, 0x00, 0x00,
	0x26, 0x00, 0x00, 0x00, 0xd5, 0x00, 0x00, 0x00,
	0xd8, 0x04, 0x00, 0x00, 0x25, 0x00, 0x00, 0x00,
	0x11, 0x00, 0x00, 0x00, 0x76, 0x00, 0x00, 0x00,
	0x1d, 0x00, 0x00, 0x00, 0x47, 0x01, 0x00, 0x00,
	0xd8, 0x04, 0x00, 0x00, 0x1c, 0x00, 0x00, 0x00,
	0x1a, 0x00, 0x00, 0x00, 0x76, 0x00, 0x00, 0x00,
	0x1f, 0x00, 0x00, 0x00, 0x26, 0x01, 0x00, 0x00,
	0xd8, 0x04, 0x00, 0x00, 0x1e, 0x00, 0x00, 0x00,
	0x17, 0x00, 0x00, 0x00, 0x76, 0x00, 0x00, 0x00,
	0x1d, 0x00, 0x00, 0x00, 0x43, 0x01, 0x00, 0x00,
	0xd8, 0x04, 0x00, 0x00, 0x1c, 0x00, 0x00, 0x00,
	0x19, 0x00, 0x00, 0x00, 0x76, 0x00, 0x00, 0x00,
	0x26, 0x00, 0x00, 0x00, 0x6c, 0x01, 0x00, 0x00,
	0xc1, 0x03, 0x00, 0x00, 0x26, 0x00, 0x00, 0x00,
	0x1d, 0x00, 0x00, 0x00, 0x76, 0x00, 0x00, 0x00,
	0x35, 0x00, 0x00, 0x00, 0xc1, 0x00, 0x00, 0x00,
	0xc1, 0x03, 0x00, 0x00, 0x36, 0x00, 0x00, 0x00,
	0x0f, 0x00, 0x00, 0x00, 0x76, 0x00, 0x00, 0x00,
	0x2c, 0x00, 0x00, 0x00, 0x19, 0x01, 0x00, 0x00,
	0xc1, 0x03, 0x00, 0x00, 0x2c, 0x00, 0x00, 0x00,
	0x16, 0x00, 0x00, 0x00, 0x76, 0x00, 0x00, 0x00,
	0x2e, 0x00, 0x00, 0x00, 0x00, 0x01, 0x00, 0x00,
	0xc1, 0x03, 0x00, 0x00, 0x2f, 0x00, 0x00, 0x00,
	0x14, 0x00, 0x00, 0x00, 0x76, 0x00, 0x00, 0x00,
	0x2c, 0x00, 0x00, 0x00, 0x16, 0x01, 0x00, 0x00,
	0xc1, 0x03, 0x00, 0x00, 0x2c, 0x00, 0x00, 0x00,
	0x16, 0x00, 0x00, 0x00, 0x76, 0x00, 0x00, 0x00,
	0x24, 0x00, 0x00, 0x00, 0xbd, 0x01, 0x00, 0x00,
	0x69, 0x04, 0x00, 0x00, 0x20, 0x00, 0x00, 0x00,
	0x23, 0x00, 0x00, 0x00, 0x7d, 0x00, 0x00, 0x00,
	0x36, 0x00, 0x00, 0x00, 0xd5, 0x00, 0x00, 0x00,
	0x69, 0x04, 0x00, 0x00, 0x32, 0x00, 0x00, 0x00,
	0x11, 0x00, 0x00, 0x00, 0x7d, 0x00, 0x00, 0x00,
	0x2b, 0x00, 0x00, 0x00, 0x47, 0x01, 0x00, 0x00,
	0x69, 0x04, 0x00, 0x00, 0x28, 0x00, 0x00, 0x00,
	0x1a, 0x00, 0x00, 0x00, 0x7d, 0x00, 0x00, 0x00,
	0x2e, 0x00, 0x00, 0x00, 0x26, 0x01, 0x00, 0x00,
	0x69, 0x04, 0x00, 0x00, 0x2a, 0x00, 0x00, 0x00,
	0x17, 0x00, 0x00, 0x00, 0x7d, 0x00, 0x00, 0x00,
	0x2b, 0x00, 0x00, 0x00, 0x43, 0x01, 0x00, 0x00,
	0x69, 0x04, 0x00, 0x00, 0x28, 0x00, 0x00, 0x00,
	0x19, 0x00, 0x00, 0x00, 0x7d, 0x00, 0x00, 0x00,
	0x80, 0xd5, 0x00, 0x00, 0xf8, 0xd5, 0x00, 0x00,
	0x00, 0x00, 0x00, 0x00, 0x00, 0x00, 0x00, 0x00,
	0x00, 0x00, 0x00, 0x00, 0x00, 0x00, 0x00, 0x00,
	0x00, 0x00, 0x00, 0x00, 0x00, 0x00, 0x00, 0x00,
	0x00, 0x00, 0x00, 0x00, 0xd8, 0x8f, 0x00, 0x00,
	0xf4, 0x8f, 0x00, 0x00, 0x20, 0x90, 0x00, 0x00,
	0x13, 0x00, 0x00, 0x00, 0x00, 0x00, 0x00, 0x00,
	0x00, 0x00, 0x00, 0x00, 0x00, 0x00, 0x00, 0x00,
	0x00, 0x00, 0x00, 0x00, 0x00, 0x00, 0x00, 0x00,
	0x00, 0x00, 0x00, 0x00, 0x00, 0x00, 0x00, 0x00,
	0x00, 0x00, 0x00, 0x00, 0x00, 0x00, 0x00, 0x00,
	0x00, 0x00, 0x00, 0x00, 0x80, 0x96, 0x00, 0x00,
	0x9c, 0x96, 0x00, 0x00, 0x00, 0x00, 0x00, 0x00,
	0x04, 0x00, 0x00, 0x00, 0xff, 0xff, 0xff, 0xff,
	0x00, 0x00, 0x00, 0x00, 0x00, 0x00, 0x00, 0x00,
	0x00, 0x00, 0x00, 0x00, 0x00, 0x00, 0x00, 0x00,
	0x30, 0xc3, 0x00, 0x00, 0x00, 0x00, 0x00, 0x00,
	0x00, 0x00, 0x00, 0x00, 0x00, 0x00, 0x00, 0x00,
	0x00, 0x00, 0x00, 0x00, 0x34, 0xad, 0x00, 0x00,
	0x94, 0xad, 0x00, 0x00, 0xc8, 0xad, 0x00, 0x00,
	0x02, 0x00, 0x00, 0x00, 0x00, 0x00, 0x00, 0x00,
	0x00, 0x00, 0x00, 0x00, 0x00, 0x00, 0x00, 0x00,
	0x00, 0x00, 0x00, 0x00, 0x00, 0x00, 0x00, 0x00,
	0x00, 0x00, 0x00, 0x00, 0x00, 0x00, 0x00, 0x00,
	0x00, 0x00, 0x00, 0x00, 0x00, 0x00, 0x00, 0x00,
	0x00, 0x00, 0x00, 0x00, 0x00, 0x00, 0x00, 0x00,
	0x00, 0x00, 0x00, 0x00, 0x00, 0x00, 0x00, 0x00,
	0x00, 0x00, 0x00, 0x00, 0x00, 0x00, 0x00, 0x00,
	0x00, 0x00, 0x00, 0x00, 0x00, 0x00, 0x00, 0x00,
	0x00, 0x00, 0x00, 0x00, 0x00, 0x00, 0x00, 0x00,
	0x00, 0x00, 0x00, 0x00, 0x00, 0x00, 0x00, 0x00,
	0x00, 0x00, 0x00, 0x00, 0x00, 0x00, 0x00, 0x00,
	0x00, 0x00, 0x00, 0x00, 0x00, 0x00, 0x00, 0x00,
	0x00, 0x00, 0x00, 0x00, 0x00, 0x00, 0x00, 0x00,
	0x00, 0x00, 0x00, 0x00, 0x00, 0x00, 0x00, 0x00,
	0x00, 0x00, 0x00, 0x00, 0x00, 0x00, 0x00, 0x00,
	0x00, 0x00, 0x00, 0x00, 0x00, 0x00, 0x00, 0x00,
	0x00, 0x00, 0x00, 0x00, 0x00, 0x00, 0x00, 0x00,
	0x00, 0x00, 0x00, 0x00, 0x00, 0x00, 0x00, 0x00,
	0x00, 0x00, 0x00, 0x00, 0x00, 0x00, 0x00, 0x00,
	0x00, 0x00, 0x00, 0x00, 0x00, 0x00, 0x00, 0x00,
	0x00, 0x00, 0x00, 0x00, 0x00, 0x00, 0x00, 0x00,
	0x00, 0x00, 0x00, 0x00, 0x00, 0x00, 0x00, 0x00,
	0x00, 0x00, 0x00, 0x00, 0x00, 0x00, 0x00, 0x00,
	0x00, 0x00, 0x00, 0x00, 0x00, 0x00, 0x00, 0x00,
	0x00, 0x00, 0x00, 0x00, 0x00, 0x00, 0x00, 0x00,
	0x00, 0x00, 0x00, 0x00, 0x00, 0x00, 0x00, 0x00,
	0x00, 0x00, 0x00, 0x00, 0x00, 0x00, 0x00, 0x00,
	0x00, 0x00, 0x00, 0x00, 0x00, 0x00, 0x00, 0x00,
	0x00, 0x00, 0x00, 0x00, 0x00, 0x00, 0x00, 0x00,
	0x00, 0x00, 0x00, 0x00, 0x00, 0x00, 0x00, 0x00,
	0x00, 0x00, 0x00, 0x00, 0x00, 0x00, 0x00, 0x00,
	0x00, 0x00, 0x00, 0x00, 0x00, 0x00, 0x00, 0x00,
	0x00, 0x00, 0x00, 0x00, 0x00, 0x00, 0x00, 0x00,
	0x00, 0x00, 0x00, 0x00, 0x00, 0x00, 0x00, 0x00,
	0x00, 0x00, 0x00, 0x00, 0x00, 0x00, 0x00, 0x00,
	0x00, 0x00, 0x00, 0x00, 0x00, 0x00, 0x00, 0x00,
	0x00, 0x00, 0x00, 0x00, 0x00, 0x00, 0x00, 0x00,
	0x00, 0x00, 0x00, 0x00, 0x00, 0x00, 0x00, 0x00,
	0x00, 0x00, 0x00, 0x00, 0x00, 0x00, 0x00, 0x00,
	0x00, 0x00, 0x00, 0x00, 0x00, 0x00, 0x00, 0x00,
	0x00, 0x00, 0x00, 0x00, 0x00, 0x00, 0x00, 0x00,
	0x00, 0x00, 0x00, 0x00, 0x00, 0x00, 0x00, 0x00,
	0x00, 0x00, 0x00, 0x00, 0x00, 0x00, 0x00, 0x00,
	0x00, 0x00, 0x00, 0x00, 0x00, 0x00, 0x00, 0x00,
	0x00, 0x00, 0x00, 0x00, 0x00, 0x00, 0x00, 0x00,
	0x00, 0x00, 0x00, 0x00, 0x00, 0x00, 0x00, 0x00,
	0x00, 0x00, 0x00, 0x00, 0x00, 0x00, 0x00, 0x00,
	0x00, 0x00, 0x00, 0x00, 0x00, 0x00, 0x00, 0x00,
	0x00, 0x00, 0x00, 0x00, 0x00, 0x00, 0x00, 0x00,
	0x00, 0x00, 0x00, 0x00, 0x00, 0x00, 0x00, 0x00,
	0x00, 0x00, 0x00, 0x00, 0x00, 0x00, 0x00, 0x00,
	0x00, 0x00, 0x00, 0x00, 0x00, 0x00, 0x00, 0x00,
	0x00, 0x00, 0x00, 0x00, 0x00, 0x00, 0x00, 0x00,
	0x00, 0x00, 0x00, 0x00, 0x00, 0x00, 0x00, 0x00,
	0x00, 0x00, 0x00, 0x00, 0x00, 0x00, 0x00, 0x00,
	0x00, 0x00, 0x00, 0x00, 0x00, 0x00, 0x00, 0x00,
	0x00, 0x00, 0x00, 0x00, 0x00, 0x00, 0x00, 0x00,
	0x00, 0x00, 0x00, 0x00, 0x00, 0x00, 0x00, 0x00,
	0x00, 0x00, 0x00, 0x00, 0x00, 0x00, 0x00, 0x00,
	0x00, 0x00, 0x00, 0x00, 0x00, 0x00, 0x00, 0x00,
	0x00, 0x00, 0x00, 0x00, 0x00, 0x00, 0x00, 0x00,
	0x00, 0x00, 0x00, 0x00, 0x00, 0x00, 0x00, 0x00,
	0x00, 0x00, 0x00, 0x00, 0x00, 0x00, 0x00, 0x00,
	0x00, 0x00, 0x00, 0x00, 0x00, 0x00, 0x00, 0x00,
	0x00, 0x00, 0x00, 0x00, 0x00, 0x00, 0x00, 0x00,
	0x00, 0x00, 0x00, 0x00, 0x00, 0x00, 0x00, 0x00,
	0x00, 0x00, 0x00, 0x00, 0x00, 0x00, 0x00, 0x00,
	0x00, 0x00, 0x00, 0x00, 0x00, 0x00, 0x00, 0x00,
	0x00, 0x00, 0x00, 0x00, 0x00, 0x00, 0x00, 0x00,
	0x00, 0x00, 0x00, 0x00, 0x00, 0x00, 0x00, 0x00,
	0x00, 0x00, 0x00, 0x00, 0x00, 0x00, 0x00, 0x00,
	0x00, 0x00, 0x00, 0x00, 0x00, 0x00, 0x00, 0x00,
	0x00, 0x00, 0x00, 0x00, 0x00, 0x00, 0x00, 0x00,
	0x00, 0x00, 0x00, 0x00, 0x00, 0x00, 0x00, 0x00,
	0x00, 0x00, 0x00, 0x00, 0x00, 0x00, 0x00, 0x00,
	0x00, 0x00, 0x00, 0x00, 0x00, 0x00, 0x00, 0x00,
	0x00, 0x00, 0x00, 0x00, 0x00, 0x00, 0x00, 0x00,
	0x00, 0x00, 0x00, 0x00, 0x00, 0x00, 0x00, 0x00,
	0x00, 0x00, 0x00, 0x00, 0x00, 0x00, 0x00, 0x00,
	0x00, 0x00, 0x00, 0x00, 0x00, 0x00, 0x00, 0x00,
	0x00, 0x00, 0x00, 0x00, 0x00, 0x00, 0x00, 0x00,
	0x00, 0x00, 0x00, 0x00, 0x00, 0x00, 0x00, 0x00,
	0x00, 0x00, 0x00, 0x00, 0x00, 0x00, 0x00, 0x00,
	0x00, 0x00, 0x00, 0x00, 0x00, 0x00, 0x00, 0x00,
	0x00, 0x00, 0x00, 0x00, 0x00, 0x00, 0x00, 0x00,
	0x00, 0x00, 0x00, 0x00, 0x00, 0x00, 0x00, 0x00,
	0x00, 0x00, 0x00, 0x00, 0x00, 0x00, 0x00, 0x00,
	0x00, 0x00, 0x00, 0x00, 0x00, 0x00, 0x00, 0x00,
	0x00, 0x00, 0x00, 0x00, 0x00, 0x00, 0x00, 0x00,
	0x00, 0x00, 0x00, 0x00, 0x00, 0x00, 0x00, 0x00,
	0x00, 0x00, 0x00, 0x00, 0x00, 0x00, 0x00, 0x00,
	0x00, 0x00, 0x00, 0x00, 0x00, 0x00, 0x00, 0x00,
	0x00, 0x00, 0x00, 0x00, 0x00, 0x00, 0x00, 0x00,
	0x00, 0x00, 0x00, 0x00, 0x00, 0x00, 0x00, 0x00,
	0x00, 0x00, 0x00, 0x00, 0x00, 0x00, 0x00, 0x00,
	0x00, 0x00, 0x00, 0x00, 0x00, 0x00, 0x00, 0x00,
	0x00, 0x00, 0x00, 0x00, 0x00, 0x00, 0x00, 0x00,
	0x00, 0x00, 0x00, 0x00, 0x00, 0x00, 0x00, 0x00,
	0x00, 0x00, 0x00, 0x00, 0x00, 0x00, 0x00, 0x00,
	0x00, 0x00, 0x00, 0x00, 0x00, 0x00, 0x00, 0x00,
	0x00, 0x00, 0x00, 0x00, 0x00, 0x00, 0x00, 0x00,
	0x00, 0x00, 0x00, 0x00, 0x00, 0x00, 0x00, 0x00,
	0x00, 0x00, 0x00, 0x00, 0x00, 0x00, 0x00, 0x00,
	0x00, 0x00, 0x00, 0x00, 0x00, 0x00, 0x00, 0x00,
	0x00, 0x00, 0x00, 0x00, 0x00, 0x00, 0x00, 0x00,
	0x00, 0x00, 0x00, 0x00, 0x00, 0x00, 0x00, 0x00,
	0x00, 0x00, 0x00, 0x00, 0x00, 0x00, 0x00, 0x00,
	0x00, 0x00, 0x00, 0x00, 0x00, 0x00, 0x00, 0x00,
	0x00, 0x00, 0x00, 0x00, 0x00, 0x00, 0x00, 0x00,
	0x00, 0x00, 0x00, 0x00, 0x00, 0x00, 0x00, 0x00,
	0x00, 0x00, 0x00, 0x00, 0x00, 0x00, 0x00, 0x00,
	0x00, 0x00, 0x00, 0x00, 0x00, 0x00, 0x00, 0x00,
	0x00, 0x00, 0x00, 0x00, 0x00, 0x00, 0x00, 0x00,
	0x00, 0x00, 0x00, 0x00, 0x00, 0x00, 0x00, 0x00,
	0x00, 0x00, 0x00, 0x00, 0x00, 0x00, 0x00, 0x00,
	0x00, 0x00, 0x00, 0x00, 0x00, 0x00, 0x00, 0x00,
	0x00, 0x00, 0x00, 0x00, 0x00, 0x00, 0x00, 0x00,
	0x00, 0x00, 0x00, 0x00, 0x00, 0x00, 0x00, 0x00,
	0x00, 0x00, 0x00, 0x00, 0x00, 0x00, 0x00, 0x00,
	0x00, 0x00, 0x00, 0x00, 0x00, 0x00, 0x00, 0x00,
	0x00, 0x00, 0x00, 0x00, 0x00, 0x00, 0x00, 0x00,
	0x00, 0x00, 0x00, 0x00, 0x00, 0x00, 0x00, 0x00,
	0x00, 0x00, 0x00, 0x00, 0x00, 0x00, 0x00, 0x00,
	0x00, 0x00, 0x00, 0x00, 0x00, 0x00, 0x00, 0x00,
	0x00, 0x00, 0x00, 0x00, 0x00, 0x00, 0x00, 0x00,
	0x00, 0x00, 0x00, 0x00, 0x00, 0x00, 0x00, 0x00,
	0x00, 0x00, 0x00, 0x00, 0x00, 0x00, 0x00, 0x00,
	0x00, 0x00, 0x00, 0x00, 0x00, 0x00, 0x00, 0x00,
	0x00, 0x00, 0x00, 0x00, 0x00, 0x00, 0x00, 0x00,
	0x00, 0x00, 0x00, 0x00, 0x00, 0x00, 0x00, 0x00,
	0x00, 0x00, 0x00, 0x00, 0x00, 0x00, 0x00, 0x00,
	0x00, 0x00, 0x00, 0x00, 0x00, 0x00, 0x00, 0x00,
	0x00, 0x00, 0x00, 0x00, 0x00, 0x00, 0x00, 0x00,
	0x00, 0x00, 0x00, 0x00, 0x00, 0x00, 0x00, 0x00,
	0x00, 0x00, 0x00, 0x00, 0x00, 0x00, 0x00, 0x00,
	0x00, 0x00, 0x00, 0x00, 0x00, 0x00, 0x00, 0x00,
	0x00, 0x00, 0x00, 0x00, 0x00, 0x00, 0x00, 0x00,
	0x00, 0x00, 0x00, 0x00, 0x00, 0x00, 0x00, 0x00,
	0x00, 0x00, 0x00, 0x00, 0x00, 0x00, 0x00, 0x00,
	0x00, 0x00, 0x00, 0x00, 0x00, 0x00, 0x00, 0x00,
	0x00, 0x00, 0x00, 0x00, 0x00, 0x00, 0x00, 0x00,
	0x00, 0x00, 0x00, 0x00, 0x00, 0x00, 0x00, 0x00,
	0x00, 0x00, 0x00, 0x00, 0x00, 0x00, 0x00, 0x00,
	0x00, 0x00, 0x00, 0x00, 0x00, 0x00, 0x00, 0x00,
	0x00, 0x00, 0x00, 0x00, 0x00, 0x00, 0x00, 0x00,
	0x00, 0x00, 0x00, 0x00, 0x00, 0x00, 0x00, 0x00,
	0x00, 0x00, 0x00, 0x00, 0x00, 0x00, 0x00, 0x00,
	0x00, 0x00, 0x00, 0x00, 0x00, 0x00, 0x00, 0x00,
	0x00, 0x00, 0x00, 0x00, 0x00, 0x00, 0x00, 0x00,
	0x00, 0x00, 0x00, 0x00, 0x00, 0x00, 0x00, 0x00,
	0x00, 0x00, 0x00, 0x00, 0x00, 0x00, 0x00, 0x00,
	0x00, 0x00, 0x00, 0x00, 0x00, 0x00, 0x00, 0x00,
	0x00, 0x00, 0x00, 0x00, 0x00, 0x00, 0x00, 0x00,
	0x00, 0x00, 0x00, 0x00, 0x00, 0x00, 0x00, 0x00,
	0x00, 0x00, 0x00, 0x00, 0x00, 0x00, 0x00, 0x00,
	0x00, 0x00, 0x00, 0x00, 0x00, 0x00, 0x00, 0x00,
	0x00, 0x00, 0x00, 0x00, 0x00, 0x00, 0x00, 0x00,
	0x00, 0x00, 0x00, 0x00, 0x00, 0x00, 0x00, 0x00,
	0x00, 0x00, 0x00, 0x00, 0x00, 0x00, 0x00, 0x00,
	0x00, 0x00, 0x00, 0x00, 0x00, 0x00, 0x00, 0x00,
	0x00, 0x00, 0x00, 0x00, 0x00, 0x00, 0x00, 0x00,
	0x00, 0x00, 0x00, 0x00, 0x00, 0x00, 0x00, 0x00,
	0x00, 0x00, 0x00, 0x00, 0x00, 0x00, 0x00, 0x00,
	0x00, 0x00, 0x00, 0x00, 0x00, 0x00, 0x00, 0x00,
	0x00, 0x00, 0x00, 0x00, 0x00, 0x00, 0x00, 0x00,
	0x00, 0x00, 0x00, 0x00, 0x00, 0x00, 0x00, 0x00,
	0x00, 0x00, 0x00, 0x00, 0x00, 0x00, 0x00, 0x00,
	0x00, 0x00, 0x00, 0x00, 0x00, 0x00, 0x00, 0x00,
	0x00, 0x00, 0x00, 0x00, 0x00, 0x00, 0x00, 0x00,
	0x00, 0x00, 0x00, 0x00, 0x00, 0x00, 0x00, 0x00,
	0x00, 0x00, 0x00, 0x00, 0x00, 0x00, 0x00, 0x00,
	0x00, 0x00, 0x00, 0x00, 0x00, 0x00, 0x00, 0x00,
	0x00, 0x00, 0x00, 0x00, 0x00, 0x00, 0x00, 0x00,
	0x00, 0x00, 0x00, 0x00, 0x00, 0x00, 0x00, 0x00,
	0x00, 0x00, 0x00, 0x00, 0x00, 0x00, 0x00, 0x00,
	0x00, 0x00, 0x00, 0x00, 0x00, 0x00, 0x00, 0x00,
	0x00, 0x00, 0x00, 0x00, 0x00, 0x00, 0x00, 0x00,
	0x00, 0x00, 0x00, 0x00, 0x00, 0x00, 0x00, 0x00,
	0x00, 0x00, 0x00, 0x00, 0x00, 0x00, 0x00, 0x00,
	0x00, 0x00, 0x00, 0x00, 0x00, 0x00, 0x00, 0x00,
	0x00, 0x00, 0x00, 0x00, 0x00, 0x00, 0x00, 0x00,
	0x00, 0x00, 0x00, 0x00, 0x00, 0x00, 0x00, 0x00,
	0x00, 0x00, 0x00, 0x00, 0x00, 0x00, 0x00, 0x00,
	0x00, 0x00, 0x00, 0x00, 0x00, 0x00, 0x00, 0x00,
	0x00, 0x00, 0x00, 0x00, 0x00, 0x00, 0x00, 0x00,
	0x00, 0x00, 0x00, 0x00, 0x00, 0x00, 0x00, 0x00,
	0x00, 0x00, 0x00, 0x00, 0x00, 0x00, 0x00, 0x00,
	0x00, 0x00, 0x00, 0x00, 0x00, 0x00, 0x00, 0x00,
	0x00, 0x00, 0x00, 0x00, 0x00, 0x00, 0x00, 0x00,
	0x00, 0x00, 0x00, 0x00, 0x00, 0x00, 0x00, 0x00,
	0x00, 0x00, 0x00, 0x00, 0x00, 0x00, 0x00, 0x00,
	0x00, 0x00, 0x00, 0x00, 0x00, 0x00, 0x00, 0x00,
	0x00, 0x00, 0x00, 0x00, 0x00, 0x00, 0x00, 0x00,
	0x00, 0x00, 0x00, 0x00, 0x00, 0x00, 0x00, 0x00,
	0x00, 0x00, 0x00, 0x00, 0x00, 0x00, 0x00, 0x00,
	0x00, 0x00, 0x00, 0x00, 0x00, 0x00, 0x00, 0x00,
	0x00, 0x00, 0x00, 0x00, 0x00, 0x00, 0x00, 0x00,
	0x00, 0x00, 0x00, 0x00, 0x00, 0x00, 0x00, 0x00,
	0x00, 0x00, 0x00, 0x00, 0x00, 0x00, 0x00, 0x00,
	0x00, 0x00, 0x00, 0x00, 0x00, 0x00, 0x00, 0x00,
	0x00, 0x00, 0x00, 0x00, 0x00, 0x00, 0x00, 0x00,
	0x00, 0x00, 0x00, 0x00, 0x00, 0x00, 0x00, 0x00,
	0x00, 0x00, 0x00, 0x00, 0x00, 0x00, 0x00, 0x00,
	0x00, 0x00, 0x00, 0x00, 0x00, 0x00, 0x00, 0x00,
	0x00, 0x00, 0x00, 0x00, 0x00, 0x00, 0x00, 0x00,
	0x00, 0x00, 0x00, 0x00, 0x00, 0x00, 0x00, 0x00,
	0x00, 0x00, 0x00, 0x00, 0x00, 0x00, 0x00, 0x00,
	0x00, 0x00, 0x00, 0x00, 0x00, 0x00, 0x00, 0x00,
	0x00, 0x00, 0x00, 0x00, 0x00, 0x00, 0x00, 0x00,
	0x00, 0x00, 0x00, 0x00, 0x00, 0x00, 0x00, 0x00,
	0x00, 0x00, 0x00, 0x00, 0x00, 0x00, 0x00, 0x00,
	0x00, 0x00, 0x00, 0x00, 0x00, 0x00, 0x00, 0x00,
	0x00, 0x00, 0x00, 0x00, 0x00, 0x00, 0x00, 0x00,
	0x00, 0x00, 0x00, 0x00, 0x00, 0x00, 0x00, 0x00,
	0x00, 0x00, 0x00, 0x00, 0x00, 0x00, 0x00, 0x00,
	0x00, 0x00, 0x00, 0x00, 0x00, 0x00, 0x00, 0x00,
	0x00, 0x00, 0x00, 0x00, 0x00, 0x00, 0x00, 0x00,
	0x00, 0x00, 0x00, 0x00, 0x00, 0x00, 0x00, 0x00,
	0x00, 0x00, 0x00, 0x00, 0x00, 0x00, 0x00, 0x00,
	0x00, 0x00, 0x00, 0x00, 0x00, 0x00, 0x00, 0x00,
	0x00, 0x00, 0x00, 0x00, 0x00, 0x00, 0x00, 0x00,
	0x00, 0x00, 0x00, 0x00, 0x00, 0x00, 0x00, 0x00,
	0x00, 0x00, 0x00, 0x00, 0x00, 0x00, 0x00, 0x00,
	0x00, 0x00, 0x00, 0x00, 0x00, 0x00, 0x00, 0x00,
	0x00, 0x00, 0x00, 0x00, 0x00, 0x00, 0x00, 0x00,
	0x00, 0x00, 0x00, 0x00, 0x00, 0x00, 0x00, 0x00,
	0x00, 0x00, 0x00, 0x00, 0x00, 0x00, 0x00, 0x00,
	0x00, 0x00, 0x00, 0x00, 0x00, 0x00, 0x00, 0x00,
	0x00, 0x00, 0x00, 0x00, 0x00, 0x00, 0x00, 0x00,
	0x00, 0x00, 0x00, 0x00, 0x00, 0x00, 0x00, 0x00,
	0x00, 0x00, 0x00, 0x00, 0x00, 0x00, 0x00, 0x00,
	0x00, 0x00, 0x00, 0x00, 0x00, 0x00, 0x00, 0x00,
	0x00, 0x00, 0x00, 0x00, 0x00, 0x00, 0x00, 0x00,
	0x00, 0x00, 0x00, 0x00, 0x00, 0x00, 0x00, 0x00,
	0x00, 0x00, 0x00, 0x00, 0x00, 0x00, 0x00, 0x00,
	0x00, 0x00, 0x00, 0x00, 0x00, 0x00, 0x00, 0x00,
	0x00, 0x00, 0x00, 0x00, 0x00, 0x00, 0x00, 0x00,
	0x00, 0x00, 0x00, 0x00, 0x00, 0x00, 0x00, 0x00,
	0x00, 0x00, 0x00, 0x00, 0x00, 0x00, 0x00, 0x00,
	0x00, 0x00, 0x00, 0x00, 0x00, 0x00, 0x00, 0x00,
	0x00, 0x00, 0x00, 0x00, 0x00, 0x00, 0x00, 0x00,
	0x00, 0x00, 0x00, 0x00, 0x00, 0x00, 0x00, 0x00,
	0x00, 0x00, 0x00, 0x00, 0x00, 0x00, 0x00, 0x00,
	0x00, 0x00, 0x00, 0x00, 0x00, 0x00, 0x00, 0x00,
	0x00, 0x00, 0x00, 0x00, 0x00, 0x00, 0x00, 0x00,
	0x00, 0x00, 0x00, 0x00, 0x00, 0x00, 0x00, 0x00,
	0x00, 0x00, 0x00, 0x00, 0x00, 0x00, 0x00, 0x00,
	0x00, 0x00, 0x00, 0x00, 0x00, 0x00, 0x00, 0x00,
	0x00, 0x00, 0x00, 0x00, 0x00, 0x00, 0x00, 0x00,
	0x00, 0x00, 0x00, 0x00, 0x00, 0x00, 0x00, 0x00,
	0x00, 0x00, 0x00, 0x00, 0x00, 0x00, 0x00, 0x00,
	0x00, 0x00, 0x00, 0x00, 0x00, 0x00, 0x00, 0x00,
	0x00, 0x00, 0x00, 0x00, 0x00, 0x00, 0x00, 0x00,
	0x00, 0x00, 0x00, 0x00, 0x00, 0x00, 0x00, 0x00,
	0x00, 0x00, 0x00, 0x00, 0x00, 0x00, 0x00, 0x00,
	0x00, 0x00, 0x00, 0x00, 0x00, 0x00, 0x00, 0x00,
	0x00, 0x00, 0x00, 0x00, 0x00, 0x00, 0x00, 0x00,
	0x00, 0x00, 0x00, 0x00, 0x00, 0x00, 0x00, 0x00,
	0x00, 0x00, 0x00, 0x00, 0x00, 0x00, 0x00, 0x00,
	0x00, 0x00, 0x00, 0x00, 0x00, 0x00, 0x00, 0x00,
	0x00, 0x00, 0x00, 0x00, 0x00, 0x00, 0x00, 0x00,
	0x00, 0x00, 0x00, 0x00, 0x00, 0x00, 0x00, 0x00,
	0x00, 0x00, 0x00, 0x00, 0x00, 0x00, 0x00, 0x00,
	0x00, 0x00, 0x00, 0x00, 0x00, 0x00, 0x00, 0x00,
	0x00, 0x00, 0x00, 0x00, 0x00, 0x00, 0x00, 0x00,
	0x00, 0x00, 0x00, 0x00, 0x00, 0x00, 0x00, 0x00,
	0x00, 0x00, 0x00, 0x00, 0x00, 0x00, 0x00, 0x00,
	0x00, 0x00, 0x00, 0x00, 0x00, 0x00, 0x00, 0x00,
	0x00, 0x00, 0x00, 0x00, 0x00, 0x00, 0x00, 0x00,
	0x00, 0x00, 0x00, 0x00, 0x00, 0x00, 0x00, 0x00,
	0x00, 0x00, 0x00, 0x00, 0x00, 0x00, 0x00, 0x00,
	0x00, 0x00, 0x00, 0x00, 0x00, 0x00, 0x00, 0x00,
	0x00, 0x00, 0x00, 0x00, 0x00, 0x00, 0x00, 0x00,
	0x00, 0x00, 0x00, 0x00, 0x00, 0x00, 0x00, 0x00,
	0x00, 0x00, 0x00, 0x00, 0x00, 0x00, 0x00, 0x00,
	0x00, 0x00, 0x00, 0x00, 0x00, 0x00, 0x00, 0x00,
	0x00, 0x00, 0x00, 0x00, 0x00, 0x00, 0x00, 0x00,
	0x00, 0x00, 0x00, 0x00, 0x00, 0x00, 0x00, 0x00,
	0x00, 0x00, 0x00, 0x00, 0x00, 0x00, 0x00, 0x00,
	0x00, 0x00, 0x00, 0x00, 0x00, 0x00, 0x00, 0x00,
	0x00, 0x00, 0x00, 0x00, 0x00, 0x00, 0x00, 0x00,
	0x00, 0x00, 0x00, 0x00, 0x00, 0x00, 0x00, 0x00,
	0x00, 0x00, 0x00, 0x00, 0x00, 0x00, 0x00, 0x00,
	0x00, 0x00, 0x00, 0x00, 0x00, 0x00, 0x00, 0x00,
	0x00, 0x00, 0x00, 0x00, 0x00, 0x00, 0x00, 0x00,
	0x00, 0x00, 0x00, 0x00, 0x00, 0x00, 0x00, 0x00,
	0x00, 0x00, 0x00, 0x00, 0x00, 0x00, 0x00, 0x00,
	0x00, 0x00, 0x00, 0x00, 0x00, 0x00, 0x00, 0x00,
	0x00, 0x00, 0x00, 0x00, 0x00, 0x00, 0x00, 0x00,
	0x00, 0x00, 0x00, 0x00, 0x00, 0x00, 0x00, 0x00,
	0x00, 0x00, 0x00, 0x00, 0x00, 0x00, 0x00, 0x00,
	0x00, 0x00, 0x00, 0x00, 0x00, 0x00, 0x00, 0x00,
	0x00, 0x00, 0x00, 0x00, 0x00, 0x00, 0x00, 0x00,
	0x00, 0x00, 0x00, 0x00, 0x00, 0x00, 0x00, 0x00,
	0x00, 0x00, 0x00, 0x00, 0x00, 0x00, 0x00, 0x00,
	0x00, 0x00, 0x00, 0x00, 0x00, 0x00, 0x00, 0x00,
	0x00, 0x00, 0x00, 0x00, 0x00, 0x00, 0x00, 0x00,
	0x00, 0x00, 0x00, 0x00, 0x00, 0x00, 0x00, 0x00,
	0x00, 0x00, 0x00, 0x00, 0x00, 0x00, 0x00, 0x00,
	0x00, 0x00, 0x00, 0x00, 0x00, 0x00, 0x00, 0x00,
	0x00, 0x00, 0x00, 0x00, 0x00, 0x00, 0x00, 0x00,
	0x00, 0x00, 0x00, 0x00, 0x00, 0x00, 0x00, 0x00,
	0x00, 0x00, 0x00, 0x00, 0x00, 0x00, 0x00, 0x00,
	0x00, 0x00, 0x00, 0x00, 0x00, 0x00, 0x00, 0x00,
	0x00, 0x00, 0x00, 0x00, 0x00, 0x00, 0x00, 0x00,
	0x00, 0x00, 0x00, 0x00, 0x00, 0x00, 0x00, 0x00,
	0x00, 0x00, 0x00, 0x00, 0x00, 0x00, 0x00, 0x00,
	0x00, 0x00, 0x00, 0x00, 0x00, 0x00, 0x00, 0x00,
	0x00, 0x00, 0x00, 0x00, 0x00, 0x00, 0x00, 0x00,
	0x00, 0x00, 0x00, 0x00, 0x00, 0x00, 0x00, 0x00,
	0x00, 0x00, 0x00, 0x00, 0x00, 0x00, 0x00, 0x00,
	0x00, 0x00, 0x00, 0x00, 0x00, 0x00, 0x00, 0x00,
	0x00, 0x00, 0x00, 0x00, 0x00, 0x00, 0x00, 0x00,
	0x00, 0x00, 0x00, 0x00, 0x00, 0x00, 0x00, 0x00,
	0x00, 0x00, 0x00, 0x00, 0x00, 0x00, 0x00, 0x00,
	0x00, 0x00, 0x00, 0x00, 0x00, 0x00, 0x00, 0x00,
	0x00, 0x00, 0x00, 0x00, 0x00, 0x00, 0x00, 0x00,
	0x00, 0x00, 0x00, 0x00, 0x00, 0x00, 0x00, 0x00,
	0x00, 0x00, 0x00, 0x00, 0x00, 0x00, 0x00, 0x00,
	0x00, 0x00, 0x00, 0x00, 0x00, 0x00, 0x00, 0x00,
	0x00, 0x00, 0x00, 0x00, 0x00, 0x00, 0x00, 0x00,
	0x00, 0x00, 0x00, 0x00, 0x00, 0x00, 0x00, 0x00,
	0x00, 0x00, 0x00, 0x00, 0x00, 0x00, 0x00, 0x00,
	0x00, 0x00, 0x00, 0x00, 0x00, 0x00, 0x00, 0x00,
	0x00, 0x00, 0x00, 0x00, 0x00, 0x00, 0x00, 0x00,
	0x00, 0x00, 0x00, 0x00, 0x00, 0x00, 0x00, 0x00,
	0x00, 0x00, 0x00, 0x00, 0x00, 0x00, 0x00, 0x00,
	0x00, 0x00, 0x00, 0x00, 0x00, 0x00, 0x00, 0x00,
	0x00, 0x00, 0x00, 0x00, 0x00, 0x00, 0x00, 0x00,
	0x00, 0x00, 0x00, 0x00, 0x00, 0x00, 0x00, 0x00,
	0x00, 0x00, 0x00, 0x00, 0x00, 0x00, 0x00, 0x00,
	0x00, 0x00, 0x00, 0x00, 0x00, 0x00, 0x00, 0x00,
	0x00, 0x00, 0x00, 0x00, 0x00, 0x00, 0x00, 0x00,
	0x00, 0x00, 0x00, 0x00, 0x00, 0x00, 0x00, 0x00,
	0x00, 0x00, 0x00, 0x00, 0x00, 0x00, 0x00, 0x00,
	0x00, 0x00, 0x00, 0x00, 0x00, 0x00, 0x00, 0x00,
	0x00, 0x00, 0x00, 0x00, 0x00, 0x00, 0x00, 0x00,
	0x00, 0x00, 0x00, 0x00, 0x00, 0x00, 0x00, 0x00,
	0x00, 0x00, 0x00, 0x00, 0x00, 0x00, 0x00, 0x00,
	0x00, 0x00, 0x00, 0x00, 0x00, 0x00, 0x00, 0x00,
	0x00, 0x00, 0x00, 0x00, 0x00, 0x00, 0x00, 0x00,
	0x00, 0x00, 0x00, 0x00, 0x00, 0x00, 0x00, 0x00,
	0x00, 0x00, 0x00, 0x00, 0x00, 0x00, 0x00, 0x00,
	0x00, 0x00, 0x00, 0x00, 0x00, 0x00, 0x00, 0x00,
	0x00, 0x00, 0x00, 0x00, 0x00, 0x00, 0x00, 0x00,
	0x00, 0x00, 0x00, 0x00, 0x00, 0x00, 0x00, 0x00,
	0x00, 0x00, 0x00, 0x00, 0x00, 0x00, 0x00, 0x00,
	0x00, 0x00, 0x00, 0x00, 0x00, 0x00, 0x00, 0x00,
	0x00, 0x00, 0x00, 0x00, 0x00, 0x00, 0x00, 0x00,
	0x00, 0x00, 0x00, 0x00, 0x00, 0x00, 0x00, 0x00,
	0x00, 0x00, 0x00, 0x00, 0x00, 0x00, 0x00, 0x00,
	0x00, 0x00, 0x00, 0x00, 0x00, 0x00, 0x00, 0x00,
	0x00, 0x00, 0x00, 0x00, 0x00, 0x00, 0x00, 0x00,
	0x00, 0x00, 0x00, 0x00, 0x00, 0x00, 0x00, 0x00,
	0x00, 0x00, 0x00, 0x00, 0x00, 0x00, 0x00, 0x00,
	0x00, 0x00, 0x00, 0x00, 0x00, 0x00, 0x00, 0x00,
	0x00, 0x00, 0x00, 0x00, 0x00, 0x00, 0x00, 0x00,
	0x00, 0x00, 0x00, 0x00, 0x00, 0x00, 0x00, 0x00,
	0x00, 0x00, 0x00, 0x00, 0x00, 0x00, 0x00, 0x00,
	0x00, 0x00, 0x00, 0x00, 0x00, 0x00, 0x00, 0x00,
	0x00, 0x00, 0x00, 0x00, 0x00, 0x00, 0x00, 0x00,
	0x00, 0x00, 0x00, 0x00, 0x00, 0x00, 0x00, 0x00,
	0x00, 0x00, 0x00, 0x00, 0x00, 0x00, 0x00, 0x00,
	0x00, 0x00, 0x00, 0x00, 0x00, 0x00, 0x00, 0x00,
	0x00, 0x00, 0x00, 0x00, 0x00, 0x00, 0x00, 0x00,
	0x00, 0x00, 0x00, 0x00, 0x00, 0x00, 0x00, 0x00,
	0x00, 0x00, 0x00, 0x00, 0x00, 0x00, 0x00, 0x00,
	0x00, 0x00, 0x00, 0x00, 0x00, 0x00, 0x00, 0x00,
	0x00, 0x00, 0x00, 0x00, 0x00, 0x00, 0x00, 0x00,
	0x00, 0x00, 0x00, 0x00, 0x00, 0x00, 0x00, 0x00,
	0x00, 0x00, 0x00, 0x00, 0x00, 0x00, 0x00, 0x00,
	0x00, 0x00, 0x00, 0x00, 0x00, 0x00, 0x00, 0x00,
	0x00, 0x00, 0x00, 0x00, 0x00, 0x00, 0x00, 0x00,
	0x00, 0x00, 0x00, 0x00, 0x00, 0x00, 0x00, 0x00,
	0x00, 0x00, 0x00, 0x00, 0x00, 0x00, 0x00, 0x00,
	0x00, 0x00, 0x00, 0x00, 0x00, 0x00, 0x00, 0x00,
	0x00, 0x00, 0x00, 0x00, 0x00, 0x00, 0x00, 0x00,
	0x00, 0x00, 0x00, 0x00, 0x00, 0x00, 0x00, 0x00,
	0x00, 0x00, 0x00, 0x00, 0x00, 0x00, 0x00, 0x00,
	0x00, 0x00, 0x00, 0x00, 0x00, 0x00, 0x00, 0x00,
	0x00, 0x00, 0x00, 0x00, 0x00, 0x00, 0x00, 0x00,
	0x00, 0x00, 0x00, 0x00, 0x00, 0x00, 0x00, 0x00,
	0x00, 0x00, 0x00, 0x00, 0x00, 0x00, 0x00, 0x00,
	0x00, 0x00, 0x00, 0x00, 0x00, 0x00, 0x00, 0x00,
	0x00, 0x00, 0x00, 0x00, 0x00, 0x00, 0x00, 0x00,
	0x00, 0x00, 0x00, 0x00, 0x00, 0x00, 0x00, 0x00,
	0x00, 0x00, 0x00, 0x00, 0x00, 0x00, 0x00, 0x00,
	0x00, 0x00, 0x00, 0x00, 0x00, 0x00, 0x00, 0x00,
	0x00, 0x00, 0x00, 0x00, 0x00, 0x00, 0x00, 0x00,
	0x00, 0x00, 0x00, 0x00, 0x00, 0x00, 0x00, 0x00,
	0x00, 0x00, 0x00, 0x00, 0x00, 0x00, 0x00, 0x00,
	0x00, 0x00, 0x00, 0x00, 0x00, 0x00, 0x00, 0x00,
	0x00, 0x00, 0x00, 0x00, 0x00, 0x00, 0x00, 0x00,
	0x00, 0x00, 0x00, 0x00, 0x00, 0x00, 0x00, 0x00,
	0x00, 0x00, 0x00, 0x00, 0x00, 0x00, 0x00, 0x00,
	0x00, 0x00, 0x00, 0x00, 0x00, 0x00, 0x00, 0x00,
	0x00, 0x00, 0x00, 0x00, 0x00, 0x00, 0x00, 0x00,
	0x00, 0x00, 0x00, 0x00, 0x00, 0x00, 0x00, 0x00,
	0x00, 0x00, 0x00, 0x00, 0x00, 0x00, 0x00, 0x00,
	0x00, 0x00, 0x00, 0x00, 0x00, 0x00, 0x00, 0x00,
	0x00, 0x00, 0x00, 0x00, 0x00, 0x00, 0x00, 0x00,
	0x00, 0x00, 0x00, 0x00, 0x00, 0x00, 0x00, 0x00,
	0x00, 0x00, 0x00, 0x00, 0x00, 0x00, 0x00, 0x00,
	0x00, 0x00, 0x00, 0x00, 0x00, 0x00, 0x00, 0x00,
	0x00, 0x00, 0x00, 0x00, 0x00, 0x00, 0x00, 0x00,
	0x00, 0x00, 0x00, 0x00, 0x00, 0x00, 0x00, 0x00,
	0x00, 0x00, 0x00, 0x00, 0x00, 0x00, 0x00, 0x00,
	0x00, 0x00, 0x00, 0x00, 0x00, 0x00, 0x00, 0x00,
	0x00, 0x00, 0x00, 0x00, 0x00, 0x00, 0x00, 0x00,
	0x00, 0x00, 0x00, 0x00, 0x00, 0x00, 0x00, 0x00,
	0x00, 0x00, 0x00, 0x00, 0x00, 0x00, 0x00, 0x00,
	0x00, 0x00, 0x00, 0x00, 0x00, 0x00, 0x00, 0x00,
	0x00, 0x00, 0x00, 0x00, 0x00, 0x00, 0x00, 0x00,
	0x00, 0x00, 0x00, 0x00, 0x00, 0x00, 0x00, 0x00,
	0x00, 0x00, 0x00, 0x00, 0x00, 0x00, 0x00, 0x00,
	0x00, 0x00, 0x00, 0x00, 0x00, 0x00, 0x00, 0x00,
	0x00, 0x00, 0x00, 0x00, 0x00, 0x00, 0x00, 0x00,
	0x00, 0x00, 0x00, 0x00, 0x00, 0x00, 0x00, 0x00,
	0x00, 0x00, 0x00, 0x00, 0x00, 0x00, 0x00, 0x00,
	0x00, 0x00, 0x00, 0x00, 0x00, 0x00, 0x00, 0x00,
	0x00, 0x00, 0x00, 0x00, 0x00, 0x00, 0x00, 0x00,
	0x00, 0x00, 0x00, 0x00, 0x00, 0x00, 0x00, 0x00,
	0x00, 0x00, 0x00, 0x00, 0x00, 0x00, 0x00, 0x00,
	0x00, 0x00, 0x00, 0x00, 0x00, 0x00, 0x00, 0x00,
	0x00, 0x00, 0x00, 0x00, 0x00, 0x00, 0x00, 0x00,
	0x00, 0x00, 0x00, 0x00, 0x00, 0x00, 0x00, 0x00,
	0x00, 0x00, 0x00, 0x00, 0x00, 0x00, 0x00, 0x00,
	0x00, 0x00, 0x00, 0x00, 0x00, 0x00, 0x00, 0x00,
	0x00, 0x00, 0x00, 0x00, 0x00, 0x00, 0x00, 0x00,
	0x00, 0x00, 0x00, 0x00, 0x00, 0x00, 0x00, 0x00,
	0x00, 0x00, 0x00, 0x00, 0x00, 0x00, 0x00, 0x00,
	0x00, 0x00, 0x00, 0x00, 0x00, 0x00, 0x00, 0x00,
	0x00, 0x00, 0x00, 0x00, 0x00, 0x00, 0x00, 0x00,
	0x00, 0x00, 0x00, 0x00, 0x00, 0x00, 0x00, 0x00,
	0x00, 0x00, 0x00, 0x00, 0x00, 0x00, 0x00, 0x00,
	0x00, 0x00, 0x00, 0x00, 0x00, 0x00, 0x00, 0x00,
	0x00, 0x00, 0x00, 0x00, 0x00, 0x00, 0x00, 0x00,
	0x00, 0x00, 0x00, 0x00, 0x00, 0x00, 0x00, 0x00,
	0x00, 0x00, 0x00, 0x00, 0x00, 0x00, 0x00, 0x00,
	0x00, 0x00, 0x00, 0x00, 0x00, 0x00, 0x00, 0x00,
	0x00, 0x00, 0x00, 0x00, 0x00, 0x00, 0x00, 0x00,
	0x00, 0x00, 0x00, 0x00, 0x00, 0x00, 0x00, 0x00,
	0x00, 0x00, 0x00, 0x00, 0x00, 0x00, 0x00, 0x00,
	0x00, 0x00, 0x00, 0x00, 0x00, 0x00, 0x00, 0x00,
	0x00, 0x00, 0x00, 0x00, 0x00, 0x00, 0x00, 0x00,
	0x00, 0x00, 0x00, 0x00, 0x00, 0x00, 0x00, 0x00,
	0x00, 0x00, 0x00, 0x00, 0x00, 0x00, 0x00, 0x00,
	0x00, 0x00, 0x00, 0x00, 0x00, 0x00, 0x00, 0x00,
	0x00, 0x00, 0x00, 0x00, 0x00, 0x00, 0x00, 0x00,
	0x00, 0x00, 0x00, 0x00, 0x00, 0x00, 0x00, 0x00,
	0x00, 0x00, 0x00, 0x00, 0x00, 0x00, 0x00, 0x00,
	0x00, 0x00, 0x00, 0x00, 0x00, 0x00, 0x00, 0x00,
	0x00, 0x00, 0x00, 0x00, 0x00, 0x00, 0x00, 0x00,
	0x00, 0x00, 0x00, 0x00, 0x00, 0x00, 0x00, 0x00,
	0x00, 0x00, 0x00, 0x00, 0x00, 0x00, 0x00, 0x00,
	0x00, 0x00, 0x00, 0x00, 0x00, 0x00, 0x00, 0x00,
	0x00, 0x00, 0x00, 0x00, 0x00, 0x00, 0x00, 0x00,
	0x00, 0x00, 0x00, 0x00, 0x00, 0x00, 0x00, 0x00,
	0x00, 0x00, 0x00, 0x00, 0x00, 0x00, 0x00, 0x00,
	0x00, 0x00, 0x00, 0x00, 0x00, 0x00, 0x00, 0x00,
	0x00, 0x00, 0x00, 0x00, 0x00, 0x00, 0x00, 0x00,
	0x00, 0x00, 0x00, 0x00, 0x00, 0x00, 0x00, 0x00,
	0x00, 0x00, 0x00, 0x00, 0x00, 0x00, 0x00, 0x00,
	0x00, 0x00, 0x00, 0x00, 0x00, 0x00, 0x00, 0x00,
	0x00, 0x00, 0x00, 0x00, 0x00, 0x00, 0x00, 0x00,
	0x00, 0x00, 0x00, 0x00, 0x00, 0x00, 0x00, 0x00,
	0x00, 0x00, 0x00, 0x00, 0x00, 0x00, 0x00, 0x00,
	0x00, 0x00, 0x00, 0x00, 0x00, 0x00, 0x00, 0x00,
	0x00, 0x00, 0x00, 0x00, 0x00, 0x00, 0x00, 0x00,
	0x00, 0x00, 0x00, 0x00, 0x00, 0x00, 0x00, 0x00,
	0x00, 0x00, 0x00, 0x00, 0x00, 0x00, 0x00, 0x00,
	0x00, 0x00, 0x00, 0x00, 0x00, 0x00, 0x00, 0x00,
	0x00, 0x00, 0x00, 0x00, 0x00, 0x00, 0x00, 0x00,
	0x00, 0x00, 0x00, 0x00, 0x00, 0x00, 0x00, 0x00,
	0x00, 0x00, 0x00, 0x00, 0x00, 0x00, 0x00, 0x00,
	0x00, 0x00, 0x00, 0x00, 0x00, 0x00, 0x00, 0x00,
	0x00, 0x00, 0x00, 0x00, 0x00, 0x00, 0x00, 0x00,
	0x00, 0x00, 0x00, 0x00, 0x00, 0x00, 0x00, 0x00,
	0x00, 0x00, 0x00, 0x00, 0x00, 0x00, 0x00, 0x00,
	0x00, 0x00, 0x00, 0x00, 0x00, 0x00, 0x00, 0x00,
	0x00, 0x00, 0x00, 0x00, 0x00, 0x00, 0x00, 0x00,
	0x00, 0x00, 0x00, 0x00, 0x00, 0x00, 0x00, 0x00,
	0x00, 0x00, 0x00, 0x00, 0x00, 0x00, 0x00, 0x00,
	0x00, 0x00, 0x00, 0x00, 0x00, 0x00, 0x00, 0x00,
	0x00, 0x00, 0x00, 0x00, 0x00, 0x00, 0x00, 0x00,
	0x00, 0x00, 0x00, 0x00, 0x00, 0x00, 0x00, 0x00,
	0x00, 0x00, 0x00, 0x00, 0x00, 0x00, 0x00, 0x00,
	0x00, 0x00, 0x00, 0x00, 0x00, 0x00, 0x00, 0x00,
	0x00, 0x00, 0x00, 0x00, 0x00, 0x00, 0x00, 0x00,
	0x00, 0x00, 0x00, 0x00, 0x00, 0x00, 0x00, 0x00,
	0x00, 0x00, 0x00, 0x00, 0x00, 0x00, 0x00, 0x00,
	0x00, 0x00, 0x00, 0x00, 0x00, 0x00, 0x00, 0x00,
	0x00, 0x00, 0x00, 0x00, 0x00, 0x00, 0x00, 0x00,
	0x00, 0x00, 0x00, 0x00, 0x00, 0x00, 0x00, 0x00,
	0x00, 0x00, 0x00, 0x00, 0x00, 0x00, 0x00, 0x00,
	0x00, 0x00, 0x00, 0x00, 0x00, 0x00, 0x00, 0x00,
	0x00, 0x00, 0x00, 0x00, 0x00, 0x00, 0x00, 0x00,
	0x00, 0x00, 0x00, 0x00, 0x00, 0x00, 0x00, 0x00,
	0x00, 0x00, 0x00, 0x00, 0x00, 0x00, 0x00, 0x00,
	0x00, 0x00, 0x00, 0x00, 0x00, 0x00, 0x00, 0x00,
	0x00, 0x00, 0x00, 0x00, 0x00, 0x00, 0x00, 0x00,
	0x00, 0x00, 0x00, 0x00, 0x00, 0x00, 0x00, 0x00,
	0x00, 0x00, 0x00, 0x00, 0x00, 0x00, 0x00, 0x00,
	0x00, 0x00, 0x00, 0x00, 0x00, 0x00, 0x00, 0x00,
	0x00, 0x00, 0x00, 0x00, 0x00, 0x00, 0x00, 0x00,
	0x00, 0x00, 0x00, 0x00, 0x00, 0x00, 0x00, 0x00,
	0x00, 0x00, 0x00, 0x00, 0x00, 0x00, 0x00, 0x00,
	0x00, 0x00, 0x00, 0x00, 0x00, 0x00, 0x00, 0x00,
	0x00, 0x00, 0x00, 0x00, 0x00, 0x00, 0x00, 0x00,
	0x00, 0x00, 0x00, 0x00, 0x00, 0x00, 0x00, 0x00,
	0x00, 0x00, 0x00, 0x00, 0x00, 0x00, 0x00, 0x00,
	0x00, 0x00, 0x00, 0x00, 0x00, 0x00, 0x00, 0x00,
	0x00, 0x00, 0x00, 0x00, 0x00, 0x00, 0x00, 0x00,
	0x00, 0x00, 0x00, 0x00, 0x00, 0x00, 0x00, 0x00,
	0x00, 0x00, 0x00, 0x00, 0x00, 0x00, 0x00, 0x00,
	0x00, 0x00, 0x00, 0x00, 0x00, 0x00, 0x00, 0x00,
	0x00, 0x00, 0x00, 0x00, 0x00, 0x00, 0x00, 0x00,
	0x00, 0x00, 0x00, 0x00, 0x00, 0x00, 0x00, 0x00,
	0x00, 0x00, 0x00, 0x00, 0x00, 0x00, 0x00, 0x00,
	0x00, 0x00, 0x00, 0x00, 0x00, 0x00, 0x00, 0x00,
	0x00, 0x00, 0x00, 0x00, 0x00, 0x00, 0x00, 0x00,
	0x00, 0x00, 0x00, 0x00, 0x00, 0x00, 0x00, 0x00,
	0x00, 0x00, 0x00, 0x00, 0x00, 0x00, 0x00, 0x00,
	0x00, 0x00, 0x00, 0x00, 0x00, 0x00, 0x00, 0x00,
	0x00, 0x00, 0x00, 0x00, 0x00, 0x00, 0x00, 0x00,
	0x00, 0x00, 0x00, 0x00, 0x00, 0x00, 0x00, 0x00,
	0x00, 0x00, 0x00, 0x00, 0x00, 0x00, 0x00, 0x00,
	0x00, 0x00, 0x00, 0x00, 0x00, 0x00, 0x00, 0x00,
	0x00, 0x00, 0x00, 0x00, 0x00, 0x00, 0x00, 0x00,
	0x00, 0x00, 0x00, 0x00, 0x00, 0x00, 0x00, 0x00,
	0x00, 0x00, 0x00, 0x00, 0x00, 0x00, 0x00, 0x00,
	0x00, 0x00, 0x00, 0x00, 0x00, 0x00, 0x00, 0x00,
	0x00, 0x00, 0x00, 0x00, 0x00, 0x00, 0x00, 0x00,
	0x00, 0x00, 0x00, 0x00, 0x00, 0x00, 0x00, 0x00,
	0x00, 0x00, 0x00, 0x00, 0x00, 0x00, 0x00, 0x00,
	0x00, 0x00, 0x00, 0x00, 0x00, 0x00, 0x00, 0x00,
	0x00, 0x00, 0x00, 0x00, 0x00, 0x00, 0x00, 0x00,
	0x00, 0x00, 0x00, 0x00, 0x00, 0x00, 0x00, 0x00,
	0x00, 0x00, 0x00, 0x00, 0x00, 0x00, 0x00, 0x00,
	0x00, 0x00, 0x00, 0x00, 0x00, 0x00, 0x00, 0x00,
	0x00, 0x00, 0x00, 0x00, 0x00, 0x00, 0x00, 0x00,
	0x00, 0x00, 0x00, 0x00, 0x00, 0x00, 0x00, 0x00,
	0x00, 0x00, 0x00, 0x00, 0x00, 0x00, 0x00, 0x00,
	0x00, 0x00, 0x00, 0x00, 0x00, 0x00, 0x00, 0x00,
	0x00, 0x00, 0x00, 0x00, 0x00, 0x00, 0x00, 0x00,
	0x00, 0x00, 0x00, 0x00, 0x00, 0x00, 0x00, 0x00,
	0x00, 0x00, 0x00, 0x00, 0x00, 0x00, 0x00, 0x00,
	0x00, 0x00, 0x00, 0x00, 0x00, 0x00, 0x00, 0x00,
	0x00, 0x00, 0x00, 0x00, 0x00, 0x00, 0x00, 0x00,
	0x00, 0x00, 0x00, 0x00, 0x00, 0x00, 0x00, 0x00,
	0x00, 0x00, 0x00, 0x00, 0x00, 0x00, 0x00, 0x00,
	0x00, 0x00, 0x00, 0x00, 0x00, 0x00, 0x00, 0x00,
	0x00, 0x00, 0x00, 0x00, 0x00, 0x00, 0x00, 0x00,
	0x00, 0x00, 0x00, 0x00, 0x00, 0x00, 0x00, 0x00,
	0x00, 0x00, 0x00, 0x00, 0x00, 0x00, 0x00, 0x00,
	0x00, 0x00, 0x00, 0x00, 0x00, 0x00, 0x00, 0x00,
	0x00, 0x00, 0x00, 0x00, 0x00, 0x00, 0x00, 0x00,
	0x00, 0x00, 0x00, 0x00, 0x00, 0x00, 0x00, 0x00,
	0x00, 0x00, 0x00, 0x00, 0x00, 0x00, 0x00, 0x00,
	0x00, 0x00, 0x00, 0x00, 0x00, 0x00, 0x00, 0x00,
	0x00, 0x00, 0x00, 0x00, 0x00, 0x00, 0x00, 0x00,
	0x00, 0x00, 0x00, 0x00, 0x00, 0x00, 0x00, 0x00,
	0x00, 0x00, 0x00, 0x00, 0x00, 0x00, 0x00, 0x00,
	0x00, 0x00, 0x00, 0x00, 0x00, 0x00, 0x00, 0x00,
	0x00, 0x00, 0x00, 0x00, 0x00, 0x00, 0x00, 0x00,
	0x00, 0x00, 0x00, 0x00, 0x00, 0x00, 0x00, 0x00,
	0x00, 0x00, 0x00, 0x00, 0x00, 0x00, 0x00, 0x00,
	0x00, 0x00, 0x00, 0x00, 0x00, 0x00, 0x00, 0x00,
	0x00, 0x00, 0x00, 0x00, 0x00, 0x00, 0x00, 0x00,
	0x00, 0x00, 0x00, 0x00, 0x00, 0x00, 0x00, 0x00,
	0x00, 0x00, 0x00, 0x00, 0x00, 0x00, 0x00, 0x00,
	0x00, 0x00, 0x00, 0x00, 0x00, 0x00, 0x00, 0x00,
	0x00, 0x00, 0x00, 0x00, 0x00, 0x00, 0x00, 0x00,
	0x00, 0x00, 0x00, 0x00, 0x00, 0x00, 0x00, 0x00,
	0x00, 0x00, 0x00, 0x00, 0x00, 0x00, 0x00, 0x00,
	0x00, 0x00, 0x00, 0x00, 0x00, 0x00, 0x00, 0x00,
	0x00, 0x00, 0x00, 0x00, 0x00, 0x00, 0x00, 0x00,
	0x00, 0x00, 0x00, 0x00, 0x00, 0x00, 0x00, 0x00,
	0x00, 0x00, 0x00, 0x00, 0x00, 0x00, 0x00, 0x00,
	0x00, 0x00, 0x00, 0x00, 0x00, 0x00, 0x00, 0x00,
	0x00, 0x00, 0x00, 0x00, 0x00, 0x00, 0x00, 0x00,
	0x00, 0x00, 0x00, 0x00, 0x00, 0x00, 0x00, 0x00,
	0x00, 0x00, 0x00, 0x00, 0x00, 0x00, 0x00, 0x00,
	0x00, 0x00, 0x00, 0x00, 0x00, 0x00, 0x00, 0x00,
	0x00, 0x00, 0x00, 0x00, 0x00, 0x00, 0x00, 0x00,
	0x00, 0x00, 0x00, 0x00, 0x00, 0x00, 0x00, 0x00,
	0x00, 0x00, 0x00, 0x00, 0x00, 0x00, 0x00, 0x00,
	0x00, 0x00, 0x00, 0x00, 0x00, 0x00, 0x00, 0x00,
	0x00, 0x00, 0x00, 0x00, 0x00, 0x00, 0x00, 0x00,
	0x00, 0x00, 0x00, 0x00, 0x00, 0x00, 0x00, 0x00,
	0x00, 0x00, 0x00, 0x00, 0x00, 0x00, 0x00, 0x00,
	0x00, 0x00, 0x00, 0x00, 0x00, 0x00, 0x00, 0x00,
	0x00, 0x00, 0x00, 0x00, 0x00, 0x00, 0x00, 0x00,
	0x00, 0x00, 0x00, 0x00, 0x00, 0x00, 0x00, 0x00,
	0x00, 0x00, 0x00, 0x00, 0x00, 0x00, 0x00, 0x00,
	0x00, 0x00, 0x00, 0x00, 0x00, 0x00, 0x00, 0x00,
	0x00, 0x00, 0x00, 0x00, 0x00, 0x00, 0x00, 0x00,
	0x00, 0x00, 0x00, 0x00, 0x00, 0x00, 0x00, 0x00,
	0x00, 0x00, 0x00, 0x00, 0x00, 0x00, 0x00, 0x00,
	0x00, 0x00, 0x00, 0x00, 0x00, 0x00, 0x00, 0x00,
	0x00, 0x00, 0x00, 0x00, 0x00, 0x00, 0x00, 0x00,
	0x00, 0x00, 0x00, 0x00, 0x00, 0x00, 0x00, 0x00,
	0x00, 0x00, 0x00, 0x00, 0x00, 0x00, 0x00, 0x00,
	0x00, 0x00, 0x00, 0x00, 0x00, 0x00, 0x00, 0x00,
	0x00, 0x00, 0x00, 0x00, 0x00, 0x00, 0x00, 0x00,
	0x00, 0x00, 0x00, 0x00, 0x00, 0x00, 0x00, 0x00,
	0x00, 0x00, 0x00, 0x00, 0x00, 0x00, 0x00, 0x00,
	0x00, 0x00, 0x00, 0x00, 0x00, 0x00, 0x00, 0x00,
	0x00, 0x00, 0x00, 0x00, 0x00, 0x00, 0x00, 0x00,
	0x00, 0x00, 0x00, 0x00, 0x00, 0x00, 0x00, 0x00,
	0x00, 0x00, 0x00, 0x00, 0x00, 0x00, 0x00, 0x00,
	0x00, 0x00, 0x00, 0x00, 0x00, 0x00, 0x00, 0x00,
	0x00, 0x00, 0x00, 0x00, 0x00, 0x00, 0x00, 0x00,
	0x00, 0x00, 0x00, 0x00, 0x00, 0x00, 0x00, 0x00,
	0x00, 0x00, 0x00, 0x00, 0x00, 0x00, 0x00, 0x00,
	0x00, 0x00, 0x00, 0x00, 0x00, 0x00, 0x00, 0x00,
	0x00, 0x00, 0x00, 0x00, 0x00, 0x00, 0x00, 0x00,
	0x00, 0x00, 0x00, 0x00, 0x00, 0x00, 0x00, 0x00,
	0x00, 0x00, 0x00, 0x00, 0x00, 0x00, 0x00, 0x00,
	0x00, 0x00, 0x00, 0x00, 0x00, 0x00, 0x00, 0x00,
	0x00, 0x00, 0x00, 0x00, 0x00, 0x00, 0x00, 0x00,
	0x00, 0x00, 0x00, 0x00, 0x00, 0x00, 0x00, 0x00,
	0x00, 0x00, 0x00, 0x00, 0x00, 0x00, 0x00, 0x00,
	0x00, 0x00, 0x00, 0x00, 0x00, 0x00, 0x00, 0x00,
	0x00, 0x00, 0x00, 0x00, 0x00, 0x00, 0x00, 0x00,
	0x00, 0x00, 0x00, 0x00, 0x00, 0x00, 0x00, 0x00,
	0x00, 0x00, 0x00, 0x00, 0x00, 0x00, 0x00, 0x00,
	0x00, 0x00, 0x00, 0x00, 0x00, 0x00, 0x00, 0x00,
	0x00, 0x00, 0x00, 0x00, 0x00, 0x00, 0x00, 0x00,
	0x00, 0x00, 0x00, 0x00, 0x00, 0x00, 0x00, 0x00,
	0x00, 0x00, 0x00, 0x00, 0x00, 0x00, 0x00, 0x00,
	0x00, 0x00, 0x00, 0x00, 0x00, 0x00, 0x00, 0x00,
	0x00, 0x00, 0x00, 0x00, 0x00, 0x00, 0x00, 0x00,
	0x00, 0x00, 0x00, 0x00, 0x00, 0x00, 0x00, 0x00,
	0x00, 0x00, 0x00, 0x00, 0x00, 0x00, 0x00, 0x00,
	0x00, 0x00, 0x00, 0x00, 0x00, 0x00, 0x00, 0x00,
	0x00, 0x00, 0x00, 0x00, 0x00, 0x00, 0x00, 0x00,
	0x00, 0x00, 0x00, 0x00, 0x00, 0x00, 0x00, 0x00,
	0x00, 0x00, 0x00, 0x00, 0x00, 0x00, 0x00, 0x00,
	0x00, 0x00, 0x00, 0x00, 0x00, 0x00, 0x00, 0x00,
	0x00, 0x00, 0x00, 0x00, 0x00, 0x00, 0x00, 0x00,
	0x00, 0x00, 0x00, 0x00, 0x00, 0x00, 0x00, 0x00,
	0x00, 0x00, 0x00, 0x00, 0x00, 0x00, 0x00, 0x00,
	0x00, 0x00, 0x00, 0x00, 0x00, 0x00, 0x00, 0x00,
	0x00, 0x00, 0x00, 0x00, 0x00, 0x00, 0x00, 0x00,
	0x00, 0x00, 0x00, 0x00, 0x00, 0x00, 0x00, 0x00,
	0x00, 0x00, 0x00, 0x00, 0x00, 0x00, 0x00, 0x00,
	0x00, 0x00, 0x00, 0x00, 0x00, 0x00, 0x00, 0x00,
	0x00, 0x00, 0x00, 0x00, 0x00, 0x00, 0x00, 0x00,
	0x00, 0x00, 0x00, 0x00, 0x00, 0x00, 0x00, 0x00,
	0x00, 0x00, 0x00, 0x00, 0x00, 0x00, 0x00, 0x00,
	0x00, 0x00, 0x00, 0x00, 0x00, 0x00, 0x00, 0x00,
	0x00, 0x00, 0x00, 0x00, 0x00, 0x00, 0x00, 0x00,
	0x00, 0x00, 0x00, 0x00, 0x00, 0x00, 0x00, 0x00,
	0x00, 0x00, 0x00, 0x00, 0x00, 0x00, 0x00, 0x00,
	0x00, 0x00, 0x00, 0x00, 0x00, 0x00, 0x00, 0x00,
	0x00, 0x00, 0x00, 0x00, 0x00, 0x00, 0x00, 0x00,
	0x00, 0x00, 0x00, 0x00, 0x00, 0x00, 0x00, 0x00,
	0x00, 0x00, 0x00, 0x00, 0x00, 0x00, 0x00, 0x00,
	0x00, 0x00, 0x00, 0x00, 0x00, 0x00, 0x00, 0x00,
	0x00, 0x00, 0x00, 0x00, 0x00, 0x00, 0x00, 0x00,
	0x00, 0x00, 0x00, 0x00, 0x00, 0x00, 0x00, 0x00,
	0x00, 0x00, 0x00, 0x00, 0x00, 0x00, 0x00, 0x00,
	0x00, 0x00, 0x00, 0x00, 0x00, 0x00, 0x00, 0x00,
	0x00, 0x00, 0x00, 0x00, 0x00, 0x00, 0x00, 0x00,
	0x00, 0x00, 0x00, 0x00, 0x00, 0x00, 0x00, 0x00,
	0x00, 0x00, 0x00, 0x00, 0x00, 0x00, 0x00, 0x00,
	0x00, 0x00, 0x00, 0x00, 0x00, 0x00, 0x00, 0x00,
	0x00, 0x00, 0x00, 0x00, 0x00, 0x00, 0x00, 0x00,
	0x00, 0x00, 0x00, 0x00, 0x00, 0x00, 0x00, 0x00,
	0x00, 0x00, 0x00, 0x00, 0x00, 0x00, 0x00, 0x00,
	0x00, 0x00, 0x00, 0x00, 0x00, 0x00, 0x00, 0x00,
	0x00, 0x00, 0x00, 0x00, 0x00, 0x00, 0x00, 0x00,
	0x00, 0x00, 0x00, 0x00, 0x00, 0x00, 0x00, 0x00,
	0x00, 0x00, 0x00, 0x00, 0x00, 0x00, 0x00, 0x00,
	0x00, 0x00, 0x00, 0x00, 0x00, 0x00, 0x00, 0x00,
	0x00, 0x00, 0x00, 0x00, 0x00, 0x00, 0x00, 0x00,
	0x00, 0x00, 0x00, 0x00, 0x00, 0x00, 0x00, 0x00,
	0x00, 0x00, 0x00, 0x00, 0x00, 0x00, 0x00, 0x00,
	0x00, 0x00, 0x00, 0x00, 0x00, 0x00, 0x00, 0x00,
	0x00, 0x00, 0x00, 0x00, 0x00, 0x00, 0x00, 0x00,
	0x00, 0x00, 0x00, 0x00, 0x00, 0x00, 0x00, 0x00,
	0x00, 0x00, 0x00, 0x00, 0x00, 0x00, 0x00, 0x00,
	0x00, 0x00, 0x00, 0x00, 0x00, 0x00, 0x00, 0x00,
	0x00, 0x00, 0x00, 0x00, 0x00, 0x00, 0x00, 0x00,
	0x00, 0x00, 0x00, 0x00, 0x00, 0x00, 0x00, 0x00,
	0x00, 0x00, 0x00, 0x00, 0x00, 0x00, 0x00, 0x00,
	0x00, 0x00, 0x00, 0x00, 0x00, 0x00, 0x00, 0x00,
	0x00, 0x00, 0x00, 0x00, 0x00, 0x00, 0x00, 0x00,
	0x00, 0x00, 0x00, 0x00, 0x00, 0x00, 0x00, 0x00,
	0x00, 0x00, 0x00, 0x00, 0x00, 0x00, 0x00, 0x00,
	0x00, 0x00, 0x00, 0x00, 0x00, 0x00, 0x00, 0x00,
	0x00, 0x00, 0x00, 0x00, 0x00, 0x00, 0x00, 0x00,
	0x00, 0x00, 0x00, 0x00, 0x00, 0x00, 0x00, 0x00,
	0x00, 0x00, 0x00, 0x00, 0x00, 0x00, 0x00, 0x00,
	0x00, 0x00, 0x00, 0x00, 0x00, 0x00, 0x00, 0x00,
	0x00, 0x00, 0x00, 0x00, 0x00, 0x00, 0x00, 0x00,
	0x00, 0x00, 0x00, 0x00, 0x00, 0x00, 0x00, 0x00,
	0x00, 0x00, 0x00, 0x00, 0x00, 0x00, 0x00, 0x00,
	0x00, 0x00, 0x00, 0x00, 0x00, 0x00, 0x00, 0x00,
	0x00, 0x00, 0x00, 0x00, 0x00, 0x00, 0x00, 0x00,
	0x00, 0x00, 0x00, 0x00, 0x00, 0x00, 0x00, 0x00,
	0x00, 0x00, 0x00, 0x00, 0x00, 0x00, 0x00, 0x00,
	0x00, 0x00, 0x00, 0x00, 0x00, 0x00, 0x00, 0x00,
	0x00, 0x00, 0x00, 0x00, 0x00, 0x00, 0x00, 0x00,
	0x00, 0x00, 0x00, 0x00, 0x00, 0x00, 0x00, 0x00,
	0x00, 0x00, 0x00, 0x00, 0x00, 0x00, 0x00, 0x00,
	0x00, 0x00, 0x00, 0x00, 0x00, 0x00, 0x00, 0x00,
	0x00, 0x00, 0x00, 0x00, 0x00, 0x00, 0x00, 0x00,
	0x00, 0x00, 0x00, 0x00, 0x00, 0x00, 0x00, 0x00,
	0x00, 0x00, 0x00, 0x00, 0x00, 0x00, 0x00, 0x00,
	0x00, 0x00, 0x00, 0x00, 0x00, 0x00, 0x00, 0x00,
	0x00, 0x00, 0x00, 0x00, 0x00, 0x00, 0x00, 0x00,
	0x00, 0x00, 0x00, 0x00, 0x00, 0x00, 0x00, 0x00,
	0x00, 0x00, 0x00, 0x00, 0x00, 0x00, 0x00, 0x00,
	0x00, 0x00, 0x00, 0x00, 0x00, 0x00, 0x00, 0x00,
	0x00, 0x00, 0x00, 0x00, 0x00, 0x00, 0x00, 0x00,
	0x00, 0x00, 0x00, 0x00, 0x00, 0x00, 0x00, 0x00,
	0x00, 0x00, 0x00, 0x00, 0x00, 0x00, 0x00, 0x00,
	0x00, 0x00, 0x00, 0x00, 0x00, 0x00, 0x00, 0x00,
	0x00, 0x00, 0x00, 0x00, 0x00, 0x00, 0x00, 0x00,
	0x00, 0x00, 0x00, 0x00, 0x00, 0x00, 0x00, 0x00,
	0x00, 0x00, 0x00, 0x00, 0x00, 0x00, 0x00, 0x00,
	0x00, 0x00, 0x00, 0x00, 0x00, 0x00, 0x00, 0x00,
	0x00, 0x00, 0x00, 0x00, 0x00, 0x00, 0x00, 0x00,
	0x00, 0x00, 0x00, 0x00, 0x00, 0x00, 0x00, 0x00,
	0x00, 0x00, 0x00, 0x00, 0x00, 0x00, 0x00, 0x00,
	0x00, 0x00, 0x00, 0x00, 0x00, 0x00, 0x00, 0x00,
	0x00, 0x00, 0x00, 0x00, 0x00, 0x00, 0x00, 0x00,
	0x00, 0x00, 0x00, 0x00, 0x00, 0x00, 0x00, 0x00,
	0x00, 0x00, 0x00, 0x00, 0x00, 0x00, 0x00, 0x00,
	0x00, 0x00, 0x00, 0x00, 0x00, 0x00, 0x00, 0x00,
	0x00, 0x00, 0x00, 0x00, 0x00, 0x00, 0x00, 0x00,
	0x00, 0x00, 0x00, 0x00, 0x00, 0x00, 0x00, 0x00,
	0x00, 0x00, 0x00, 0x00, 0x00, 0x00, 0x00, 0x00,
	0x00, 0x00, 0x00, 0x00, 0x00, 0x00, 0x00, 0x00,
	0x00, 0x00, 0x00, 0x00, 0x00, 0x00, 0x00, 0x00,
	0x00, 0x00, 0x00, 0x00, 0x00, 0x00, 0x00, 0x00,
	0x00, 0x00, 0x00, 0x00, 0x00, 0x00, 0x00, 0x00,
	0x00, 0x00, 0x00, 0x00, 0x00, 0x00, 0x00, 0x00,
	0x00, 0x00, 0x00, 0x00, 0x00, 0x00, 0x00, 0x00,
	0x00, 0x00, 0x00, 0x00, 0x00, 0x00, 0x00, 0x00,
	0x00, 0x00, 0x00, 0x00, 0x00, 0x00, 0x00, 0x00,
	0x00, 0x00, 0x00, 0x00, 0x00, 0x00, 0x00, 0x00,
	0x00, 0x00, 0x00, 0x00, 0x00, 0x00, 0x00, 0x00,
	0x00, 0x00, 0x00, 0x00, 0x00, 0x00, 0x00, 0x00,
	0x00, 0x00, 0x00, 0x00, 0x00, 0x00, 0x00, 0x00,
	0x00, 0x00, 0x00, 0x00, 0x00, 0x00, 0x00, 0x00,
	0x00, 0x00, 0x00, 0x00, 0x00, 0x00, 0x00, 0x00,
	0x00, 0x00, 0x00, 0x00, 0x00, 0x00, 0x00, 0x00,
	0x00, 0x00, 0x00, 0x00, 0x00, 0x00, 0x00, 0x00,
	0x00, 0x00, 0x00, 0x00, 0x00, 0x00, 0x00, 0x00,
	0x00, 0x00, 0x00, 0x00, 0x00, 0x00, 0x00, 0x00,
	0x00, 0x00, 0x00, 0x00, 0x00, 0x00, 0x00, 0x00,
	0x00, 0x00, 0x00, 0x00, 0x00, 0x00, 0x00, 0x00,
	0x00, 0x00, 0x00, 0x00, 0x00, 0x00, 0x00, 0x00,
	0x00, 0x00, 0x00, 0x00, 0x00, 0x00, 0x00, 0x00,
	0x00, 0x00, 0x00, 0x00, 0x00, 0x00, 0x00, 0x00,
	0x00, 0x00, 0x00, 0x00, 0x00, 0x00, 0x00, 0x00,
	0x00, 0x00, 0x00, 0x00, 0x00, 0x00, 0x00, 0x00,
	0x00, 0x00, 0x00, 0x00, 0x00, 0x00, 0x00, 0x00,
	0x00, 0x00, 0x00, 0x00, 0x00, 0x00, 0x00, 0x00,
	0x00, 0x00, 0x00, 0x00, 0x00, 0x00, 0x00, 0x00,
	0x00, 0x00, 0x00, 0x00, 0x00, 0x00, 0x00, 0x00,
	0x00, 0x00, 0x00, 0x00, 0x00, 0x00, 0x00, 0x00,
	0x00, 0x00, 0x00, 0x00, 0x00, 0x00, 0x00, 0x00,
	0x00, 0x00, 0x00, 0x00, 0x00, 0x00, 0x00, 0x00,
	0x00, 0x00, 0x00, 0x00, 0x00, 0x00, 0x00, 0x00,
	0x00, 0x00, 0x00, 0x00, 0x00, 0x00, 0x00, 0x00,
	0x00, 0x00, 0x00, 0x00, 0x00, 0x00, 0x00, 0x00,
	0x00, 0x00, 0x00, 0x00, 0x00, 0x00, 0x00, 0x00,
	0x00, 0x00, 0x00, 0x00, 0x00, 0x00, 0x00, 0x00,
	0x00, 0x00, 0x00, 0x00, 0x00, 0x00, 0x00, 0x00,
	0x00, 0x00, 0x00, 0x00, 0x00, 0x00, 0x00, 0x00,
	0x00, 0x00, 0x00, 0x00, 0x00, 0x00, 0x00, 0x00,
	0x00, 0x00, 0x00, 0x00, 0x00, 0x00, 0x00, 0x00,
	0x00, 0x00, 0x00, 0x00, 0x00, 0x00, 0x00, 0x00,
	0x00, 0x00, 0x00, 0x00, 0x00, 0x00, 0x00, 0x00,
	0x00, 0x00, 0x00, 0x00, 0x00, 0x00, 0x00, 0x00,
	0x00, 0x00, 0x00, 0x00, 0x00, 0x00, 0x00, 0x00,
	0x00, 0x00, 0x00, 0x00, 0x00, 0x00, 0x00, 0x00,
	0x00, 0x00, 0x00, 0x00, 0x00, 0x00, 0x00, 0x00,
	0x00, 0x00, 0x00, 0x00, 0x00, 0x00, 0x00, 0x00,
	0x00, 0x00, 0x00, 0x00, 0x00, 0x00, 0x00, 0x00,
	0x00, 0x00, 0x00, 0x00, 0x00, 0x00, 0x00, 0x00,
	0x00, 0x00, 0x00, 0x00, 0x00, 0x00, 0x00, 0x00,
	0x00, 0x00, 0x00, 0x00, 0x00, 0x00, 0x00, 0x00,
	0x00, 0x00, 0x00, 0x00, 0x00, 0x00, 0x00, 0x00,
	0x00, 0x00, 0x00, 0x00, 0x00, 0x00, 0x00, 0x00,
	0x00, 0x00, 0x00, 0x00, 0x00, 0x00, 0x00, 0x00,
	0x00, 0x00, 0x00, 0x00, 0x00, 0x00, 0x00, 0x00,
	0x00, 0x00, 0x00, 0x00, 0x00, 0x00, 0x00, 0x00,
	0x00, 0x00, 0x00, 0x00, 0x00, 0x00, 0x00, 0x00,
	0x00, 0x00, 0x00, 0x00, 0x00, 0x00, 0x00, 0x00,
	0x00, 0x00, 0x00, 0x00, 0x00, 0x00, 0x00, 0x00,
	0x00, 0x00, 0x00, 0x00, 0x00, 0x00, 0x00, 0x00,
	0x00, 0x00, 0x00, 0x00, 0x00, 0x00, 0x00, 0x00,
	0x00, 0x00, 0x00, 0x00, 0x00, 0x00, 0x00, 0x00,
	0x00, 0x00, 0x00, 0x00, 0x00, 0x00, 0x00, 0x00,
	0x00, 0x00, 0x00, 0x00, 0x00, 0x00, 0x00, 0x00,
	0x00, 0x00, 0x00, 0x00, 0x00, 0x00, 0x00, 0x00,
	0x00, 0x00, 0x00, 0x00, 0x00, 0x00, 0x00, 0x00,
	0x00, 0x00, 0x00, 0x00, 0x00, 0x00, 0x00, 0x00,
	0x00, 0x00, 0x00, 0x00, 0x00, 0x00, 0x00, 0x00,
	0x00, 0x00, 0x00, 0x00, 0x00, 0x00, 0x00, 0x00,
	0x00, 0x00, 0x00, 0x00, 0x00, 0x00, 0x00, 0x00,
	0x00, 0x00, 0x00, 0x00, 0x00, 0x00, 0x00, 0x00,
	0x00, 0x00, 0x00, 0x00, 0x00, 0x00, 0x00, 0x00,
	0x00, 0x00, 0x00, 0x00, 0x00, 0x00, 0x00, 0x00,
	0x00, 0x00, 0x00, 0x00, 0x00, 0x00, 0x00, 0x00,
	0x00, 0x00, 0x00, 0x00, 0x00, 0x00, 0x00, 0x00,
	0x00, 0x00, 0x00, 0x00, 0x00, 0x00, 0x00, 0x00,
	0x00, 0x00, 0x00, 0x00, 0x00, 0x00, 0x00, 0x00,
	0x00, 0x00, 0x00, 0x00, 0x00, 0x00, 0x00, 0x00,
	0x00, 0x00, 0x00, 0x00, 0x00, 0x00, 0x00, 0x00,
	0x00, 0x00, 0x00, 0x00, 0x00, 0x00, 0x00, 0x00,
	0x00, 0x00, 0x00, 0x00, 0x00, 0x00, 0x00, 0x00,
	0x00, 0x00, 0x00, 0x00, 0x00, 0x00, 0x00, 0x00,
	0x00, 0x00, 0x00, 0x00, 0x00, 0x00, 0x00, 0x00,
	0x00, 0x00, 0x00, 0x00, 0x00, 0x00, 0x00, 0x00,
	0x00, 0x00, 0x00, 0x00, 0x00, 0x00, 0x00, 0x00,
	0x00, 0x00, 0x00, 0x00, 0x00, 0x00, 0x00, 0x00,
	0x00, 0x00, 0x00, 0x00, 0x00, 0x00, 0x00, 0x00,
	0x00, 0x00, 0x00, 0x00, 0x00, 0x00, 0x00, 0x00,
	0x00, 0x00, 0x00, 0x00, 0x00, 0x00, 0x00, 0x00,
	0x00, 0x00, 0x00, 0x00, 0x00, 0x00, 0x00, 0x00,
	0x00, 0x00, 0x00, 0x00, 0x00, 0x00, 0x00, 0x00,
	0x00, 0x00, 0x00, 0x00, 0x00, 0x00, 0x00, 0x00,
	0x00, 0x00, 0x00, 0x00, 0x00, 0x00, 0x00, 0x00,
	0x00, 0x00, 0x00, 0x00, 0x00, 0x00, 0x00, 0x00,
	0x00, 0x00, 0x00, 0x00, 0x00, 0x00, 0x00, 0x00,
	0x00, 0x00, 0x00, 0x00, 0x00, 0x00, 0x00, 0x00,
	0x00, 0x00, 0x00, 0x00, 0x00, 0x00, 0x00, 0x00,
	0x00, 0x00, 0x00, 0x00, 0x00, 0x00, 0x00, 0x00,
	0x00, 0x00, 0x00, 0x00, 0x00, 0x00, 0x00, 0x00,
	0x00, 0x00, 0x00, 0x00, 0x00, 0x00, 0x00, 0x00,
	0x00, 0x00, 0x00, 0x00, 0x00, 0x00, 0x00, 0x00,
	0x00, 0x00, 0x00, 0x00, 0x00, 0x00, 0x00, 0x00,
	0x00, 0x00, 0x00, 0x00, 0x00, 0x00, 0x00, 0x00,
	0x00, 0x00, 0x00, 0x00, 0x00, 0x00, 0x00, 0x00,
	0x00, 0x00, 0x00, 0x00, 0x00, 0x00, 0x00, 0x00,
	0x00, 0x00, 0x00, 0x00, 0x00, 0x00, 0x00, 0x00,
	0x00, 0x00, 0x00, 0x00, 0x00, 0x00, 0x00, 0x00,
	0x00, 0x00, 0x00, 0x00, 0x00, 0x00, 0x00, 0x00,
	0x00, 0x00, 0x00, 0x00, 0x00, 0x00, 0x00, 0x00,
	0x00, 0x00, 0x00, 0x00, 0x00, 0x00, 0x00, 0x00,
	0x00, 0x00, 0x00, 0x00, 0x00, 0x00, 0x00, 0x00,
	0x00, 0x00, 0x00, 0x00, 0x00, 0x00, 0x00, 0x00,
	0x00, 0x00, 0x00, 0x00, 0x00, 0x00, 0x00, 0x00,
	0x00, 0x00, 0x00, 0x00, 0x00, 0x00, 0x00, 0x00,
	0x00, 0x00, 0x00, 0x00, 0x00, 0x00, 0x00, 0x00,
	0x00, 0x00, 0x00, 0x00, 0x00, 0x00, 0x00, 0x00,
	0x00, 0x00, 0x00, 0x00, 0x00, 0x00, 0x00, 0x00,
	0x00, 0x00, 0x00, 0x00, 0x00, 0x00, 0x00, 0x00,
	0x00, 0x00, 0x00, 0x00, 0x00, 0x00, 0x00, 0x00,
	0x00, 0x00, 0x00, 0x00, 0x00, 0x00, 0x00, 0x00,
	0x00, 0x00, 0x00, 0x00, 0x00, 0x00, 0x00, 0x00,
	0x00, 0x00, 0x00, 0x00, 0x00, 0x00, 0x00, 0x00,
	0x00, 0x00, 0x00, 0x00, 0x00, 0x00, 0x00, 0x00,
	0x00, 0x00, 0x00, 0x00, 0x00, 0x00, 0x00, 0x00,
	0x00, 0x00, 0x00, 0x00, 0x00, 0x00, 0x00, 0x00,
	0x00, 0x00, 0x00, 0x00, 0x00, 0x00, 0x00, 0x00,
	0x00, 0x00, 0x00, 0x00, 0x00, 0x00, 0x00, 0x00,
	0x00, 0x00, 0x00, 0x00, 0x00, 0x00, 0x00, 0x00,
	0x00, 0x00, 0x00, 0x00, 0x00, 0x00, 0x00, 0x00,
	0x00, 0x00, 0x00, 0x00, 0x00, 0x00, 0x00, 0x00,
	0x00, 0x00, 0x00, 0x00, 0x00, 0x00, 0x00, 0x00,
	0x00, 0x00, 0x00, 0x00, 0x00, 0x00, 0x00, 0x00,
	0x00, 0x00, 0x00, 0x00, 0x00, 0x00, 0x00, 0x00,
	0x00, 0x00, 0x00, 0x00, 0x00, 0x00, 0x00, 0x00,
	0x00, 0x00, 0x00, 0x00, 0x00, 0x00, 0x00, 0x00,
	0x00, 0x00, 0x00, 0x00, 0x00, 0x00, 0x00, 0x00,
	0x00, 0x00, 0x00, 0x00, 0x00, 0x00, 0x00, 0x00,
	0x00, 0x00, 0x00, 0x00, 0x00, 0x00, 0x00, 0x00,
	0x00, 0x00, 0x00, 0x00, 0x00, 0x00, 0x00, 0x00,
	0x00, 0x00, 0x00, 0x00, 0x00, 0x00, 0x00, 0x00,
	0x00, 0x00, 0x00, 0x00, 0x00, 0x00, 0x00, 0x00,
	0x00, 0x00, 0x00, 0x00, 0x00, 0x00, 0x00, 0x00,
	0x00, 0x00, 0x00, 0x00, 0x00, 0x00, 0x00, 0x00,
	0x00, 0x00, 0x00, 0x00, 0x00, 0x00, 0x00, 0x00,
	0x00, 0x00, 0x00, 0x00, 0x00, 0x00, 0x00, 0x00,
	0x00, 0x00, 0x00, 0x00, 0x00, 0x00, 0x00, 0x00,
	0x00, 0x00, 0x00, 0x00, 0x00, 0x00, 0x00, 0x00,
	0x00, 0x00, 0x00, 0x00, 0x00, 0x00, 0x00, 0x00,
	0x00, 0x00, 0x00, 0x00, 0x00, 0x00, 0x00, 0x00,
	0x00, 0x00, 0x00, 0x00, 0x00, 0x00, 0x00, 0x00,
	0x00, 0x00, 0x00, 0x00, 0x00, 0x00, 0x00, 0x00,
	0x00, 0x00, 0x00, 0x00, 0x00, 0x00, 0x00, 0x00,
	0x00, 0x00, 0x00, 0x00, 0x00, 0x00, 0x00, 0x00,
	0x00, 0x00, 0x00, 0x00, 0x00, 0x00, 0x00, 0x00,
	0x00, 0x00, 0x00, 0x00, 0x00, 0x00, 0x00, 0x00,
	0x00, 0x00, 0x00, 0x00, 0x00, 0x00, 0x00, 0x00,
	0x00, 0x00, 0x00, 0x00, 0x00, 0x00, 0x00, 0x00,
	0x00, 0x00, 0x00, 0x00, 0x00, 0x00, 0x00, 0x00,
	0x00, 0x00, 0x00, 0x00, 0x00, 0x00, 0x00, 0x00,
	0x00, 0x00, 0x00, 0x00, 0x00, 0x00, 0x00, 0x00,
	0x00, 0x00, 0x00, 0x00, 0x00, 0x00, 0x00, 0x00,
	0x00, 0x00, 0x00, 0x00, 0x00, 0x00, 0x00, 0x00,
	0x00, 0x00, 0x00, 0x00, 0x00, 0x00, 0x00, 0x00,
	0x00, 0x00, 0x00, 0x00, 0x00, 0x00, 0x00, 0x00,
	0x00, 0x00, 0x00, 0x00, 0x00, 0x00, 0x00, 0x00,
	0x00, 0x00, 0x00, 0x00, 0x00, 0x00, 0x00, 0x00,
	0x00, 0x00, 0x00, 0x00, 0x00, 0x00, 0x00, 0x00,
	0x00, 0x00, 0x00, 0x00, 0x00, 0x00, 0x00, 0x00,
	0x00, 0x00, 0x00, 0x00, 0x00, 0x00, 0x00, 0x00,
	0x00, 0x00, 0x00, 0x00, 0x00, 0x00, 0x00, 0x00,
	0x00, 0x00, 0x00, 0x00, 0x00, 0x00, 0x00, 0x00,
	0x00, 0x00, 0x00, 0x00, 0x00, 0x00, 0x00, 0x00,
	0x00, 0x00, 0x00, 0x00, 0x00, 0x00, 0x00, 0x00,
	0x00, 0x00, 0x00, 0x00, 0x00, 0x00, 0x00, 0x00,
	0x00, 0x00, 0x00, 0x00, 0x00, 0x00, 0x00, 0x00,
	0x00, 0x00, 0x00, 0x00, 0x00, 0x00, 0x00, 0x00,
	0x00, 0x00, 0x00, 0x00, 0x00, 0x00, 0x00, 0x00,
	0x00, 0x00, 0x00, 0x00, 0x00, 0x00, 0x00, 0x00,
	0x00, 0x00, 0x00, 0x00, 0x00, 0x00, 0x00, 0x00,
	0x00, 0x00, 0x00, 0x00, 0x00, 0x00, 0x00, 0x00,
	0x00, 0x00, 0x00, 0x00, 0x00, 0x00, 0x00, 0x00,
	0x00, 0x00, 0x00, 0x00, 0x00, 0x00, 0x00, 0x00,
	0x00, 0x00, 0x00, 0x00, 0x00, 0x00, 0x00, 0x00,
	0x00, 0x00, 0x00, 0x00, 0x00, 0x00, 0x00, 0x00,
	0x00, 0x00, 0x00, 0x00, 0x00, 0x00, 0x00, 0x00,
	0x00, 0x00, 0x00, 0x00, 0x00, 0x00, 0x00, 0x00,
	0x00, 0x00, 0x00, 0x00, 0x00, 0x00, 0x00, 0x00,
	0x00, 0x00, 0x00, 0x00, 0x00, 0x00, 0x00, 0x00,
	0x00, 0x00, 0x00, 0x00, 0x00, 0x00, 0x00, 0x00,
	0x00, 0x00, 0x00, 0x00, 0x00, 0x00, 0x00, 0x00,
	0x00, 0x00, 0x00, 0x00, 0x00, 0x00, 0x00, 0x00,
	0x00, 0x00, 0x00, 0x00, 0x00, 0x00, 0x00, 0x00,
	0x00, 0x00, 0x00, 0x00, 0x00, 0x00, 0x00, 0x00,
	0x00, 0x00, 0x00, 0x00, 0x00, 0x00, 0x00, 0x00,
	0x00, 0x00, 0x00, 0x00, 0x00, 0x00, 0x00, 0x00,
	0x00, 0x00, 0x00, 0x00, 0x00, 0x00, 0x00, 0x00,
	0x00, 0x00, 0x00, 0x00, 0x00, 0x00, 0x00, 0x00,
	0x00, 0x00, 0x00, 0x00, 0x00, 0x00, 0x00, 0x00,
	0x00, 0x00, 0x00, 0x00, 0x00, 0x00, 0x00, 0x00,
	0x00, 0x00, 0x00, 0x00, 0x00, 0x00, 0x00, 0x00,
	0x00, 0x00, 0x00, 0x00, 0x00, 0x00, 0x00, 0x00,
	0x00, 0x00, 0x00, 0x00, 0x00, 0x00, 0x00, 0x00,
	0x00, 0x00, 0x00, 0x00, 0x00, 0x00, 0x00, 0x00,
	0x00, 0x00, 0x00, 0x00, 0x00, 0x00, 0x00, 0x00,
	0x00, 0x00, 0x00, 0x00, 0x00, 0x00, 0x00, 0x00,
	0x00, 0x00, 0x00, 0x00, 0x00, 0x00, 0x00, 0x00,
	0x00, 0x00, 0x00, 0x00, 0x00, 0x00, 0x00, 0x00,
	0x00, 0x00, 0x00, 0x00, 0x00, 0x00, 0x00, 0x00,
	0x00, 0x00, 0x00, 0x00, 0x00, 0x00, 0x00, 0x00,
	0x00, 0x00, 0x00, 0x00, 0x00, 0x00, 0x00, 0x00,
	0x00, 0x00, 0x00, 0x00, 0x00, 0x00, 0x00, 0x00,
	0x00, 0x00, 0x00, 0x00, 0x00, 0x00, 0x00, 0x00,
	0x00, 0x00, 0x00, 0x00, 0x00, 0x00, 0x00, 0x00,
	0x00, 0x00, 0x00, 0x00, 0x00, 0x00, 0x00, 0x00,
	0x00, 0x00, 0x00, 0x00, 0x00, 0x00, 0x00, 0x00,
	0x00, 0x00, 0x00, 0x00, 0x00, 0x00, 0x00, 0x00,
	0x00, 0x00, 0x00, 0x00, 0x00, 0x00, 0x00, 0x00,
	0x00, 0x00, 0x00, 0x00, 0x00, 0x00, 0x00, 0x00,
	0x00, 0x00, 0x00, 0x00, 0x00, 0x00, 0x00, 0x00,
	0x00, 0x00, 0x00, 0x00, 0x00, 0x00, 0x00, 0x00,
	0x00, 0x00, 0x00, 0x00, 0x00, 0x00, 0x00, 0x00,
	0x00, 0x00, 0x00, 0x00, 0x00, 0x00, 0x00, 0x00,
	0x00, 0x00, 0x00, 0x00, 0x00, 0x00, 0x00, 0x00,
	0x00, 0x00, 0x00, 0x00, 0x00, 0x00, 0x00, 0x00,
	0x00, 0x00, 0x00, 0x00, 0x00, 0x00, 0x00, 0x00,
	0x00, 0x00, 0x00, 0x00, 0x00, 0x00, 0x00, 0x00,
	0x00, 0x00, 0x00, 0x00, 0x00, 0x00, 0x00, 0x00,
	0x00, 0x00, 0x00, 0x00, 0x00, 0x00, 0x00, 0x00,
	0x00, 0x00, 0x00, 0x00, 0x00, 0x00, 0x00, 0x00,
	0x00, 0x00, 0x00, 0x00, 0x00, 0x00, 0x00, 0x00,
	0x00, 0x00, 0x00, 0x00, 0x00, 0x00, 0x00, 0x00,
	0x00, 0x00, 0x00, 0x00, 0x00, 0x00, 0x00, 0x00,
	0x00, 0x00, 0x00, 0x00, 0x00, 0x00, 0x00, 0x00,
	0x00, 0x00, 0x00, 0x00, 0x00, 0x00, 0x00, 0x00,
	0x00, 0x00, 0x00, 0x00, 0x00, 0x00, 0x00, 0x00,
	0x00, 0x00, 0x00, 0x00, 0x00, 0x00, 0x00, 0x00,
	0x00, 0x00, 0x00, 0x00, 0x00, 0x00, 0x00, 0x00,
	0x00, 0x00, 0x00, 0x00, 0x00, 0x00, 0x00, 0x00,
	0x00, 0x00, 0x00, 0x00, 0x00, 0x00, 0x00, 0x00,
	0x00, 0x00, 0x00, 0x00, 0x00, 0x00, 0x00, 0x00,
	0x00, 0x00, 0x00, 0x00, 0x00, 0x00, 0x00, 0x00,
	0x00, 0x00, 0x00, 0x00, 0x00, 0x00, 0x00, 0x00,
	0x00, 0x00, 0x00, 0x00, 0x00, 0x00, 0x00, 0x00,
	0x00, 0x00, 0x00, 0x00, 0x00, 0x00, 0x00, 0x00,
	0x00, 0x00, 0x00, 0x00, 0x00, 0x00, 0x00, 0x00,
	0x00, 0x00, 0x00, 0x00, 0x00, 0x00, 0x00, 0x00,
	0x00, 0x00, 0x00, 0x00, 0x00, 0x00, 0x00, 0x00,
	0x00, 0x00, 0x00, 0x00, 0x00, 0x00, 0x00, 0x00,
	0x00, 0x00, 0x00, 0x00, 0x00, 0x00, 0x00, 0x00,
	0x00, 0x00, 0x00, 0x00, 0x00, 0x00, 0x00, 0x00,
	0x00, 0x00, 0x00, 0x00, 0x00, 0x00, 0x00, 0x00,
	0x00, 0x00, 0x00, 0x00, 0x00, 0x00, 0x00, 0x00,
	0x00, 0x00, 0x00, 0x00, 0x00, 0x00, 0x00, 0x00,
	0x00, 0x00, 0x00, 0x00, 0x00, 0x00, 0x00, 0x00,
	0x00, 0x00, 0x00, 0x00, 0x00, 0x00, 0x00, 0x00,
	0x00, 0x00, 0x00, 0x00, 0x00, 0x00, 0x00, 0x00,
	0x00, 0x00, 0x00, 0x00, 0x00, 0x00, 0x00, 0x00,
	0x00, 0x00, 0x00, 0x00, 0x00, 0x00, 0x00, 0x00,
	0x00, 0x00, 0x00, 0x00, 0x00, 0x00, 0x00, 0x00,
	0x00, 0x00, 0x00, 0x00, 0x00, 0x00, 0x00, 0x00,
	0x00, 0x00, 0x00, 0x00, 0x00, 0x00, 0x00, 0x00,
	0x00, 0x00, 0x00, 0x00, 0x00, 0x00, 0x00, 0x00,
	0x00, 0x00, 0x00, 0x00, 0x00, 0x00, 0x00, 0x00,
	0x00, 0x00, 0x00, 0x00, 0x00, 0x00, 0x00, 0x00,
	0x00, 0x00, 0x00, 0x00, 0x00, 0x00, 0x00, 0x00,
	0x00, 0x00, 0x00, 0x00, 0x00, 0x00, 0x00, 0x00,
	0x00, 0x00, 0x00, 0x00, 0x00, 0x00, 0x00, 0x00,
	0x00, 0x00, 0x00, 0x00, 0x00, 0x00, 0x00, 0x00,
	0x00, 0x00, 0x00, 0x00, 0x00, 0x00, 0x00, 0x00,
	0x00, 0x00, 0x00, 0x00, 0x00, 0x00, 0x00, 0x00,
	0x00, 0x00, 0x00, 0x00, 0x00, 0x00, 0x00, 0x00,
	0x00, 0x00, 0x00, 0x00, 0x00, 0x00, 0x00, 0x00,
	0x00, 0x00, 0x00, 0x00, 0x00, 0x00, 0x00, 0x00,
	0x00, 0x00, 0x00, 0x00, 0x00, 0x00, 0x00, 0x00,
	0x00, 0x00, 0x00, 0x00, 0x00, 0x00, 0x00, 0x00,
	0x00, 0x00, 0x00, 0x00, 0x00, 0x00, 0x00, 0x00,
	0x00, 0x00, 0x00, 0x00, 0x00, 0x00, 0x00, 0x00,
	0x00, 0x00, 0x00, 0x00, 0x00, 0x00, 0x00, 0x00,
	0x00, 0x00, 0x00, 0x00, 0x00, 0x00, 0x00, 0x00,
	0x00, 0x00, 0x00, 0x00, 0x00, 0x00, 0x00, 0x00,
	0x00, 0x00, 0x00, 0x00, 0x00, 0x00, 0x00, 0x00,
	0x00, 0x00, 0x00, 0x00, 0x00, 0x00, 0x00, 0x00,
	0x00, 0x00, 0x00, 0x00, 0x00, 0x00, 0x00, 0x00,
	0x00, 0x00, 0x00, 0x00, 0x00, 0x00, 0x00, 0x00,
	0x00, 0x00, 0x00, 0x00, 0x00, 0x00, 0x00, 0x00,
	0x00, 0x00, 0x00, 0x00, 0x00, 0x00, 0x00, 0x00,
	0x00, 0x00, 0x00, 0x00, 0x00, 0x00, 0x00, 0x00,
	0x00, 0x00, 0x00, 0x00, 0x00, 0x00, 0x00, 0x00,
	0x00, 0x00, 0x00, 0x00, 0x00, 0x00, 0x00, 0x00,
	0x00, 0x00, 0x00, 0x00, 0x00, 0x00, 0x00, 0x00,
	0x00, 0x00, 0x00, 0x00, 0x00, 0x00, 0x00, 0x00,
	0x00, 0x00, 0x00, 0x00, 0x00, 0x00, 0x00, 0x00,
	0x00, 0x00, 0x00, 0x00, 0x00, 0x00, 0x00, 0x00,
	0x00, 0x00, 0x00, 0x00, 0x00, 0x00, 0x00, 0x00,
	0x00, 0x00, 0x00, 0x00, 0x00, 0x00, 0x00, 0x00,
	0x00, 0x00, 0x00, 0x00, 0x00, 0x00, 0x00, 0x00,
	0x00, 0x00, 0x00, 0x00, 0x00, 0x00, 0x00, 0x00,
	0x00, 0x00, 0x00, 0x00, 0x00, 0x00, 0x00, 0x00,
	0x00, 0x00, 0x00, 0x00, 0x00, 0x00, 0x00, 0x00,
	0x00, 0x00, 0x00, 0x00, 0x00, 0x00, 0x00, 0x00,
	0x00, 0x00, 0x00, 0x00, 0x00, 0x00, 0x00, 0x00,
	0x00, 0x00, 0x00, 0x00, 0x00, 0x00, 0x00, 0x00,
	0x00, 0x00, 0x00, 0x00, 0x00, 0x00, 0x00, 0x00,
	0x00, 0x00, 0x00, 0x00, 0x00, 0x00, 0x00, 0x00,
	0x00, 0x00, 0x00, 0x00, 0x00, 0x00, 0x00, 0x00,
	0x00, 0x00, 0x00, 0x00, 0x00, 0x00, 0x00, 0x00,
	0x00, 0x00, 0x00, 0x00, 0x00, 0x00, 0x00, 0x00,
	0x00, 0x00, 0x00, 0x00, 0x00, 0x00, 0x00, 0x00,
	0x00, 0x00, 0x00, 0x00, 0x00, 0x00, 0x00, 0x00,
	0x00, 0x00, 0x00, 0x00, 0x00, 0x00, 0x00, 0x00,
	0x00, 0x00, 0x00, 0x00, 0x00, 0x00, 0x00, 0x00,
	0x00, 0x00, 0x00, 0x00, 0x00, 0x00, 0x00, 0x00,
	0x00, 0x00, 0x00, 0x00, 0x00, 0x00, 0x00, 0x00,
	0x00, 0x00, 0x00, 0x00, 0x00, 0x00, 0x00, 0x00,
	0x00, 0x00, 0x00, 0x00, 0x00, 0x00, 0x00, 0x00,
	0x00, 0x00, 0x00, 0x00, 0x00, 0x00, 0x00, 0x00,
	0x00, 0x00, 0x00, 0x00, 0x00, 0x00, 0x00, 0x00,
	0x00, 0x00, 0x00, 0x00, 0x00, 0x00, 0x00, 0x00,
	0x00, 0x00, 0x00, 0x00, 0x00, 0x00, 0x00, 0x00,
	0x00, 0x00, 0x00, 0x00, 0x00, 0x00, 0x00, 0x00,
	0x00, 0x00, 0x00, 0x00, 0x00, 0x00, 0x00, 0x00,
	0x00, 0x00, 0x00, 0x00, 0x00, 0x00, 0x00, 0x00,
	0x00, 0x00, 0x00, 0x00, 0x00, 0x00, 0x00, 0x00,
	0x00, 0x00, 0x00, 0x00, 0x00, 0x00, 0x00, 0x00,
	0x00, 0x00, 0x00, 0x00, 0x00, 0x00, 0x00, 0x00,
	0x00, 0x00, 0x00, 0x00, 0x00, 0x00, 0x00, 0x00,
	0x00, 0x00, 0x00, 0x00, 0x00, 0x00, 0x00, 0x00,
	0x00, 0x00, 0x00, 0x00, 0x00, 0x00, 0x00, 0x00,
	0x00, 0x00, 0x00, 0x00, 0x00, 0x00, 0x00, 0x00,
	0x00, 0x00, 0x00, 0x00, 0x00, 0x00, 0x00, 0x00,
	0x00, 0x00, 0x00, 0x00, 0x00, 0x00, 0x00, 0x00,
	0x00, 0x00, 0x00, 0x00, 0x00, 0x00, 0x00, 0x00,
	0x00, 0x00, 0x00, 0x00, 0x00, 0x00, 0x00, 0x00,
	0x00, 0x00, 0x00, 0x00, 0x00, 0x00, 0x00, 0x00,
	0x00, 0x00, 0x00, 0x00, 0x00, 0x00, 0x00, 0x00,
	0x00, 0x00, 0x00, 0x00, 0x00, 0x00, 0x00, 0x00,
	0x00, 0x00, 0x00, 0x00, 0x00, 0x00, 0x00, 0x00,
	0x00, 0x00, 0x00, 0x00, 0x00, 0x00, 0x00, 0x00,
	0x00, 0x00, 0x00, 0x00, 0x00, 0x00, 0x00, 0x00,
	0x00, 0x00, 0x00, 0x00, 0x00, 0x00, 0x00, 0x00,
	0x00, 0x00, 0x00, 0x00, 0x00, 0x00, 0x00, 0x00,
	0x00, 0x00, 0x00, 0x00, 0x00, 0x00, 0x00, 0x00,
	0x00, 0x00, 0x00, 0x00, 0x00, 0x00, 0x00, 0x00,
	0x00, 0x00, 0x00, 0x00, 0x00, 0x00, 0x00, 0x00,
	0x00, 0x00, 0x00, 0x00, 0x00, 0x00, 0x00, 0x00,
	0x00, 0x00, 0x00, 0x00, 0x00, 0x00, 0x00, 0x00,
	0x00, 0x00, 0x00, 0x00, 0x00, 0x00, 0x00, 0x00,
	0x00, 0x00, 0x00, 0x00, 0x00, 0x00, 0x00, 0x00,
	0x00, 0x00, 0x00, 0x00, 0x00, 0x00, 0x00, 0x00,
	0x00, 0x00, 0x00, 0x00, 0x00, 0x00, 0x00, 0x00,
	0x00, 0x00, 0x00, 0x00, 0x00, 0x00, 0x00, 0x00,
	0x00, 0x00, 0x00, 0x00, 0x00, 0x00, 0x00, 0x00,
	0x00, 0x00, 0x00, 0x00, 0x00, 0x00, 0x00, 0x00,
	0x00, 0x00, 0x00, 0x00, 0x00, 0x00, 0x00, 0x00,
	0x00, 0x00, 0x00, 0x00, 0x00, 0x00, 0x00, 0x00,
	0x00, 0x00, 0x00, 0x00, 0x00, 0x00, 0x00, 0x00,
	0x00, 0x00, 0x00, 0x00, 0x00, 0x00, 0x00, 0x00,
	0x00, 0x00, 0x00, 0x00, 0x00, 0x00, 0x00, 0x00,
	0x00, 0x00, 0x00, 0x00, 0x00, 0x00, 0x00, 0x00,
	0x00, 0x00, 0x00, 0x00, 0x00, 0x00, 0x00, 0x00,
	0x00, 0x00, 0x00, 0x00, 0x00, 0x00, 0x00, 0x00,
	0x00, 0x00, 0x00, 0x00, 0x00, 0x00, 0x00, 0x00,
	0x00, 0x00, 0x00, 0x00, 0x00, 0x00, 0x00, 0x00,
	0x00, 0x00, 0x00, 0x00, 0x00, 0x00, 0x00, 0x00,
	0x00, 0x00, 0x00, 0x00, 0x00, 0x00, 0x00, 0x00,
	0x00, 0x00, 0x00, 0x00, 0x00, 0x00, 0x00, 0x00,
	0x00, 0x00, 0x00, 0x00, 0x00, 0x00, 0x00, 0x00,
	0x00, 0x00, 0x00, 0x00, 0x00, 0x00, 0x00, 0x00,
	0x00, 0x00, 0x00, 0x00, 0x00, 0x00, 0x00, 0x00,
	0x00, 0x00, 0x00, 0x00, 0x00, 0x00, 0x00, 0x00,
	0x00, 0x00, 0x00, 0x00, 0x00, 0x00, 0x00, 0x00,
	0x00, 0x00, 0x00, 0x00, 0x00, 0x00, 0x00, 0x00,
	0x00, 0x00, 0x00, 0x00, 0x00, 0x00, 0x00, 0x00,
	0x00, 0x00, 0x00, 0x00, 0x00, 0x00, 0x00, 0x00,
	0x00, 0x00, 0x00, 0x00, 0x00, 0x00, 0x00, 0x00,
	0x00, 0x00, 0x00, 0x00, 0x00, 0x00, 0x00, 0x00,
	0x00, 0x00, 0x00, 0x00, 0x00, 0x00, 0x00, 0x00,
	0x00, 0x00, 0x00, 0x00, 0x00, 0x00, 0x00, 0x00,
	0x00, 0x00, 0x00, 0x00, 0x00, 0x00, 0x00, 0x00,
	0x00, 0x00, 0x00, 0x00, 0x00, 0x00, 0x00, 0x00,
	0x00, 0x00, 0x00, 0x00, 0x00, 0x00, 0x00, 0x00,
	0x00, 0x00, 0x00, 0x00, 0x00, 0x00, 0x00, 0x00,
	0x00, 0x00, 0x00, 0x00, 0x00, 0x00, 0x00, 0x00,
	0x00, 0x00, 0x00, 0x00, 0x00, 0x00, 0x00, 0x00,
	0x00, 0x00, 0x00, 0x00, 0x00, 0x00, 0x00, 0x00,
	0x00, 0x00, 0x00, 0x00, 0x00, 0x00, 0x00, 0x00,
	0x00, 0x00, 0x00, 0x00, 0x00, 0x00, 0x00, 0x00,
	0x00, 0x00, 0x00, 0x00, 0x00, 0x00, 0x00, 0x00,
	0x00, 0x00, 0x00, 0x00, 0x00, 0x00, 0x00, 0x00,
	0x00, 0x00, 0x00, 0x00, 0x00, 0x00, 0x00, 0x00,
	0x00, 0x00, 0x00, 0x00, 0x00, 0x00, 0x00, 0x00,
	0x00, 0x00, 0x00, 0x00, 0x00, 0x00, 0x00, 0x00,
	0x00, 0x00, 0x00, 0x00, 0x00, 0x00, 0x00, 0x00,
	0x00, 0x00, 0x00, 0x00, 0x00, 0x00, 0x00, 0x00,
	0x00, 0x00, 0x00, 0x00, 0x00, 0x00, 0x00, 0x00,
	0x00, 0x00, 0x00, 0x00, 0x00, 0x00, 0x00, 0x00,
	0x00, 0x00, 0x00, 0x00, 0x00, 0x00, 0x00, 0x00,
	0x00, 0x00, 0x00, 0x00, 0x00, 0x00, 0x00, 0x00,
	0x00, 0x00, 0x00, 0x00, 0x00, 0x00, 0x00, 0x00,
	0x00, 0x00, 0x00, 0x00, 0x00, 0x00, 0x00, 0x00,
	0x00, 0x00, 0x00, 0x00, 0x00, 0x00, 0x00, 0x00,
	0x00, 0x00, 0x00, 0x00, 0x00, 0x00, 0x00, 0x00,
	0x00, 0x00, 0x00, 0x00, 0x00, 0x00, 0x00, 0x00,
	0x00, 0x00, 0x00, 0x00, 0x00, 0x00, 0x00, 0x00,
	0x00, 0x00, 0x00, 0x00, 0x00, 0x00, 0x00, 0x00,
	0x00, 0x00, 0x00, 0x00, 0x00, 0x00, 0x00, 0x00,
	0x00, 0x00, 0x00, 0x00, 0x00, 0x00, 0x00, 0x00,
	0x00, 0x00, 0x00, 0x00, 0x00, 0x00, 0x00, 0x00,
	0x00, 0x00, 0x00, 0x00, 0x00, 0x00, 0x00, 0x00,
	0x00, 0x00, 0x00, 0x00, 0x00, 0x00, 0x00, 0x00,
	0x00, 0x00, 0x00, 0x00, 0x00, 0x00, 0x00, 0x00,
	0x00, 0x00, 0x00, 0x00, 0x00, 0x00, 0x00, 0x00,
	0x00, 0x00, 0x00, 0x00, 0x00, 0x00, 0x00, 0x00,
	0x00, 0x00, 0x00, 0x00, 0x00, 0x00, 0x00, 0x00,
	0x00, 0x00, 0x00, 0x00, 0x00, 0x00, 0x00, 0x00,
	0x00, 0x00, 0x00, 0x00, 0x00, 0x00, 0x00, 0x00,
	0x00, 0x00, 0x00, 0x00, 0x00, 0x00, 0x00, 0x00,
	0x00, 0x00, 0x00, 0x00, 0x00, 0x00, 0x00, 0x00,
	0x00, 0x00, 0x00, 0x00, 0x00, 0x00, 0x00, 0x00,
	0x00, 0x00, 0x00, 0x00, 0x00, 0x00, 0x00, 0x00,
	0x00, 0x00, 0x00, 0x00, 0x00, 0x00, 0x00, 0x00,
	0x00, 0x00, 0x00, 0x00, 0x00, 0x00, 0x00, 0x00,
	0x00, 0x00, 0x00, 0x00, 0x00, 0x00, 0x00, 0x00,
	0x00, 0x00, 0x00, 0x00, 0x00, 0x00, 0x00, 0x00,
	0x00, 0x00, 0x00, 0x00, 0x00, 0x00, 0x00, 0x00,
	0x00, 0x00, 0x00, 0x00, 0x00, 0x00, 0x00, 0x00,
	0x00, 0x00, 0x00, 0x00, 0x00, 0x00, 0x00, 0x00,
	0x00, 0x00, 0x00, 0x00, 0x00, 0x00, 0x00, 0x00,
	0x00, 0x00, 0x00, 0x00, 0x00, 0x00, 0x00, 0x00,
	0x00, 0x00, 0x00, 0x00, 0x00, 0x00, 0x00, 0x00,
	0x00, 0x00, 0x00, 0x00, 0x00, 0x00, 0x00, 0x00,
	0x00, 0x00, 0x00, 0x00, 0x00, 0x00, 0x00, 0x00,
	0x00, 0x00, 0x00, 0x00, 0x00, 0x00, 0x00, 0x00,
	0x00, 0x00, 0x00, 0x00, 0x00, 0x00, 0x00, 0x00,
	0x00, 0x00, 0x00, 0x00, 0x00, 0x00, 0x00, 0x00,
	0x00, 0x00, 0x00, 0x00, 0x00, 0x00, 0x00, 0x00,
	0x00, 0x00, 0x00, 0x00, 0x00, 0x00, 0x00, 0x00,
	0x00, 0x00, 0x00, 0x00, 0x00, 0x00, 0x00, 0x00,
	0x00, 0x00, 0x00, 0x00, 0x00, 0x00, 0x00, 0x00,
	0x00, 0x00, 0x00, 0x00, 0x00, 0x00, 0x00, 0x00,
	0x00, 0x00, 0x00, 0x00, 0x00, 0x00, 0x00, 0x00,
	0x00, 0x00, 0x00, 0x00, 0x00, 0x00, 0x00, 0x00,
	0x00, 0x00, 0x00, 0x00, 0x00, 0x00, 0x00, 0x00,
	0x00, 0x00, 0x00, 0x00, 0x00, 0x00, 0x00, 0x00,
	0x00, 0x00, 0x00, 0x00, 0x00, 0x00, 0x00, 0x00,
	0x00, 0x00, 0x00, 0x00, 0x00, 0x00, 0x00, 0x00,
	0x00, 0x00, 0x00, 0x00, 0x00, 0x00, 0x00, 0x00,
	0x00, 0x00, 0x00, 0x00, 0x00, 0x00, 0x00, 0x00,
	0x00, 0x00, 0x00, 0x00, 0x00, 0x00, 0x00, 0x00,
	0x00, 0x00, 0x00, 0x00, 0x00, 0x00, 0x00, 0x00,
	0x00, 0x00, 0x00, 0x00, 0x00, 0x00, 0x00, 0x00,
	0x00, 0x00, 0x00, 0x00, 0x00, 0x00, 0x00, 0x00,
	0x00, 0x00, 0x00, 0x00, 0x00, 0x00, 0x00, 0x00,
	0x00, 0x00, 0x00, 0x00, 0x00, 0x00, 0x00, 0x00,
	0x00, 0x00, 0x00, 0x00, 0x00, 0x00, 0x00, 0x00,
	0x00, 0x00, 0x00, 0x00, 0x00, 0x00, 0x00, 0x00,
	0x00, 0x00, 0x00, 0x00, 0x00, 0x00, 0x00, 0x00,
	0x00, 0x00, 0x00, 0x00, 0x00, 0x00, 0x00, 0x00,
	0x00, 0x00, 0x00, 0x00, 0x00, 0x00, 0x00, 0x00,
	0x00, 0x00, 0x00, 0x00, 0x00, 0x00, 0x00, 0x00,
	0x00, 0x00, 0x00, 0x00, 0x00, 0x00, 0x00, 0x00,
	0x00, 0x00, 0x00, 0x00, 0x00, 0x00, 0x00, 0x00,
	0x00, 0x00, 0x00, 0x00, 0x00, 0x00, 0x00, 0x00,
	0x00, 0x00, 0x00, 0x00, 0x00, 0x00, 0x00, 0x00,
	0x00, 0x00, 0x00, 0x00, 0x00, 0x00, 0x00, 0x00,
	0x00, 0x00, 0x00, 0x00, 0x00, 0x00, 0x00, 0x00,
	0x00, 0x00, 0x00, 0x00, 0x00, 0x00, 0x00, 0x00,
	0x00, 0x00, 0x00, 0x00, 0x00, 0x00, 0x00, 0x00,
	0x00, 0x00, 0x00, 0x00, 0x00, 0x00, 0x00, 0x00,
	0x00, 0x00, 0x00, 0x00, 0x00, 0x00, 0x00, 0x00,
	0x00, 0x00, 0x00, 0x00, 0x00, 0x00, 0x00, 0x00,
	0x00, 0x00, 0x00, 0x00, 0x00, 0x00, 0x00, 0x00,
	0x00, 0x00, 0x00, 0x00, 0x00, 0x00, 0x00, 0x00,
	0x00, 0x00, 0x00, 0x00, 0x00, 0x00, 0x00, 0x00,
	0x00, 0x00, 0x00, 0x00, 0x00, 0x00, 0x00, 0x00,
	0x00, 0x00, 0x00, 0x00, 0x00, 0x00, 0x00, 0x00,
	0x00, 0x00, 0x00, 0x00, 0x00, 0x00, 0x00, 0x00,
	0x00, 0x00, 0x00, 0x00, 0x00, 0x00, 0x00, 0x00,
	0x00, 0x00, 0x00, 0x00, 0x00, 0x00, 0x00, 0x00,
	0x00, 0x00, 0x00, 0x00, 0x00, 0x00, 0x00, 0x00,
	0x00, 0x00, 0x00, 0x00, 0x00, 0x00, 0x00, 0x00,
	0x00, 0x00, 0x00, 0x00, 0x00, 0x00, 0x00, 0x00,
	0x00, 0x00, 0x00, 0x00, 0x00, 0x00, 0x00, 0x00,
	0x00, 0x00, 0x00, 0x00, 0x00, 0x00, 0x00, 0x00,
	0x00, 0x00, 0x00, 0x00, 0x00, 0x00, 0x00, 0x00,
	0x00, 0x00, 0x00, 0x00, 0x00, 0x00, 0x00, 0x00,
	0x00, 0x00, 0x00, 0x00, 0x00, 0x00, 0x00, 0x00,
	0x00, 0x00, 0x00, 0x00, 0x00, 0x00, 0x00, 0x00,
	0x00, 0x00, 0x00, 0x00, 0x00, 0x00, 0x00, 0x00,
	0x00, 0x00, 0x00, 0x00, 0x00, 0x00, 0x00, 0x00,
	0x00, 0x00, 0x00, 0x00, 0x00, 0x00, 0x00, 0x00,
	0x00, 0x00, 0x00, 0x00, 0x00, 0x00, 0x00, 0x00,
	0x00, 0x00, 0x00, 0x00, 0x00, 0x00, 0x00, 0x00,
	0x00, 0x00, 0x00, 0x00, 0x00, 0x00, 0x00, 0x00,
	0x00, 0x00, 0x00, 0x00, 0x00, 0x00, 0x00, 0x00,
	0x00, 0x00, 0x00, 0x00, 0x00, 0x00, 0x00, 0x00,
	0x00, 0x00, 0x00, 0x00, 0x00, 0x00, 0x00, 0x00,
	0x00, 0x00, 0x00, 0x00, 0x00, 0x00, 0x00, 0x00,
	0x00, 0x00, 0x00, 0x00, 0x00, 0x00, 0x00, 0x00,
	0x00, 0x00, 0x00, 0x00, 0x00, 0x00, 0x00, 0x00,
	0x00, 0x00, 0x00, 0x00, 0x00, 0x00, 0x00, 0x00,
	0x00, 0x00, 0x00, 0x00, 0x00, 0x00, 0x00, 0x00,
	0x00, 0x00, 0x00, 0x00, 0x00, 0x00, 0x00, 0x00,
	0x00, 0x00, 0x00, 0x00, 0x00, 0x00, 0x00, 0x00,
	0x00, 0x00, 0x00, 0x00, 0x00, 0x00, 0x00, 0x00,
	0x00, 0x00, 0x00, 0x00, 0x00, 0x00, 0x00, 0x00,
	0x00, 0x00, 0x00, 0x00, 0x00, 0x00, 0x00, 0x00,
	0x00, 0x00, 0x00, 0x00, 0x00, 0x00, 0x00, 0x00,
	0x00, 0x00, 0x00, 0x00, 0x00, 0x00, 0x00, 0x00,
	0x00, 0x00, 0x00, 0x00, 0x00, 0x00, 0x00, 0x00,
	0x00, 0x00, 0x00, 0x00, 0x00, 0x00, 0x00, 0x00,
	0x00, 0x00, 0x00, 0x00, 0x00, 0x00, 0x00, 0x00,
	0x00, 0x00, 0x00, 0x00, 0x00, 0x00, 0x00, 0x00,
	0x00, 0x00, 0x00, 0x00, 0x00, 0x00, 0x00, 0x00,
	0x00, 0x00, 0x00, 0x00, 0x00, 0x00, 0x00, 0x00,
	0x00, 0x00, 0x00, 0x00, 0x00, 0x00, 0x00, 0x00,
	0x00, 0x00, 0x00, 0x00, 0x00, 0x00, 0x00, 0x00,
	0x00, 0x00, 0x00, 0x00, 0x00, 0x00, 0x00, 0x00,
	0x00, 0x00, 0x00, 0x00, 0x00, 0x00, 0x00, 0x00,
	0x00, 0x00, 0x00, 0x00, 0x00, 0x00, 0x00, 0x00,
	0x00, 0x00, 0x00, 0x00, 0x00, 0x00, 0x00, 0x00,
	0x00, 0x00, 0x00, 0x00, 0x00, 0x00, 0x00, 0x00,
	0x00, 0x00, 0x00, 0x00, 0x00, 0x00, 0x00, 0x00,
	0x00, 0x00, 0x00, 0x00, 0x00, 0x00, 0x00, 0x00,
	0x00, 0x00, 0x00, 0x00, 0x00, 0x00, 0x00, 0x00,
	0x00, 0x00, 0x00, 0x00, 0x00, 0x00, 0x00, 0x00,
	0x00, 0x00, 0x00, 0x00, 0x00, 0x00, 0x00, 0x00,
	0x00, 0x00, 0x00, 0x00, 0x00, 0x00, 0x00, 0x00,
	0x00, 0x00, 0x00, 0x00, 0x00, 0x00, 0x00, 0x00,
	0x00, 0x00, 0x00, 0x00, 0x00, 0x00, 0x00, 0x00,
	0x00, 0x00, 0x00, 0x00, 0x00, 0x00, 0x00, 0x00,
	0x00, 0x00, 0x00, 0x00, 0x00, 0x00, 0x00, 0x00,
	0x00, 0x00, 0x00, 0x00, 0x00, 0x00, 0x00, 0x00,
	0x00, 0x00, 0x00, 0x00, 0x00, 0x00, 0x00, 0x00,
	0x00, 0x00, 0x00, 0x00, 0x00, 0x00, 0x00, 0x00,
	0x00, 0x00, 0x00, 0x00, 0x00, 0x00, 0x00, 0x00,
	0x00, 0x00, 0x00, 0x00, 0x00, 0x00, 0x00, 0x00,
	0x00, 0x00, 0x00, 0x00, 0x00, 0x00, 0x00, 0x00,
	0x00, 0x00, 0x00, 0x00, 0x00, 0x00, 0x00, 0x00,
	0x00, 0x00, 0x00, 0x00, 0x00, 0x00, 0x00, 0x00,
	0x00, 0x00, 0x00, 0x00, 0x00, 0x00, 0x00, 0x00,
	0x00, 0x00, 0x00, 0x00, 0x00, 0x00, 0x00, 0x00,
	0x00, 0x00, 0x00, 0x00, 0x00, 0x00, 0x00, 0x00,
	0x00, 0x00, 0x00, 0x00, 0x00, 0x00, 0x00, 0x00,
	0x00, 0x00, 0x00, 0x00, 0x00, 0x00, 0x00, 0x00,
	0x00, 0x00, 0x00, 0x00, 0x00, 0x00, 0x00, 0x00,
	0x00, 0x00, 0x00, 0x00, 0x00, 0x00, 0x00, 0x00,
	0x00, 0x00, 0x00, 0x00, 0x00, 0x00, 0x00, 0x00,
	0x00, 0x00, 0x00, 0x00, 0x00, 0x00, 0x00, 0x00,
	0x00, 0x00, 0x00, 0x00, 0x00, 0x00, 0x00, 0x00,
	0x00, 0x00, 0x00, 0x00, 0x00, 0x00, 0x00, 0x00,
	0x00, 0x00, 0x00, 0x00, 0x00, 0x00, 0x00, 0x00,
	0x00, 0x00, 0x00, 0x00, 0x00, 0x00, 0x00, 0x00,
	0x00, 0x00, 0x00, 0x00, 0x00, 0x00, 0x00, 0x00,
	0x00, 0x00, 0x00, 0x00, 0x00, 0x00, 0x00, 0x00,
	0x00, 0x00, 0x00, 0x00, 0x00, 0x00, 0x00, 0x00,
	0x00, 0x00, 0x00, 0x00, 0x00, 0x00, 0x00, 0x00,
	0x00, 0x00, 0x00, 0x00, 0x00, 0x00, 0x00, 0x00,
	0x00, 0x00, 0x00, 0x00, 0x00, 0x00, 0x00, 0x00,
	0x00, 0x00, 0x00, 0x00, 0x00, 0x00, 0x00, 0x00,
	0x00, 0x00, 0x00, 0x00, 0x00, 0x00, 0x00, 0x00,
	0x00, 0x00, 0x00, 0x00, 0x00, 0x00, 0x00, 0x00,
	0x00, 0x00, 0x00, 0x00, 0x00, 0x00, 0x00, 0x00,
	0x00, 0x00, 0x00, 0x00, 0x00, 0x00, 0x00, 0x00,
	0x00, 0x00, 0x00, 0x00, 0x00, 0x00, 0x00, 0x00,
	0x00, 0x00, 0x00, 0x00, 0x00, 0x00, 0x00, 0x00,
	0x00, 0x00, 0x00, 0x00, 0x00, 0x00, 0x00, 0x00,
	0x00, 0x00, 0x00, 0x00, 0x00, 0x00, 0x00, 0x00,
	0x00, 0x00, 0x00, 0x00, 0x00, 0x00, 0x00, 0x00,
	0x00, 0x00, 0x00, 0x00, 0x00, 0x00, 0x00, 0x00,
	0x00, 0x00, 0x00, 0x00, 0x00, 0x00, 0x00, 0x00,
	0x00, 0x00, 0x00, 0x00, 0x00, 0x00, 0x00, 0x00,
	0x00, 0x00, 0x00, 0x00, 0x00, 0x00, 0x00, 0x00,
	0x00, 0x00, 0x00, 0x00, 0x00, 0x00, 0x00, 0x00,
	0x00, 0x00, 0x00, 0x00, 0x00, 0x00, 0x00, 0x00,
	0x00, 0x00, 0x00, 0x00, 0x00, 0x00, 0x00, 0x00,
	0x00, 0x00, 0x00, 0x00, 0x00, 0x00, 0x00, 0x00,
	0x00, 0x00, 0x00, 0x00, 0x00, 0x00, 0x00, 0x00,
	0x00, 0x00, 0x00, 0x00, 0x00, 0x00, 0x00, 0x00,
	0x00, 0x00, 0x00, 0x00, 0x00, 0x00, 0x00, 0x00,
	0x00, 0x00, 0x00, 0x00, 0x00, 0x00, 0x00, 0x00,
	0x00, 0x00, 0x00, 0x00, 0x00, 0x00, 0x00, 0x00,
	0x00, 0x00, 0x00, 0x00, 0x00, 0x00, 0x00, 0x00,
	0x00, 0x00, 0x00, 0x00, 0x00, 0x00, 0x00, 0x00,
	0x00, 0x00, 0x00, 0x00, 0x00, 0x00, 0x00, 0x00,
	0x00, 0x00, 0x00, 0x00, 0x00, 0x00, 0x00, 0x00,
	0x00, 0x00, 0x00, 0x00, 0x00, 0x00, 0x00, 0x00,
	0x00, 0x00, 0x00, 0x00, 0x00, 0x00, 0x00, 0x00,
	0x00, 0x00, 0x00, 0x00, 0x00, 0x00, 0x00, 0x00,
	0x00, 0x00, 0x00, 0x00, 0x00, 0x00, 0x00, 0x00,
	0x00, 0x00, 0x00, 0x00, 0x00, 0x00, 0x00, 0x00,
	0x00, 0x00, 0x00, 0x00, 0x00, 0x00, 0x00, 0x00,
	0x00, 0x00, 0x00, 0x00, 0x00, 0x00, 0x00, 0x00,
	0x00, 0x00, 0x00, 0x00, 0x00, 0x00, 0x00, 0x00,
	0x00, 0x00, 0x00, 0x00, 0x00, 0x00, 0x00, 0x00,
	0x00, 0x00, 0x00, 0x00, 0x00, 0x00, 0x00, 0x00,
	0x00, 0x00, 0x00, 0x00, 0x00, 0x00, 0x00, 0x00,
	0x00, 0x00, 0x00, 0x00, 0x00, 0x00, 0x00, 0x00,
	0x00, 0x00, 0x00, 0x00, 0x00, 0x00, 0x00, 0x00,
	0x00, 0x00, 0x00, 0x00, 0x00, 0x00, 0x00, 0x00,
	0x00, 0x00, 0x00, 0x00, 0x00, 0x00, 0x00, 0x00,
	0x00, 0x00, 0x00, 0x00, 0x00, 0x00, 0x00, 0x00,
	0x00, 0x00, 0x00, 0x00, 0x00, 0x00, 0x00, 0x00,
	0x00, 0x00, 0x00, 0x00, 0x00, 0x00, 0x00, 0x00,
	0x00, 0x00, 0x00, 0x00, 0x00, 0x00, 0x00, 0x00,
	0x00, 0x00, 0x00, 0x00, 0x00, 0x00, 0x00, 0x00,
	0x00, 0x00, 0x00, 0x00, 0x00, 0x00, 0x00, 0x00,
	0x00, 0x00, 0x00, 0x00, 0x00, 0x00, 0x00, 0x00,
	0x00, 0x00, 0x00, 0x00, 0x00, 0x00, 0x00, 0x00,
	0x00, 0x00, 0x00, 0x00, 0x00, 0x00, 0x00, 0x00,
	0x00, 0x00, 0x00, 0x00, 0x00, 0x00, 0x00, 0x00,
	0x00, 0x00, 0x00, 0x00, 0x00, 0x00, 0x00, 0x00,
	0x00, 0x00, 0x00, 0x00, 0x00, 0x00, 0x00, 0x00,
	0x00, 0x00, 0x00, 0x00, 0x00, 0x00, 0x00, 0x00,
	0x00, 0x00, 0x00, 0x00, 0x00, 0x00, 0x00, 0x00,
	0x00, 0x00, 0x00, 0x00, 0x00, 0x00, 0x00, 0x00,
	0x00, 0x00, 0x00, 0x00, 0x00, 0x00, 0x00, 0x00,
	0x00, 0x00, 0x00, 0x00, 0x00, 0x00, 0x00, 0x00,
	0x00, 0x00, 0x00, 0x00, 0x00, 0x00, 0x00, 0x00,
	0x00, 0x00, 0x00, 0x00, 0x00, 0x00, 0x00, 0x00,
	0x00, 0x00, 0x00, 0x00, 0x00, 0x00, 0x00, 0x00,
	0x00, 0x00, 0x00, 0x00, 0x00, 0x00, 0x00, 0x00,
	0x00, 0x00, 0x00, 0x00, 0x00, 0x00, 0x00, 0x00,
	0x00, 0x00, 0x00, 0x00, 0x00, 0x00, 0x00, 0x00,
	0x00, 0x00, 0x00, 0x00, 0x00, 0x00, 0x00, 0x00,
	0x00, 0x00, 0x00, 0x00, 0x00, 0x00, 0x00, 0x00,
	0x00, 0x00, 0x00, 0x00, 0x00, 0x00, 0x00, 0x00,
	0x00, 0x00, 0x00, 0x00, 0x00, 0x00, 0x00, 0x00,
	0x00, 0x00, 0x00, 0x00, 0x00, 0x00, 0x00, 0x00,
	0x00, 0x00, 0x00, 0x00, 0x00, 0x00, 0x00, 0x00,
	0x00, 0x00, 0x00, 0x00, 0x00, 0x00, 0x00, 0x00,
	0x00, 0x00, 0x00, 0x00, 0x00, 0x00, 0x00, 0x00,
	0x00, 0x00, 0x00, 0x00, 0x00, 0x00, 0x00, 0x00,
	0x00, 0x00, 0x00, 0x00, 0x00, 0x00, 0x00, 0x00,
	0x00, 0x00, 0x00, 0x00, 0x00, 0x00, 0x00, 0x00,
	0x00, 0x00, 0x00, 0x00, 0x00, 0x00, 0x00, 0x00,
	0x00, 0x00, 0x00, 0x00, 0x00, 0x00, 0x00, 0x00,
	0x00, 0x00, 0x00, 0x00, 0x00, 0x00, 0x00, 0x00,
	0x00, 0x00, 0x00, 0x00, 0x00, 0x00, 0x00, 0x00,
	0x00, 0x00, 0x00, 0x00, 0x00, 0x00, 0x00, 0x00,
	0x00, 0x00, 0x00, 0x00, 0x00, 0x00, 0x00, 0x00,
	0x00, 0x00, 0x00, 0x00, 0x00, 0x00, 0x00, 0x00,
	0x00, 0x00, 0x00, 0x00, 0x00, 0x00, 0x00, 0x00,
	0x00, 0x00, 0x00, 0x00, 0x00, 0x00, 0x00, 0x00,
	0x00, 0x00, 0x00, 0x00, 0x00, 0x00, 0x00, 0x00,
	0x00, 0x00, 0x00, 0x00, 0x00, 0x00, 0x00, 0x00,
	0x00, 0x00, 0x00, 0x00, 0x00, 0x00, 0x00, 0x00,
	0x00, 0x00, 0x00, 0x00, 0x00, 0x00, 0x00, 0x00,
	0x00, 0x00, 0x00, 0x00, 0x00, 0x00, 0x00, 0x00,
	0x00, 0x00, 0x00, 0x00, 0x00, 0x00, 0x00, 0x00,
	0x00, 0x00, 0x00, 0x00, 0x00, 0x00, 0x00, 0x00,
	0x00, 0x00, 0x00, 0x00, 0x00, 0x00, 0x00, 0x00,
	0x00, 0x00, 0x00, 0x00, 0x00, 0x00, 0x00, 0x00,
	0x00, 0x00, 0x00, 0x00, 0x00, 0x00, 0x00, 0x00,
	0x00, 0x00, 0x00, 0x00, 0x00, 0x00, 0x00, 0x00,
	0x00, 0x00, 0x00, 0x00, 0x00, 0x00, 0x00, 0x00,
	0x00, 0x00, 0x00, 0x00, 0x00, 0x00, 0x00, 0x00,
	0x00, 0x00, 0x00, 0x00, 0x00, 0x00, 0x00, 0x00,
	0x00, 0x00, 0x00, 0x00, 0x00, 0x00, 0x00, 0x00,
	0x00, 0x00, 0x00, 0x00, 0x00, 0x00, 0x00, 0x00,
	0x00, 0x00, 0x00, 0x00, 0x00, 0x00, 0x00, 0x00,
	0x00, 0x00, 0x00, 0x00, 0x00, 0x00, 0x00, 0x00,
	0x00, 0x00, 0x00, 0x00, 0x00, 0x00, 0x00, 0x00,
	0x00, 0x00, 0x00, 0x00, 0x00, 0x00, 0x00, 0x00,
	0x00, 0x00, 0x00, 0x00, 0x00, 0x00, 0x00, 0x00,
	0x00, 0x00, 0x00, 0x00, 0x00, 0x00, 0x00, 0x00,
	0x00, 0x00, 0x00, 0x00, 0x00, 0x00, 0x00, 0x00,
	0x00, 0x00, 0x00, 0x00, 0x00, 0x00, 0x00, 0x00,
	0x00, 0x00, 0x00, 0x00, 0x00, 0x00, 0x00, 0x00,
	0x00, 0x00, 0x00, 0x00, 0x00, 0x00, 0x00, 0x00,
	0x00, 0x00, 0x00, 0x00, 0x00, 0x00, 0x00, 0x00,
	0x00, 0x00, 0x00, 0x00, 0x00, 0x00, 0x00, 0x00,
	0x00, 0x00, 0x00, 0x00, 0x00, 0x00, 0x00, 0x00,
	0x00, 0x00, 0x00, 0x00, 0x00, 0x00, 0x00, 0x00,
	0x00, 0x00, 0x00, 0x00, 0x00, 0x00, 0x00, 0x00,
	0x00, 0x00, 0x00, 0x00, 0x00, 0x00, 0x00, 0x00,
	0x00, 0x00, 0x00, 0x00, 0x00, 0x00, 0x00, 0x00,
	0x00, 0x00, 0x00, 0x00, 0x00, 0x00, 0x00, 0x00,
	0x00, 0x00, 0x00, 0x00, 0x00, 0x00, 0x00, 0x00,
	0x00, 0x00, 0x00, 0x00, 0x00, 0x00, 0x00, 0x00,
	0x00, 0x00, 0x00, 0x00, 0x00, 0x00, 0x00, 0x00,
	0x00, 0x00, 0x00, 0x00, 0x00, 0x00, 0x00, 0x00,
	0x00, 0x00, 0x00, 0x00, 0x00, 0x00, 0x00, 0x00,
	0x00, 0x00, 0x00, 0x00, 0x00, 0x00, 0x00, 0x00,
	0x00, 0x00, 0x00, 0x00, 0x00, 0x00, 0x00, 0x00,
	0x00, 0x00, 0x00, 0x00, 0x00, 0x00, 0x00, 0x00,
	0x00, 0x00, 0x00, 0x00, 0x00, 0x00, 0x00, 0x00,
	0x00, 0x00, 0x00, 0x00, 0x00, 0x00, 0x00, 0x00,
	0x00, 0x00, 0x00, 0x00, 0x00, 0x00, 0x00, 0x00,
	0x00, 0x00, 0x00, 0x00, 0x00, 0x00, 0x00, 0x00,
	0x00, 0x00, 0x00, 0x00, 0x00, 0x00, 0x00, 0x00,
	0x00, 0x00, 0x00, 0x00, 0x00, 0x00, 0x00, 0x00,
	0x00, 0x00, 0x00, 0x00, 0x00, 0x00, 0x00, 0x00,
	0x00, 0x00, 0x00, 0x00, 0x00, 0x00, 0x00, 0x00,
	0x00, 0x00, 0x00, 0x00, 0x00, 0x00, 0x00, 0x00,
	0x00, 0x00, 0x00, 0x00, 0x00, 0x00, 0x00, 0x00,
	0x00, 0x00, 0x00, 0x00, 0x00, 0x00, 0x00, 0x00,
	0x00, 0x00, 0x00, 0x00, 0x00, 0x00, 0x00, 0x00,
	0x00, 0x00, 0x00, 0x00, 0x00, 0x00, 0x00, 0x00,
	0x00, 0x00, 0x00, 0x00, 0x00, 0x00, 0x00, 0x00,
	0x00, 0x00, 0x00, 0x00, 0x00, 0x00, 0x00, 0x00,
	0x00, 0x00, 0x00, 0x00, 0x00, 0x00, 0x00, 0x00,
	0x00, 0x00, 0x00, 0x00, 0x00, 0x00, 0x00, 0x00,
	0x00, 0x00, 0x00, 0x00, 0x00, 0x00, 0x00, 0x00,
	0x00, 0x00, 0x00, 0x00, 0x00, 0x00, 0x00, 0x00,
	0x00, 0x00, 0x00, 0x00, 0x00, 0x00, 0x00, 0x00,
	0x00, 0x00, 0x00, 0x00, 0x00, 0x00, 0x00, 0x00,
	0x00, 0x00, 0x00, 0x00, 0x00, 0x00, 0x00, 0x00,
	0x00, 0x00, 0x00, 0x00, 0x00, 0x00, 0x00, 0x00,
	0x00, 0x00, 0x00, 0x00, 0x00, 0x00, 0x00, 0x00,
	0x00, 0x00, 0x00, 0x00, 0x00, 0x00, 0x00, 0x00,
	0x00, 0x00, 0x00, 0x00, 0x00, 0x00, 0x00, 0x00,
	0x00, 0x00, 0x00, 0x00, 0x00, 0x00, 0x00, 0x00,
	0x00, 0x00, 0x00, 0x00, 0x00, 0x00, 0x00, 0x00,
	0x00, 0x00, 0x00, 0x00, 0x00, 0x00, 0x00, 0x00,
	0x00, 0x00, 0x00, 0x00, 0x00, 0x00, 0x00, 0x00,
	0x00, 0x00, 0x00, 0x00, 0x00, 0x00, 0x00, 0x00,
	0x00, 0x00, 0x00, 0x00, 0x00, 0x00, 0x00, 0x00,
	0x00, 0x00, 0x00, 0x00, 0x00, 0x00, 0x00, 0x00,
	0x00, 0x00, 0x00, 0x00, 0x00, 0x00, 0x00, 0x00,
	0x00, 0x00, 0x00, 0x00, 0x00, 0x00, 0x00, 0x00,
	0x00, 0x00, 0x00, 0x00, 0x00, 0x00, 0x00, 0x00,
	0x00, 0x00, 0x00, 0x00, 0x00, 0x00, 0x00, 0x00,
	0x00, 0x00, 0x00, 0x00, 0x00, 0x00, 0x00, 0x00,
	0x00, 0x00, 0x00, 0x00, 0x00, 0x00, 0x00, 0x00,
	0x00, 0x00, 0x00, 0x00, 0x00, 0x00, 0x00, 0x00,
	0x00, 0x00, 0x00, 0x00, 0x00, 0x00, 0x00, 0x00,
	0x00, 0x00, 0x00, 0x00, 0x00, 0x00, 0x00, 0x00,
	0x00, 0x00, 0x00, 0x00, 0x00, 0x00, 0x00, 0x00,
	0x00, 0x00, 0x00, 0x00, 0x00, 0x00, 0x00, 0x00,
	0x00, 0x00, 0x00, 0x00, 0x00, 0x00, 0x00, 0x00,
	0x00, 0x00, 0x00, 0x00, 0x00, 0x00, 0x00, 0x00,
	0x00, 0x00, 0x00, 0x00, 0x00, 0x00, 0x00, 0x00,
	0x00, 0x00, 0x00, 0x00, 0x00, 0x00, 0x00, 0x00,
	0x00, 0x00, 0x00, 0x00, 0x00, 0x00, 0x00, 0x00,
	0x00, 0x00, 0x00, 0x00, 0x00, 0x00, 0x00, 0x00,
	0x00, 0x00, 0x00, 0x00, 0x00, 0x00, 0x00, 0x00,
	0x00, 0x00, 0x00, 0x00, 0x00, 0x00, 0x00, 0x00,
	0x00, 0x00, 0x00, 0x00, 0x00, 0x00, 0x00, 0x00,
	0x00, 0x00, 0x00, 0x00, 0x00, 0x00, 0x00, 0x00,
	0x00, 0x00, 0x00, 0x00, 0x00, 0x00, 0x00, 0x00,
	0x00, 0x00, 0x00, 0x00, 0x00, 0x00, 0x00, 0x00,
	0x00, 0x00, 0x00, 0x00, 0x00, 0x00, 0x00, 0x00,
	0x00, 0x00, 0x00, 0x00, 0x00, 0x00, 0x00, 0x00,
	0x00, 0x00, 0x00, 0x00, 0x00, 0x00, 0x00, 0x00,
	0x00, 0x00, 0x00, 0x00, 0x00, 0x00, 0x00, 0x00,
	0x00, 0x00, 0x00, 0x00, 0x00, 0x00, 0x00, 0x00,
	0x00, 0x00, 0x00, 0x00, 0x00, 0x00, 0x00, 0x00,
	0x00, 0x00, 0x00, 0x00, 0x00, 0x00, 0x00, 0x00,
	0x00, 0x00, 0x00, 0x00, 0x00, 0x00, 0x00, 0x00,
	0x00, 0x00, 0x00, 0x00, 0x00, 0x00, 0x00, 0x00,
	0x00, 0x00, 0x00, 0x00, 0x00, 0x00, 0x00, 0x00,
	0x00, 0x00, 0x00, 0x00, 0x00, 0x00, 0x00, 0x00,
	0x00, 0x00, 0x00, 0x00, 0x00, 0x00, 0x00, 0x00,
	0x00, 0x00, 0x00, 0x00, 0x00, 0x00, 0x00, 0x00,
	0x00, 0x00, 0x00, 0x00, 0x00, 0x00, 0x00, 0x00,
	0x00, 0x00, 0x00, 0x00, 0x00, 0x00, 0x00, 0x00,
	0x00, 0x00, 0x00, 0x00, 0x00, 0x00, 0x00, 0x00,
	0x00, 0x00, 0x00, 0x00, 0x00, 0x00, 0x00, 0x00,
	0x00, 0x00, 0x00, 0x00, 0x00, 0x00, 0x00, 0x00,
	0x00, 0x00, 0x00, 0x00, 0x00, 0x00, 0x00, 0x00,
	0x00, 0x00, 0x00, 0x00, 0x00, 0x00, 0x00, 0x00,
	0x00, 0x00, 0x00, 0x00, 0x00, 0x00, 0x00, 0x00,
	0x00, 0x00, 0x00, 0x00, 0x00, 0x00, 0x00, 0x00,
	0x00, 0x00, 0x00, 0x00, 0x00, 0x00, 0x00, 0x00,
	0x00, 0x00, 0x00, 0x00, 0x00, 0x00, 0x00, 0x00,
	0x00, 0x00, 0x00, 0x00, 0x00, 0x00, 0x00, 0x00,
	0x00, 0x00, 0x00, 0x00, 0x00, 0x00, 0x00, 0x00,
	0x00, 0x00, 0x00, 0x00, 0x00, 0x00, 0x00, 0x00,
	0x00, 0x00, 0x00, 0x00, 0x00, 0x00, 0x00, 0x00,
	0x00, 0x00, 0x00, 0x00, 0x00, 0x00, 0x00, 0x00,
	0x00, 0x00, 0x00, 0x00, 0x00, 0x00, 0x00, 0x00,
	0x00, 0x00, 0x00, 0x00, 0x00, 0x00, 0x00, 0x00,
	0x00, 0x00, 0x00, 0x00, 0x00, 0x00, 0x00, 0x00,
	0x00, 0x00, 0x00, 0x00, 0x00, 0x00, 0x00, 0x00,
	0x00, 0x00, 0x00, 0x00, 0x00, 0x00, 0x00, 0x00,
	0x00, 0x00, 0x00, 0x00, 0x00, 0x00, 0x00, 0x00,
	0x00, 0x00, 0x00, 0x00, 0x00, 0x00, 0x00, 0x00,
	0x00, 0x00, 0x00, 0x00, 0x00, 0x00, 0x00, 0x00,
	0x00, 0x00, 0x00, 0x00, 0x00, 0x00, 0x00, 0x00,
	0x00, 0x00, 0x00, 0x00, 0x00, 0x00, 0x00, 0x00,
	0x00, 0x00, 0x00, 0x00, 0x00, 0x00, 0x00, 0x00,
	0x00, 0x00, 0x00, 0x00, 0x00, 0x00, 0x00, 0x00,
	0x00, 0x00, 0x00, 0x00, 0x00, 0x00, 0x00, 0x00,
	0x00, 0x00, 0x00, 0x00, 0x00, 0x00, 0x00, 0x00,
	0x00, 0x00, 0x00, 0x00, 0x00, 0x00, 0x00, 0x00,
	0x00, 0x00, 0x00, 0x00, 0x00, 0x00, 0x00, 0x00,
	0x00, 0x00, 0x00, 0x00, 0x00, 0x00, 0x00, 0x00,
	0x00, 0x00, 0x00, 0x00, 0x00, 0x00, 0x00, 0x00,
	0x00, 0x00, 0x00, 0x00, 0x00, 0x00, 0x00, 0x00,
	0x00, 0x00, 0x00, 0x00, 0x00, 0x00, 0x00, 0x00,
	0x00, 0x00, 0x00, 0x00, 0x00, 0x00, 0x00, 0x00,
	0x00, 0x00, 0x00, 0x00, 0x00, 0x00, 0x00, 0x00,
	0x00, 0x00, 0x00, 0x00, 0x00, 0x00, 0x00, 0x00,
	0x00, 0x00, 0x00, 0x00, 0x00, 0x00, 0x00, 0x00,
	0x00, 0x00, 0x00, 0x00, 0x00, 0x00, 0x00, 0x00,
	0x00, 0x00, 0x00, 0x00, 0x00, 0x00, 0x00, 0x00,
	0x00, 0x00, 0x00, 0x00, 0x00, 0x00, 0x00, 0x00,
	0x00, 0x00, 0x00, 0x00, 0x00, 0x00, 0x00, 0x00,
	0x00, 0x00, 0x00, 0x00, 0x00, 0x00, 0x00, 0x00,
	0x00, 0x00, 0x00, 0x00, 0x00, 0x00, 0x00, 0x00,
	0x00, 0x00, 0x00, 0x00, 0x00, 0x00, 0x00, 0x00,
	0x00, 0x00, 0x00, 0x00, 0x00, 0x00, 0x00, 0x00,
	0x00, 0x00, 0x00, 0x00, 0x00, 0x00, 0x00, 0x00,
	0x00, 0x00, 0x00, 0x00, 0x00, 0x00, 0x00, 0x00,
	0x00, 0x00, 0x00, 0x00, 0x00, 0x00, 0x00, 0x00,
	0x00, 0x00, 0x00, 0x00, 0x00, 0x00, 0x00, 0x00,
	0x00, 0x00, 0x00, 0x00, 0x00, 0x00, 0x00, 0x00,
	0x00, 0x00, 0x00, 0x00, 0x00, 0x00, 0x00, 0x00,
	0x00, 0x00, 0x00, 0x00, 0x00, 0x00, 0x00, 0x00,
	0x00, 0x00, 0x00, 0x00, 0x00, 0x00, 0x00, 0x00,
	0x00, 0x00, 0x00, 0x00, 0x00, 0x00, 0x00, 0x00,
	0x00, 0x00, 0x00, 0x00, 0x00, 0x00, 0x00, 0x00,
	0x00, 0x00, 0x00, 0x00, 0x00, 0x00, 0x00, 0x00,
	0x00, 0x00, 0x00, 0x00, 0x00, 0x00, 0x00, 0x00,
	0x00, 0x00, 0x00, 0x00, 0x00, 0x00, 0x00, 0x00,
	0x00, 0x00, 0x00, 0x00, 0x00, 0x00, 0x00, 0x00,
	0x00, 0x00, 0x00, 0x00, 0x00, 0x00, 0x00, 0x00,
	0x00, 0x00, 0x00, 0x00, 0x00, 0x00, 0x00, 0x00,
	0x00, 0x00, 0x00, 0x00, 0x00, 0x00, 0x00, 0x00,
	0x00, 0x00, 0x00, 0x00, 0x00, 0x00, 0x00, 0x00,
	0x00, 0x00, 0x00, 0x00, 0x00, 0x00, 0x00, 0x00,
	0x00, 0x00, 0x00, 0x00, 0x00, 0x00, 0x00, 0x00,
	0x00, 0x00, 0x00, 0x00, 0x00, 0x00, 0x00, 0x00,
	0x00, 0x00, 0x00, 0x00, 0x00, 0x00, 0x00, 0x00,
	0x00, 0x00, 0x00, 0x00, 0x00, 0x00, 0x00, 0x00,
	0x00, 0x00, 0x00, 0x00, 0x00, 0x00, 0x00, 0x00,
	0x00, 0x00, 0x00, 0x00, 0x00, 0x00, 0x00, 0x00,
	0x00, 0x00, 0x00, 0x00, 0x00, 0x00, 0x00, 0x00,
	0x00, 0x00, 0x00, 0x00, 0x00, 0x00, 0x00, 0x00,
	0x00, 0x00, 0x00, 0x00, 0x00, 0x00, 0x00, 0x00,
	0x00, 0x00, 0x00, 0x00, 0x00, 0x00, 0x00, 0x00,
	0x00, 0x00, 0x00, 0x00, 0x00, 0x00, 0x00, 0x00,
	0x00, 0x00, 0x00, 0x00, 0x00, 0x00, 0x00, 0x00,
	0x00, 0x00, 0x00, 0x00, 0x00, 0x00, 0x00, 0x00,
	0x00, 0x00, 0x00, 0x00, 0x00, 0x00, 0x00, 0x00,
	0x00, 0x00, 0x00, 0x00, 0x00, 0x00, 0x00, 0x00,
	0x00, 0x00, 0x00, 0x00, 0x00, 0x00, 0x00, 0x00,
	0x00, 0x00, 0x00, 0x00, 0x00, 0x00, 0x00, 0x00,
	0x00, 0x00, 0x00, 0x00, 0x00, 0x00, 0x00, 0x00,
	0x00, 0x00, 0x00, 0x00, 0x00, 0x00, 0x00, 0x00,
	0x00, 0x00, 0x00, 0x00, 0x00, 0x00, 0x00, 0x00,
	0x00, 0x00, 0x00, 0x00, 0x00, 0x00, 0x00, 0x00,
	0x00, 0x00, 0x00, 0x00, 0x00, 0x00, 0x00, 0x00,
	0x00, 0x00, 0x00, 0x00, 0x00, 0x00, 0x00, 0x00,
	0x00, 0x00, 0x00, 0x00, 0x00, 0x00, 0x00, 0x00,
	0x00, 0x00, 0x00, 0x00, 0x00, 0x00, 0x00, 0x00,
	0x00, 0x00, 0x00, 0x00, 0x00, 0x00, 0x00, 0x00,
	0x00, 0x00, 0x00, 0x00, 0x00, 0x00, 0x00, 0x00,
	0x00, 0x00, 0x00, 0x00, 0x00, 0x00, 0x00, 0x00,
	0x00, 0x00, 0x00, 0x00, 0x00, 0x00, 0x00, 0x00,
	0x00, 0x00, 0x00, 0x00, 0x00, 0x00, 0x00, 0x00,
	0x00, 0x00, 0x00, 0x00, 0x00, 0x00, 0x00, 0x00,
	0x00, 0x00, 0x00, 0x00, 0x00, 0x00, 0x00, 0x00,
	0x00, 0x00, 0x00, 0x00, 0x00, 0x00, 0x00, 0x00,
	0x00, 0x00, 0x00, 0x00, 0x00, 0x00, 0x00, 0x00,
	0x00, 0x00, 0x00, 0x00, 0x00, 0x00, 0x00, 0x00,
	0x00, 0x00, 0x00, 0x00, 0x00, 0x00, 0x00, 0x00,
	0x00, 0x00, 0x00, 0x00, 0x00, 0x00, 0x00, 0x00,
	0x00, 0x00, 0x00, 0x00, 0x00, 0x00, 0x00, 0x00,
	0x00, 0x00, 0x00, 0x00, 0x00, 0x00, 0x00, 0x00,
	0x00, 0x00, 0x00, 0x00, 0x00, 0x00, 0x00, 0x00,
	0x00, 0x00, 0x00, 0x00, 0x00, 0x00, 0x00, 0x00,
	0x00, 0x00, 0x00, 0x00, 0x00, 0x00, 0x00, 0x00,
	0x00, 0x00, 0x00, 0x00, 0x00, 0x00, 0x00, 0x00,
	0x00, 0x00, 0x00, 0x00, 0x00, 0x00, 0x00, 0x00,
	0x00, 0x00, 0x00, 0x00, 0x00, 0x00, 0x00, 0x00,
	0x00, 0x00, 0x00, 0x00, 0x00, 0x00, 0x00, 0x00,
	0x00, 0x00, 0x00, 0x00, 0x00, 0x00, 0x00, 0x00,
	0x00, 0x00, 0x00, 0x00, 0x00, 0x00, 0x00, 0x00,
	0x00, 0x00, 0x00, 0x00, 0x00, 0x00, 0x00, 0x00,
	0x00, 0x00, 0x00, 0x00, 0x00, 0x00, 0x00, 0x00,
	0x00, 0x00, 0x00, 0x00, 0x00, 0x00, 0x00, 0x00,
	0x00, 0x00, 0x00, 0x00, 0x00, 0x00, 0x00, 0x00,
	0x00, 0x00, 0x00, 0x00, 0x00, 0x00, 0x00, 0x00,
	0x00, 0x00, 0x00, 0x00, 0x00, 0x00, 0x00, 0x00,
	0x00, 0x00, 0x00, 0x00, 0x00, 0x00, 0x00, 0x00,
	0x00, 0x00, 0x00, 0x00, 0x00, 0x00, 0x00, 0x00,
	0x00, 0x00, 0x00, 0x00, 0x00, 0x00, 0x00, 0x00,
	0x00, 0x00, 0x00, 0x00, 0x00, 0x00, 0x00, 0x00,
	0x00, 0x00, 0x00, 0x00, 0x00, 0x00, 0x00, 0x00,
	0x00, 0x00, 0x00, 0x00, 0x00, 0x00, 0x00, 0x00,
	0x00, 0x00, 0x00, 0x00, 0x00, 0x00, 0x00, 0x00,
	0x00, 0x00, 0x00, 0x00, 0x00, 0x00, 0x00, 0x00,
	0x00, 0x00, 0x00, 0x00, 0x00, 0x00, 0x00, 0x00,
	0x00, 0x00, 0x00, 0x00, 0x00, 0x00, 0x00, 0x00,
	0x00, 0x00, 0x00, 0x00, 0x00, 0x00, 0x00, 0x00,
	0x00, 0x00, 0x00, 0x00, 0x00, 0x00, 0x00, 0x00,
	0x00, 0x00, 0x00, 0x00, 0x00, 0x00, 0x00, 0x00,
	0x00, 0x00, 0x00, 0x00, 0x00, 0x00, 0x00, 0x00,
	0x00, 0x00, 0x00, 0x00, 0x00, 0x00, 0x00, 0x00,
	0x00, 0x00, 0x00, 0x00, 0x00, 0x00, 0x00, 0x00,
	0x00, 0x00, 0x00, 0x00, 0x00, 0x00, 0x00, 0x00,
	0x00, 0x00, 0x00, 0x00, 0x00, 0x00, 0x00, 0x00,
	0x00, 0x00, 0x00, 0x00, 0x00, 0x00, 0x00, 0x00,
	0x00, 0x00, 0x00, 0x00, 0x00, 0x00, 0x00, 0x00,
	0x00, 0x00, 0x00, 0x00, 0x00, 0x00, 0x00, 0x00,
	0x00, 0x00, 0x00, 0x00, 0x00, 0x00, 0x00, 0x00,
	0x00, 0x00, 0x00, 0x00, 0x00, 0x00, 0x00, 0x00,
	0x00, 0x00, 0x00, 0x00, 0x00, 0x00, 0x00, 0x00,
	0x00, 0x00, 0x00, 0x00, 0x00, 0x00, 0x00, 0x00,
	0x00, 0x00, 0x00, 0x00, 0x00, 0x00, 0x00, 0x00,
	0x00, 0x00, 0x00, 0x00, 0x00, 0x00, 0x00, 0x00,
	0x00, 0x00, 0x00, 0x00, 0x00, 0x00, 0x00, 0x00,
	0x00, 0x00, 0x00, 0x00, 0x00, 0x00, 0x00, 0x00,
	0x00, 0x00, 0x00, 0x00, 0x00, 0x00, 0x00, 0x00,
	0x00, 0x00, 0x00, 0x00, 0x00, 0x00, 0x00, 0x00,
	0x00, 0x00, 0x00, 0x00, 0x00, 0x00, 0x00, 0x00,
	0x00, 0x00, 0x00, 0x00, 0x00, 0x00, 0x00, 0x00,
	0x00, 0x00, 0x00, 0x00, 0x00, 0x00, 0x00, 0x00,
	0x00, 0x00, 0x00, 0x00, 0x00, 0x00, 0x00, 0x00,
	0x00, 0x00, 0x00, 0x00, 0x00, 0x00, 0x00, 0x00,
	0x00, 0x00, 0x00, 0x00, 0x00, 0x00, 0x00, 0x00,
	0x00, 0x00, 0x00, 0x00, 0x00, 0x00, 0x00, 0x00,
	0x00, 0x00, 0x00, 0x00, 0x00, 0x00, 0x00, 0x00,
	0x00, 0x00, 0x00, 0x00, 0x00, 0x00, 0x00, 0x00,
	0x00, 0x00, 0x00, 0x00, 0x00, 0x00, 0x00, 0x00,
	0x00, 0x00, 0x00, 0x00, 0x00, 0x00, 0x00, 0x00,
	0x00, 0x00, 0x00, 0x00, 0x00, 0x00, 0x00, 0x00,
	0x00, 0x00, 0x00, 0x00, 0x00, 0x00, 0x00, 0x00,
	0x00, 0x00, 0x00, 0x00, 0x00, 0x00, 0x00, 0x00,
	0x00, 0x00, 0x00, 0x00, 0x00, 0x00, 0x00, 0x00,
	0x00, 0x00, 0x00, 0x00, 0x00, 0x00, 0x00, 0x00,
	0x00, 0x00, 0x00, 0x00, 0x00, 0x00, 0x00, 0x00,
	0x00, 0x00, 0x00, 0x00, 0x00, 0x00, 0x00, 0x00,
	0x00, 0x00, 0x00, 0x00, 0x00, 0x00, 0x00, 0x00,
	0x00, 0x00, 0x00, 0x00, 0x00, 0x00, 0x00, 0x00,
	0x00, 0x00, 0x00, 0x00, 0x00, 0x00, 0x00, 0x00,
	0x00, 0x00, 0x00, 0x00, 0x00, 0x00, 0x00, 0x00,
	0x00, 0x00, 0x00, 0x00, 0x00, 0x00, 0x00, 0x00,
	0x00, 0x00, 0x00, 0x00, 0x00, 0x00, 0x00, 0x00,
	0x00, 0x00, 0x00, 0x00, 0x00, 0x00, 0x00, 0x00,
	0x00, 0x00, 0x00, 0x00, 0x00, 0x00, 0x00, 0x00,
	0x00, 0x00, 0x00, 0x00, 0x00, 0x00, 0x00, 0x00,
	0x00, 0x00, 0x00, 0x00, 0x00, 0x00, 0x00, 0x00,
	0x00, 0x00, 0x00, 0x00, 0x00, 0x00, 0x00, 0x00,
	0x00, 0x00, 0x00, 0x00, 0x00, 0x00, 0x00, 0x00,
	0x00, 0x00, 0x00, 0x00, 0x00, 0x00, 0x00, 0x00,
	0x00, 0x00, 0x00, 0x00, 0x00, 0x00, 0x00, 0x00,
	0x00, 0x00, 0x00, 0x00, 0x00, 0x00, 0x00, 0x00,
	0x00, 0x00, 0x00, 0x00, 0x00, 0x00, 0x00, 0x00,
	0x00, 0x00, 0x00, 0x00, 0x00, 0x00, 0x00, 0x00,
	0x00, 0x00, 0x00, 0x00, 0x00, 0x00, 0x00, 0x00,
	0x00, 0x00, 0x00, 0x00, 0x00, 0x00, 0x00, 0x00,
	0x00, 0x00, 0x00, 0x00, 0x00, 0x00, 0x00, 0x00,
	0x00, 0x00, 0x00, 0x00, 0x00, 0x00, 0x00, 0x00,
	0x00, 0x00, 0x00, 0x00, 0x00, 0x00, 0x00, 0x00,
	0x00, 0x00, 0x00, 0x00, 0x00, 0x00, 0x00, 0x00,
	0x00, 0x00, 0x00, 0x00, 0x00, 0x00, 0x00, 0x00,
	0x00, 0x00, 0x00, 0x00, 0x00, 0x00, 0x00, 0x00,
	0x00, 0x00, 0x00, 0x00, 0x00, 0x00, 0x00, 0x00,
	0x00, 0x00, 0x00, 0x00, 0x00, 0x00, 0x00, 0x00,
	0x00, 0x00, 0x00, 0x00, 0x00, 0x00, 0x00, 0x00,
	0x00, 0x00, 0x00, 0x00, 0x00, 0x00, 0x00, 0x00,
	0x00, 0x00, 0x00, 0x00, 0x00, 0x00, 0x00, 0x00,
	0x00, 0x00, 0x00, 0x00, 0x00, 0x00, 0x00, 0x00,
	0x00, 0x00, 0x00, 0x00, 0x00, 0x00, 0x00, 0x00,
	0x00, 0x00, 0x00, 0x00, 0x00, 0x00, 0x00, 0x00,
	0x00, 0x00, 0x00, 0x00, 0x00, 0x00, 0x00, 0x00,
	0x00, 0x00, 0x00, 0x00, 0x00, 0x00, 0x00, 0x00,
	0x00, 0x00, 0x00, 0x00, 0x00, 0x00, 0x00, 0x00,
	0x00, 0x00, 0x00, 0x00, 0x00, 0x00, 0x00, 0x00,
	0x00, 0x00, 0x00, 0x00, 0x00, 0x00, 0x00, 0x00,
	0x00, 0x00, 0x00, 0x00, 0x00, 0x00, 0x00, 0x00,
	0x00, 0x00, 0x00, 0x00, 0x00, 0x00, 0x00, 0x00,
	0x00, 0x00, 0x00, 0x00, 0x00, 0x00, 0x00, 0x00,
	0x00, 0x00, 0x00, 0x00, 0x00, 0x00, 0x00, 0x00,
	0x00, 0x00, 0x00, 0x00, 0x00, 0x00, 0x00, 0x00,
	0x00, 0x00, 0x00, 0x00, 0x00, 0x00, 0x00, 0x00,
	0x00, 0x00, 0x00, 0x00, 0x00, 0x00, 0x00, 0x00,
	0x00, 0x00, 0x00, 0x00, 0x00, 0x00, 0x00, 0x00,
	0x00, 0x00, 0x00, 0x00, 0x00, 0x00, 0x00, 0x00,
	0x00, 0x00, 0x00, 0x00, 0x00, 0x00, 0x00, 0x00,
	0x00, 0x00, 0x00, 0x00, 0x00, 0x00, 0x00, 0x00,
	0x00, 0x00, 0x00, 0x00, 0x00, 0x00, 0x00, 0x00,
	0x00, 0x00, 0x00, 0x00, 0x00, 0x00, 0x00, 0x00,
	0x00, 0x00, 0x00, 0x00, 0x00, 0x00, 0x00, 0x00,
	0x00, 0x00, 0x00, 0x00, 0x00, 0x00, 0x00, 0x00,
	0x00, 0x00, 0x00, 0x00, 0x00, 0x00, 0x00, 0x00,
	0x00, 0x00, 0x00, 0x00, 0x00, 0x00, 0x00, 0x00,
	0x00, 0x00, 0x00, 0x00, 0x00, 0x00, 0x00, 0x00,
	0x00, 0x00, 0x00, 0x00, 0x00, 0x00, 0x00, 0x00,
	0x00, 0x00, 0x00, 0x00, 0x00, 0x00, 0x00, 0x00,
	0x00, 0x00, 0x00, 0x00, 0x00, 0x00, 0x00, 0x00,
	0x00, 0x00, 0x00, 0x00, 0x00, 0x00, 0x00, 0x00,
	0x00, 0x00, 0x00, 0x00, 0x00, 0x00, 0x00, 0x00,
	0x00, 0x00, 0x00, 0x00, 0x00, 0x00, 0x00, 0x00,
	0x00, 0x00, 0x00, 0x00, 0x00, 0x00, 0x00, 0x00,
	0x00, 0x00, 0x00, 0x00, 0x00, 0x00, 0x00, 0x00,
	0x00, 0x00, 0x00, 0x00, 0x00, 0x00, 0x00, 0x00,
	0x00, 0x00, 0x00, 0x00, 0x00, 0x00, 0x00, 0x00,
	0x00, 0x00, 0x00, 0x00, 0x00, 0x00, 0x00, 0x00,
	0x00, 0x00, 0x00, 0x00, 0x00, 0x00, 0x00, 0x00,
	0x00, 0x00, 0x00, 0x00, 0x00, 0x00, 0x00, 0x00,
	0x00, 0x00, 0x00, 0x00, 0x00, 0x00, 0x00, 0x00,
	0x00, 0x00, 0x00, 0x00, 0x00, 0x00, 0x00, 0x00,
	0x00, 0x00, 0x00, 0x00, 0x00, 0x00, 0x00, 0x00,
	0x00, 0x00, 0x00, 0x00, 0x00, 0x00, 0x00, 0x00,
	0x00, 0x00, 0x00, 0x00, 0x00, 0x00, 0x00, 0x00,
	0x00, 0x00, 0x00, 0x00, 0x00, 0x00, 0x00, 0x00,
	0x00, 0x00, 0x00, 0x00, 0x00, 0x00, 0x00, 0x00,
	0x00, 0x00, 0x00, 0x00, 0x00, 0x00, 0x00, 0x00,
	0x00, 0x00, 0x00, 0x00, 0x00, 0x00, 0x00, 0x00,
	0x00, 0x00, 0x00, 0x00, 0x00, 0x00, 0x00, 0x00,
	0x00, 0x00, 0x00, 0x00, 0x00, 0x00, 0x00, 0x00,
	0x00, 0x00, 0x00, 0x00, 0x00, 0x00, 0x00, 0x00,
	0x00, 0x00, 0x00, 0x00, 0x00, 0x00, 0x00, 0x00,
	0x00, 0x00, 0x00, 0x00, 0x00, 0x00, 0x00, 0x00,
	0x00, 0x00, 0x00, 0x00, 0x00, 0x00, 0x00, 0x00,
	0x00, 0x00, 0x00, 0x00, 0x00, 0x00, 0x00, 0x00,
	0x00, 0x00, 0x00, 0x00, 0x00, 0x00, 0x00, 0x00,
	0x00, 0x00, 0x00, 0x00, 0x00, 0x00, 0x00, 0x00,
	0x00, 0x00, 0x00, 0x00, 0x00, 0x00, 0x00, 0x00,
	0x00, 0x00, 0x00, 0x00, 0x00, 0x00, 0x00, 0x00,
	0x00, 0x00, 0x00, 0x00, 0x00, 0x00, 0x00, 0x00,
	0x00, 0x00, 0x00, 0x00, 0x00, 0x00, 0x00, 0x00,
	0x00, 0x00, 0x00, 0x00, 0x00, 0x00, 0x00, 0x00,
	0x00, 0x00, 0x00, 0x00, 0x00, 0x00, 0x00, 0x00,
	0x00, 0x00, 0x00, 0x00, 0x00, 0x00, 0x00, 0x00,
	0x00, 0x00, 0x00, 0x00, 0x00, 0x00, 0x00, 0x00,
	0x00, 0x00, 0x00, 0x00, 0x00, 0x00, 0x00, 0x00,
	0x00, 0x00, 0x00, 0x00, 0x00, 0x00, 0x00, 0x00,
	0x00, 0x00, 0x00, 0x00, 0x00, 0x00, 0x00, 0x00,
	0x00, 0x00, 0x00, 0x00, 0x00, 0x00, 0x00, 0x00,
	0x00, 0x00, 0x00, 0x00, 0x00, 0x00, 0x00, 0x00,
	0x00, 0x00, 0x00, 0x00, 0x00, 0x00, 0x00, 0x00,
	0x00, 0x00, 0x00, 0x00, 0x00, 0x00, 0x00, 0x00,
	0x00, 0x00, 0x00, 0x00, 0x00, 0x00, 0x00, 0x00,
	0x00, 0x00, 0x00, 0x00, 0x00, 0x00, 0x00, 0x00,
	0x00, 0x00, 0x00, 0x00, 0x00, 0x00, 0x00, 0x00,
	0x00, 0x00, 0x00, 0x00, 0x00, 0x00, 0x00, 0x00,
	0x00, 0x00, 0x00, 0x00, 0x00, 0x00, 0x00, 0x00,
	0x00, 0x00, 0x00, 0x00, 0x00, 0x00, 0x00, 0x00,
	0x00, 0x00, 0x00, 0x00, 0x00, 0x00, 0x00, 0x00,
	0x00, 0x00, 0x00, 0x00, 0x00, 0x00, 0x00, 0x00,
	0x00, 0x00, 0x00, 0x00, 0x00, 0x00, 0x00, 0x00,
	0x00, 0x00, 0x00, 0x00, 0x00, 0x00, 0x00, 0x00,
	0x00, 0x00, 0x00, 0x00, 0x00, 0x00, 0x00, 0x00,
	0x00, 0x00, 0x00, 0x00, 0x00, 0x00, 0x00, 0x00,
	0x00, 0x00, 0x00, 0x00, 0x00, 0x00, 0x00, 0x00,
	0x00, 0x00, 0x00, 0x00, 0x00, 0x00, 0x00, 0x00,
	0x00, 0x00, 0x00, 0x00, 0x00, 0x00, 0x00, 0x00,
	0x00, 0x00, 0x00, 0x00, 0x00, 0x00, 0x00, 0x00,
	0x00, 0x00, 0x00, 0x00, 0x00, 0x00, 0x00, 0x00,
	0x00, 0x00, 0x00, 0x00, 0x00, 0x00, 0x00, 0x00,
	0x00, 0x00, 0x00, 0x00, 0x00, 0x00, 0x00, 0x00,
	0x00, 0x00, 0x00, 0x00, 0x00, 0x00, 0x00, 0x00,
	0x00, 0x00, 0x00, 0x00, 0x00, 0x00, 0x00, 0x00,
	0x00, 0x00, 0x00, 0x00, 0x00, 0x00, 0x00, 0x00,
	0x00, 0x00, 0x00, 0x00, 0x00, 0x00, 0x00, 0x00,
	0x00, 0x00, 0x00, 0x00, 0x00, 0x00, 0x00, 0x00,
	0x00, 0x00, 0x00, 0x00, 0x00, 0x00, 0x00, 0x00,
	0x00, 0x00, 0x00, 0x00, 0x00, 0x00, 0x00, 0x00,
	0x00, 0x00, 0x00, 0x00, 0x00, 0x00, 0x00, 0x00,
	0x00, 0x00, 0x00, 0x00, 0x00, 0x00, 0x00, 0x00,
	0x00, 0x00, 0x00, 0x00, 0x00, 0x00, 0x00, 0x00,
	0x00, 0x00, 0x00, 0x00, 0x00, 0x00, 0x00, 0x00,
	0x00, 0x00, 0x00, 0x00, 0x00, 0x00, 0x00, 0x00,
	0x00, 0x00, 0x00, 0x00, 0x00, 0x00, 0x00, 0x00,
	0x00, 0x00, 0x00, 0x00, 0x00, 0x00, 0x00, 0x00,
	0x00, 0x00, 0x00, 0x00, 0x00, 0x00, 0x00, 0x00,
	0x00, 0x00, 0x00, 0x00, 0x00, 0x00, 0x00, 0x00,
	0x00, 0x00, 0x00, 0x00, 0x00, 0x00, 0x00, 0x00,
	0x00, 0x00, 0x00, 0x00, 0x00, 0x00, 0x00, 0x00,
	0x00, 0x00, 0x00, 0x00, 0x00, 0x00, 0x00, 0x00,
	0x00, 0x00, 0x00, 0x00, 0x00, 0x00, 0x00, 0x00,
	0x00, 0x00, 0x00, 0x00, 0x00, 0x00, 0x00, 0x00,
	0x00, 0x00, 0x00, 0x00, 0x00, 0x00, 0x00, 0x00,
	0x00, 0x00, 0x00, 0x00, 0x00, 0x00, 0x00, 0x00,
	0x00, 0x00, 0x00, 0x00, 0x00, 0x00, 0x00, 0x00,
	0x00, 0x00, 0x00, 0x00, 0x00, 0x00, 0x00, 0x00,
	0x00, 0x00, 0x00, 0x00, 0x00, 0x00, 0x00, 0x00,
	0x00, 0x00, 0x00, 0x00, 0x00, 0x00, 0x00, 0x00,
	0x00, 0x00, 0x00, 0x00, 0x00, 0x00, 0x00, 0x00,
	0x00, 0x00, 0x00, 0x00, 0x00, 0x00, 0x00, 0x00,
	0x00, 0x00, 0x00, 0x00, 0x00, 0x00, 0x00, 0x00,
	0x00, 0x00, 0x00, 0x00, 0x00, 0x00, 0x00, 0x00,
	0x00, 0x00, 0x00, 0x00, 0x00, 0x00, 0x00, 0x00,
	0x00, 0x00, 0x00, 0x00, 0x00, 0x00, 0x00, 0x00,
	0x00, 0x00, 0x00, 0x00, 0x00, 0x00, 0x00, 0x00,
	0x00, 0x00, 0x00, 0x00, 0x00, 0x00, 0x00, 0x00,
	0x00, 0x00, 0x00, 0x00, 0x00, 0x00, 0x00, 0x00,
	0x00, 0x00, 0x00, 0x00, 0x00, 0x00, 0x00, 0x00,
	0x00, 0x00, 0x00, 0x00, 0x00, 0x00, 0x00, 0x00,
	0x00, 0x00, 0x00, 0x00, 0x00, 0x00, 0x00, 0x00,
	0x00, 0x00, 0x00, 0x00, 0x00, 0x00, 0x00, 0x00,
	0x00, 0x00, 0x00, 0x00, 0x00, 0x00, 0x00, 0x00,
	0x00, 0x00, 0x00, 0x00, 0x00, 0x00, 0x00, 0x00,
	0x00, 0x00, 0x00, 0x00, 0x00, 0x00, 0x00, 0x00,
	0x00, 0x00, 0x00, 0x00, 0x00, 0x00, 0x00, 0x00,
	0x00, 0x00, 0x00, 0x00, 0x00, 0x00, 0x00, 0x00,
	0x00, 0x00, 0x00, 0x00, 0x00, 0x00, 0x00, 0x00,
	0x00, 0x00, 0x00, 0x00, 0x00, 0x00, 0x00, 0x00,
	0x00, 0x00, 0x00, 0x00, 0x00, 0x00, 0x00, 0x00,
	0x00, 0x00, 0x00, 0x00, 0x00, 0x00, 0x00, 0x00,
	0x00, 0x00, 0x00, 0x00, 0x00, 0x00, 0x00, 0x00,
	0x00, 0x00, 0x00, 0x00, 0x00, 0x00, 0x00, 0x00,
	0x00, 0x00, 0x00, 0x00, 0x00, 0x00, 0x00, 0x00,
	0x00, 0x00, 0x00, 0x00, 0x00, 0x00, 0x00, 0x00,
	0x00, 0x00, 0x00, 0x00, 0x00, 0x00, 0x00, 0x00,
	0x00, 0x00, 0x00, 0x00, 0x00, 0x00, 0x00, 0x00,
	0x00, 0x00, 0x00, 0x00, 0x00, 0x00, 0x00, 0x00,
	0x00, 0x00, 0x00, 0x00, 0x00, 0x00, 0x00, 0x00,
	0x00, 0x00, 0x00, 0x00, 0x00, 0x00, 0x00, 0x00,
	0x00, 0x00, 0x00, 0x00, 0x00, 0x00, 0x00, 0x00,
	0x00, 0x00, 0x00, 0x00, 0x00, 0x00, 0x00, 0x00,
	0x00, 0x00, 0x00, 0x00, 0x00, 0x00, 0x00, 0x00,
	0x00, 0x00, 0x00, 0x00, 0x00, 0x00, 0x00, 0x00,
	0x00, 0x00, 0x00, 0x00, 0x00, 0x00, 0x00, 0x00,
	0x00, 0x00, 0x00, 0x00, 0x00, 0x00, 0x00, 0x00,
	0x00, 0x00, 0x00, 0x00, 0x00, 0x00, 0x00, 0x00,
	0x00, 0x00, 0x00, 0x00, 0x00, 0x00, 0x00, 0x00,
	0x00, 0x00, 0x00, 0x00, 0x00, 0x00, 0x00, 0x00,
	0x00, 0x00, 0x00, 0x00, 0x00, 0x00, 0x00, 0x00,
	0x00, 0x00, 0x00, 0x00, 0x00, 0x00, 0x00, 0x00,
	0x00, 0x00, 0x00, 0x00, 0x00, 0x00, 0x00, 0x00,
	0x00, 0x00, 0x00, 0x00, 0x00, 0x00, 0x00, 0x00,
	0x00, 0x00, 0x00, 0x00, 0x00, 0x00, 0x00, 0x00,
	0x00, 0x00, 0x00, 0x00, 0x00, 0x00, 0x00, 0x00,
	0x00, 0x00, 0x00, 0x00, 0x00, 0x00, 0x00, 0x00,
	0x00, 0x00, 0x00, 0x00, 0x00, 0x00, 0x00, 0x00,
	0x00, 0x00, 0x00, 0x00, 0x00, 0x00, 0x00, 0x00,
	0x00, 0x00, 0x00, 0x00, 0x00, 0x00, 0x00, 0x00,
	0x00, 0x00, 0x00, 0x00, 0x00, 0x00, 0x00, 0x00,
	0x00, 0x00, 0x00, 0x00, 0x00, 0x00, 0x00, 0x00,
	0x00, 0x00, 0x00, 0x00, 0x00, 0x00, 0x00, 0x00,
	0x00, 0x00, 0x00, 0x00, 0x00, 0x00, 0x00, 0x00,
	0x00, 0x00, 0x00, 0x00, 0x00, 0x00, 0x00, 0x00,
	0x00, 0x00, 0x00, 0x00, 0x00, 0x00, 0x00, 0x00,
	0x00, 0x00, 0x00, 0x00, 0x00, 0x00, 0x00, 0x00,
	0x00, 0x00, 0x00, 0x00, 0x00, 0x00, 0x00, 0x00,
	0x00, 0x00, 0x00, 0x00, 0x00, 0x00, 0x00, 0x00,
	0x00, 0x00, 0x00, 0x00, 0x00, 0x00, 0x00, 0x00,
	0x00, 0x00, 0x00, 0x00, 0x00, 0x00, 0x00, 0x00,
	0x00, 0x00, 0x00, 0x00, 0x00, 0x00, 0x00, 0x00,
	0x00, 0x00, 0x00, 0x00, 0x00, 0x00, 0x00, 0x00,
	0x00, 0x00, 0x00, 0x00, 0x00, 0x00, 0x00, 0x00,
	0x00, 0x00, 0x00, 0x00, 0x00, 0x00, 0x00, 0x00,
	0x00, 0x00, 0x00, 0x00, 0x00, 0x00, 0x00, 0x00,
	0x00, 0x00, 0x00, 0x00, 0x00, 0x00, 0x00, 0x00,
	0x00, 0x00, 0x00, 0x00, 0x00, 0x00, 0x00, 0x00,
	0x00, 0x00, 0x00, 0x00, 0x00, 0x00, 0x00, 0x00,
	0x00, 0x00, 0x00, 0x00, 0x00, 0x00, 0x00, 0x00,
	0x00, 0x00, 0x00, 0x00, 0x00, 0x00, 0x00, 0x00,
	0x00, 0x00, 0x00, 0x00, 0x00, 0x00, 0x00, 0x00,
	0x00, 0x00, 0x00, 0x00, 0x00, 0x00, 0x00, 0x00,
	0x00, 0x00, 0x00, 0x00, 0x00, 0x00, 0x00, 0x00,
	0x00, 0x00, 0x00, 0x00, 0x00, 0x00, 0x00, 0x00,
	0x00, 0x00, 0x00, 0x00, 0x00, 0x00, 0x00, 0x00,
	0x00, 0x00, 0x00, 0x00, 0x00, 0x00, 0x00, 0x00,
	0x00, 0x00, 0x00, 0x00, 0x00, 0x00, 0x00, 0x00,
	0x00, 0x00, 0x00, 0x00, 0x00, 0x00, 0x00, 0x00,
	0x00, 0x00, 0x00, 0x00, 0x00, 0x00, 0x00, 0x00,
	0x00, 0x00, 0x00, 0x00, 0x00, 0x00, 0x00, 0x00,
	0x00, 0x00, 0x00, 0x00, 0x00, 0x00, 0x00, 0x00,
	0x00, 0x00, 0x00, 0x00, 0x00, 0x00, 0x00, 0x00,
	0x00, 0x00, 0x00, 0x00, 0x00, 0x00, 0x00, 0x00,
	0x00, 0x00, 0x00, 0x00, 0x00, 0x00, 0x00, 0x00,
	0x00, 0x00, 0x00, 0x00, 0x00, 0x00, 0x00, 0x00,
	0x00, 0x00, 0x00, 0x00, 0x00, 0x00, 0x00, 0x00,
	0x00, 0x00, 0x00, 0x00, 0x00, 0x00, 0x00, 0x00,
	0x00, 0x00, 0x00, 0x00, 0x00, 0x00, 0x00, 0x00,
	0x00, 0x00, 0x00, 0x00, 0x00, 0x00, 0x00, 0x00,
	0x00, 0x00, 0x00, 0x00, 0x00, 0x00, 0x00, 0x00,
	0x00, 0x00, 0x00, 0x00, 0x00, 0x00, 0x00, 0x00,
	0x00, 0x00, 0x00, 0x00, 0x00, 0x00, 0x00, 0x00,
	0x00, 0x00, 0x00, 0x00, 0x00, 0x00, 0x00, 0x00,
	0x00, 0x00, 0x00, 0x00, 0x00, 0x00, 0x00, 0x00,
	0x00, 0x00, 0x00, 0x00, 0x00, 0x00, 0x00, 0x00,
	0x00, 0x00, 0x00, 0x00, 0x00, 0x00, 0x00, 0x00,
	0x00, 0x00, 0x00, 0x00, 0x00, 0x00, 0x00, 0x00,
	0x00, 0x00, 0x00, 0x00, 0x00, 0x00, 0x00, 0x00,
	0x00, 0x00, 0x00, 0x00, 0x00, 0x00, 0x00, 0x00,
	0x00, 0x00, 0x00, 0x00, 0x00, 0x00, 0x00, 0x00,
	0x00, 0x00, 0x00, 0x00, 0x00, 0x00, 0x00, 0x00,
	0x00, 0x00, 0x00, 0x00, 0x00, 0x00, 0x00, 0x00,
	0x00, 0x00, 0x00, 0x00, 0x00, 0x00, 0x00, 0x00,
	0x00, 0x00, 0x00, 0x00, 0x00, 0x00, 0x00, 0x00,
	0x00, 0x00, 0x00, 0x00, 0x00, 0x00, 0x00, 0x00,
	0x00, 0x00, 0x00, 0x00, 0x00, 0x00, 0x00, 0x00,
	0x00, 0x00, 0x00, 0x00, 0x00, 0x00, 0x00, 0x00,
	0x00, 0x00, 0x00, 0x00, 0x00, 0x00, 0x00, 0x00,
	0x00, 0x00, 0x00, 0x00, 0x00, 0x00, 0x00, 0x00,
	0x00, 0x00, 0x00, 0x00, 0x00, 0x00, 0x00, 0x00,
	0x00, 0x00, 0x00, 0x00, 0x00, 0x00, 0x00, 0x00,
	0x00, 0x00, 0x00, 0x00, 0x00, 0x00, 0x00, 0x00,
	0x00, 0x00, 0x00, 0x00, 0x00, 0x00, 0x00, 0x00,
	0x00, 0x00, 0x00, 0x00, 0x00, 0x00, 0x00, 0x00,
	0x00, 0x00, 0x00, 0x00, 0x00, 0x00, 0x00, 0x00,
	0x00, 0x00, 0x00, 0x00, 0x00, 0x00, 0x00, 0x00,
	0x00, 0x00, 0x00, 0x00, 0x00, 0x00, 0x00, 0x00,
	0x00, 0x00, 0x00, 0x00, 0x00, 0x00, 0x00, 0x00,
	0x00, 0x00, 0x00, 0x00, 0x00, 0x00, 0x00, 0x00,
	0x00, 0x00, 0x00, 0x00, 0x00, 0x00, 0x00, 0x00,
	0x00, 0x00, 0x00, 0x00, 0x00, 0x00, 0x00, 0x00,
	0x00, 0x00, 0x00, 0x00, 0x00, 0x00, 0x00, 0x00,
	0x00, 0x00, 0x00, 0x00, 0x00, 0x00, 0x00, 0x00,
	0x00, 0x00, 0x00, 0x00, 0x00, 0x00, 0x00, 0x00,
	0x00, 0x00, 0x00, 0x00, 0x00, 0x00, 0x00, 0x00,
	0x00, 0x00, 0x00, 0x00, 0x00, 0x00, 0x00, 0x00,
	0x00, 0x00, 0x00, 0x00, 0x00, 0x00, 0x00, 0x00,
	0x00, 0x00, 0x00, 0x00, 0x00, 0x00, 0x00, 0x00,
	0x00, 0x00, 0x00, 0x00, 0x00, 0x00, 0x00, 0x00,
	0x00, 0x00, 0x00, 0x00, 0x00, 0x00, 0x00, 0x00,
	0x00, 0x00, 0x00, 0x00, 0x00, 0x00, 0x00, 0x00,
	0x00, 0x00, 0x00, 0x00, 0x00, 0x00, 0x00, 0x00,
	0x00, 0x00, 0x00, 0x00, 0x00, 0x00, 0x00, 0x00,
	0x00, 0x00, 0x00, 0x00, 0x00, 0x00, 0x00, 0x00,
	0x00, 0x00, 0x00, 0x00, 0x00, 0x00, 0x00, 0x00,
	0x00, 0x00, 0x00, 0x00, 0x00, 0x00, 0x00, 0x00,
	0x00, 0x00, 0x00, 0x00, 0x00, 0x00, 0x00, 0x00,
	0x00, 0x00, 0x00, 0x00, 0x00, 0x00, 0x00, 0x00,
	0x00, 0x00, 0x00, 0x00, 0x00, 0x00, 0x00, 0x00,
	0x00, 0x00, 0x00, 0x00, 0x00, 0x00, 0x00, 0x00,
	0x00, 0x00, 0x00, 0x00, 0x00, 0x00, 0x00, 0x00,
	0x00, 0x00, 0x00, 0x00, 0x00, 0x00, 0x00, 0x00,
	0x00, 0x00, 0x00, 0x00, 0x00, 0x00, 0x00, 0x00,
	0x00, 0x00, 0x00, 0x00, 0x00, 0x00, 0x00, 0x00,
	0x00, 0x00, 0x00, 0x00, 0x00, 0x00, 0x00, 0x00,
	0x00, 0x00, 0x00, 0x00, 0x00, 0x00, 0x00, 0x00,
	0x00, 0x00, 0x00, 0x00, 0x00, 0x00, 0x00, 0x00,
	0x00, 0x00, 0x00, 0x00, 0x00, 0x00, 0x00, 0x00,
	0x00, 0x00, 0x00, 0x00, 0x00, 0x00, 0x00, 0x00,
	0x00, 0x00, 0x00, 0x00, 0x00, 0x00, 0x00, 0x00,
	0x00, 0x00, 0x00, 0x00, 0x00, 0x00, 0x00, 0x00,
	0x00, 0x00, 0x00, 0x00, 0x00, 0x00, 0x00, 0x00,
	0x00, 0x00, 0x00, 0x00, 0x00, 0x00, 0x00, 0x00,
	0x00, 0x00, 0x00, 0x00, 0x00, 0x00, 0x00, 0x00,
	0x00, 0x00, 0x00, 0x00, 0x00, 0x00, 0x00, 0x00,
	0x00, 0x00, 0x00, 0x00, 0x00, 0x00, 0x00, 0x00,
	0x00, 0x00, 0x00, 0x00, 0x00, 0x00, 0x00, 0x00,
	0x00, 0x00, 0x00, 0x00, 0x00, 0x00, 0x00, 0x00,
	0x00, 0x00, 0x00, 0x00, 0x00, 0x00, 0x00, 0x00,
	0x00, 0x00, 0x00, 0x00, 0x00, 0x00, 0x00, 0x00,
	0x00, 0x00, 0x00, 0x00, 0x00, 0x00, 0x00, 0x00,
	0x00, 0x00, 0x00, 0x00, 0x00, 0x00, 0x00, 0x00,
	0x00, 0x00, 0x00, 0x00, 0x00, 0x00, 0x00, 0x00,
	0x00, 0x00, 0x00, 0x00, 0x00, 0x00, 0x00, 0x00,
	0x00, 0x00, 0x00, 0x00, 0x00, 0x00, 0x00, 0x00,
	0x00, 0x00, 0x00, 0x00, 0x00, 0x00, 0x00, 0x00,
	0x00, 0x00, 0x00, 0x00, 0x00, 0x00, 0x00, 0x00,
	0x00, 0x00, 0x00, 0x00, 0x00, 0x00, 0x00, 0x00,
	0x00, 0x00, 0x00, 0x00, 0x00, 0x00, 0x00, 0x00,
	0x00, 0x00, 0x00, 0x00, 0x00, 0x00, 0x00, 0x00,
	0x00, 0x00, 0x00, 0x00, 0x00, 0x00, 0x00, 0x00,
	0x00, 0x00, 0x00, 0x00, 0x00, 0x00, 0x00, 0x00,
	0x00, 0x00, 0x00, 0x00, 0x00, 0x00, 0x00, 0x00,
	0x00, 0x00, 0x00, 0x00, 0x00, 0x00, 0x00, 0x00,
	0x00, 0x00, 0x00, 0x00, 0x00, 0x00, 0x00, 0x00,
	0x00, 0x00, 0x00, 0x00, 0x00, 0x00, 0x00, 0x00,
	0x00, 0x00, 0x00, 0x00, 0x00, 0x00, 0x00, 0x00,
	0x00, 0x00, 0x00, 0x00, 0x00, 0x00, 0x00, 0x00,
	0x00, 0x00, 0x00, 0x00, 0x00, 0x00, 0x00, 0x00,
	0x00, 0x00, 0x00, 0x00, 0x00, 0x00, 0x00, 0x00,
	0x00, 0x00, 0x00, 0x00, 0x00, 0x00, 0x00, 0x00,
	0x00, 0x00, 0x00, 0x00, 0x00, 0x00, 0x00, 0x00,
	0x00, 0x00, 0x00, 0x00, 0x00, 0x00, 0x00, 0x00,
	0x00, 0x00, 0x00, 0x00, 0x00, 0x00, 0x00, 0x00,
	0x00, 0x00, 0x00, 0x00, 0x00, 0x00, 0x00, 0x00,
	0x00, 0x00, 0x00, 0x00, 0x00, 0x00, 0x00, 0x00,
	0x00, 0x00, 0x00, 0x00, 0x00, 0x00, 0x00, 0x00,
	0x00, 0x00, 0x00, 0x00, 0x00, 0x00, 0x00, 0x00,
	0x00, 0x00, 0x00, 0x00, 0x00, 0x00, 0x00, 0x00,
	0x00, 0x00, 0x00, 0x00, 0x00, 0x00, 0x00, 0x00,
	0x00, 0x00, 0x00, 0x00, 0x00, 0x00, 0x00, 0x00,
	0x00, 0x00, 0x00, 0x00, 0x00, 0x00, 0x00, 0x00,
	0x00, 0x00, 0x00, 0x00, 0x00, 0x00, 0x00, 0x00,
	0x00, 0x00, 0x00, 0x00, 0x00, 0x00, 0x00, 0x00,
	0x00, 0x00, 0x00, 0x00, 0x00, 0x00, 0x00, 0x00,
	0x00, 0x00, 0x00, 0x00, 0x00, 0x00, 0x00, 0x00,
	0x00, 0x00, 0x00, 0x00, 0x00, 0x00, 0x00, 0x00,
	0x00, 0x00, 0x00, 0x00, 0x00, 0x00, 0x00, 0x00,
	0x00, 0x00, 0x00, 0x00, 0x00, 0x00, 0x00, 0x00,
	0x00, 0x00, 0x00, 0x00, 0x00, 0x00, 0x00, 0x00,
	0x00, 0x00, 0x00, 0x00, 0x00, 0x00, 0x00, 0x00,
	0x00, 0x00, 0x00, 0x00, 0x00, 0x00, 0x00, 0x00,
	0x00, 0x00, 0x00, 0x00, 0x00, 0x00, 0x00, 0x00,
	0x00, 0x00, 0x00, 0x00, 0x00, 0x00, 0x00, 0x00,
	0x00, 0x00, 0x00, 0x00, 0x00, 0x00, 0x00, 0x00,
	0x00, 0x00, 0x00, 0x00, 0x00, 0x00, 0x00, 0x00,
	0x00, 0x00, 0x00, 0x00, 0x00, 0x00, 0x00, 0x00,
	0x00, 0x00, 0x00, 0x00, 0x00, 0x00, 0x00, 0x00,
	0x00, 0x00, 0x00, 0x00, 0x00, 0x00, 0x00, 0x00,
	0x00, 0x00, 0x00, 0x00, 0x00, 0x00, 0x00, 0x00,
	0x00, 0x00, 0x00, 0x00, 0x00, 0x00, 0x00, 0x00,
	0x00, 0x00, 0x00, 0x00, 0x00, 0x00, 0x00, 0x00,
	0x00, 0x00, 0x00, 0x00, 0x00, 0x00, 0x00, 0x00,
	0x00, 0x00, 0x00, 0x00, 0x00, 0x00, 0x00, 0x00,
	0x00, 0x00, 0x00, 0x00, 0x00, 0x00, 0x00, 0x00,
	0x00, 0x00, 0x00, 0x00, 0x00, 0x00, 0x00, 0x00,
	0x00, 0x00, 0x00, 0x00, 0x00, 0x00, 0x00, 0x00,
	0x00, 0x00, 0x00, 0x00, 0x00, 0x00, 0x00, 0x00,
	0x00, 0x00, 0x00, 0x00, 0x00, 0x00, 0x00, 0x00,
	0x00, 0x00, 0x00, 0x00, 0x00, 0x00, 0x00, 0x00,
	0x00, 0x00, 0x00, 0x00, 0x00, 0x00, 0x00, 0x00,
	0x00, 0x00, 0x00, 0x00, 0x00, 0x00, 0x00, 0x00,
	0x00, 0x00, 0x00, 0x00, 0x00, 0x00, 0x00, 0x00,
	0x00, 0x00, 0x00, 0x00, 0x00, 0x00, 0x00, 0x00,
	0x00, 0x00, 0x00, 0x00, 0x00, 0x00, 0x00, 0x00,
	0x00, 0x00, 0x00, 0x00, 0x00, 0x00, 0x00, 0x00,
	0x00, 0x00, 0x00, 0x00, 0x00, 0x00, 0x00, 0x00,
	0x00, 0x00, 0x00, 0x00, 0x00, 0x00, 0x00, 0x00,
	0x00, 0x00, 0x00, 0x00, 0x00, 0x00, 0x00, 0x00,
	0x00, 0x00, 0x00, 0x00, 0x00, 0x00, 0x00, 0x00,
	0x00, 0x00, 0x00, 0x00, 0x00, 0x00, 0x00, 0x00,
	0x00, 0x00, 0x00, 0x00, 0x00, 0x00, 0x00, 0x00,
	0x00, 0x00, 0x00, 0x00, 0x00, 0x00, 0x00, 0x00,
	0x00, 0x00, 0x00, 0x00, 0x00, 0x00, 0x00, 0x00,
	0x00, 0x00, 0x00, 0x00, 0x00, 0x00, 0x00, 0x00,
	0x00, 0x00, 0x00, 0x00, 0x00, 0x00, 0x00, 0x00,
	0x00, 0x00, 0x00, 0x00, 0x00, 0x00, 0x00, 0x00,
	0x00, 0x00, 0x00, 0x00, 0x00, 0x00, 0x00, 0x00,
	0x00, 0x00, 0x00, 0x00, 0x00, 0x00, 0x00, 0x00,
	0x00, 0x00, 0x00, 0x00, 0x00, 0x00, 0x00, 0x00,
	0x00, 0x00, 0x00, 0x00, 0x00, 0x00, 0x00, 0x00,
	0x00, 0x00, 0x00, 0x00, 0x00, 0x00, 0x00, 0x00,
	0x00, 0x00, 0x00, 0x00, 0x00, 0x00, 0x00, 0x00,
	0x00, 0x00, 0x00, 0x00, 0x00, 0x00, 0x00, 0x00,
	0x00, 0x00, 0x00, 0x00, 0x00, 0x00, 0x00, 0x00,
	0x00, 0x00, 0x00, 0x00, 0x00, 0x00, 0x00, 0x00,
	0x00, 0x00, 0x00, 0x00, 0x00, 0x00, 0x00, 0x00,
	0x00, 0x00, 0x00, 0x00, 0x00, 0x00, 0x00, 0x00,
	0x00, 0x00, 0x00, 0x00, 0x00, 0x00, 0x00, 0x00,
	0x00, 0x00, 0x00, 0x00, 0x00, 0x00, 0x00, 0x00,
	0x00, 0x00, 0x00, 0x00, 0x00, 0x00, 0x00, 0x00,
	0x00, 0x00, 0x00, 0x00, 0x00, 0x00, 0x00, 0x00,
	0x00, 0x00, 0x00, 0x00, 0x00, 0x00, 0x00, 0x00,
	0x00, 0x00, 0x00, 0x00, 0x00, 0x00, 0x00, 0x00,
	0x00, 0x00, 0x00, 0x00, 0x00, 0x00, 0x00, 0x00,
	0x00, 0x00, 0x00, 0x00, 0x00, 0x00, 0x00, 0x00,
	0x00, 0x00, 0x00, 0x00, 0x00, 0x00, 0x00, 0x00,
	0x00, 0x00, 0x00, 0x00, 0x00, 0x00, 0x00, 0x00,
	0x00, 0x00, 0x00, 0x00, 0x00, 0x00, 0x00, 0x00,
	0x00, 0x00, 0x00, 0x00, 0x00, 0x00, 0x00, 0x00,
	0x00, 0x00, 0x00, 0x00, 0x00, 0x00, 0x00, 0x00,
	0x00, 0x00, 0x00, 0x00, 0x00, 0x00, 0x00, 0x00,
	0x00, 0x00, 0x00, 0x00, 0x00, 0x00, 0x00, 0x00,
	0x00, 0x00, 0x00, 0x00, 0x00, 0x00, 0x00, 0x00,
	0x00, 0x00, 0x00, 0x00, 0x00, 0x00, 0x00, 0x00,
	0x00, 0x00, 0x00, 0x00, 0x00, 0x00, 0x00, 0x00,
	0x00, 0x00, 0x00, 0x00, 0x00, 0x00, 0x00, 0x00,
	0x00, 0x00, 0x00, 0x00, 0x00, 0x00, 0x00, 0x00,
	0x00, 0x00, 0x00, 0x00, 0x00, 0x00, 0x00, 0x00,
	0x00, 0x00, 0x00, 0x00, 0x00, 0x00, 0x00, 0x00,
	0x00, 0x00, 0x00, 0x00, 0x00, 0x00, 0x00, 0x00,
	0x00, 0x00, 0x00, 0x00, 0x00, 0x00, 0x00, 0x00,
	0x00, 0x00, 0x00, 0x00, 0x00, 0x00, 0x00, 0x00,
	0x00, 0x00, 0x00, 0x00, 0x00, 0x00, 0x00, 0x00,
	0x00, 0x00, 0x00, 0x00, 0x00, 0x00, 0x00, 0x00,
	0x00, 0x00, 0x00, 0x00, 0x00, 0x00, 0x00, 0x00,
	0x00, 0x00, 0x00, 0x00, 0x00, 0x00, 0x00, 0x00,
	0x00, 0x00, 0x00, 0x00, 0x00, 0x00, 0x00, 0x00,
	0x00, 0x00, 0x00, 0x00, 0x00, 0x00, 0x00, 0x00,
	0x00, 0x00, 0x00, 0x00, 0x00, 0x00, 0x00, 0x00,
	0x00, 0x00, 0x00, 0x00, 0x00, 0x00, 0x00, 0x00,
	0x00, 0x00, 0x00, 0x00, 0x00, 0x00, 0x00, 0x00,
	0x00, 0x00, 0x00, 0x00, 0x00, 0x00, 0x00, 0x00,
	0x00, 0x00, 0x00, 0x00, 0x00, 0x00, 0x00, 0x00,
	0x00, 0x00, 0x00, 0x00, 0x00, 0x00, 0x00, 0x00,
	0x00, 0x00, 0x00, 0x00, 0x00, 0x00, 0x00, 0x00,
	0x00, 0x00, 0x00, 0x00, 0x00, 0x00, 0x00, 0x00,
	0x00, 0x00, 0x00, 0x00, 0x00, 0x00, 0x00, 0x00,
	0x00, 0x00, 0x00, 0x00, 0x00, 0x00, 0x00, 0x00,
	0x00, 0x00, 0x00, 0x00, 0x00, 0x00, 0x00, 0x00,
	0x00, 0x00, 0x00, 0x00, 0x00, 0x00, 0x00, 0x00,
	0x00, 0x00, 0x00, 0x00, 0x00, 0x00, 0x00, 0x00,
	0x00, 0x00, 0x00, 0x00, 0x00, 0x00, 0x00, 0x00,
	0x00, 0x00, 0x00, 0x00, 0x00, 0x00, 0x00, 0x00,
	0x00, 0x00, 0x00, 0x00, 0x00, 0x00, 0x00, 0x00,
	0x00, 0x00, 0x00, 0x00, 0x00, 0x00, 0x00, 0x00,
	0x00, 0x00, 0x00, 0x00, 0x00, 0x00, 0x00, 0x00,
	0x00, 0x00, 0x00, 0x00, 0x00, 0x00, 0x00, 0x00,
	0x00, 0x00, 0x00, 0x00, 0x00, 0x00, 0x00, 0x00,
	0x00, 0x00, 0x00, 0x00, 0x00, 0x00, 0x00, 0x00,
	0x00, 0x00, 0x00, 0x00, 0x00, 0x00, 0x00, 0x00,
	0x00, 0x00, 0x00, 0x00, 0x00, 0x00, 0x00, 0x00,
	0x00, 0x00, 0x00, 0x00, 0x00, 0x00, 0x00, 0x00,
	0x00, 0x00, 0x00, 0x00, 0x00, 0x00, 0x00, 0x00,
	0x00, 0x00, 0x00, 0x00, 0x00, 0x00, 0x00, 0x00,
	0x00, 0x00, 0x00, 0x00, 0x00, 0x00, 0x00, 0x00,
	0x00, 0x00, 0x00, 0x00, 0x00, 0x00, 0x00, 0x00,
	0x00, 0x00, 0x00, 0x00, 0x00, 0x00, 0x00, 0x00,
	0x00, 0x00, 0x00, 0x00, 0x00, 0x00, 0x00, 0x00,
	0x00, 0x00, 0x00, 0x00, 0x00, 0x00, 0x00, 0x00,
	0x00, 0x00, 0x00, 0x00, 0x00, 0x00, 0x00, 0x00,
	0x00, 0x00, 0x00, 0x00, 0x00, 0x00, 0x00, 0x00,
	0x00, 0x00, 0x00, 0x00, 0x00, 0x00, 0x00, 0x00,
	0x00, 0x00, 0x00, 0x00, 0x00, 0x00, 0x00, 0x00,
	0x00, 0x00, 0x00, 0x00, 0x00, 0x00, 0x00, 0x00,
	0x00, 0x00, 0x00, 0x00, 0x00, 0x00, 0x00, 0x00,
	0x00, 0x00, 0x00, 0x00, 0x00, 0x00, 0x00, 0x00,
	0x00, 0x00, 0x00, 0x00, 0x00, 0x00, 0x00, 0x00,
	0x00, 0x00, 0x00, 0x00, 0x00, 0x00, 0x00, 0x00,
	0x00, 0x00, 0x00, 0x00, 0x00, 0x00, 0x00, 0x00,
	0x00, 0x00, 0x00, 0x00, 0x00, 0x00, 0x00, 0x00,
	0x00, 0x00, 0x00, 0x00, 0x00, 0x00, 0x00, 0x00,
	0x00, 0x00, 0x00, 0x00, 0x00, 0x00, 0x00, 0x00,
	0x00, 0x00, 0x00, 0x00, 0x00, 0x00, 0x00, 0x00,
	0x00, 0x00, 0x00, 0x00, 0x00, 0x00, 0x00, 0x00,
	0x00, 0x00, 0x00, 0x00, 0x00, 0x00, 0x00, 0x00,
	0x00, 0x00, 0x00, 0x00, 0x00, 0x00, 0x00, 0x00,
	0x00, 0x00, 0x00, 0x00, 0x00, 0x00, 0x00, 0x00,
	0x00, 0x00, 0x00, 0x00, 0x00, 0x00, 0x00, 0x00,
	0x00, 0x00, 0x00, 0x00, 0x00, 0x00, 0x00, 0x00,
	0x00, 0x00, 0x00, 0x00, 0x00, 0x00, 0x00, 0x00,
	0x00, 0x00, 0x00, 0x00, 0x00, 0x00, 0x00, 0x00,
	0x00, 0x00, 0x00, 0x00, 0x00, 0x00, 0x00, 0x00,
	0x00, 0x00, 0x00, 0x00, 0x00, 0x00, 0x00, 0x00,
	0x00, 0x00, 0x00, 0x00, 0x00, 0x00, 0x00, 0x00,
	0x00, 0x00, 0x00, 0x00, 0x00, 0x00, 0x00, 0x00,
	0x00, 0x00, 0x00, 0x00, 0x00, 0x00, 0x00, 0x00,
	0x00, 0x00, 0x00, 0x00, 0x00, 0x00, 0x00, 0x00,
	0x00, 0x00, 0x00, 0x00, 0x00, 0x00, 0x00, 0x00,
	0x00, 0x00, 0x00, 0x00, 0x00, 0x00, 0x00, 0x00,
	0x00, 0x00, 0x00, 0x00, 0x00, 0x00, 0x00, 0x00,
	0x00, 0x00, 0x00, 0x00, 0x00, 0x00, 0x00, 0x00,
	0x00, 0x00, 0x00, 0x00, 0x00, 0x00, 0x00, 0x00,
	0x00, 0x00, 0x00, 0x00, 0x00, 0x00, 0x00, 0x00,
	0x00, 0x00, 0x00, 0x00, 0x00, 0x00, 0x00, 0x00,
	0x00, 0x00, 0x00, 0x00, 0x00, 0x00, 0x00, 0x00,
	0x00, 0x00, 0x00, 0x00, 0x00, 0x00, 0x00, 0x00,
	0x00, 0x00, 0x00, 0x00, 0x00, 0x00, 0x00, 0x00,
	0x00, 0x00, 0x00, 0x00, 0x00, 0x00, 0x00, 0x00,
	0x00, 0x00, 0x00, 0x00, 0x00, 0x00, 0x00, 0x00,
	0x00, 0x00, 0x00, 0x00, 0x00, 0x00, 0x00, 0x00,
	0x00, 0x00, 0x00, 0x00, 0x00, 0x00, 0x00, 0x00,
	0x00, 0x00, 0x00, 0x00, 0x00, 0x00, 0x00, 0x00,
	0x00, 0x00, 0x00, 0x00, 0x00, 0x00, 0x00, 0x00,
	0x00, 0x00, 0x00, 0x00, 0x00, 0x00, 0x00, 0x00,
	0x00, 0x00, 0x00, 0x00, 0x00, 0x00, 0x00, 0x00,
	0x00, 0x00, 0x00, 0x00, 0x00, 0x00, 0x00, 0x00,
	0x00, 0x00, 0x00, 0x00, 0x00, 0x00, 0x00, 0x00,
	0x00, 0x00, 0x00, 0x00, 0x00, 0x00, 0x00, 0x00,
	0x00, 0x00, 0x00, 0x00, 0x00, 0x00, 0x00, 0x00,
	0x00, 0x00, 0x00, 0x00, 0x00, 0x00, 0x00, 0x00,
	0x00, 0x00, 0x00, 0x00, 0x00, 0x00, 0x00, 0x00,
	0x00, 0x00, 0x00, 0x00, 0x00, 0x00, 0x00, 0x00,
	0x00, 0x00, 0x00, 0x00, 0x00, 0x00, 0x00, 0x00,
	0x00, 0x00, 0x00, 0x00, 0x00, 0x00, 0x00, 0x00,
	0x00, 0x00, 0x00, 0x00, 0x00, 0x00, 0x00, 0x00,
	0x00, 0x00, 0x00, 0x00, 0x00, 0x00, 0x00, 0x00,
	0x00, 0x00, 0x00, 0x00, 0x00, 0x00, 0x00, 0x00,
	0x00, 0x00, 0x00, 0x00, 0x00, 0x00, 0x00, 0x00,
	0x00, 0x00, 0x00, 0x00, 0x00, 0x00, 0x00, 0x00,
	0x00, 0x00, 0x00, 0x00, 0x00, 0x00, 0x00, 0x00,
	0x00, 0x00, 0x00, 0x00, 0x00, 0x00, 0x00, 0x00,
	0x00, 0x00, 0x00, 0x00, 0x00, 0x00, 0x00, 0x00,
	0x00, 0x00, 0x00, 0x00, 0x00, 0x00, 0x00, 0x00,
	0x00, 0x00, 0x00, 0x00, 0x00, 0x00, 0x00, 0x00,
	0x00, 0x00, 0x00, 0x00, 0x00, 0x00, 0x00, 0x00,
	0x00, 0x00, 0x00, 0x00, 0x00, 0x00, 0x00, 0x00,
	0x00, 0x00, 0x00, 0x00, 0x00, 0x00, 0x00, 0x00,
	0x00, 0x00, 0x00, 0x00, 0x00, 0x00, 0x00, 0x00,
	0x00, 0x00, 0x00, 0x00, 0x00, 0x00, 0x00, 0x00,
	0x00, 0x00, 0x00, 0x00, 0x00, 0x00, 0x00, 0x00,
	0x00, 0x00, 0x00, 0x00, 0x00, 0x00, 0x00, 0x00,
	0x00, 0x00, 0x00, 0x00, 0x00, 0x00, 0x00, 0x00,
	0x00, 0x00, 0x00, 0x00, 0x00, 0x00, 0x00, 0x00,
	0x00, 0x00, 0x00, 0x00, 0x00, 0x00, 0x00, 0x00,
	0x00, 0x00, 0x00, 0x00, 0x00, 0x00, 0x00, 0x00,
	0x00, 0x00, 0x00, 0x00, 0x00, 0x00, 0x00, 0x00,
	0x00, 0x00, 0x00, 0x00, 0x00, 0x00, 0x00, 0x00,
	0x00, 0x00, 0x00, 0x00, 0x00, 0x00, 0x00, 0x00,
	0x00, 0x00, 0x00, 0x00, 0x00, 0x00, 0x00, 0x00,
	0x00, 0x00, 0x00, 0x00, 0x00, 0x00, 0x00, 0x00,
	0x00, 0x00, 0x00, 0x00, 0x00, 0x00, 0x00, 0x00,
	0x00, 0x00, 0x00, 0x00, 0x00, 0x00, 0x00, 0x00,
	0x00, 0x00, 0x00, 0x00, 0x00, 0x00, 0x00, 0x00,
	0x00, 0x00, 0x00, 0x00, 0x00, 0x00, 0x00, 0x00,
	0x00, 0x00, 0x00, 0x00, 0x00, 0x00, 0x00, 0x00,
	0x00, 0x00, 0x00, 0x00, 0x00, 0x00, 0x00, 0x00,
	0x00, 0x00, 0x00, 0x00, 0x00, 0x00, 0x00, 0x00,
	0x00, 0x00, 0x00, 0x00, 0x00, 0x00, 0x00, 0x00,
	0x00, 0x00, 0x00, 0x00, 0x00, 0x00, 0x00, 0x00,
	0x00, 0x00, 0x00, 0x00, 0x00, 0x00, 0x00, 0x00,
	0x00, 0x00, 0x00, 0x00, 0x00, 0x00, 0x00, 0x00,
	0x00, 0x00, 0x00, 0x00, 0x00, 0x00, 0x00, 0x00,
	0x00, 0x00, 0x00, 0x00, 0x00, 0x00, 0x00, 0x00,
	0x00, 0x00, 0x00, 0x00, 0x00, 0x00, 0x00, 0x00,
	0x00, 0x00, 0x00, 0x00, 0x00, 0x00, 0x00, 0x00,
	0x00, 0x00, 0x00, 0x00, 0x00, 0x00, 0x00, 0x00,
	0x00, 0x00, 0x00, 0x00, 0x00, 0x00, 0x00, 0x00,
	0x00, 0x00, 0x00, 0x00, 0x00, 0x00, 0x00, 0x00,
	0x00, 0x00, 0x00, 0x00, 0x00, 0x00, 0x00, 0x00,
	0x00, 0x00, 0x00, 0x00, 0x00, 0x00, 0x00, 0x00,
	0x00, 0x00, 0x00, 0x00, 0x00, 0x00, 0x00, 0x00,
	0x00, 0x00, 0x00, 0x00, 0x00, 0x00, 0x00, 0x00,
	0x00, 0x00, 0x00, 0x00, 0x00, 0x00, 0x00, 0x00,
	0x00, 0x00, 0x00, 0x00, 0x00, 0x00, 0x00, 0x00,
	0x00, 0x00, 0x00, 0x00, 0x00, 0x00, 0x00, 0x00,
	0x00, 0x00, 0x00, 0x00, 0x00, 0x00, 0x00, 0x00,
	0x00, 0x00, 0x00, 0x00, 0x00, 0x00, 0x00, 0x00,
	0x00, 0x00, 0x00, 0x00, 0x00, 0x00, 0x00, 0x00,
	0x00, 0x00, 0x00, 0x00, 0x00, 0x00, 0x00, 0x00,
	0x00, 0x00, 0x00, 0x00, 0x00, 0x00, 0x00, 0x00,
	0x00, 0x00, 0x00, 0x00, 0x00, 0x00, 0x00, 0x00,
	0x00, 0x00, 0x00, 0x00, 0x00, 0x00, 0x00, 0x00,
	0x00, 0x00, 0x00, 0x00, 0x00, 0x00, 0x00, 0x00,
	0x00, 0x00, 0x00, 0x00, 0x00, 0x00, 0x00, 0x00,
	0x00, 0x00, 0x00, 0x00, 0x00, 0x00, 0x00, 0x00,
	0x00, 0x00, 0x00, 0x00, 0x00, 0x00, 0x00, 0x00,
	0x00, 0x00, 0x00, 0x00, 0x00, 0x00, 0x00, 0x00,
	0x00, 0x00, 0x00, 0x00, 0x00, 0x00, 0x00, 0x00,
	0x00, 0x00, 0x00, 0x00, 0x00, 0x00, 0x00, 0x00,
	0x00, 0x00, 0x00, 0x00, 0x00, 0x00, 0x00, 0x00,
	0x00, 0x00, 0x00, 0x00, 0x00, 0x00, 0x00, 0x00,
	0x00, 0x00, 0x00, 0x00, 0x00, 0x00, 0x00, 0x00,
	0x00, 0x00, 0x00, 0x00, 0x00, 0x00, 0x00, 0x00,
	0x00, 0x00, 0x00, 0x00, 0x00, 0x00, 0x00, 0x00,
	0x00, 0x00, 0x00, 0x00, 0x00, 0x00, 0x00, 0x00,
	0x00, 0x00, 0x00, 0x00, 0x00, 0x00, 0x00, 0x00,
	0x00, 0x00, 0x00, 0x00, 0x00, 0x00, 0x00, 0x00,
	0x00, 0x00, 0x00, 0x00, 0x00, 0x00, 0x00, 0x00,
	0x00, 0x00, 0x00, 0x00, 0x00, 0x00, 0x00, 0x00,
	0x00, 0x00, 0x00, 0x00, 0x00, 0x00, 0x00, 0x00,
	0x00, 0x00, 0x00, 0x00, 0x00, 0x00, 0x00, 0x00,
	0x00, 0x00, 0x00, 0x00, 0x00, 0x00, 0x00, 0x00,
	0x00, 0x00, 0x00, 0x00, 0x00, 0x00, 0x00, 0x00,
	0x00, 0x00, 0x00, 0x00, 0x00, 0x00, 0x00, 0x00,
	0x00, 0x00, 0x00, 0x00, 0x00, 0x00, 0x00, 0x00,
	0x00, 0x00, 0x00, 0x00, 0x00, 0x00, 0x00, 0x00,
	0x00, 0x00, 0x00, 0x00, 0x00, 0x00, 0x00, 0x00,
	0x00, 0x00, 0x00, 0x00, 0x00, 0x00, 0x00, 0x00,
	0x00, 0x00, 0x00, 0x00, 0x00, 0x00, 0x00, 0x00,
	0x00, 0x00, 0x00, 0x00, 0x00, 0x00, 0x00, 0x00,
	0x00, 0x00, 0x00, 0x00, 0x00, 0x00, 0x00, 0x00,
	0x00, 0x00, 0x00, 0x00, 0x00, 0x00, 0x00, 0x00,
	0x00, 0x00, 0x00, 0x00, 0x00, 0x00, 0x00, 0x00,
	0x00, 0x00, 0x00, 0x00, 0x00, 0x00, 0x00, 0x00,
	0x00, 0x00, 0x00, 0x00, 0x00, 0x00, 0x00, 0x00,
	0x00, 0x00, 0x00, 0x00, 0x00, 0x00, 0x00, 0x00,
	0x00, 0x00, 0x00, 0x00, 0x00, 0x00, 0x00, 0x00,
	0x00, 0x00, 0x00, 0x00, 0x00, 0x00, 0x00, 0x00,
	0x00, 0x00, 0x00, 0x00, 0x00, 0x00, 0x00, 0x00,
	0x00, 0x00, 0x00, 0x00, 0x00, 0x00, 0x00, 0x00,
	0x00, 0x00, 0x00, 0x00, 0x00, 0x00, 0x00, 0x00,
	0x00, 0x00, 0x00, 0x00, 0x00, 0x00, 0x00, 0x00,
	0x00, 0x00, 0x00, 0x00, 0x00, 0x00, 0x00, 0x00,
	0x00, 0x00, 0x00, 0x00, 0x00, 0x00, 0x00, 0x00,
	0x00, 0x00, 0x00, 0x00, 0x00, 0x00, 0x00, 0x00,
	0x00, 0x00, 0x00, 0x00, 0x00, 0x00, 0x00, 0x00,
	0x00, 0x00, 0x00, 0x00, 0x00, 0x00, 0x00, 0x00,
	0x00, 0x00, 0x00, 0x00, 0x00, 0x00, 0x00, 0x00,
	0x00, 0x00, 0x00, 0x00, 0x00, 0x00, 0x00, 0x00,
	0x00, 0x00, 0x00, 0x00, 0x00, 0x00, 0x00, 0x00,
	0x00, 0x00, 0x00, 0x00, 0x00, 0x00, 0x00, 0x00,
	0x00, 0x00, 0x00, 0x00, 0x00, 0x00, 0x00, 0x00,
	0x00, 0x00, 0x00, 0x00, 0x00, 0x00, 0x00, 0x00,
	0x00, 0x00, 0x00, 0x00, 0x00, 0x00, 0x00, 0x00,
	0x00, 0x00, 0x00, 0x00, 0x00, 0x00, 0x00, 0x00,
	0x00, 0x00, 0x00, 0x00, 0x00, 0x00, 0x00, 0x00,
	0x00, 0x00, 0x00, 0x00, 0x00, 0x00, 0x00, 0x00,
	0x00, 0x00, 0x00, 0x00, 0x00, 0x00, 0x00, 0x00,
	0x00, 0x00, 0x00, 0x00, 0x00, 0x00, 0x00, 0x00,
	0x00, 0x00, 0x00, 0x00, 0x00, 0x00, 0x00, 0x00,
	0x00, 0x00, 0x00, 0x00, 0x00, 0x00, 0x00, 0x00,
	0x00, 0x00, 0x00, 0x00, 0x00, 0x00, 0x00, 0x00,
	0x00, 0x00, 0x00, 0x00, 0x00, 0x00, 0x00, 0x00,
	0x00, 0x00, 0x00, 0x00, 0x00, 0x00, 0x00, 0x00,
	0x00, 0x00, 0x00, 0x00, 0x00, 0x00, 0x00, 0x00,
	0x00, 0x00, 0x00, 0x00, 0x00, 0x00, 0x00, 0x00,
	0x00, 0x00, 0x00, 0x00, 0x00, 0x00, 0x00, 0x00,
	0x00, 0x00, 0x00, 0x00, 0x00, 0x00, 0x00, 0x00,
	0x00, 0x00, 0x00, 0x00, 0x00, 0x00, 0x00, 0x00,
	0x00, 0x00, 0x00, 0x00, 0x00, 0x00, 0x00, 0x00,
	0x00, 0x00, 0x00, 0x00, 0x00, 0x00, 0x00, 0x00,
	0x00, 0x00, 0x00, 0x00, 0x00, 0x00, 0x00, 0x00,
	0x00, 0x00, 0x00, 0x00, 0x00, 0x00, 0x00, 0x00,
	0x00, 0x00, 0x00, 0x00, 0x00, 0x00, 0x00, 0x00,
	0x00, 0x00, 0x00, 0x00, 0x00, 0x00, 0x00, 0x00,
	0x00, 0x00, 0x00, 0x00, 0x00, 0x00, 0x00, 0x00,
	0x00, 0x00, 0x00, 0x00, 0x00, 0x00, 0x00, 0x00,
	0x00, 0x00, 0x00, 0x00, 0x00, 0x00, 0x00, 0x00,
	0x00, 0x00, 0x00, 0x00, 0x00, 0x00, 0x00, 0x00,
	0x00, 0x00, 0x00, 0x00, 0x00, 0x00, 0x00, 0x00,
	0x00, 0x00, 0x00, 0x00, 0x00, 0x00, 0x00, 0x00,
	0x00, 0x00, 0x00, 0x00, 0x00, 0x00, 0x00, 0x00,
	0x00, 0x00, 0x00, 0x00, 0x00, 0x00, 0x00, 0x00,
	0x00, 0x00, 0x00, 0x00, 0x00, 0x00, 0x00, 0x00,
	0x00, 0x00, 0x00, 0x00, 0x00, 0x00, 0x00, 0x00,
	0x00, 0x00, 0x00, 0x00, 0x00, 0x00, 0x00, 0x00,
	0x00, 0x00, 0x00, 0x00, 0x00, 0x00, 0x00, 0x00,
	0x00, 0x00, 0x00, 0x00, 0x00, 0x00, 0x00, 0x00,
	0x00, 0x00, 0x00, 0x00, 0x00, 0x00, 0x00, 0x00,
	0x00, 0x00, 0x00, 0x00, 0x00, 0x00, 0x00, 0x00,
	0x00, 0x00, 0x00, 0x00, 0x00, 0x00, 0x00, 0x00,
	0x00, 0x00, 0x00, 0x00, 0x00, 0x00, 0x00, 0x00,
	0x00, 0x00, 0x00, 0x00, 0x00, 0x00, 0x00, 0x00,
	0x00, 0x00, 0x00, 0x00, 0x00, 0x00, 0x00, 0x00,
	0x00, 0x00, 0x00, 0x00, 0x00, 0x00, 0x00, 0x00,
	0x00, 0x00, 0x00, 0x00, 0x00, 0x00, 0x00, 0x00,
	0x00, 0x00, 0x00, 0x00, 0x00, 0x00, 0x00, 0x00,
	0x00, 0x00, 0x00, 0x00, 0x00, 0x00, 0x00, 0x00,
	0x00, 0x00, 0x00, 0x00, 0x00, 0x00, 0x00, 0x00,
	0x00, 0x00, 0x00, 0x00, 0x00, 0x00, 0x00, 0x00,
	0x00, 0x00, 0x00, 0x00, 0x00, 0x00, 0x00, 0x00,
	0x00, 0x00, 0x00, 0x00, 0x00, 0x00, 0x00, 0x00,
	0x00, 0x00, 0x00, 0x00, 0x00, 0x00, 0x00, 0x00,
	0x00, 0x00, 0x00, 0x00, 0x00, 0x00, 0x00, 0x00,
	0x00, 0x00, 0x00, 0x00, 0x00, 0x00, 0x00, 0x00,
	0x00, 0x00, 0x00, 0x00, 0x00, 0x00, 0x00, 0x00,
	0x00, 0x00, 0x00, 0x00, 0x00, 0x00, 0x00, 0x00,
	0x00, 0x00, 0x00, 0x00, 0x00, 0x00, 0x00, 0x00,
	0x00, 0x00, 0x00, 0x00, 0x00, 0x00, 0x00, 0x00,
	0x00, 0x00, 0x00, 0x00, 0x00, 0x00, 0x00, 0x00,
	0x00, 0x00, 0x00, 0x00, 0x00, 0x00, 0x00, 0x00,
	0x00, 0x00, 0x00, 0x00, 0x00, 0x00, 0x00, 0x00,
	0x00, 0x00, 0x00, 0x00, 0x00, 0x00, 0x00, 0x00,
	0x00, 0x00, 0x00, 0x00, 0x00, 0x00, 0x00, 0x00,
	0x00, 0x00, 0x00, 0x00, 0x00, 0x00, 0x00, 0x00,
	0x00, 0x00, 0x00, 0x00, 0x00, 0x00, 0x00, 0x00,
	0x00, 0x00, 0x00, 0x00, 0x00, 0x00, 0x00, 0x00,
	0x00, 0x00, 0x00, 0x00, 0x00, 0x00, 0x00, 0x00,
	0x00, 0x00, 0x00, 0x00, 0x00, 0x00, 0x00, 0x00,
	0x00, 0x00, 0x00, 0x00, 0x00, 0x00, 0x00, 0x00,
	0x00, 0x00, 0x00, 0x00, 0x00, 0x00, 0x00, 0x00,
	0x00, 0x00, 0x00, 0x00, 0x00, 0x00, 0x00, 0x00,
	0x00, 0x00, 0x00, 0x00, 0x00, 0x00, 0x00, 0x00,
	0x00, 0x00, 0x00, 0x00, 0x00, 0x00, 0x00, 0x00,
	0x00, 0x00, 0x00, 0x00, 0x00, 0x00, 0x00, 0x00,
	0x00, 0x00, 0x00, 0x00, 0x00, 0x00, 0x00, 0x00,
	0x00, 0x00, 0x00, 0x00, 0x00, 0x00, 0x00, 0x00,
	0x00, 0x00, 0x00, 0x00, 0x00, 0x00, 0x00, 0x00,
	0x00, 0x00, 0x00, 0x00, 0x00, 0x00, 0x00, 0x00,
	0x00, 0x00, 0x00, 0x00, 0x00, 0x00, 0x00, 0x00,
	0x00, 0x00, 0x00, 0x00, 0x00, 0x00, 0x00, 0x00,
	0x00, 0x00, 0x00, 0x00, 0x00, 0x00, 0x00, 0x00,
	0x00, 0x00, 0x00, 0x00, 0x00, 0x00, 0x00, 0x00,
	0x00, 0x00, 0x00, 0x00, 0x00, 0x00, 0x00, 0x00,
	0x00, 0x00, 0x00, 0x00, 0x00, 0x00, 0x00, 0x00,
	0x00, 0x00, 0x00, 0x00, 0x00, 0x00, 0x00, 0x00,
	0x00, 0x00, 0x00, 0x00, 0x00, 0x00, 0x00, 0x00,
	0x00, 0x00, 0x00, 0x00, 0x00, 0x00, 0x00, 0x00,
	0x00, 0x00, 0x00, 0x00, 0x00, 0x00, 0x00, 0x00,
	0x00, 0x00, 0x00, 0x00, 0x00, 0x00, 0x00, 0x00,
	0x00, 0x00, 0x00, 0x00, 0x00, 0x00, 0x00, 0x00,
	0x00, 0x00, 0x00, 0x00, 0x00, 0x00, 0x00, 0x00,
	0x00, 0x00, 0x00, 0x00, 0x00, 0x00, 0x00, 0x00,
	0x00, 0x00, 0x00, 0x00, 0x00, 0x00, 0x00, 0x00,
	0x00, 0x00, 0x00, 0x00, 0x00, 0x00, 0x00, 0x00,
	0x00, 0x00, 0x00, 0x00, 0x00, 0x00, 0x00, 0x00,
	0x00, 0x00, 0x00, 0x00, 0x00, 0x00, 0x00, 0x00,
	0x00, 0x00, 0x00, 0x00, 0x00, 0x00, 0x00, 0x00,
	0x00, 0x00, 0x00, 0x00, 0x00, 0x00, 0x00, 0x00,
	0x00, 0x00, 0x00, 0x00, 0x00, 0x00, 0x00, 0x00,
	0x00, 0x00, 0x00, 0x00, 0x00, 0x00, 0x00, 0x00,
	0x00, 0x00, 0x00, 0x00, 0x00, 0x00, 0x00, 0x00,
	0x00, 0x00, 0x00, 0x00, 0x00, 0x00, 0x00, 0x00,
	0x00, 0x00, 0x00, 0x00, 0x00, 0x00, 0x00, 0x00,
	0x00, 0x00, 0x00, 0x00, 0x00, 0x00, 0x00, 0x00,
	0x00, 0x00, 0x00, 0x00, 0x00, 0x00, 0x00, 0x00,
	0x00, 0x00, 0x00, 0x00, 0x00, 0x00, 0x00, 0x00,
	0x00, 0x00, 0x00, 0x00, 0x00, 0x00, 0x00, 0x00,
	0x00, 0x00, 0x00, 0x00, 0x00, 0x00, 0x00, 0x00,
	0x00, 0x00, 0x00, 0x00, 0x00, 0x00, 0x00, 0x00,
	0x00, 0x00, 0x00, 0x00, 0x00, 0x00, 0x00, 0x00,
	0x00, 0x00, 0x00, 0x00, 0x00, 0x00, 0x00, 0x00,
	0x00, 0x00, 0x00, 0x00, 0x00, 0x00, 0x00, 0x00,
	0x00, 0x00, 0x00, 0x00, 0x00, 0x00, 0x00, 0x00,
	0x00, 0x00, 0x00, 0x00, 0x00, 0x00, 0x00, 0x00,
	0x00, 0x00, 0x00, 0x00, 0x00, 0x00, 0x00, 0x00,
	0x00, 0x00, 0x00, 0x00, 0x00, 0x00, 0x00, 0x00,
	0x00, 0x00, 0x00, 0x00, 0x00, 0x00, 0x00, 0x00,
	0x00, 0x00, 0x00, 0x00, 0x00, 0x00, 0x00, 0x00,
	0x00, 0x00, 0x00, 0x00, 0x00, 0x00, 0x00, 0x00,
	0x00, 0x00, 0x00, 0x00, 0x00, 0x00, 0x00, 0x00,
	0x00, 0x00, 0x00, 0x00, 0x00, 0x00, 0x00, 0x00,
	0x00, 0x00, 0x00, 0x00, 0x00, 0x00, 0x00, 0x00,
	0x00, 0x00, 0x00, 0x00, 0x00, 0x00, 0x00, 0x00,
	0x00, 0x00, 0x00, 0x00, 0x00, 0x00, 0x00, 0x00,
	0x00, 0x00, 0x00, 0x00, 0x00, 0x00, 0x00, 0x00,
	0x00, 0x00, 0x00, 0x00, 0x00, 0x00, 0x00, 0x00,
	0x00, 0x00, 0x00, 0x00, 0x00, 0x00, 0x00, 0x00,
	0x00, 0x00, 0x00, 0x00, 0x00, 0x00, 0x00, 0x00,
	0x00, 0x00, 0x00, 0x00, 0x00, 0x00, 0x00, 0x00,
	0x00, 0x00, 0x00, 0x00, 0x00, 0x00, 0x00, 0x00,
	0x00, 0x00, 0x00, 0x00, 0x00, 0x00, 0x00, 0x00,
	0x00, 0x00, 0x00, 0x00, 0x00, 0x00, 0x00, 0x00,
	0x00, 0x00, 0x00, 0x00, 0x00, 0x00, 0x00, 0x00,
	0x00, 0x00, 0x00, 0x00, 0x00, 0x00, 0x00, 0x00,
	0x00, 0x00, 0x00, 0x00, 0x00, 0x00, 0x00, 0x00,
	0x00, 0x00, 0x00, 0x00, 0x00, 0x00, 0x00, 0x00,
	0x00, 0x00, 0x00, 0x00, 0x00, 0x00, 0x00, 0x00,
	0x00, 0x00, 0x00, 0x00, 0x00, 0x00, 0x00, 0x00,
	0x00, 0x00, 0x00, 0x00, 0x00, 0x00, 0x00, 0x00,
	0x00, 0x00, 0x00, 0x00, 0x00, 0x00, 0x00, 0x00,
	0x00, 0x00, 0x00, 0x00, 0x00, 0x00, 0x00, 0x00,
	0x00, 0x00, 0x00, 0x00, 0x00, 0x00, 0x00, 0x00,
	0x00, 0x00, 0x00, 0x00, 0x00, 0x00, 0x00, 0x00,
	0x00, 0x00, 0x00, 0x00, 0x00, 0x00, 0x00, 0x00,
	0x00, 0x00, 0x00, 0x00, 0x00, 0x00, 0x00, 0x00,
	0x00, 0x00, 0x00, 0x00, 0x00, 0x00, 0x00, 0x00,
	0x00, 0x00, 0x00, 0x00, 0x00, 0x00, 0x00, 0x00,
	0x00, 0x00, 0x00, 0x00, 0x00, 0x00, 0x00, 0x00,
	0x00, 0x00, 0x00, 0x00, 0x00, 0x00, 0x00, 0x00,
	0x00, 0x00, 0x00, 0x00, 0x00, 0x00, 0x00, 0x00,
	0x00, 0x00, 0x00, 0x00, 0x00, 0x00, 0x00, 0x00,
	0x00, 0x00, 0x00, 0x00, 0x00, 0x00, 0x00, 0x00,
	0x00, 0x00, 0x00, 0x00, 0x00, 0x00, 0x00, 0x00,
	0x00, 0x00, 0x00, 0x00, 0x00, 0x00, 0x00, 0x00,
	0x00, 0x00, 0x00, 0x00, 0x00, 0x00, 0x00, 0x00,
	0x00, 0x00, 0x00, 0x00, 0x00, 0x00, 0x00, 0x00,
	0x00, 0x00, 0x00, 0x00, 0x00, 0x00, 0x00, 0x00,
	0x00, 0x00, 0x00, 0x00, 0x00, 0x00, 0x00, 0x00,
	0x00, 0x00, 0x00, 0x00, 0x00, 0x00, 0x00, 0x00,
	0x00, 0x00, 0x00, 0x00, 0x00, 0x00, 0x00, 0x00,
	0x00, 0x00, 0x00, 0x00, 0x00, 0x00, 0x00, 0x00,
	0x00, 0x00, 0x00, 0x00, 0x00, 0x00, 0x00, 0x00,
	0x00, 0x00, 0x00, 0x00, 0x00, 0x00, 0x00, 0x00,
	0x00, 0x00, 0x00, 0x00, 0x00, 0x00, 0x00, 0x00,
	0x00, 0x00, 0x00, 0x00, 0x00, 0x00, 0x00, 0x00,
	0x00, 0x00, 0x00, 0x00, 0x00, 0x00, 0x00, 0x00,
	0x00, 0x00, 0x00, 0x00, 0x00, 0x00, 0x00, 0x00,
	0x00, 0x00, 0x00, 0x00, 0x00, 0x00, 0x00, 0x00,
	0x00, 0x00, 0x00, 0x00, 0x00, 0x00, 0x00, 0x00,
	0x00, 0x00, 0x00, 0x00, 0x00, 0x00, 0x00, 0x00,
	0x00, 0x00, 0x00, 0x00, 0x00, 0x00, 0x00, 0x00,
	0x00, 0x00, 0x00, 0x00, 0x00, 0x00, 0x00, 0x00,
	0x00, 0x00, 0x00, 0x00, 0x00, 0x00, 0x00, 0x00,
	0x00, 0x00, 0x00, 0x00, 0x00, 0x00, 0x00, 0x00,
	0x00, 0x00, 0x00, 0x00, 0x00, 0x00, 0x00, 0x00,
	0x00, 0x00, 0x00, 0x00, 0x00, 0x00, 0x00, 0x00,
	0x00, 0x00, 0x00, 0x00, 0x00, 0x00, 0x00, 0x00,
	0x00, 0x00, 0x00, 0x00, 0x00, 0x00, 0x00, 0x00,
	0x00, 0x00, 0x00, 0x00, 0x00, 0x00, 0x00, 0x00,
	0x00, 0x00, 0x00, 0x00, 0x00, 0x00, 0x00, 0x00,
	0x00, 0x00, 0x00, 0x00, 0x00, 0x00, 0x00, 0x00,
	0x00, 0x00, 0x00, 0x00, 0x00, 0x00, 0x00, 0x00,
	0x00, 0x00, 0x00, 0x00, 0x00, 0x00, 0x00, 0x00,
	0x00, 0x00, 0x00, 0x00, 0x00, 0x00, 0x00, 0x00,
	0x00, 0x00, 0x00, 0x00, 0x00, 0x00, 0x00, 0x00,
	0x00, 0x00, 0x00, 0x00, 0x00, 0x00, 0x00, 0x00,
	0x00, 0x00, 0x00, 0x00, 0x00, 0x00, 0x00, 0x00,
	0x00, 0x00, 0x00, 0x00, 0x00, 0x00, 0x00, 0x00,
	0x00, 0x00, 0x00, 0x00, 0x00, 0x00, 0x00, 0x00,
	0x00, 0x00, 0x00, 0x00, 0x00, 0x00, 0x00, 0x00,
	0x00, 0x00, 0x00, 0x00, 0x00, 0x00, 0x00, 0x00,
	0x00, 0x00, 0x00, 0x00, 0x00, 0x00, 0x00, 0x00,
	0x00, 0x00, 0x00, 0x00, 0x00, 0x00, 0x00, 0x00,
	0x00, 0x00, 0x00, 0x00, 0x00, 0x00, 0x00, 0x00,
	0x00, 0x00, 0x00, 0x00, 0x00, 0x00, 0x00, 0x00,
	0x00, 0x00, 0x00, 0x00, 0x00, 0x00, 0x00, 0x00,
	0x00, 0x00, 0x00, 0x00, 0x00, 0x00, 0x00, 0x00,
	0x00, 0x00, 0x00, 0x00, 0x00, 0x00, 0x00, 0x00,
	0x00, 0x00, 0x00, 0x00, 0x00, 0x00, 0x00, 0x00,
	0x00, 0x00, 0x00, 0x00, 0x00, 0x00, 0x00, 0x00,
	0x00, 0x00, 0x00, 0x00, 0x00, 0x00, 0x00, 0x00,
	0x00, 0x00, 0x00, 0x00, 0x00, 0x00, 0x00, 0x00,
	0x00, 0x00, 0x00, 0x00, 0x00, 0x00, 0x00, 0x00,
	0x00, 0x00, 0x00, 0x00, 0x00, 0x00, 0x00, 0x00,
	0x00, 0x00, 0x00, 0x00, 0x00, 0x00, 0x00, 0x00,
	0x00, 0x00, 0x00, 0x00, 0x00, 0x00, 0x00, 0x00,
	0x00, 0x00, 0x00, 0x00, 0x00, 0x00, 0x00, 0x00,
	0x00, 0x00, 0x00, 0x00, 0x00, 0x00, 0x00, 0x00,
	0x00, 0x00, 0x00, 0x00, 0x00, 0x00, 0x00, 0x00,
	0x00, 0x00, 0x00, 0x00, 0x00, 0x00, 0x00, 0x00,
	0x00, 0x00, 0x00, 0x00, 0x00, 0x00, 0x00, 0x00,
	0x00, 0x00, 0x00, 0x00, 0x00, 0x00, 0x00, 0x00,
	0x00, 0x00, 0x00, 0x00, 0x00, 0x00, 0x00, 0x00,
	0x00, 0x00, 0x00, 0x00, 0x00, 0x00, 0x00, 0x00,
	0x00, 0x00, 0x00, 0x00, 0x00, 0x00, 0x00, 0x00,
	0x00, 0x00, 0x00, 0x00, 0x00, 0x00, 0x00, 0x00,
	0x00, 0x00, 0x00, 0x00, 0x00, 0x00, 0x00, 0x00,
	0x00, 0x00, 0x00, 0x00, 0x00, 0x00, 0x00, 0x00,
	0x00, 0x00, 0x00, 0x00, 0x00, 0x00, 0x00, 0x00,
	0x00, 0x00, 0x00, 0x00, 0x00, 0x00, 0x00, 0x00,
	0x00, 0x00, 0x00, 0x00, 0x00, 0x00, 0x00, 0x00,
	0x00, 0x00, 0x00, 0x00, 0x00, 0x00, 0x00, 0x00,
	0x00, 0x00, 0x00, 0x00, 0x00, 0x00, 0x00, 0x00,
	0x00, 0x00, 0x00, 0x00, 0x00, 0x00, 0x00, 0x00,
	0x00, 0x00, 0x00, 0x00, 0x00, 0x00, 0x00, 0x00,
	0x00, 0x00, 0x00, 0x00, 0x00, 0x00, 0x00, 0x00,
	0x00, 0x00, 0x00, 0x00, 0x00, 0x00, 0x00, 0x00,
	0x00, 0x00, 0x00, 0x00, 0x00, 0x00, 0x00, 0x00,
	0x00, 0x00, 0x00, 0x00, 0x00, 0x00, 0x00, 0x00,
	0x00, 0x00, 0x00, 0x00, 0x00, 0x00, 0x00, 0x00,
	0x00, 0x00, 0x00, 0x00, 0x00, 0x00, 0x00, 0x00,
	0x00, 0x00, 0x00, 0x00, 0x00, 0x00, 0x00, 0x00,
	0x00, 0x00, 0x00, 0x00, 0x00, 0x00, 0x00, 0x00,
	0x00, 0x00, 0x00, 0x00, 0x00, 0x00, 0x00, 0x00,
	0x00, 0x00, 0x00, 0x00, 0x00, 0x00, 0x00, 0x00,
	0x00, 0x00, 0x00, 0x00, 0x00, 0x00, 0x00, 0x00,
	0x00, 0x00, 0x00, 0x00, 0x00, 0x00, 0x00, 0x00,
	0x00, 0x00, 0x00, 0x00, 0x00, 0x00, 0x00, 0x00,
	0x00, 0x00, 0x00, 0x00, 0x00, 0x00, 0x00, 0x00,
	0x00, 0x00, 0x00, 0x00, 0x00, 0x00, 0x00, 0x00,
	0x00, 0x00, 0x00, 0x00, 0x00, 0x00, 0x00, 0x00,
	0x00, 0x00, 0x00, 0x00, 0x00, 0x00, 0x00, 0x00,
	0x00, 0x00, 0x00, 0x00, 0x00, 0x00, 0x00, 0x00,
	0x00, 0x00, 0x00, 0x00, 0x00, 0x00, 0x00, 0x00,
	0x00, 0x00, 0x00, 0x00, 0x00, 0x00, 0x00, 0x00,
	0x00, 0x00, 0x00, 0x00, 0x00, 0x00, 0x00, 0x00,
	0x00, 0x00, 0x00, 0x00, 0x00, 0x00, 0x00, 0x00,
	0x00, 0x00, 0x00, 0x00, 0x00, 0x00, 0x00, 0x00,
	0x00, 0x00, 0x00, 0x00, 0x00, 0x00, 0x00, 0x00,
	0x00, 0x00, 0x00, 0x00, 0x00, 0x00, 0x00, 0x00,
	0x00, 0x00, 0x00, 0x00, 0x00, 0x00, 0x00, 0x00,
	0x00, 0x00, 0x00, 0x00, 0x00, 0x00, 0x00, 0x00,
	0x00, 0x00, 0x00, 0x00, 0x00, 0x00, 0x00, 0x00,
	0x00, 0x00, 0x00, 0x00, 0x00, 0x00, 0x00, 0x00,
	0x00, 0x00, 0x00, 0x00, 0x00, 0x00, 0x00, 0x00,
	0x00, 0x00, 0x00, 0x00, 0x00, 0x00, 0x00, 0x00,
	0x00, 0x00, 0x00, 0x00, 0x00, 0x00, 0x00, 0x00,
	0x00, 0x00, 0x00, 0x00, 0x00, 0x00, 0x00, 0x00,
	0x00, 0x00, 0x00, 0x00, 0x00, 0x00, 0x00, 0x00,
	0x00, 0x00, 0x00, 0x00, 0x00, 0x00, 0x00, 0x00,
	0x00, 0x00, 0x00, 0x00, 0x00, 0x00, 0x00, 0x00,
	0x00, 0x00, 0x00, 0x00, 0x00, 0x00, 0x00, 0x00,
	0x00, 0x00, 0x00, 0x00, 0x00, 0x00, 0x00, 0x00,
	0x00, 0x00, 0x00, 0x00, 0x00, 0x00, 0x00, 0x00,
	0x00, 0x00, 0x00, 0x00, 0x00, 0x00, 0x00, 0x00,
	0x00, 0x00, 0x00, 0x00, 0x00, 0x00, 0x00, 0x00,
	0x00, 0x00, 0x00, 0x00, 0x00, 0x00, 0x00, 0x00,
	0x00, 0x00, 0x00, 0x00, 0x00, 0x00, 0x00, 0x00,
	0x00, 0x00, 0x00, 0x00, 0x00, 0x00, 0x00, 0x00,
	0x00, 0x00, 0x00, 0x00, 0x00, 0x00, 0x00, 0x00,
	0x00, 0x00, 0x00, 0x00, 0x00, 0x00, 0x00, 0x00,
	0x00, 0x00, 0x00, 0x00, 0x00, 0x00, 0x00, 0x00,
	0x00, 0x00, 0x00, 0x00, 0x00, 0x00, 0x00, 0x00,
	0x00, 0x00, 0x00, 0x00, 0x00, 0x00, 0x00, 0x00,
	0x00, 0x00, 0x00, 0x00, 0x00, 0x00, 0x00, 0x00,
	0x00, 0x00, 0x00, 0x00, 0x00, 0x00, 0x00, 0x00,
	0x00, 0x00, 0x00, 0x00, 0x00, 0x00, 0x00, 0x00,
	0x00, 0x00, 0x00, 0x00, 0x00, 0x00, 0x00, 0x00,
	0x00, 0x00, 0x00, 0x00, 0x00, 0x00, 0x00, 0x00,
	0x00, 0x00, 0x00, 0x00, 0x00, 0x00, 0x00, 0x00,
	0x00, 0x00, 0x00, 0x00, 0x00, 0x00, 0x00, 0x00,
	0x00, 0x00, 0x00, 0x00, 0x00, 0x00, 0x00, 0x00,
	0x00, 0x00, 0x00, 0x00, 0x00, 0x00, 0x00, 0x00,
	0x00, 0x00, 0x00, 0x00, 0x00, 0x00, 0x00, 0x00,
	0x00, 0x00, 0x00, 0x00, 0x00, 0x00, 0x00, 0x00,
	0x00, 0x00, 0x00, 0x00, 0x00, 0x00, 0x00, 0x00,
	0x00, 0x00, 0x00, 0x00, 0x00, 0x00, 0x00, 0x00,
	0x00, 0x00, 0x00, 0x00, 0x00, 0x00, 0x00, 0x00,
	0x00, 0x00, 0x00, 0x00, 0x00, 0x00, 0x00, 0x00,
	0x00, 0x00, 0x00, 0x00, 0x00, 0x00, 0x00, 0x00,
	0x00, 0x00, 0x00, 0x00, 0x00, 0x00, 0x00, 0x00,
	0x00, 0x00, 0x00, 0x00, 0x00, 0x00, 0x00, 0x00,
	0x00, 0x00, 0x00, 0x00, 0x00, 0x00, 0x00, 0x00,
	0x00, 0x00, 0x00, 0x00, 0x00, 0x00, 0x00, 0x00,
	0x00, 0x00, 0x00, 0x00, 0x00, 0x00, 0x00, 0x00,
	0x00, 0x00, 0x00, 0x00, 0x00, 0x00, 0x00, 0x00,
	0x00, 0x00, 0x00, 0x00, 0x00, 0x00, 0x00, 0x00,
	0x00, 0x00, 0x00, 0x00, 0x00, 0x00, 0x00, 0x00,
	0x00, 0x00, 0x00, 0x00, 0x00, 0x00, 0x00, 0x00,
	0x00, 0x00, 0x00, 0x00, 0x00, 0x00, 0x00, 0x00,
	0x00, 0x00, 0x00, 0x00, 0x00, 0x00, 0x00, 0x00,
	0x00, 0x00, 0x00, 0x00, 0x00, 0x00, 0x00, 0x00,
	0x00, 0x00, 0x00, 0x00, 0x00, 0x00, 0x00, 0x00,
	0x00, 0x00, 0x00, 0x00, 0x00, 0x00, 0x00, 0x00,
	0x00, 0x00, 0x00, 0x00, 0x00, 0x00, 0x00, 0x00,
	0x00, 0x00, 0x00, 0x00, 0x00, 0x00, 0x00, 0x00,
	0x00, 0x00, 0x00, 0x00, 0x00, 0x00, 0x00, 0x00,
	0x00, 0x00, 0x00, 0x00, 0x00, 0x00, 0x00, 0x00,
	0x00, 0x00, 0x00, 0x00, 0x00, 0x00, 0x00, 0x00,
	0x00, 0x00, 0x00, 0x00, 0x00, 0x00, 0x00, 0x00,
	0x00, 0x00, 0x00, 0x00, 0x00, 0x00, 0x00, 0x00,
	0x00, 0x00, 0x00, 0x00, 0x00, 0x00, 0x00, 0x00,
	0x00, 0x00, 0x00, 0x00, 0x00, 0x00, 0x00, 0x00,
	0x00, 0x00, 0x00, 0x00, 0x00, 0x00, 0x00, 0x00,
	0x00, 0x00, 0x00, 0x00, 0x00, 0x00, 0x00, 0x00,
	0x00, 0x00, 0x00, 0x00, 0x00, 0x00, 0x00, 0x00,
	0x00, 0x00, 0x00, 0x00, 0x00, 0x00, 0x00, 0x00,
	0x00, 0x00, 0x00, 0x00, 0x00, 0x00, 0x00, 0x00,
	0x00, 0x00, 0x00, 0x00, 0x00, 0x00, 0x00, 0x00,
	0x00, 0x00, 0x00, 0x00, 0x00, 0x00, 0x00, 0x00,
	0x00, 0x00, 0x00, 0x00, 0x00, 0x00, 0x00, 0x00,
	0x00, 0x00, 0x00, 0x00, 0x00, 0x00, 0x00, 0x00,
	0x00, 0x00, 0x00, 0x00, 0x00, 0x00, 0x00, 0x00,
	0x00, 0x00, 0x00, 0x00, 0x00, 0x00, 0x00, 0x00,
	0x00, 0x00, 0x00, 0x00, 0x00, 0x00, 0x00, 0x00,
	0x00, 0x00, 0x00, 0x00, 0x00, 0x00, 0x00, 0x00,
	0x00, 0x00, 0x00, 0x00, 0x00, 0x00, 0x00, 0x00,
	0x00, 0x00, 0x00, 0x00, 0x00, 0x00, 0x00, 0x00,
	0x00, 0x00, 0x00, 0x00, 0x00, 0x00, 0x00, 0x00,
	0x00, 0x00, 0x00, 0x00, 0x00, 0x00, 0x00, 0x00,
	0x00, 0x00, 0x00, 0x00, 0x00, 0x00, 0x00, 0x00,
	0x00, 0x00, 0x00, 0x00, 0x00, 0x00, 0x00, 0x00,
	0x00, 0x00, 0x00, 0x00, 0x00, 0x00, 0x00, 0x00,
	0x00, 0x00, 0x00, 0x00, 0x00, 0x00, 0x00, 0x00,
	0x00, 0x00, 0x00, 0x00, 0x00, 0x00, 0x00, 0x00,
	0x00, 0x00, 0x00, 0x00, 0x00, 0x00, 0x00, 0x00,
	0x00, 0x00, 0x00, 0x00, 0x00, 0x00, 0x00, 0x00,
	0x00, 0x00, 0x00, 0x00, 0x00, 0x00, 0x00, 0x00,
	0x00, 0x00, 0x00, 0x00, 0x00, 0x00, 0x00, 0x00,
	0x00, 0x00, 0x00, 0x00, 0x00, 0x00, 0x00, 0x00,
	0x00, 0x00, 0x00, 0x00, 0x00, 0x00, 0x00, 0x00,
	0x00, 0x00, 0x00, 0x00, 0x00, 0x00, 0x00, 0x00,
	0x00, 0x00, 0x00, 0x00, 0x00, 0x00, 0x00, 0x00,
	0x00, 0x00, 0x00, 0x00, 0x00, 0x00, 0x00, 0x00,
	0x00, 0x00, 0x00, 0x00, 0x00, 0x00, 0x00, 0x00,
	0x00, 0x00, 0x00, 0x00, 0x00, 0x00, 0x00, 0x00,
	0x00, 0x00, 0x00, 0x00, 0x00, 0x00, 0x00, 0x00,
	0x00, 0x00, 0x00, 0x00, 0x00, 0x00, 0x00, 0x00,
	0x00, 0x00, 0x00, 0x00, 0x00, 0x00, 0x00, 0x00,
	0x00, 0x00, 0x00, 0x00, 0x00, 0x00, 0x00, 0x00,
	0x00, 0x00, 0x00, 0x00, 0x00, 0x00, 0x00, 0x00,
	0x00, 0x00, 0x00, 0x00, 0x00, 0x00, 0x00, 0x00,
	0x00, 0x00, 0x00, 0x00, 0x00, 0x00, 0x00, 0x00,
	0x00, 0x00, 0x00, 0x00, 0x00, 0x00, 0x00, 0x00,
	0x00, 0x00, 0x00, 0x00, 0x00, 0x00, 0x00, 0x00,
	0x00, 0x00, 0x00, 0x00, 0x00, 0x00, 0x00, 0x00,
	0x00, 0x00, 0x00, 0x00, 0x00, 0x00, 0x00, 0x00,
	0x00, 0x00, 0x00, 0x00, 0x00, 0x00, 0x00, 0x00,
	0x00, 0x00, 0x00, 0x00, 0x00, 0x00, 0x00, 0x00,
	0x00, 0x00, 0x00, 0x00, 0x00, 0x00, 0x00, 0x00,
	0x00, 0x00, 0x00, 0x00, 0x00, 0x00, 0x00, 0x00,
	0x00, 0x00, 0x00, 0x00, 0x00, 0x00, 0x00, 0x00,
	0x00, 0x00, 0x00, 0x00, 0x00, 0x00, 0x00, 0x00,
	0x00, 0x00, 0x00, 0x00, 0x00, 0x00, 0x00, 0x00,
	0x00, 0x00, 0x00, 0x00, 0x00, 0x00, 0x00, 0x00,
	0x00, 0x00, 0x00, 0x00, 0x00, 0x00, 0x00, 0x00,
	0x00, 0x00, 0x00, 0x00, 0x00, 0x00, 0x00, 0x00,
	0x00, 0x00, 0x00, 0x00, 0x00, 0x00, 0x00, 0x00,
	0x00, 0x00, 0x00, 0x00, 0x00, 0x00, 0x00, 0x00,
	0x00, 0x00, 0x00, 0x00, 0x00, 0x00, 0x00, 0x00,
	0x00, 0x00, 0x00, 0x00, 0x00, 0x00, 0x00, 0x00,
	0x00, 0x00, 0x00, 0x00, 0x00, 0x00, 0x00, 0x00,
	0x00, 0x00, 0x00, 0x00, 0x00, 0x00, 0x00, 0x00,
	0x00, 0x00, 0x00, 0x00, 0x00, 0x00, 0x00, 0x00,
	0x00, 0x00, 0x00, 0x00, 0x00, 0x00, 0x00, 0x00,
	0x00, 0x00, 0x00, 0x00, 0x00, 0x00, 0x00, 0x00,
	0x00, 0x00, 0x00, 0x00, 0x00, 0x00, 0x00, 0x00,
	0x00, 0x00, 0x00, 0x00, 0x00, 0x00, 0x00, 0x00,
	0x00, 0x00, 0x00, 0x00, 0x00, 0x00, 0x00, 0x00,
	0x00, 0x00, 0x00, 0x00, 0x00, 0x00, 0x00, 0x00,
	0x00, 0x00, 0x00, 0x00, 0x00, 0x00, 0x00, 0x00,
	0x00, 0x00, 0x00, 0x00, 0x00, 0x00, 0x00, 0x00,
	0x00, 0x00, 0x00, 0x00, 0x00, 0x00, 0x00, 0x00,
	0x00, 0x00, 0x00, 0x00, 0x00, 0x00, 0x00, 0x00,
	0x00, 0x00, 0x00, 0x00, 0x00, 0x00, 0x00, 0x00,
	0x00, 0x00, 0x00, 0x00, 0x00, 0x00, 0x00, 0x00,
	0x00, 0x00, 0x00, 0x00, 0x00, 0x00, 0x00, 0x00,
	0x00, 0x00, 0x00, 0x00, 0x00, 0x00, 0x00, 0x00,
	0x00, 0x00, 0x00, 0x00, 0x00, 0x00, 0x00, 0x00,
	0x00, 0x00, 0x00, 0x00, 0x00, 0x00, 0x00, 0x00,
	0x00, 0x00, 0x00, 0x00, 0x00, 0x00, 0x00, 0x00,
	0x00, 0x00, 0x00, 0x00, 0x00, 0x00, 0x00, 0x00,
	0x00, 0x00, 0x00, 0x00, 0x00, 0x00, 0x00, 0x00,
	0x00, 0x00, 0x00, 0x00, 0x00, 0x00, 0x00, 0x00,
	0x00, 0x00, 0x00, 0x00, 0x00, 0x00, 0x00, 0x00,
	0x00, 0x00, 0x00, 0x00, 0x00, 0x00, 0x00, 0x00,
	0x00, 0x00, 0x00, 0x00, 0x00, 0x00, 0x00, 0x00,
	0x00, 0x00, 0x00, 0x00, 0x00, 0x00, 0x00, 0x00,
	0x00, 0x00, 0x00, 0x00, 0x00, 0x00, 0x00, 0x00,
	0x00, 0x00, 0x00, 0x00, 0x00, 0x00, 0x00, 0x00,
	0x00, 0x00, 0x00, 0x00, 0x00, 0x00, 0x00, 0x00,
	0x00, 0x00, 0x00, 0x00, 0x00, 0x00, 0x00, 0x00,
	0x00, 0x00, 0x00, 0x00, 0x00, 0x00, 0x00, 0x00,
	0x00, 0x00, 0x00, 0x00, 0x00, 0x00, 0x00, 0x00,
	0x00, 0x00, 0x00, 0x00, 0x00, 0x00, 0x00, 0x00,
	0x00, 0x00, 0x00, 0x00, 0x00, 0x00, 0x00, 0x00,
	0x00, 0x00, 0x00, 0x00, 0x00, 0x00, 0x00, 0x00,
	0x00, 0x00, 0x00, 0x00, 0x00, 0x00, 0x00, 0x00,
	0x00, 0x00, 0x00, 0x00, 0x00, 0x00, 0x00, 0x00,
	0x00, 0x00, 0x00, 0x00, 0x00, 0x00, 0x00, 0x00,
	0x00, 0x00, 0x00, 0x00, 0x00, 0x00, 0x00, 0x00,
	0x00, 0x00, 0x00, 0x00, 0x00, 0x00, 0x00, 0x00,
	0x00, 0x00, 0x00, 0x00, 0x00, 0x00, 0x00, 0x00,
	0x00, 0x00, 0x00, 0x00, 0x00, 0x00, 0x00, 0x00,
	0x00, 0x00, 0x00, 0x00, 0x00, 0x00, 0x00, 0x00,
	0x00, 0x00, 0x00, 0x00, 0x00, 0x00, 0x00, 0x00,
	0x00, 0x00, 0x00, 0x00, 0x00, 0x00, 0x00, 0x00,
	0x00, 0x00, 0x00, 0x00, 0x00, 0x00, 0x00, 0x00,
	0x00, 0x00, 0x00, 0x00, 0x00, 0x00, 0x00, 0x00,
	0x00, 0x00, 0x00, 0x00, 0x00, 0x00, 0x00, 0x00,
	0x00, 0x00, 0x00, 0x00, 0x00, 0x00, 0x00, 0x00,
	0x00, 0x00, 0x00, 0x00, 0x00, 0x00, 0x00, 0x00,
	0x00, 0x00, 0x00, 0x00, 0x00, 0x00, 0x00, 0x00,
	0x00, 0x00, 0x00, 0x00, 0x00, 0x00, 0x00, 0x00,
	0x00, 0x00, 0x00, 0x00, 0x00, 0x00, 0x00, 0x00,
	0x00, 0x00, 0x00, 0x00, 0x00, 0x00, 0x00, 0x00,
	0x00, 0x00, 0x00, 0x00, 0x00, 0x00, 0x00, 0x00,
	0x00, 0x00, 0x00, 0x00, 0x00, 0x00, 0x00, 0x00,
	0x00, 0x00, 0x00, 0x00, 0x00, 0x00, 0x00, 0x00,
	0x00, 0x00, 0x00, 0x00, 0x00, 0x00, 0x00, 0x00,
	0x00, 0x00, 0x00, 0x00, 0x00, 0x00, 0x00, 0x00,
	0x00, 0x00, 0x00, 0x00, 0x00, 0x00, 0x00, 0x00,
	0x00, 0x00, 0x00, 0x00, 0x00, 0x00, 0x00, 0x00,
	0x00, 0x00, 0x00, 0x00, 0x00, 0x00, 0x00, 0x00,
	0x00, 0x00, 0x00, 0x00, 0x00, 0x00, 0x00, 0x00,
	0x00, 0x00, 0x00, 0x00, 0x00, 0x00, 0x00, 0x00,
	0x00, 0x00, 0x00, 0x00, 0x00, 0x00, 0x00, 0x00,
	0x00, 0x00, 0x00, 0x00, 0x00, 0x00, 0x00, 0x00,
	0x00, 0x00, 0x00, 0x00, 0x00, 0x00, 0x00, 0x00,
	0x00, 0x00, 0x00, 0x00, 0x00, 0x00, 0x00, 0x00,
	0x00, 0x00, 0x00, 0x00, 0x00, 0x00, 0x00, 0x00,
	0x00, 0x00, 0x00, 0x00, 0x00, 0x00, 0x00, 0x00,
	0x00, 0x00, 0x00, 0x00, 0x00, 0x00, 0x00, 0x00,
	0x00, 0x00, 0x00, 0x00, 0x00, 0x00, 0x00, 0x00,
	0x00, 0x00, 0x00, 0x00, 0x00, 0x00, 0x00, 0x00,
	0x00, 0x00, 0x00, 0x00, 0x00, 0x00, 0x00, 0x00,
	0x00, 0x00, 0x00, 0x00, 0x00, 0x00, 0x00, 0x00,
	0x00, 0x00, 0x00, 0x00, 0x00, 0x00, 0x00, 0x00,
	0x00, 0x00, 0x00, 0x00, 0x00, 0x00, 0x00, 0x00,
	0x00, 0x00, 0x00, 0x00, 0x00, 0x00, 0x00, 0x00,
	0x00, 0x00, 0x00, 0x00, 0x00, 0x00, 0x00, 0x00,
	0x00, 0x00, 0x00, 0x00, 0x00, 0x00, 0x00, 0x00,
	0x00, 0x00, 0x00, 0x00, 0x00, 0x00, 0x00, 0x00,
	0x00, 0x00, 0x00, 0x00, 0x00, 0x00, 0x00, 0x00,
	0x00, 0x00, 0x00, 0x00, 0x00, 0x00, 0x00, 0x00,
	0x00, 0x00, 0x00, 0x00, 0x00, 0x00, 0x00, 0x00,
	0x00, 0x00, 0x00, 0x00, 0x00, 0x00, 0x00, 0x00,
	0x00, 0x00, 0x00, 0x00, 0x00, 0x00, 0x00, 0x00,
	0x00, 0x00, 0x00, 0x00, 0x00, 0x00, 0x00, 0x00,
	0x00, 0x00, 0x00, 0x00, 0x00, 0x00, 0x00, 0x00,
	0x00, 0x00, 0x00, 0x00, 0x00, 0x00, 0x00, 0x00,
	0x00, 0x00, 0x00, 0x00, 0x00, 0x00, 0x00, 0x00,
	0x00, 0x00, 0x00, 0x00, 0x00, 0x00, 0x00, 0x00,
	0x00, 0x00, 0x00, 0x00, 0x00, 0x00, 0x00, 0x00,
	0x00, 0x00, 0x00, 0x00, 0x00, 0x00, 0x00, 0x00,
	0x00, 0x00, 0x00, 0x00, 0x00, 0x00, 0x00, 0x00,
	0x00, 0x00, 0x00, 0x00, 0x00, 0x00, 0x00, 0x00,
	0x00, 0x00, 0x00, 0x00, 0x00, 0x00, 0x00, 0x00,
	0x00, 0x00, 0x00, 0x00, 0x00, 0x00, 0x00, 0x00,
	0x00, 0x00, 0x00, 0x00, 0x00, 0x00, 0x00, 0x00,
	0x00, 0x00, 0x00, 0x00, 0x00, 0x00, 0x00, 0x00,
	0x00, 0x00, 0x00, 0x00, 0x00, 0x00, 0x00, 0x00,
	0x00, 0x00, 0x00, 0x00, 0x00, 0x00, 0x00, 0x00,
	0x00, 0x00, 0x00, 0x00, 0x00, 0x00, 0x00, 0x00,
	0x00, 0x00, 0x00, 0x00, 0x00, 0x00, 0x00, 0x00,
	0x00, 0x00, 0x00, 0x00, 0x00, 0x00, 0x00, 0x00,
	0x00, 0x00, 0x00, 0x00, 0x00, 0x00, 0x00, 0x00,
	0x00, 0x00, 0x00, 0x00, 0x00, 0x00, 0x00, 0x00,
	0x00, 0x00, 0x00, 0x00, 0x00, 0x00, 0x00, 0x00,
	0x00, 0x00, 0x00, 0x00, 0x00, 0x00, 0x00, 0x00,
	0x00, 0x00, 0x00, 0x00, 0x00, 0x00, 0x00, 0x00,
	0x00, 0x00, 0x00, 0x00, 0x00, 0x00, 0x00, 0x00,
	0x00, 0x00, 0x00, 0x00, 0x00, 0x00, 0x00, 0x00,
	0x00, 0x00, 0x00, 0x00, 0x00, 0x00, 0x00, 0x00,
	0x00, 0x00, 0x00, 0x00, 0x00, 0x00, 0x00, 0x00,
	0x00, 0x00, 0x00, 0x00, 0x00, 0x00, 0x00, 0x00,
	0x00, 0x00, 0x00, 0x00, 0x00, 0x00, 0x00, 0x00,
	0x00, 0x00, 0x00, 0x00, 0x00, 0x00, 0x00, 0x00,
	0x00, 0x00, 0x00, 0x00, 0x00, 0x00, 0x00, 0x00,
	0x00, 0x00, 0x00, 0x00, 0x00, 0x00, 0x00, 0x00,
	0x00, 0x00, 0x00, 0x00, 0x00, 0x00, 0x00, 0x00,
	0x00, 0x00, 0x00, 0x00, 0x00, 0x00, 0x00, 0x00,
	0x00, 0x00, 0x00, 0x00, 0x00, 0x00, 0x00, 0x00,
	0x00, 0x00, 0x00, 0x00, 0x00, 0x00, 0x00, 0x00,
	0x00, 0x00, 0x00, 0x00, 0x00, 0x00, 0x00, 0x00,
	0x00, 0x00, 0x00, 0x00, 0x00, 0x00, 0x00, 0x00,
	0x00, 0x00, 0x00, 0x00, 0x00, 0x00, 0x00, 0x00,
	0x00, 0x00, 0x00, 0x00, 0x00, 0x00, 0x00, 0x00,
	0x00, 0x00, 0x00, 0x00, 0x00, 0x00, 0x00, 0x00,
	0x00, 0x00, 0x00, 0x00, 0x00, 0x00, 0x00, 0x00,
	0x00, 0x00, 0x00, 0x00, 0x00, 0x00, 0x00, 0x00,
	0x00, 0x00, 0x00, 0x00, 0x00, 0x00, 0x00, 0x00,
	0x00, 0x00, 0x00, 0x00, 0x00, 0x00, 0x00, 0x00,
	0x00, 0x00, 0x00, 0x00, 0x00, 0x00, 0x00, 0x00,
	0x00, 0x00, 0x00, 0x00, 0x00, 0x00, 0x00, 0x00,
	0x00, 0x00, 0x00, 0x00, 0x00, 0x00, 0x00, 0x00,
	0x00, 0x00, 0x00, 0x00, 0x00, 0x00, 0x00, 0x00,
	0x00, 0x00, 0x00, 0x00, 0x00, 0x00, 0x00, 0x00,
	0x00, 0x00, 0x00, 0x00, 0x00, 0x00, 0x00, 0x00,
	0x00, 0x00, 0x00, 0x00, 0x00, 0x00, 0x00, 0x00,
	0x00, 0x00, 0x00, 0x00, 0x00, 0x00, 0x00, 0x00,
	0x00, 0x00, 0x00, 0x00, 0x00, 0x00, 0x00, 0x00,
	0x00, 0x00, 0x00, 0x00, 0x00, 0x00, 0x00, 0x00,
	0x00, 0x00, 0x00, 0x00, 0x00, 0x00, 0x00, 0x00,
	0x00, 0x00, 0x00, 0x00, 0x00, 0x00, 0x00, 0x00,
	0x00, 0x00, 0x00, 0x00, 0x00, 0x00, 0x00, 0x00,
	0x00, 0x00, 0x00, 0x00, 0x00, 0x00, 0x00, 0x00,
	0x00, 0x00, 0x00, 0x00, 0x00, 0x00, 0x00, 0x00,
	0x00, 0x00, 0x00, 0x00, 0x00, 0x00, 0x00, 0x00,
	0x00, 0x00, 0x00, 0x00, 0x00, 0x00, 0x00, 0x00,
	0x00, 0x00, 0x00, 0x00, 0x00, 0x00, 0x00, 0x00,
	0x00, 0x00, 0x00, 0x00, 0x00, 0x00, 0x00, 0x00,
	0x00, 0x00, 0x00, 0x00, 0x00, 0x00, 0x00, 0x00,
	0x00, 0x00, 0x00, 0x00, 0x00, 0x00, 0x00, 0x00,
	0x00, 0x00, 0x00, 0x00, 0x00, 0x00, 0x00, 0x00,
	0x00, 0x00, 0x00, 0x00, 0x00, 0x00, 0x00, 0x00,
	0x00, 0x00, 0x00, 0x00, 0x00, 0x00, 0x00, 0x00,
	0x00, 0x00, 0x00, 0x00, 0x00, 0x00, 0x00, 0x00,
	0x00, 0x00, 0x00, 0x00, 0x00, 0x00, 0x00, 0x00,
	0x00, 0x00, 0x00, 0x00, 0x00, 0x00, 0x00, 0x00,
	0x00, 0x00, 0x00, 0x00, 0x00, 0x00, 0x00, 0x00,
	0x00, 0x00, 0x00, 0x00, 0x00, 0x00, 0x00, 0x00,
	0x00, 0x00, 0x00, 0x00, 0x00, 0x00, 0x00, 0x00,
	0x00, 0x00, 0x00, 0x00, 0x00, 0x00, 0x00, 0x00,
	0x00, 0x00, 0x00, 0x00, 0x00, 0x00, 0x00, 0x00,
	0x00, 0x00, 0x00, 0x00, 0x00, 0x00, 0x00, 0x00,
	0x00, 0x00, 0x00, 0x00, 0x00, 0x00, 0x00, 0x00,
	0x00, 0x00, 0x00, 0x00, 0x00, 0x00, 0x00, 0x00,
	0x00, 0x00, 0x00, 0x00, 0x00, 0x00, 0x00, 0x00,
	0x00, 0x00, 0x00, 0x00, 0x00, 0x00, 0x00, 0x00,
	0x00, 0x00, 0x00, 0x00, 0x00, 0x00, 0x00, 0x00,
	0x00, 0x00, 0x00, 0x00, 0x00, 0x00, 0x00, 0x00,
	0x00, 0x00, 0x00, 0x00, 0x00, 0x00, 0x00, 0x00,
	0x00, 0x00, 0x00, 0x00, 0x00, 0x00, 0x00, 0x00,
	0x00, 0x00, 0x00, 0x00, 0x00, 0x00, 0x00, 0x00,
	0x00, 0x00, 0x00, 0x00, 0x00, 0x00, 0x00, 0x00,
	0x00, 0x00, 0x00, 0x00, 0x00, 0x00, 0x00, 0x00,
	0x00, 0x00, 0x00, 0x00, 0x00, 0x00, 0x00, 0x00,
	0x00, 0x00, 0x00, 0x00, 0x00, 0x00, 0x00, 0x00,
	0x00, 0x00, 0x00, 0x00, 0x00, 0x00, 0x00, 0x00,
	0x00, 0x00, 0x00, 0x00, 0x00, 0x00, 0x00, 0x00,
	0x00, 0x00, 0x00, 0x00, 0x00, 0x00, 0x00, 0x00,
	0x00, 0x00, 0x00, 0x00, 0x00, 0x00, 0x00, 0x00,
	0x00, 0x00, 0x00, 0x00, 0x00, 0x00, 0x00, 0x00,
	0x00, 0x00, 0x00, 0x00, 0x00, 0x00, 0x00, 0x00,
	0x00, 0x00, 0x00, 0x00, 0x00, 0x00, 0x00, 0x00,
	0x00, 0x00, 0x00, 0x00, 0x00, 0x00, 0x00, 0x00,
	0x00, 0x00, 0x00, 0x00, 0x00, 0x00, 0x00, 0x00,
	0x00, 0x00, 0x00, 0x00, 0x00, 0x00, 0x00, 0x00,
	0x00, 0x00, 0x00, 0x00, 0x00, 0x00, 0x00, 0x00,
	0x00, 0x00, 0x00, 0x00, 0x00, 0x00, 0x00, 0x00,
	0x00, 0x00, 0x00, 0x00, 0x00, 0x00, 0x00, 0x00,
	0x00, 0x00, 0x00, 0x00, 0x00, 0x00, 0x00, 0x00,
	0x00, 0x00, 0x00, 0x00, 0x00, 0x00, 0x00, 0x00,
	0x00, 0x00, 0x00, 0x00, 0x00, 0x00, 0x00, 0x00,
	0x00, 0x00, 0x00, 0x00, 0x00, 0x00, 0x00, 0x00,
	0x00, 0x00, 0x00, 0x00, 0x00, 0x00, 0x00, 0x00,
	0x00, 0x00, 0x00, 0x00, 0x00, 0x00, 0x00, 0x00,
	0x00, 0x00, 0x00, 0x00, 0x00, 0x00, 0x00, 0x00,
	0x00, 0x00, 0x00, 0x00, 0x00, 0x00, 0x00, 0x00,
	0x00, 0x00, 0x00, 0x00, 0x00, 0x00, 0x00, 0x00,
	0x00, 0x00, 0x00, 0x00, 0x00, 0x00, 0x00, 0x00,
	0x00, 0x00, 0x00, 0x00, 0x00, 0x00, 0x00, 0x00,
	0x00, 0x00, 0x00, 0x00, 0x00, 0x00, 0x00, 0x00,
	0x00, 0x00, 0x00, 0x00, 0x00, 0x00, 0x00, 0x00,
	0x00, 0x00, 0x00, 0x00, 0x00, 0x00, 0x00, 0x00,
	0x00, 0x00, 0x00, 0x00, 0x00, 0x00, 0x00, 0x00,
	0x00, 0x00, 0x00, 0x00, 0x00, 0x00, 0x00, 0x00,
	0x00, 0x00, 0x00, 0x00, 0x00, 0x00, 0x00, 0x00,
	0x00, 0x00, 0x00, 0x00, 0x00, 0x00, 0x00, 0x00,
	0x00, 0x00, 0x00, 0x00, 0x00, 0x00, 0x00, 0x00,
	0x00, 0x00, 0x00, 0x00, 0x00, 0x00, 0x00, 0x00,
	0x00, 0x00, 0x00, 0x00, 0x00, 0x00, 0x00, 0x00,
	0x00, 0x00, 0x00, 0x00, 0x00, 0x00, 0x00, 0x00,
	0x00, 0x00, 0x00, 0x00, 0x00, 0x00, 0x00, 0x00,
	0x00, 0x00, 0x00, 0x00, 0x00, 0x00, 0x00, 0x00,
	0x00, 0x00, 0x00, 0x00, 0x00, 0x00, 0x00, 0x00,
	0x00, 0x00, 0x00, 0x00, 0x00, 0x00, 0x00, 0x00,
	0x00, 0x00, 0x00, 0x00, 0x00, 0x00, 0x00, 0x00,
	0x00, 0x00, 0x00, 0x00, 0x00, 0x00, 0x00, 0x00,
	0x00, 0x00, 0x00, 0x00, 0x00, 0x00, 0x00, 0x00,
	0x00, 0x00, 0x00, 0x00, 0x00, 0x00, 0x00, 0x00,
	0x00, 0x00, 0x00, 0x00, 0x00, 0x00, 0x00, 0x00,
	0x00, 0x00, 0x00, 0x00, 0x00, 0x00, 0x00, 0x00,
	0x00, 0x00, 0x00, 0x00, 0x00, 0x00, 0x00, 0x00,
	0x00, 0x00, 0x00, 0x00, 0x00, 0x00, 0x00, 0x00,
	0x00, 0x00, 0x00, 0x00, 0x00, 0x00, 0x00, 0x00,
	0x00, 0x00, 0x00, 0x00, 0x00, 0x00, 0x00, 0x00,
	0x00, 0x00, 0x00, 0x00, 0x00, 0x00, 0x00, 0x00,
	0x00, 0x00, 0x00, 0x00, 0x00, 0x00, 0x00, 0x00,
	0x00, 0x00, 0x00, 0x00, 0x00, 0x00, 0x00, 0x00,
	0x00, 0x00, 0x00, 0x00, 0x00, 0x00, 0x00, 0x00,
	0x00, 0x00, 0x00, 0x00, 0x00, 0x00, 0x00, 0x00,
	0x00, 0x00, 0x00, 0x00, 0x00, 0x00, 0x00, 0x00,
	0x00, 0x00, 0x00, 0x00, 0x00, 0x00, 0x00, 0x00,
	0x00, 0x00, 0x00, 0x00, 0x00, 0x00, 0x00, 0x00,
	0x00, 0x00, 0x00, 0x00, 0x00, 0x00, 0x00, 0x00,
	0x00, 0x00, 0x00, 0x00, 0x00, 0x00, 0x00, 0x00,
	0x00, 0x00, 0x00, 0x00, 0x00, 0x00, 0x00, 0x00,
	0x00, 0x00, 0x00, 0x00, 0x00, 0x00, 0x00, 0x00,
	0x00, 0x00, 0x00, 0x00, 0x00, 0x00, 0x00, 0x00,
	0x00, 0x00, 0x00, 0x00, 0x00, 0x00, 0x00, 0x00,
	0x00, 0x00, 0x00, 0x00, 0x00, 0x00, 0x00, 0x00,
	0x00, 0x00, 0x00, 0x00, 0x00, 0x00, 0x00, 0x00,
	0x00, 0x00, 0x00, 0x00, 0x00, 0x00, 0x00, 0x00,
	0x00, 0x00, 0x00, 0x00, 0x00, 0x00, 0x00, 0x00,
	0x00, 0x00, 0x00, 0x00, 0x00, 0x00, 0x00, 0x00,
	0x00, 0x00, 0x00, 0x00, 0x00, 0x00, 0x00, 0x00,
	0x00, 0x00, 0x00, 0x00, 0x00, 0x00, 0x00, 0x00,
	0x00, 0x00, 0x00, 0x00, 0x00, 0x00, 0x00, 0x00,
	0x00, 0x00, 0x00, 0x00, 0x00, 0x00, 0x00, 0x00,
	0x00, 0x00, 0x00, 0x00, 0x00, 0x00, 0x00, 0x00,
	0x00, 0x00, 0x00, 0x00, 0x00, 0x00, 0x00, 0x00,
	0x00, 0x00, 0x00, 0x00, 0x00, 0x00, 0x00, 0x00,
	0x00, 0x00, 0x00, 0x00, 0x00, 0x00, 0x00, 0x00,
	0x00, 0x00, 0x00, 0x00, 0x00, 0x00, 0x00, 0x00,
	0x00, 0x00, 0x00, 0x00, 0x00, 0x00, 0x00, 0x00,
	0x00, 0x00, 0x00, 0x00, 0x00, 0x00, 0x00, 0x00,
	0x00, 0x00, 0x00, 0x00, 0x00, 0x00, 0x00, 0x00,
	0x00, 0x00, 0x00, 0x00, 0x00, 0x00, 0x00, 0x00,
	0x00, 0x00, 0x00, 0x00, 0x00, 0x00, 0x00, 0x00,
	0x00, 0x00, 0x00, 0x00, 0x00, 0x00, 0x00, 0x00,
	0x00, 0x00, 0x00, 0x00, 0x00, 0x00, 0x00, 0x00,
	0x00, 0x00, 0x00, 0x00, 0x00, 0x00, 0x00, 0x00,
	0x00, 0x00, 0x00, 0x00, 0x00, 0x00, 0x00, 0x00,
	0x00, 0x00, 0x00, 0x00, 0x00, 0x00, 0x00, 0x00,
	0x00, 0x00, 0x00, 0x00, 0x00, 0x00, 0x00, 0x00,
	0x00, 0x00, 0x00, 0x00, 0x00, 0x00, 0x00, 0x00,
	0x00, 0x00, 0x00, 0x00, 0x00, 0x00, 0x00, 0x00,
	0x00, 0x00, 0x00, 0x00, 0x00, 0x00, 0x00, 0x00,
	0x00, 0x00, 0x00, 0x00, 0x00, 0x00, 0x00, 0x00,
	0x00, 0x00, 0x00, 0x00, 0x00, 0x00, 0x00, 0x00,
	0x00, 0x00, 0x00, 0x00, 0x00, 0x00, 0x00, 0x00,
	0x00, 0x00, 0x00, 0x00, 0x00, 0x00, 0x00, 0x00,
	0x00, 0x00, 0x00, 0x00, 0x00, 0x00, 0x00, 0x00,
	0x00, 0x00, 0x00, 0x00, 0x00, 0x00, 0x00, 0x00,
	0x00, 0x00, 0x00, 0x00, 0x00, 0x00, 0x00, 0x00,
	0x00, 0x00, 0x00, 0x00, 0x00, 0x00, 0x00, 0x00,
	0x00, 0x00, 0x00, 0x00, 0x00, 0x00, 0x00, 0x00,
	0x00, 0x00, 0x00, 0x00, 0x00, 0x00, 0x00, 0x00,
	0x00, 0x00, 0x00, 0x00, 0x00, 0x00, 0x00, 0x00,
	0x00, 0x00, 0x00, 0x00, 0x00, 0x00, 0x00, 0x00,
	0x00, 0x00, 0x00, 0x00, 0x00, 0x00, 0x00, 0x00,
	0x00, 0x00, 0x00, 0x00, 0x00, 0x00, 0x00, 0x00,
	0x00, 0x00, 0x00, 0x00, 0x00, 0x00, 0x00, 0x00,
	0x00, 0x00, 0x00, 0x00, 0x00, 0x00, 0x00, 0x00,
	0x00, 0x00, 0x00, 0x00, 0x00, 0x00, 0x00, 0x00,
	0x00, 0x00, 0x00, 0x00, 0x00, 0x00, 0x00, 0x00,
	0x00, 0x00, 0x00, 0x00, 0x00, 0x00, 0x00, 0x00,
	0x00, 0x00, 0x00, 0x00, 0x00, 0x00, 0x00, 0x00,
	0x00, 0x00, 0x00, 0x00, 0x00, 0x00, 0x00, 0x00,
	0x00, 0x00, 0x00, 0x00, 0x00, 0x00, 0x00, 0x00,
	0x00, 0x00, 0x00, 0x00, 0x00, 0x00, 0x00, 0x00,
	0x00, 0x00, 0x00, 0x00, 0x00, 0x00, 0x00, 0x00,
	0x00, 0x00, 0x00, 0x00, 0x00, 0x00, 0x00, 0x00,
	0x00, 0x00, 0x00, 0x00, 0x00, 0x00, 0x00, 0x00,
	0x00, 0x00, 0x00, 0x00, 0x00, 0x00, 0x00, 0x00,
	0x00, 0x00, 0x00, 0x00, 0x00, 0x00, 0x00, 0x00,
	0x00, 0x00, 0x00, 0x00, 0x00, 0x00, 0x00, 0x00,
	0x00, 0x00, 0x00, 0x00, 0x00, 0x00, 0x00, 0x00,
	0x00, 0x00, 0x00, 0x00, 0x00, 0x00, 0x00, 0x00,
	0x00, 0x00, 0x00, 0x00, 0x00, 0x00, 0x00, 0x00,
	0x00, 0x00, 0x00, 0x00, 0x00, 0x00, 0x00, 0x00,
	0x00, 0x00, 0x00, 0x00, 0x00, 0x00, 0x00, 0x00,
	0x00, 0x00, 0x00, 0x00, 0x00, 0x00, 0x00, 0x00,
	0x00, 0x00, 0x00, 0x00, 0x00, 0x00, 0x00, 0x00,
	0x00, 0x00, 0x00, 0x00, 0x00, 0x00, 0x00, 0x00,
	0x00, 0x00, 0x00, 0x00, 0x00, 0x00, 0x00, 0x00,
	0x00, 0x00, 0x00, 0x00, 0x00, 0x00, 0x00, 0x00,
	0x00, 0x00, 0x00, 0x00, 0x00, 0x00, 0x00, 0x00,
	0x00, 0x00, 0x00, 0x00, 0x00, 0x00, 0x00, 0x00,
	0x00, 0x00, 0x00, 0x00, 0x00, 0x00, 0x00, 0x00,
	0x00, 0x00, 0x00, 0x00, 0x00, 0x00, 0x00, 0x00,
	0x00, 0x00, 0x00, 0x00, 0x00, 0x00, 0x00, 0x00,
	0x00, 0x00, 0x00, 0x00, 0x00, 0x00, 0x00, 0x00,
	0x00, 0x00, 0x00, 0x00, 0x00, 0x00, 0x00, 0x00,
	0x00, 0x00, 0x00, 0x00, 0x00, 0x00, 0x00, 0x00,
	0x00, 0x00, 0x00, 0x00, 0x00, 0x00, 0x00, 0x00,
	0x00, 0x00, 0x00, 0x00, 0x00, 0x00, 0x00, 0x00,
	0x00, 0x00, 0x00, 0x00, 0x00, 0x00, 0x00, 0x00,
	0x00, 0x00, 0x00, 0x00, 0x00, 0x00, 0x00, 0x00,
	0x00, 0x00, 0x00, 0x00, 0x00, 0x00, 0x00, 0x00,
	0x00, 0x00, 0x00, 0x00, 0x00, 0x00, 0x00, 0x00,
	0x00, 0x00, 0x00, 0x00, 0x00, 0x00, 0x00, 0x00,
	0x00, 0x00, 0x00, 0x00, 0x00, 0x00, 0x00, 0x00,
	0x00, 0x00, 0x00, 0x00, 0x00, 0x00, 0x00, 0x00,
	0x00, 0x00, 0x00, 0x00, 0x00, 0x00, 0x00, 0x00,
	0x00, 0x00, 0x00, 0x00, 0x00, 0x00, 0x00, 0x00,
	0x00, 0x00, 0x00, 0x00, 0x00, 0x00, 0x00, 0x00,
	0x00, 0x00, 0x00, 0x00, 0x00, 0x00, 0x00, 0x00,
	0x00, 0x00, 0x00, 0x00, 0x00, 0x00, 0x00, 0x00,
	0x00, 0x00, 0x00, 0x00, 0x00, 0x00, 0x00, 0x00,
	0x00, 0x00, 0x00, 0x00, 0x00, 0x00, 0x00, 0x00,
	0x00, 0x00, 0x00, 0x00, 0x00, 0x00, 0x00, 0x00,
	0x00, 0x00, 0x00, 0x00, 0x00, 0x00, 0x00, 0x00,
	0x00, 0x00, 0x00, 0x00, 0x00, 0x00, 0x00, 0x00,
	0x00, 0x00, 0x00, 0x00, 0x00, 0x00, 0x00, 0x00,
	0x00, 0x00, 0x00, 0x00, 0x00, 0x00, 0x00, 0x00,
	0x00, 0x00, 0x00, 0x00, 0x00, 0x00, 0x00, 0x00,
	0x00, 0x00, 0x00, 0x00, 0x00, 0x00, 0x00, 0x00,
	0x00, 0x00, 0x00, 0x00, 0x00, 0x00, 0x00, 0x00,
	0x00, 0x00, 0x00, 0x00, 0x00, 0x00, 0x00, 0x00,
	0x00, 0x00, 0x00, 0x00, 0x00, 0x00, 0x00, 0x00,
	0x00, 0x00, 0x00, 0x00, 0x00, 0x00, 0x00, 0x00,
	0x00, 0x00, 0x00, 0x00, 0x00, 0x00, 0x00, 0x00,
	0x00, 0x00, 0x00, 0x00, 0x00, 0x00, 0x00, 0x00,
	0x00, 0x00, 0x00, 0x00, 0x00, 0x00, 0x00, 0x00,
	0x00, 0x00, 0x00, 0x00, 0x00, 0x00, 0x00, 0x00,
	0x00, 0x00, 0x00, 0x00, 0x00, 0x00, 0x00, 0x00,
	0x00, 0x00, 0x00, 0x00, 0x00, 0x00, 0x00, 0x00,
	0x00, 0x00, 0x00, 0x00, 0x00, 0x00, 0x00, 0x00,
	0x00, 0x00, 0x00, 0x00, 0x00, 0x00, 0x00, 0x00,
	0x00, 0x00, 0x00, 0x00, 0x00, 0x00, 0x00, 0x00,
	0x00, 0x00, 0x00, 0x00, 0x00, 0x00, 0x00, 0x00,
	0x00, 0x00, 0x00, 0x00, 0x00, 0x00, 0x00, 0x00,
	0x00, 0x00, 0x00, 0x00, 0x00, 0x00, 0x00, 0x00,
	0x00, 0x00, 0x00, 0x00, 0x00, 0x00, 0x00, 0x00,
	0x00, 0x00, 0x00, 0x00, 0x00, 0x00, 0x00, 0x00,
	0x00, 0x00, 0x00, 0x00, 0x00, 0x00, 0x00, 0x00,
	0x00, 0x00, 0x00, 0x00, 0x00, 0x00, 0x00, 0x00,
	0x00, 0x00, 0x00, 0x00, 0x00, 0x00, 0x00, 0x00,
	0x00, 0x00, 0x00, 0x00, 0x00, 0x00, 0x00, 0x00,
	0x00, 0x00, 0x00, 0x00, 0x00, 0x00, 0x00, 0x00,
	0x00, 0x00, 0x00, 0x00, 0x00, 0x00, 0x00, 0x00,
	0x00, 0x00, 0x00, 0x00, 0x00, 0x00, 0x00, 0x00,
	0x00, 0x00, 0x00, 0x00, 0x00, 0x00, 0x00, 0x00,
	0x00, 0x00, 0x00, 0x00, 0x00, 0x00, 0x00, 0x00,
	0x00, 0x00, 0x00, 0x00, 0x00, 0x00, 0x00, 0x00,
	0x00, 0x00, 0x00, 0x00, 0x00, 0x00, 0x00, 0x00,
	0x00, 0x00, 0x00, 0x00, 0x00, 0x00, 0x00, 0x00,
	0x00, 0x00, 0x00, 0x00, 0x00, 0x00, 0x00, 0x00,
	0x00, 0x00, 0x00, 0x00, 0x00, 0x00, 0x00, 0x00,
	0x00, 0x00, 0x00, 0x00, 0x00, 0x00, 0x00, 0x00,
	0x00, 0x00, 0x00, 0x00, 0x00, 0x00, 0x00, 0x00,
	0x00, 0x00, 0x00, 0x00, 0x00, 0x00, 0x00, 0x00,
	0x00, 0x00, 0x00, 0x00, 0x00, 0x00, 0x00, 0x00,
	0x00, 0x00, 0x00, 0x00, 0x00, 0x00, 0x00, 0x00,
	0x00, 0x00, 0x00, 0x00, 0x00, 0x00, 0x00, 0x00,
	0x00, 0x00, 0x00, 0x00, 0x00, 0x00, 0x00, 0x00,
	0x00, 0x00, 0x00, 0x00, 0x00, 0x00, 0x00, 0x00,
	0x00, 0x00, 0x00, 0x00, 0x00, 0x00, 0x00, 0x00,
	0x00, 0x00, 0x00, 0x00, 0x00, 0x00, 0x00, 0x00,
	0x00, 0x00, 0x00, 0x00, 0x00, 0x00, 0x00, 0x00,
	0x00, 0x00, 0x00, 0x00, 0x00, 0x00, 0x00, 0x00,
	0x00, 0x00, 0x00, 0x00, 0x00, 0x00, 0x00, 0x00,
	0x00, 0x00, 0x00, 0x00, 0x00, 0x00, 0x00, 0x00,
	0x00, 0x00, 0x00, 0x00, 0x00, 0x00, 0x00, 0x00,
	0x00, 0x00, 0x00, 0x00, 0x00, 0x00, 0x00, 0x00,
	0x00, 0x00, 0x00, 0x00, 0x00, 0x00, 0x00, 0x00,
	0x00, 0x00, 0x00, 0x00, 0x00, 0x00, 0x00, 0x00,
	0x00, 0x00, 0x00, 0x00, 0x00, 0x00, 0x00, 0x00,
	0x00, 0x00, 0x00, 0x00, 0x00, 0x00, 0x00, 0x00,
	0x00, 0x00, 0x00, 0x00, 0x00, 0x00, 0x00, 0x00,
	0x00, 0x00, 0x00, 0x00, 0x00, 0x00, 0x00, 0x00,
	0x00, 0x00, 0x00, 0x00, 0x00, 0x00, 0x00, 0x00,
	0x00, 0x00, 0x00, 0x00, 0x00, 0x00, 0x00, 0x00,
	0x00, 0x00, 0x00, 0x00, 0x00, 0x00, 0x00, 0x00,
	0x00, 0x00, 0x00, 0x00, 0x00, 0x00, 0x00, 0x00,
	0x00, 0x00, 0x00, 0x00, 0x00, 0x00, 0x00, 0x00,
	0x00, 0x00, 0x00, 0x00, 0x00, 0x00, 0x00, 0x00,
	0x00, 0x00, 0x00, 0x00, 0x00, 0x00, 0x00, 0x00,
	0x00, 0x00, 0x00, 0x00, 0x00, 0x00, 0x00, 0x00,
	0x00, 0x00, 0x00, 0x00, 0x00, 0x00, 0x00, 0x00,
	0x00, 0x00, 0x00, 0x00, 0x00, 0x00, 0x00, 0x00,
	0x00, 0x00, 0x00, 0x00, 0x00, 0x00, 0x00, 0x00,
	0x00, 0x00, 0x00, 0x00, 0x00, 0x00, 0x00, 0x00,
	0x00, 0x00, 0x00, 0x00, 0x00, 0x00, 0x00, 0x00,
	0x00, 0x00, 0x00, 0x00, 0x00, 0x00, 0x00, 0x00,
	0x00, 0x00, 0x00, 0x00, 0x00, 0x00, 0x00, 0x00,
	0x00, 0x00, 0x00, 0x00, 0x00, 0x00, 0x00, 0x00,
	0x00, 0x00, 0x00, 0x00, 0x00, 0x00, 0x00, 0x00,
	0x00, 0x00, 0x00, 0x00, 0x00, 0x00, 0x00, 0x00,
	0x00, 0x00, 0x00, 0x00, 0x00, 0x00, 0x00, 0x00,
	0x00, 0x00, 0x00, 0x00, 0x00, 0x00, 0x00, 0x00,
	0x00, 0x00, 0x00, 0x00, 0x00, 0x00, 0x00, 0x00,
	0x00, 0x00, 0x00, 0x00, 0x00, 0x00, 0x00, 0x00,
	0x00, 0x00, 0x00, 0x00, 0x00, 0x00, 0x00, 0x00,
	0x00, 0x00, 0x00, 0x00, 0x00, 0x00, 0x00, 0x00,
	0x00, 0x00, 0x00, 0x00, 0x00, 0x00, 0x00, 0x00,
	0x00, 0x00, 0x00, 0x00, 0x00, 0x00, 0x00, 0x00,
	0x00, 0x00, 0x00, 0x00, 0x00, 0x00, 0x00, 0x00,
	0x00, 0x00, 0x00, 0x00, 0x00, 0x00, 0x00, 0x00,
	0x00, 0x00, 0x00, 0x00, 0x00, 0x00, 0x00, 0x00,
	0x00, 0x00, 0x00, 0x00, 0x00, 0x00, 0x00, 0x00,
	0x00, 0x00, 0x00, 0x00, 0x00, 0x00, 0x00, 0x00,
	0x00, 0x00, 0x00, 0x00, 0x00, 0x00, 0x00, 0x00,
	0x00, 0x00, 0x00, 0x00, 0x00, 0x00, 0x00, 0x00,
	0x00, 0x00, 0x00, 0x00, 0x00, 0x00, 0x00, 0x00,
	0x00, 0x00, 0x00, 0x00, 0x00, 0x00, 0x00, 0x00,
	0x00, 0x00, 0x00, 0x00, 0x00, 0x00, 0x00, 0x00,
	0x00, 0x00, 0x00, 0x00, 0x00, 0x00, 0x00, 0x00,
	0x00, 0x00, 0x00, 0x00, 0x00, 0x00, 0x00, 0x00,
	0x00, 0x00, 0x00, 0x00, 0x00, 0x00, 0x00, 0x00,
	0x00, 0x00, 0x00, 0x00, 0x00, 0x00, 0x00, 0x00,
	0x00, 0x00, 0x00, 0x00, 0x00, 0x00, 0x00, 0x00,
	0x00, 0x00, 0x00, 0x00, 0x00, 0x00, 0x00, 0x00,
	0x00, 0x00, 0x00, 0x00, 0x00, 0x00, 0x00, 0x00,
	0x00, 0x00, 0x00, 0x00, 0x00, 0x00, 0x00, 0x00,
	0x00, 0x00, 0x00, 0x00, 0x00, 0x00, 0x00, 0x00,
	0x00, 0x00, 0x00, 0x00, 0x00, 0x00, 0x00, 0x00,
	0x00, 0x00, 0x00, 0x00, 0x00, 0x00, 0x00, 0x00,
	0x00, 0x00, 0x00, 0x00, 0x00, 0x00, 0x00, 0x00,
	0x00, 0x00, 0x00, 0x00, 0x00, 0x00, 0x00, 0x00,
	0x00, 0x00, 0x00, 0x00, 0x00, 0x00, 0x00, 0x00,
	0x00, 0x00, 0x00, 0x00, 0x00, 0x00, 0x00, 0x00,
	0x00, 0x00, 0x00, 0x00, 0x00, 0x00, 0x00, 0x00,
	0x00, 0x00, 0x00, 0x00, 0x00, 0x00, 0x00, 0x00,
	0x00, 0x00, 0x00, 0x00, 0x00, 0x00, 0x00, 0x00,
	0x00, 0x00, 0x00, 0x00, 0x00, 0x00, 0x00, 0x00,
	0x00, 0x00, 0x00, 0x00, 0x00, 0x00, 0x00, 0x00,
	0x00, 0x00, 0x00, 0x00, 0x00, 0x00, 0x00, 0x00,
	0x00, 0x00, 0x00, 0x00, 0x00, 0x00, 0x00, 0x00,
	0x00, 0x00, 0x00, 0x00, 0x00, 0x00, 0x00, 0x00,
	0x00, 0x00, 0x00, 0x00, 0x00, 0x00, 0x00, 0x00,
	0x00, 0x00, 0x00, 0x00, 0x00, 0x00, 0x00, 0x00,
	0x00, 0x00, 0x00, 0x00, 0x00, 0x00, 0x00, 0x00,
	0x00, 0x00, 0x00, 0x00, 0x00, 0x00, 0x00, 0x00,
	0x00, 0x00, 0x00, 0x00, 0x00, 0x00, 0x00, 0x00,
	0x00, 0x00, 0x00, 0x00, 0x00, 0x00, 0x00, 0x00,
	0x00, 0x00, 0x00, 0x00, 0x00, 0x00, 0x00, 0x00,
	0x00, 0x00, 0x00, 0x00, 0x00, 0x00, 0x00, 0x00,
	0x00, 0x00, 0x00, 0x00, 0x00, 0x00, 0x00, 0x00,
	0x00, 0x00, 0x00, 0x00, 0x00, 0x00, 0x00, 0x00,
	0x00, 0x00, 0x00, 0x00, 0x00, 0x00, 0x00, 0x00,
	0x00, 0x00, 0x00, 0x00, 0x00, 0x00, 0x00, 0x00,
	0x00, 0x00, 0x00, 0x00, 0x00, 0x00, 0x00, 0x00,
	0x00, 0x00, 0x00, 0x00, 0x00, 0x00, 0x00, 0x00,
	0x00, 0x00, 0x00, 0x00, 0x00, 0x00, 0x00, 0x00,
	0x00, 0x00, 0x00, 0x00, 0x00, 0x00, 0x00, 0x00,
	0x00, 0x00, 0x00, 0x00, 0x00, 0x00, 0x00, 0x00,
	0x00, 0x00, 0x00, 0x00, 0x00, 0x00, 0x00, 0x00,
	0x00, 0x00, 0x00, 0x00, 0x00, 0x00, 0x00, 0x00,
	0x00, 0x00, 0x00, 0x00, 0x00, 0x00, 0x00, 0x00,
	0x00, 0x00, 0x00, 0x00, 0x00, 0x00, 0x00, 0x00,
	0x00, 0x00, 0x00, 0x00, 0x00, 0x00, 0x00, 0x00,
	0x00, 0x00, 0x00, 0x00, 0x00, 0x00, 0x00, 0x00,
	0x00, 0x00, 0x00, 0x00, 0x00, 0x00, 0x00, 0x00,
	0x00, 0x00, 0x00, 0x00, 0x00, 0x00, 0x00, 0x00,
	0x00, 0x00, 0x00, 0x00, 0x00, 0x00, 0x00, 0x00,
	0x00, 0x00, 0x00, 0x00, 0x00, 0x00, 0x00, 0x00,
	0x00, 0x00, 0x00, 0x00, 0x00, 0x00, 0x00, 0x00,
	0x00, 0x00, 0x00, 0x00, 0x00, 0x00, 0x00, 0x00,
	0x00, 0x00, 0x00, 0x00, 0x00, 0x00, 0x00, 0x00,
	0x00, 0x00, 0x00, 0x00, 0x00, 0x00, 0x00, 0x00,
	0x00, 0x00, 0x00, 0x00, 0x00, 0x00, 0x00, 0x00,
	0x00, 0x00, 0x00, 0x00, 0x00, 0x00, 0x00, 0x00,
	0x00, 0x00, 0x00, 0x00, 0x00, 0x00, 0x00, 0x00,
	0x00, 0x00, 0x00, 0x00, 0x00, 0x00, 0x00, 0x00,
	0x00, 0x00, 0x00, 0x00, 0x00, 0x00, 0x00, 0x00,
	0x00, 0x00, 0x00, 0x00, 0x00, 0x00, 0x00, 0x00,
	0x00, 0x00, 0x00, 0x00, 0x00, 0x00, 0x00, 0x00,
	0x00, 0x00, 0x00, 0x00, 0x00, 0x00, 0x00, 0x00,
	0x00, 0x00, 0x00, 0x00, 0x00, 0x00, 0x00, 0x00,
	0x00, 0x00, 0x00, 0x00, 0x00, 0x00, 0x00, 0x00,
	0x00, 0x00, 0x00, 0x00, 0x00, 0x00, 0x00, 0x00,
	0x00, 0x00, 0x00, 0x00, 0x00, 0x00, 0x00, 0x00,
	0x00, 0x00, 0x00, 0x00, 0x00, 0x00, 0x00, 0x00,
	0x00, 0x00, 0x00, 0x00, 0x00, 0x00, 0x00, 0x00,
	0x00, 0x00, 0x00, 0x00, 0x00, 0x00, 0x00, 0x00,
	0x00, 0x00, 0x00, 0x00, 0x00, 0x00, 0x00, 0x00,
	0x00, 0x00, 0x00, 0x00, 0x00, 0x00, 0x00, 0x00,
	0x00, 0x00, 0x00, 0x00, 0x00, 0x00, 0x00, 0x00,
	0x00, 0x00, 0x00, 0x00, 0x00, 0x00, 0x00, 0x00,
	0x00, 0x00, 0x00, 0x00, 0x00, 0x00, 0x00, 0x00,
	0x00, 0x00, 0x00, 0x00, 0x00, 0x00, 0x00, 0x00,
	0x00, 0x00, 0x00, 0x00, 0x00, 0x00, 0x00, 0x00,
	0x00, 0x00, 0x00, 0x00, 0x00, 0x00, 0x00, 0x00,
	0x00, 0x00, 0x00, 0x00, 0x00, 0x00, 0x00, 0x00,
	0x00, 0x00, 0x00, 0x00, 0x00, 0x00, 0x00, 0x00,
	0x00, 0x00, 0x00, 0x00, 0x00, 0x00, 0x00, 0x00,
	0x00, 0x00, 0x00, 0x00, 0x00, 0x00, 0x00, 0x00,
	0x00, 0x00, 0x00, 0x00, 0x00, 0x00, 0x00, 0x00,
	0x00, 0x00, 0x00, 0x00, 0x00, 0x00, 0x00, 0x00,
	0x00, 0x00, 0x00, 0x00, 0x00, 0x00, 0x00, 0x00,
	0x00, 0x00, 0x00, 0x00, 0x00, 0x00, 0x00, 0x00,
	0x00, 0x00, 0x00, 0x00, 0x00, 0x00, 0x00, 0x00,
	0x00, 0x00, 0x00, 0x00, 0x00, 0x00, 0x00, 0x00,
	0x00, 0x00, 0x00, 0x00, 0x00, 0x00, 0x00, 0x00,
	0x00, 0x00, 0x00, 0x00, 0x00, 0x00, 0x00, 0x00,
	0x00, 0x00, 0x00, 0x00, 0x00, 0x00, 0x00, 0x00,
	0x00, 0x00, 0x00, 0x00, 0x00, 0x00, 0x00, 0x00,
	0x00, 0x00, 0x00, 0x00, 0x00, 0x00, 0x00, 0x00,
	0x00, 0x00, 0x00, 0x00, 0x00, 0x00, 0x00, 0x00,
	0x00, 0x00, 0x00, 0x00, 0x00, 0x00, 0x00, 0x00,
	0x00, 0x00, 0x00, 0x00, 0x00, 0x00, 0x00, 0x00,
	0x00, 0x00, 0x00, 0x00, 0x00, 0x00, 0x00, 0x00,
	0x00, 0x00, 0x00, 0x00, 0x00, 0x00, 0x00, 0x00,
	0x00, 0x00, 0x00, 0x00, 0x00, 0x00, 0x00, 0x00,
	0x00, 0x00, 0x00, 0x00, 0x00, 0x00, 0x00, 0x00,
	0x00, 0x00, 0x00, 0x00, 0x00, 0x00, 0x00, 0x00,
	0x00, 0x00, 0x00, 0x00, 0x00, 0x00, 0x00, 0x00,
	0x00, 0x00, 0x00, 0x00, 0x00, 0x00, 0x00, 0x00,
	0x00, 0x00, 0x00, 0x00, 0x00, 0x00, 0x00, 0x00,
	0x00, 0x00, 0x00, 0x00, 0x00, 0x00, 0x00, 0x00,
	0x00, 0x00, 0x00, 0x00, 0x00, 0x00, 0x00, 0x00,
	0x00, 0x00, 0x00, 0x00, 0x00, 0x00, 0x00, 0x00,
	0x00, 0x00, 0x00, 0x00, 0x00, 0x00, 0x00, 0x00,
	0x00, 0x00, 0x00, 0x00, 0x00, 0x00, 0x00, 0x00,
	0x00, 0x00, 0x00, 0x00, 0x00, 0x00, 0x00, 0x00,
	0x00, 0x00, 0x00, 0x00, 0x00, 0x00, 0x00, 0x00,
	0x00, 0x00, 0x00, 0x00, 0x00, 0x00, 0x00, 0x00,
	0x00, 0x00, 0x00, 0x00, 0x00, 0x00, 0x00, 0x00,
	0x00, 0x00, 0x00, 0x00, 0x00, 0x00, 0x00, 0x00,
	0x00, 0x00, 0x00, 0x00, 0x00, 0x00, 0x00, 0x00,
	0x00, 0x00, 0x00, 0x00, 0x00, 0x00, 0x00, 0x00,
	0x00, 0x00, 0x00, 0x00, 0x00, 0x00, 0x00, 0x00,
	0x00, 0x00, 0x00, 0x00, 0x00, 0x00, 0x00, 0x00,
	0x00, 0x00, 0x00, 0x00, 0x00, 0x00, 0x00, 0x00,
	0x00, 0x00, 0x00, 0x00, 0x00, 0x00, 0x00, 0x00,
	0x00, 0x00, 0x00, 0x00, 0x00, 0x00, 0x00, 0x00,
	0x00, 0x00, 0x00, 0x00, 0x00, 0x00, 0x00, 0x00,
	0x00, 0x00, 0x00, 0x00, 0x00, 0x00, 0x00, 0x00,
	0x00, 0x00, 0x00, 0x00, 0x00, 0x00, 0x00, 0x00,
	0x00, 0x00, 0x00, 0x00, 0x00, 0x00, 0x00, 0x00,
	0x00, 0x00, 0x00, 0x00, 0x00, 0x00, 0x00, 0x00,
	0x00, 0x00, 0x00, 0x00, 0x00, 0x00, 0x00, 0x00,
	0x00, 0x00, 0x00, 0x00, 0x00, 0x00, 0x00, 0x00,
	0x00, 0x00, 0x00, 0x00, 0x00, 0x00, 0x00, 0x00,
	0x00, 0x00, 0x00, 0x00, 0x00, 0x00, 0x00, 0x00,
	0x00, 0x00, 0x00, 0x00, 0x00, 0x00, 0x00, 0x00,
	0x00, 0x00, 0x00, 0x00, 0x00, 0x00, 0x00, 0x00,
	0x00, 0x00, 0x00, 0x00, 0x00, 0x00, 0x00, 0x00,
	0x00, 0x00, 0x00, 0x00, 0x00, 0x00, 0x00, 0x00,
	0x00, 0x00, 0x00, 0x00, 0x00, 0x00, 0x00, 0x00,
	0x00, 0x00, 0x00, 0x00, 0x00, 0x00, 0x00, 0x00,
	0x00, 0x00, 0x00, 0x00, 0x00, 0x00, 0x00, 0x00,
	0x00, 0x00, 0x00, 0x00, 0x00, 0x00, 0x00, 0x00,
	0x00, 0x00, 0x00, 0x00, 0x00, 0x00, 0x00, 0x00,
	0x00, 0x00, 0x00, 0x00, 0x00, 0x00, 0x00, 0x00,
	0x00, 0x00, 0x00, 0x00, 0x00, 0x00, 0x00, 0x00,
	0x00, 0x00, 0x00, 0x00, 0x00, 0x00, 0x00, 0x00,
	0x00, 0x00, 0x00, 0x00, 0x00, 0x00, 0x00, 0x00,
	0x00, 0x00, 0x00, 0x00, 0x00, 0x00, 0x00, 0x00,
	0x00, 0x00, 0x00, 0x00, 0x00, 0x00, 0x00, 0x00,
	0x00, 0x00, 0x00, 0x00, 0x00, 0x00, 0x00, 0x00,
	0x00, 0x00, 0x00, 0x00, 0x00, 0x00, 0x00, 0x00,
	0x00, 0x00, 0x00, 0x00, 0x00, 0x00, 0x00, 0x00,
	0x00, 0x00, 0x00, 0x00, 0x00, 0x00, 0x00, 0x00,
	0x00, 0x00, 0x00, 0x00, 0x00, 0x00, 0x00, 0x00,
	0x00, 0x00, 0x00, 0x00, 0x00, 0x00, 0x00, 0x00,
	0x00, 0x00, 0x00, 0x00, 0x00, 0x00, 0x00, 0x00,
	0x00, 0x00, 0x00, 0x00, 0x00, 0x00, 0x00, 0x00,
	0x00, 0x00, 0x00, 0x00, 0x00, 0x00, 0x00, 0x00,
	0x00, 0x00, 0x00, 0x00, 0x00, 0x00, 0x00, 0x00,
	0x00, 0x00, 0x00, 0x00, 0x00, 0x00, 0x00, 0x00,
	0x00, 0x00, 0x00, 0x00, 0x00, 0x00, 0x00, 0x00,
	0x00, 0x00, 0x00, 0x00, 0x00, 0x00, 0x00, 0x00,
	0x00, 0x00, 0x00, 0x00, 0x00, 0x00, 0x00, 0x00,
	0x00, 0x00, 0x00, 0x00, 0x00, 0x00, 0x00, 0x00,
	0x00, 0x00, 0x00, 0x00, 0x00, 0x00, 0x00, 0x00,
	0x00, 0x00, 0x00, 0x00, 0x00, 0x00, 0x00, 0x00,
	0x00, 0x00, 0x00, 0x00, 0x00, 0x00, 0x00, 0x00,
	0x00, 0x00, 0x00, 0x00, 0x00, 0x00, 0x00, 0x00,
	0x00, 0x00, 0x00, 0x00, 0x00, 0x00, 0x00, 0x00,
	0x00, 0x00, 0x00, 0x00, 0x00, 0x00, 0x00, 0x00,
	0x00, 0x00, 0x00, 0x00, 0x00, 0x00, 0x00, 0x00,
	0x00, 0x00, 0x00, 0x00, 0x00, 0x00, 0x00, 0x00,
	0x00, 0x00, 0x00, 0x00, 0x00, 0x00, 0x00, 0x00,
	0x00, 0x00, 0x00, 0x00, 0x00, 0x00, 0x00, 0x00,
	0x00, 0x00, 0x00, 0x00, 0x00, 0x00, 0x00, 0x00,
	0x00, 0x00, 0x00, 0x00, 0x00, 0x00, 0x00, 0x00,
	0x00, 0x00, 0x00, 0x00, 0x00, 0x00, 0x00, 0x00,
	0x00, 0x00, 0x00, 0x00, 0x00, 0x00, 0x00, 0x00,
	0x00, 0x00, 0x00, 0x00, 0x00, 0x00, 0x00, 0x00,
	0x00, 0x00, 0x00, 0x00, 0x00, 0x00, 0x00, 0x00,
	0x00, 0x00, 0x00, 0x00, 0x00, 0x00, 0x00, 0x00,
	0x00, 0x00, 0x00, 0x00, 0x00, 0x00, 0x00, 0x00,
	0x00, 0x00, 0x00, 0x00, 0x00, 0x00, 0x00, 0x00,
	0x00, 0x00, 0x00, 0x00, 0x00, 0x00, 0x00, 0x00,
	0x00, 0x00, 0x00, 0x00, 0x00, 0x00, 0x00, 0x00,
	0x00, 0x00, 0x00, 0x00, 0x00, 0x00, 0x00, 0x00,
	0x00, 0x00, 0x00, 0x00, 0x00, 0x00, 0x00, 0x00,
	0x00, 0x00, 0x00, 0x00, 0x00, 0x00, 0x00, 0x00,
	0x00, 0x00, 0x00, 0x00, 0x00, 0x00, 0x00, 0x00,
	0x00, 0x00, 0x00, 0x00, 0x00, 0x00, 0x00, 0x00,
	0x00, 0x00, 0x00, 0x00, 0x00, 0x00, 0x00, 0x00,
	0x00, 0x00, 0x00, 0x00, 0x00, 0x00, 0x00, 0x00,
	0x00, 0x00, 0x00, 0x00, 0x00, 0x00, 0x00, 0x00,
	0x00, 0x00, 0x00, 0x00, 0x00, 0x00, 0x00, 0x00,
	0x00, 0x00, 0x00, 0x00, 0x00, 0x00, 0x00, 0x00,
	0x00, 0x00, 0x00, 0x00, 0x00, 0x00, 0x00, 0x00,
	0x00, 0x00, 0x00, 0x00, 0x00, 0x00, 0x00, 0x00,
	0x00, 0x00, 0x00, 0x00, 0x00, 0x00, 0x00, 0x00,
	0x00, 0x00, 0x00, 0x00, 0x00, 0x00, 0x00, 0x00,
	0x00, 0x00, 0x00, 0x00, 0x00, 0x00, 0x00, 0x00,
	0x00, 0x00, 0x00, 0x00, 0x00, 0x00, 0x00, 0x00,
	0x00, 0x00, 0x00, 0x00, 0x00, 0x00, 0x00, 0x00,
	0x00, 0x00, 0x00, 0x00, 0x00, 0x00, 0x00, 0x00,
	0x00, 0x00, 0x00, 0x00, 0x00, 0x00, 0x00, 0x00,
	0x00, 0x00, 0x00, 0x00, 0x00, 0x00, 0x00, 0x00,
	0x00, 0x00, 0x00, 0x00, 0x00, 0x00, 0x00, 0x00,
	0x00, 0x00, 0x00, 0x00, 0x00, 0x00, 0x00, 0x00,
	0x00, 0x00, 0x00, 0x00, 0x00, 0x00, 0x00, 0x00,
	0x00, 0x00, 0x00, 0x00, 0x00, 0x00, 0x00, 0x00,
	0x00, 0x00, 0x00, 0x00, 0x00, 0x00, 0x00, 0x00,
	0x00, 0x00, 0x00, 0x00, 0x00, 0x00, 0x00, 0x00,
	0x00, 0x00, 0x00, 0x00, 0x00, 0x00, 0x00, 0x00,
	0x00, 0x00, 0x00, 0x00, 0x00, 0x00, 0x00, 0x00,
	0x00, 0x00, 0x00, 0x00, 0x00, 0x00, 0x00, 0x00,
	0x00, 0x00, 0x00, 0x00, 0x00, 0x00, 0x00, 0x00,
	0x00, 0x00, 0x00, 0x00, 0x00, 0x00, 0x00, 0x00,
	0x00, 0x00, 0x00, 0x00, 0x00, 0x00, 0x00, 0x00,
	0x00, 0x00, 0x00, 0x00, 0x00, 0x00, 0x00, 0x00,
	0x00, 0x00, 0x00, 0x00, 0x00, 0x00, 0x00, 0x00,
	0x00, 0x00, 0x00, 0x00, 0x00, 0x00, 0x00, 0x00,
	0x00, 0x00, 0x00, 0x00, 0x00, 0x00, 0x00, 0x00,
	0x00, 0x00, 0x00, 0x00, 0x00, 0x00, 0x00, 0x00,
	0x00, 0x00, 0x00, 0x00, 0x00, 0x00, 0x00, 0x00,
	0x00, 0x00, 0x00, 0x00, 0x00, 0x00, 0x00, 0x00,
	0x00, 0x00, 0x00, 0x00, 0x00, 0x00, 0x00, 0x00,
	0x00, 0x00, 0x00, 0x00, 0x00, 0x00, 0x00, 0x00,
	0x00, 0x00, 0x00, 0x00, 0x00, 0x00, 0x00, 0x00,
	0x00, 0x00, 0x00, 0x00, 0x00, 0x00, 0x00, 0x00,
	0x00, 0x00, 0x00, 0x00, 0x00, 0x00, 0x00, 0x00,
	0x00, 0x00, 0x00, 0x00, 0x00, 0x00, 0x00, 0x00,
	0x00, 0x00, 0x00, 0x00, 0x00, 0x00, 0x00, 0x00,
	0x00, 0x00, 0x00, 0x00, 0x00, 0x00, 0x00, 0x00,
	0x00, 0x00, 0x00, 0x00, 0x00, 0x00, 0x00, 0x00,
	0x00, 0x00, 0x00, 0x00, 0x00, 0x00, 0x00, 0x00,
	0x00, 0x00, 0x00, 0x00, 0x00, 0x00, 0x00, 0x00,
	0x00, 0x00, 0x00, 0x00, 0x00, 0x00, 0x00, 0x00,
	0x00, 0x00, 0x00, 0x00, 0x00, 0x00, 0x00, 0x00,
	0x00, 0x00, 0x00, 0x00, 0x00, 0x00, 0x00, 0x00,
	0x00, 0x00, 0x00, 0x00, 0x00, 0x00, 0x00, 0x00,
	0x00, 0x00, 0x00, 0x00, 0x00, 0x00, 0x00, 0x00,
	0x00, 0x00, 0x00, 0x00, 0x00, 0x00, 0x00, 0x00,
	0x00, 0x00, 0x00, 0x00, 0x00, 0x00, 0x00, 0x00,
	0x00, 0x00, 0x00, 0x00, 0x00, 0x00, 0x00, 0x00,
	0x00, 0x00, 0x00, 0x00, 0x00, 0x00, 0x00, 0x00,
	0x00, 0x00, 0x00, 0x00, 0x00, 0x00, 0x00, 0x00,
	0x00, 0x00, 0x00, 0x00, 0x00, 0x00, 0x00, 0x00,
	0x00, 0x00, 0x00, 0x00, 0x00, 0x00, 0x00, 0x00,
	0x00, 0x00, 0x00, 0x00, 0x00, 0x00, 0x00, 0x00,
	0x00, 0x00, 0x00, 0x00, 0x00, 0x00, 0x00, 0x00,
	0x00, 0x00, 0x00, 0x00, 0x00, 0x00, 0x00, 0x00,
	0x00, 0x00, 0x00, 0x00, 0x00, 0x00, 0x00, 0x00,
	0x00, 0x00, 0x00, 0x00, 0x00, 0x00, 0x00, 0x00,
	0x00, 0x00, 0x00, 0x00, 0x00, 0x00, 0x00, 0x00,
	0x00, 0x00, 0x00, 0x00, 0x00, 0x00, 0x00, 0x00,
	0x00, 0x00, 0x00, 0x00, 0x00, 0x00, 0x00, 0x00,
	0x00, 0x00, 0x00, 0x00, 0x00, 0x00, 0x00, 0x00,
	0x00, 0x00, 0x00, 0x00, 0x00, 0x00, 0x00, 0x00,
	0x00, 0x00, 0x00, 0x00, 0x00, 0x00, 0x00, 0x00,
	0x00, 0x00, 0x00, 0x00, 0x00, 0x00, 0x00, 0x00,
	0x00, 0x00, 0x00, 0x00, 0x00, 0x00, 0x00, 0x00,
	0x00, 0x00, 0x00, 0x00, 0x00, 0x00, 0x00, 0x00,
	0x00, 0x00, 0x00, 0x00, 0x00, 0x00, 0x00, 0x00,
	0x00, 0x00, 0x00, 0x00, 0x00, 0x00, 0x00, 0x00,
	0x00, 0x00, 0x00, 0x00, 0x00, 0x00, 0x00, 0x00,
	0x00, 0x00, 0x00, 0x00, 0x00, 0x00, 0x00, 0x00,
	0x00, 0x00, 0x00, 0x00, 0x00, 0x00, 0x00, 0x00,
	0x00, 0x00, 0x00, 0x00, 0x00, 0x00, 0x00, 0x00,
	0x00, 0x00, 0x00, 0x00, 0x00, 0x00, 0x00, 0x00,
	0x00, 0x00, 0x00, 0x00, 0x00, 0x00, 0x00, 0x00,
	0x00, 0x00, 0x00, 0x00, 0x00, 0x00, 0x00, 0x00,
	0x00, 0x00, 0x00, 0x00, 0x00, 0x00, 0x00, 0x00,
	0x00, 0x00, 0x00, 0x00, 0x00, 0x00, 0x00, 0x00,
	0x00, 0x00, 0x00, 0x00, 0x00, 0x00, 0x00, 0x00,
	0x00, 0x00, 0x00, 0x00, 0x00, 0x00, 0x00, 0x00,
	0x00, 0x00, 0x00, 0x00, 0x00, 0x00, 0x00, 0x00,
	0x00, 0x00, 0x00, 0x00, 0x00, 0x00, 0x00, 0x00,
	0x00, 0x00, 0x00, 0x00, 0x00, 0x00, 0x00, 0x00,
	0x00, 0x00, 0x00, 0x00, 0x00, 0x00, 0x00, 0x00,
	0x00, 0x00, 0x00, 0x00, 0x00, 0x00, 0x00, 0x00,
	0x00, 0x00, 0x00, 0x00, 0x00, 0x00, 0x00, 0x00,
	0x00, 0x00, 0x00, 0x00, 0x00, 0x00, 0x00, 0x00,
	0x00, 0x00, 0x00, 0x00, 0x00, 0x00, 0x00, 0x00,
	0x00, 0x00, 0x00, 0x00, 0x00, 0x00, 0x00, 0x00,
	0x00, 0x00, 0x00, 0x00, 0x00, 0x00, 0x00, 0x00,
	0x00, 0x00, 0x00, 0x00, 0x00, 0x00, 0x00, 0x00,
	0x00, 0x00, 0x00, 0x00, 0x00, 0x00, 0x00, 0x00,
	0x00, 0x00, 0x00, 0x00, 0x00, 0x00, 0x00, 0x00,
	0x00, 0x00, 0x00, 0x00, 0x00, 0x00, 0x00, 0x00,
	0x00, 0x00, 0x00, 0x00, 0x00, 0x00, 0x00, 0x00,
	0x00, 0x00, 0x00, 0x00, 0x00, 0x00, 0x00, 0x00,
	0x00, 0x00, 0x00, 0x00, 0x00, 0x00, 0x00, 0x00,
	0x00, 0x00, 0x00, 0x00, 0x00, 0x00, 0x00, 0x00,
	0x00, 0x00, 0x00, 0x00, 0x00, 0x00, 0x00, 0x00,
	0x00, 0x00, 0x00, 0x00, 0x00, 0x00, 0x00, 0x00,
	0x00, 0x00, 0x00, 0x00, 0x00, 0x00, 0x00, 0x00,
	0x00, 0x00, 0x00, 0x00, 0x00, 0x00, 0x00, 0x00,
	0x00, 0x00, 0x00, 0x00, 0x00, 0x00, 0x00, 0x00,
	0x00, 0x00, 0x00, 0x00, 0x00, 0x00, 0x00, 0x00,
	0x00, 0x00, 0x00, 0x00, 0x00, 0x00, 0x00, 0x00,
	0x00, 0x00, 0x00, 0x00, 0x00, 0x00, 0x00, 0x00,
	0x00, 0x00, 0x00, 0x00, 0x00, 0x00, 0x00, 0x00,
	0x00, 0x00, 0x00, 0x00, 0x00, 0x00, 0x00, 0x00,
	0x00, 0x00, 0x00, 0x00, 0x00, 0x00, 0x00, 0x00,
	0x00, 0x00, 0x00, 0x00, 0x00, 0x00, 0x00, 0x00,
	0x00, 0x00, 0x00, 0x00, 0x00, 0x00, 0x00, 0x00,
	0x00, 0x00, 0x00, 0x00, 0x00, 0x00, 0x00, 0x00,
	0x00, 0x00, 0x00, 0x00, 0x00, 0x00, 0x00, 0x00,
	0x00, 0x00, 0x00, 0x00, 0x00, 0x00, 0x00, 0x00,
	0x00, 0x00, 0x00, 0x00, 0x00, 0x00, 0x00, 0x00,
	0x00, 0x00, 0x00, 0x00, 0x00, 0x00, 0x00, 0x00,
	0x00, 0x00, 0x00, 0x00, 0x00, 0x00, 0x00, 0x00,
	0x00, 0x00, 0x00, 0x00, 0x00, 0x00, 0x00, 0x00,
	0x00, 0x00, 0x00, 0x00, 0x00, 0x00, 0x00, 0x00,
	0x00, 0x00, 0x00, 0x00, 0x00, 0x00, 0x00, 0x00,
	0x00, 0x00, 0x00, 0x00, 0x00, 0x00, 0x00, 0x00,
	0x00, 0x00, 0x00, 0x00, 0x00, 0x00, 0x00, 0x00,
	0x00, 0x00, 0x00, 0x00, 0x00, 0x00, 0x00, 0x00,
	0x00, 0x00, 0x00, 0x00, 0x00, 0x00, 0x00, 0x00,
	0x00, 0x00, 0x00, 0x00, 0x00, 0x00, 0x00, 0x00,
	0x00, 0x00, 0x00, 0x00, 0x00, 0x00, 0x00, 0x00,
	0x00, 0x00, 0x00, 0x00, 0x00, 0x00, 0x00, 0x00,
	0x00, 0x00, 0x00, 0x00, 0x00, 0x00, 0x00, 0x00,
	0x00, 0x00, 0x00, 0x00, 0x00, 0x00, 0x00, 0x00,
	0x00, 0x00, 0x00, 0x00, 0x00, 0x00, 0x00, 0x00,
	0x00, 0x00, 0x00, 0x00, 0x00, 0x00, 0x00, 0x00,
	0x00, 0x00, 0x00, 0x00, 0x00, 0x00, 0x00, 0x00,
	0x00, 0x00, 0x00, 0x00, 0x00, 0x00, 0x00, 0x00,
	0x00, 0x00, 0x00, 0x00, 0x00, 0x00, 0x00, 0x00,
	0x00, 0x00, 0x00, 0x00, 0x00, 0x00, 0x00, 0x00,
	0x00, 0x00, 0x00, 0x00, 0x00, 0x00, 0x00, 0x00,
	0x00, 0x00, 0x00, 0x00, 0x00, 0x00, 0x00, 0x00,
	0x00, 0x00, 0x00, 0x00, 0x00, 0x00, 0x00, 0x00,
	0x00, 0x00, 0x00, 0x00, 0x00, 0x00, 0x00, 0x00,
	0x00, 0x00, 0x00, 0x00, 0x00, 0x00, 0x00, 0x00,
	0x00, 0x00, 0x00, 0x00, 0x00, 0x00, 0x00, 0x00,
	0x00, 0x00, 0x00, 0x00, 0x00, 0x00, 0x00, 0x00,
	0x00, 0x00, 0x00, 0x00, 0x00, 0x00, 0x00, 0x00,
	0x00, 0x00, 0x00, 0x00, 0x00, 0x00, 0x00, 0x00,
	0x00, 0x00, 0x00, 0x00, 0x00, 0x00, 0x00, 0x00,
	0x00, 0x00, 0x00, 0x00, 0x00, 0x00, 0x00, 0x00,
	0x00, 0x00, 0x00, 0x00, 0x00, 0x00, 0x00, 0x00,
	0x00, 0x00, 0x00, 0x00, 0x00, 0x00, 0x00, 0x00,
	0x00, 0x00, 0x00, 0x00, 0x00, 0x00, 0x00, 0x00,
	0x00, 0x00, 0x00, 0x00, 0x00, 0x00, 0x00, 0x00,
	0x00, 0x00, 0x00, 0x00, 0x00, 0x00, 0x00, 0x00,
	0x00, 0x00, 0x00, 0x00, 0x00, 0x00, 0x00, 0x00,
	0x00, 0x00, 0x00, 0x00, 0x00, 0x00, 0x00, 0x00,
	0x00, 0x00, 0x00, 0x00, 0x00, 0x00, 0x00, 0x00,
	0x00, 0x00, 0x00, 0x00, 0x00, 0x00, 0x00, 0x00,
	0x00, 0x00, 0x00, 0x00, 0x00, 0x00, 0x00, 0x00,
	0x00, 0x00, 0x00, 0x00, 0x00, 0x00, 0x00, 0x00,
	0x00, 0x00, 0x00, 0x00, 0x00, 0x00, 0x00, 0x00,
	0x00, 0x00, 0x00, 0x00, 0x00, 0x00, 0x00, 0x00,
	0x00, 0x00, 0x00, 0x00, 0x00, 0x00, 0x00, 0x00,
	0x00, 0x00, 0x00, 0x00, 0x00, 0x00, 0x00, 0x00,
	0x00, 0x00, 0x00, 0x00, 0x00, 0x00, 0x00, 0x00,
	0x00, 0x00, 0x00, 0x00, 0x00, 0x00, 0x00, 0x00,
	0x00, 0x00, 0x00, 0x00, 0x00, 0x00, 0x00, 0x00,
	0x00, 0x00, 0x00, 0x00, 0x00, 0x00, 0x00, 0x00,
	0x00, 0x00, 0x00, 0x00, 0x00, 0x00, 0x00, 0x00,
	0x00, 0x00, 0x00, 0x00, 0x00, 0x00, 0x00, 0x00,
	0x00, 0x00, 0x00, 0x00, 0x00, 0x00, 0x00, 0x00,
	0x00, 0x00, 0x00, 0x00, 0x00, 0x00, 0x00, 0x00,
	0x00, 0x00, 0x00, 0x00, 0x00, 0x00, 0x00, 0x00,
	0x00, 0x00, 0x00, 0x00, 0x00, 0x00, 0x00, 0x00,
	0x00, 0x00, 0x00, 0x00, 0x00, 0x00, 0x00, 0x00,
	0x00, 0x00, 0x00, 0x00, 0x00, 0x00, 0x00, 0x00,
	0x00, 0x00, 0x00, 0x00, 0x00, 0x00, 0x00, 0x00,
	0x00, 0x00, 0x00, 0x00, 0x00, 0x00, 0x00, 0x00,
	0x00, 0x00, 0x00, 0x00, 0x00, 0x00, 0x00, 0x00,
	0x00, 0x00, 0x00, 0x00, 0x00, 0x00, 0x00, 0x00,
	0x00, 0x00, 0x00, 0x00, 0x00, 0x00, 0x00, 0x00,
	0x00, 0x00, 0x00, 0x00, 0x00, 0x00, 0x00, 0x00,
	0x00, 0x00, 0x00, 0x00, 0x00, 0x00, 0x00, 0x00,
	0x00, 0x00, 0x00, 0x00, 0x00, 0x00, 0x00, 0x00,
	0x00, 0x00, 0x00, 0x00, 0x00, 0x00, 0x00, 0x00,
	0x00, 0x00, 0x00, 0x00, 0x00, 0x00, 0x00, 0x00,
	0x00, 0x00, 0x00, 0x00, 0x00, 0x00, 0x00, 0x00,
	0x00, 0x00, 0x00, 0x00, 0x00, 0x00, 0x00, 0x00,
	0x00, 0x00, 0x00, 0x00, 0x00, 0x00, 0x00, 0x00,
	0x00, 0x00, 0x00, 0x00, 0x00, 0x00, 0x00, 0x00,
	0x00, 0x00, 0x00, 0x00, 0x00, 0x00, 0x00, 0x00,
	0x00, 0x00, 0x00, 0x00, 0x00, 0x00, 0x00, 0x00,
	0x00, 0x00, 0x00, 0x00, 0x00, 0x00, 0x00, 0x00,
	0x00, 0x00, 0x00, 0x00, 0x00, 0x00, 0x00, 0x00,
	0x00, 0x00, 0x00, 0x00, 0x00, 0x00, 0x00, 0x00,
	0x00, 0x00, 0x00, 0x00, 0x00, 0x00, 0x00, 0x00,
	0x00, 0x00, 0x00, 0x00, 0x00, 0x00, 0x00, 0x00,
	0x00, 0x00, 0x00, 0x00, 0x00, 0x00, 0x00, 0x00,
	0x00, 0x00, 0x00, 0x00, 0x00, 0x00, 0x00, 0x00,
	0x00, 0x00, 0x00, 0x00, 0x00, 0x00, 0x00, 0x00,
	0x00, 0x00, 0x00, 0x00, 0x00, 0x00, 0x00, 0x00,
	0x00, 0x00, 0x00, 0x00, 0x00, 0x00, 0x00, 0x00,
	0x00, 0x00, 0x00, 0x00, 0x00, 0x00, 0x00, 0x00,
	0x00, 0x00, 0x00, 0x00, 0x00, 0x00, 0x00, 0x00,
	0x00, 0x00, 0x00, 0x00, 0x00, 0x00, 0x00, 0x00,
	0x00, 0x00, 0x00, 0x00, 0x00, 0x00, 0x00, 0x00,
	0x00, 0x00, 0x00, 0x00, 0x00, 0x00, 0x00, 0x00,
	0x00, 0x00, 0x00, 0x00, 0x00, 0x00, 0x00, 0x00,
	0x00, 0x00, 0x00, 0x00, 0x00, 0x00, 0x00, 0x00,
	0x00, 0x00, 0x00, 0x00, 0x00, 0x00, 0x00, 0x00,
	0x00, 0x00, 0x00, 0x00, 0x00, 0x00, 0x00, 0x00,
	0x00, 0x00, 0x00, 0x00, 0x00, 0x00, 0x00, 0x00,
	0x00, 0x00, 0x00, 0x00, 0x00, 0x00, 0x00, 0x00,
	0x00, 0x00, 0x00, 0x00, 0x00, 0x00, 0x00, 0x00,
	0x00, 0x00, 0x00, 0x00, 0x00, 0x00, 0x00, 0x00,
	0x00, 0x00, 0x00, 0x00, 0x00, 0x00, 0x00, 0x00,
	0x00, 0x00, 0x00, 0x00, 0x00, 0x00, 0x00, 0x00,
	0x00, 0x00, 0x00, 0x00, 0x00, 0x00, 0x00, 0x00,
	0x00, 0x00, 0x00, 0x00, 0x00, 0x00, 0x00, 0x00,
	0x00, 0x00, 0x00, 0x00, 0x00, 0x00, 0x00, 0x00,
	0x00, 0x00, 0x00, 0x00, 0x00, 0x00, 0x00, 0x00,
	0x00, 0x00, 0x00, 0x00, 0x00, 0x00, 0x00, 0x00,
	0x00, 0x00, 0x00, 0x00, 0x00, 0x00, 0x00, 0x00,
	0x00, 0x00, 0x00, 0x00, 0x00, 0x00, 0x00, 0x00,
	0x00, 0x00, 0x00, 0x00, 0x00, 0x00, 0x00, 0x00,
	0x00, 0x00, 0x00, 0x00, 0x00, 0x00, 0x00, 0x00,
	0x00, 0x00, 0x00, 0x00, 0x00, 0x00, 0x00, 0x00,
	0x00, 0x00, 0x00, 0x00, 0x00, 0x00, 0x00, 0x00,
	0x00, 0x00, 0x00, 0x00, 0x00, 0x00, 0x00, 0x00,
	0x00, 0x00, 0x00, 0x00, 0x00, 0x00, 0x00, 0x00,
	0x00, 0x00, 0x00, 0x00, 0x00, 0x00, 0x00, 0x00,
	0x00, 0x00, 0x00, 0x00, 0x00, 0x00, 0x00, 0x00,
	0x00, 0x00, 0x00, 0x00, 0x00, 0x00, 0x00, 0x00,
	0x00, 0x00, 0x00, 0x00, 0x00, 0x00, 0x00, 0x00,
	0x00, 0x00, 0x00, 0x00, 0x00, 0x00, 0x00, 0x00,
	0x00, 0x00, 0x00, 0x00, 0x00, 0x00, 0x00, 0x00,
	0x00, 0x00, 0x00, 0x00, 0x00, 0x00, 0x00, 0x00,
	0x00, 0x00, 0x00, 0x00, 0x00, 0x00, 0x00, 0x00,
	0x00, 0x00, 0x00, 0x00, 0x00, 0x00, 0x00, 0x00,
	0x00, 0x00, 0x00, 0x00, 0x00, 0x00, 0x00, 0x00,
	0x00, 0x00, 0x00, 0x00, 0x00, 0x00, 0x00, 0x00,
	0x00, 0x00, 0x00, 0x00, 0x00, 0x00, 0x00, 0x00,
	0x00, 0x00, 0x00, 0x00, 0x00, 0x00, 0x00, 0x00,
	0x00, 0x00, 0x00, 0x00, 0x00, 0x00, 0x00, 0x00,
	0x00, 0x00, 0x00, 0x00, 0x00, 0x00, 0x00, 0x00,
	0x00, 0x00, 0x00, 0x00, 0x00, 0x00, 0x00, 0x00,
	0x00, 0x00, 0x00, 0x00, 0x00, 0x00, 0x00, 0x00,
	0x00, 0x00, 0x00, 0x00, 0x00, 0x00, 0x00, 0x00,
	0x00, 0x00, 0x00, 0x00, 0x00, 0x00, 0x00, 0x00,
	0x00, 0x00, 0x00, 0x00, 0x00, 0x00, 0x00, 0x00,
	0x00, 0x00, 0x00, 0x00, 0x00, 0x00, 0x00, 0x00,
	0x00, 0x00, 0x00, 0x00, 0x00, 0x00, 0x00, 0x00,
	0x00, 0x00, 0x00, 0x00, 0x00, 0x00, 0x00, 0x00,
	0x00, 0x00, 0x00, 0x00, 0x00, 0x00, 0x00, 0x00,
	0x00, 0x00, 0x00, 0x00, 0x00, 0x00, 0x00, 0x00,
	0x00, 0x00, 0x00, 0x00, 0x00, 0x00, 0x00, 0x00,
	0x00, 0x00, 0x00, 0x00, 0x00, 0x00, 0x00, 0x00,
	0x00, 0x00, 0x00, 0x00, 0x00, 0x00, 0x00, 0x00,
	0x00, 0x00, 0x00, 0x00, 0x00, 0x00, 0x00, 0x00,
	0x00, 0x00, 0x00, 0x00, 0x00, 0x00, 0x00, 0x00,
	0x00, 0x00, 0x00, 0x00, 0x00, 0x00, 0x00, 0x00,
	0x00, 0x00, 0x00, 0x00, 0x00, 0x00, 0x00, 0x00,
	0x00, 0x00, 0x00, 0x00, 0x00, 0x00, 0x00, 0x00,
	0x00, 0x00, 0x00, 0x00, 0x00, 0x00, 0x00, 0x00,
	0x00, 0x00, 0x00, 0x00, 0x00, 0x00, 0x00, 0x00,
	0x00, 0x00, 0x00, 0x00, 0x00, 0x00, 0x00, 0x00,
	0x00, 0x00, 0x00, 0x00, 0x00, 0x00, 0x00, 0x00,
	0x00, 0x00, 0x00, 0x00, 0x00, 0x00, 0x00, 0x00,
	0x00, 0x00, 0x00, 0x00, 0x00, 0x00, 0x00, 0x00,
	0x00, 0x00, 0x00, 0x00, 0x00, 0x00, 0x00, 0x00,
	0x00, 0x00, 0x00, 0x00, 0x00, 0x00, 0x00, 0x00,
	0x00, 0x00, 0x00, 0x00, 0x00, 0x00, 0x00, 0x00,
	0x00, 0x00, 0x00, 0x00, 0x00, 0x00, 0x00, 0x00,
	0x00, 0x00, 0x00, 0x00, 0x00, 0x00, 0x00, 0x00,
	0x00, 0x00, 0x00, 0x00, 0x00, 0x00, 0x00, 0x00,
	0x00, 0x00, 0x00, 0x00, 0x00, 0x00, 0x00, 0x00,
	0x00, 0x00, 0x00, 0x00, 0x00, 0x00, 0x00, 0x00,
	0x00, 0x00, 0x00, 0x00, 0x00, 0x00, 0x00, 0x00,
	0x00, 0x00, 0x00, 0x00, 0x00, 0x00, 0x00, 0x00,
	0x00, 0x00, 0x00, 0x00, 0x00, 0x00, 0x00, 0x00,
	0x00, 0x00, 0x00, 0x00, 0x00, 0x00, 0x00, 0x00,
	0x00, 0x00, 0x00, 0x00, 0x00, 0x00, 0x00, 0x00,
	0x00, 0x00, 0x00, 0x00, 0x00, 0x00, 0x00, 0x00,
	0x00, 0x00, 0x00, 0x00, 0x00, 0x00, 0x00, 0x00,
	0x00, 0x00, 0x00, 0x00, 0x00, 0x00, 0x00, 0x00,
	0x00, 0x00, 0x00, 0x00, 0x00, 0x00, 0x00, 0x00,
	0x00, 0x00, 0x00, 0x00, 0x00, 0x00, 0x00, 0x00,
	0x00, 0x00, 0x00, 0x00, 0x00, 0x00, 0x00, 0x00,
	0x00, 0x00, 0x00, 0x00, 0x00, 0x00, 0x00, 0x00,
	0x00, 0x00, 0x00, 0x00, 0x00, 0x00, 0x00, 0x00,
	0x00, 0x00, 0x00, 0x00, 0x00, 0x00, 0x00, 0x00,
	0x00, 0x00, 0x00, 0x00, 0x00, 0x00, 0x00, 0x00,
	0x00, 0x00, 0x00, 0x00, 0x00, 0x00, 0x00, 0x00,
	0x00, 0x00, 0x00, 0x00, 0x00, 0x00, 0x00, 0x00,
	0x00, 0x00, 0x00, 0x00, 0x00, 0x00, 0x00, 0x00,
	0x00, 0x00, 0x00, 0x00, 0x00, 0x00, 0x00, 0x00,
	0x00, 0x00, 0x00, 0x00, 0x00, 0x00, 0x00, 0x00,
	0x00, 0x00, 0x00, 0x00, 0x00, 0x00, 0x00, 0x00,
	0x00, 0x00, 0x00, 0x00, 0x00, 0x00, 0x00, 0x00,
	0x00, 0x00, 0x00, 0x00, 0x00, 0x00, 0x00, 0x00,
	0x00, 0x00, 0x00, 0x00, 0x00, 0x00, 0x00, 0x00,
	0x00, 0x00, 0x00, 0x00, 0x00, 0x00, 0x00, 0x00,
	0x00, 0x00, 0x00, 0x00, 0x00, 0x00, 0x00, 0x00,
	0x00, 0x00, 0x00, 0x00, 0x00, 0x00, 0x00, 0x00,
	0x00, 0x00, 0x00, 0x00, 0x00, 0x00, 0x00, 0x00,
	0x00, 0x00, 0x00, 0x00, 0x00, 0x00, 0x00, 0x00,
	0x00, 0x00, 0x00, 0x00, 0x00, 0x00, 0x00, 0x00,
	0x00, 0x00, 0x00, 0x00, 0x00, 0x00, 0x00, 0x00,
	0x00, 0x00, 0x00, 0x00, 0x00, 0x00, 0x00, 0x00,
	0x00, 0x00, 0x00, 0x00, 0x00, 0x00, 0x00, 0x00,
	0x00, 0x00, 0x00, 0x00, 0x00, 0x00, 0x00, 0x00,
	0x00, 0x00, 0x00, 0x00, 0x00, 0x00, 0x00, 0x00,
	0x00, 0x00, 0x00, 0x00, 0x00, 0x00, 0x00, 0x00,
	0x00, 0x00, 0x00, 0x00, 0x00, 0x00, 0x00, 0x00,
	0x00, 0x00, 0x00, 0x00, 0x00, 0x00, 0x00, 0x00,
	0x00, 0x00, 0x00, 0x00, 0x00, 0x00, 0x00, 0x00,
	0x00, 0x00, 0x00, 0x00, 0x00, 0x00, 0x00, 0x00,
	0x00, 0x00, 0x00, 0x00, 0x00, 0x00, 0x00, 0x00,
	0x00, 0x00, 0x00, 0x00, 0x00, 0x00, 0x00, 0x00,
	0x00, 0x00, 0x00, 0x00, 0x00, 0x00, 0x00, 0x00,
	0x00, 0x00, 0x00, 0x00, 0x00, 0x00, 0x00, 0x00,
	0x00, 0x00, 0x00, 0x00, 0x00, 0x00, 0x00, 0x00,
	0x00, 0x00, 0x00, 0x00, 0x00, 0x00, 0x00, 0x00,
	0x00, 0x00, 0x00, 0x00, 0x00, 0x00, 0x00, 0x00,
	0x00, 0x00, 0x00, 0x00, 0x00, 0x00, 0x00, 0x00,
	0x00, 0x00, 0x00, 0x00, 0x00, 0x00, 0x00, 0x00,
	0x00, 0x00, 0x00, 0x00, 0x00, 0x00, 0x00, 0x00,
	0x00, 0x00, 0x00, 0x00, 0x00, 0x00, 0x00, 0x00,
	0x00, 0x00, 0x00, 0x00, 0x00, 0x00, 0x00, 0x00,
	0x00, 0x00, 0x00, 0x00, 0x00, 0x00, 0x00, 0x00,
	0x00, 0x00, 0x00, 0x00, 0x00, 0x00, 0x00, 0x00,
	0x00, 0x00, 0x00, 0x00, 0x00, 0x00, 0x00, 0x00,
	0x00, 0x00, 0x00, 0x00, 0x00, 0x00, 0x00, 0x00,
	0x00, 0x00, 0x00, 0x00, 0x00, 0x00, 0x00, 0x00,
	0x00, 0x00, 0x00, 0x00, 0x00, 0x00, 0x00, 0x00,
	0x00, 0x00, 0x00, 0x00, 0x00, 0x00, 0x00, 0x00,
	0x00, 0x00, 0x00, 0x00, 0x00, 0x00, 0x00, 0x00,
	0x00, 0x00, 0x00, 0x00, 0x00, 0x00, 0x00, 0x00,
	0x00, 0x00, 0x00, 0x00, 0x00, 0x00, 0x00, 0x00,
	0x00, 0x00, 0x00, 0x00, 0x00, 0x00, 0x00, 0x00,
	0x00, 0x00, 0x00, 0x00, 0x00, 0x00, 0x00, 0x00,
	0x00, 0x00, 0x00, 0x00, 0x00, 0x00, 0x00, 0x00,
	0x00, 0x00, 0x00, 0x00, 0x00, 0x00, 0x00, 0x00,
	0x00, 0x00, 0x00, 0x00, 0x00, 0x00, 0x00, 0x00,
	0x00, 0x00, 0x00, 0x00, 0x00, 0x00, 0x00, 0x00,
	0x00, 0x00, 0x00, 0x00, 0x00, 0x00, 0x00, 0x00,
	0x00, 0x00, 0x00, 0x00, 0x00, 0x00, 0x00, 0x00,
	0x00, 0x00, 0x00, 0x00, 0x00, 0x00, 0x00, 0x00,
	0x00, 0x00, 0x00, 0x00, 0x00, 0x00, 0x00, 0x00,
	0x00, 0x00, 0x00, 0x00, 0x00, 0x00, 0x00, 0x00,
	0x00, 0x00, 0x00, 0x00, 0x00, 0x00, 0x00, 0x00,
	0x00, 0x00, 0x00, 0x00, 0x00, 0x00, 0x00, 0x00,
	0x00, 0x00, 0x00, 0x00, 0x00, 0x00, 0x00, 0x00,
	0x00, 0x00, 0x00, 0x00, 0x00, 0x00, 0x00, 0x00,
	0x00, 0x00, 0x00, 0x00, 0x00, 0x00, 0x00, 0x00,
	0x00, 0x00, 0x00, 0x00, 0x00, 0x00, 0x00, 0x00,
	0x00, 0x00, 0x00, 0x00, 0x00, 0x00, 0x00, 0x00,
	0x00, 0x00, 0x00, 0x00, 0x00, 0x00, 0x00, 0x00,
	0x00, 0x00, 0x00, 0x00, 0x00, 0x00, 0x00, 0x00,
	0x00, 0x00, 0x00, 0x00, 0x00, 0x00, 0x00, 0x00,
	0x00, 0x00, 0x00, 0x00, 0x00, 0x00, 0x00, 0x00,
	0x00, 0x00, 0x00, 0x00, 0x00, 0x00, 0x00, 0x00,
	0x00, 0x00, 0x00, 0x00, 0x00, 0x00, 0x00, 0x00,
	0x00, 0x00, 0x00, 0x00, 0x00, 0x00, 0x00, 0x00,
	0x00, 0x00, 0x00, 0x00, 0x00, 0x00, 0x00, 0x00,
	0x00, 0x00, 0x00, 0x00, 0x00, 0x00, 0x00, 0x00,
	0x00, 0x00, 0x00, 0x00, 0x00, 0x00, 0x00, 0x00,
	0x00, 0x00, 0x00, 0x00, 0x00, 0x00, 0x00, 0x00,
	0x00, 0x00, 0x00, 0x00, 0x00, 0x00, 0x00, 0x00,
	0x00, 0x00, 0x00, 0x00, 0x00, 0x00, 0x00, 0x00,
	0x00, 0x00, 0x00, 0x00, 0x00, 0x00, 0x00, 0x00,
	0x00, 0x00, 0x00, 0x00, 0x00, 0x00, 0x00, 0x00,
	0x00, 0x00, 0x00, 0x00, 0x00, 0x00, 0x00, 0x00,
	0x00, 0x00, 0x00, 0x00, 0x00, 0x00, 0x00, 0x00,
	0x00, 0x00, 0x00, 0x00, 0x00, 0x00, 0x00, 0x00,
	0x00, 0x00, 0x00, 0x00, 0x00, 0x00, 0x00, 0x00,
	0x00, 0x00, 0x00, 0x00, 0x00, 0x00, 0x00, 0x00,
	0x00, 0x00, 0x00, 0x00, 0x00, 0x00, 0x00, 0x00,
	0x00, 0x00, 0x00, 0x00, 0x00, 0x00, 0x00, 0x00,
	0x00, 0x00, 0x00, 0x00, 0x00, 0x00, 0x00, 0x00,
	0x00, 0x00, 0x00, 0x00, 0x00, 0x00, 0x00, 0x00,
	0x00, 0x00, 0x00, 0x00, 0x00, 0x00, 0x00, 0x00,
	0x00, 0x00, 0x00, 0x00, 0x00, 0x00, 0x00, 0x00,
	0x00, 0x00, 0x00, 0x00, 0x00, 0x00, 0x00, 0x00,
	0x00, 0x00, 0x00, 0x00, 0x00, 0x00, 0x00, 0x00,
	0x00, 0x00, 0x00, 0x00, 0x00, 0x00, 0x00, 0x00,
	0x00, 0x00, 0x00, 0x00, 0x00, 0x00, 0x00, 0x00,
	0x00, 0x00, 0x00, 0x00, 0x00, 0x00, 0x00, 0x00,
	0x00, 0x00, 0x00, 0x00, 0x00, 0x00, 0x00, 0x00,
	0x00, 0x00, 0x00, 0x00, 0x00, 0x00, 0x00, 0x00,
	0x00, 0x00, 0x00, 0x00, 0x00, 0x00, 0x00, 0x00,
	0x00, 0x00, 0x00, 0x00, 0x00, 0x00, 0x00, 0x00,
	0x00, 0x00, 0x00, 0x00, 0x00, 0x00, 0x00, 0x00,
	0x00, 0x00, 0x00, 0x00, 0x00, 0x00, 0x00, 0x00,
	0x00, 0x00, 0x00, 0x00, 0x00, 0x00, 0x00, 0x00,
	0x00, 0x00, 0x00, 0x00, 0x00, 0x00, 0x00, 0x00,
	0x00, 0x00, 0x00, 0x00, 0x00, 0x00, 0x00, 0x00,
	0x00, 0x00, 0x00, 0x00, 0x00, 0x00, 0x00, 0x00,
	0x00, 0x00, 0x00, 0x00, 0x00, 0x00, 0x00, 0x00,
	0x00, 0x00, 0x00, 0x00, 0x00, 0x00, 0x00, 0x00,
	0x00, 0x00, 0x00, 0x00, 0x00, 0x00, 0x00, 0x00,
	0x00, 0x00, 0x00, 0x00, 0x00, 0x00, 0x00, 0x00,
	0x00, 0x00, 0x00, 0x00, 0x00, 0x00, 0x00, 0x00,
	0x00, 0x00, 0x00, 0x00, 0x00, 0x00, 0x00, 0x00,
	0x00, 0x00, 0x00, 0x00, 0x00, 0x00, 0x00, 0x00,
	0x00, 0x00, 0x00, 0x00, 0x00, 0x00, 0x00, 0x00,
	0x00, 0x00, 0x00, 0x00, 0x00, 0x00, 0x00, 0x00,
	0x00, 0x00, 0x00, 0x00, 0x00, 0x00, 0x00, 0x00,
	0x00, 0x00, 0x00, 0x00, 0x00, 0x00, 0x00, 0x00,
	0x00, 0x00, 0x00, 0x00, 0x00, 0x00, 0x00, 0x00,
	0x00, 0x00, 0x00, 0x00, 0x00, 0x00, 0x00, 0x00,
	0x00, 0x00, 0x00, 0x00, 0x00, 0x00, 0x00, 0x00,
	0x00, 0x00, 0x00, 0x00, 0x00, 0x00, 0x00, 0x00,
	0x00, 0x00, 0x00, 0x00, 0x00, 0x00, 0x00, 0x00,
	0x00, 0x00, 0x00, 0x00, 0x00, 0x00, 0x00, 0x00,
	0x00, 0x00, 0x00, 0x00, 0x00, 0x00, 0x00, 0x00,
	0x00, 0x00, 0x00, 0x00, 0x00, 0x00, 0x00, 0x00,
	0x00, 0x00, 0x00, 0x00, 0x00, 0x00, 0x00, 0x00,
	0x00, 0x00, 0x00, 0x00, 0x00, 0x00, 0x00, 0x00,
	0x00, 0x00, 0x00, 0x00, 0x00, 0x00, 0x00, 0x00,
	0x00, 0x00, 0x00, 0x00, 0x00, 0x00, 0x00, 0x00,
	0x00, 0x00, 0x00, 0x00, 0x00, 0x00, 0x00, 0x00,
	0x00, 0x00, 0x00, 0x00, 0x00, 0x00, 0x00, 0x00,
	0x00, 0x00, 0x00, 0x00, 0x00, 0x00, 0x00, 0x00,
	0x00, 0x00, 0x00, 0x00, 0x00, 0x00, 0x00, 0x00,
	0x00, 0x00, 0x00, 0x00, 0x00, 0x00, 0x00, 0x00,
	0x00, 0x00, 0x00, 0x00, 0x00, 0x00, 0x00, 0x00,
	0x00, 0x00, 0x00, 0x00, 0x00, 0x00, 0x00, 0x00,
	0x00, 0x00, 0x00, 0x00, 0x00, 0x00, 0x00, 0x00,
	0x00, 0x00, 0x00, 0x00, 0x00, 0x00, 0x00, 0x00,
	0x00, 0x00, 0x00, 0x00, 0x00, 0x00, 0x00, 0x00,
	0x00, 0x00, 0x00, 0x00, 0x00, 0x00, 0x00, 0x00,
	0x00, 0x00, 0x00, 0x00, 0x00, 0x00, 0x00, 0x00,
	0x00, 0x00, 0x00, 0x00, 0x00, 0x00, 0x00, 0x00,
	0x00, 0x00, 0x00, 0x00, 0x00, 0x00, 0x00, 0x00,
	0x00, 0x00, 0x00, 0x00, 0x00, 0x00, 0x00, 0x00,
	0x00, 0x00, 0x00, 0x00, 0x00, 0x00, 0x00, 0x00,
	0x00, 0x00, 0x00, 0x00, 0x00, 0x00, 0x00, 0x00,
	0x00, 0x00, 0x00, 0x00, 0x00, 0x00, 0x00, 0x00,
	0x00, 0x00, 0x00, 0x00, 0x00, 0x00, 0x00, 0x00,
	0x00, 0x00, 0x00, 0x00, 0x00, 0x00, 0x00, 0x00,
	0x00, 0x00, 0x00, 0x00, 0x00, 0x00, 0x00, 0x00,
	0x00, 0x00, 0x00, 0x00, 0x00, 0x00, 0x00, 0x00,
	0x00, 0x00, 0x00, 0x00, 0x00, 0x00, 0x00, 0x00,
	0x00, 0x00, 0x00, 0x00, 0x00, 0x00, 0x00, 0x00,
	0x00, 0x00, 0x00, 0x00, 0x00, 0x00, 0x00, 0x00,
	0x00, 0x00, 0x00, 0x00, 0x00, 0x00, 0x00, 0x00,
	0x00, 0x00, 0x00, 0x00, 0x00, 0x00, 0x00, 0x00,
	0x00, 0x00, 0x00, 0x00, 0x00, 0x00, 0x00, 0x00,
	0x00, 0x00, 0x00, 0x00, 0x00, 0x00, 0x00, 0x00,
	0x00, 0x00, 0x00, 0x00, 0x00, 0x00, 0x00, 0x00,
	0x00, 0x00, 0x00, 0x00, 0x00, 0x00, 0x00, 0x00,
	0x00, 0x00, 0x00, 0x00, 0x00, 0x00, 0x00, 0x00,
	0x00, 0x00, 0x00, 0x00, 0x00, 0x00, 0x00, 0x00,
	0x00, 0x00, 0x00, 0x00, 0x00, 0x00, 0x00, 0x00,
	0x00, 0x00, 0x00, 0x00, 0x00, 0x00, 0x00, 0x00,
	0x00, 0x00, 0x00, 0x00, 0x00, 0x00, 0x00, 0x00,
	0x00, 0x00, 0x00, 0x00, 0x00, 0x00, 0x00, 0x00,
	0x00, 0x00, 0x00, 0x00, 0x00, 0x00, 0x00, 0x00,
	0x00, 0x00, 0x00, 0x00, 0x00, 0x00, 0x00, 0x00,
	0x00, 0x00, 0x00, 0x00, 0x00, 0x00, 0x00, 0x00,
	0x00, 0x00, 0x00, 0x00, 0x00, 0x00, 0x00, 0x00,
	0x00, 0x00, 0x00, 0x00, 0x00, 0x00, 0x00, 0x00,
	0x00, 0x00, 0x00, 0x00, 0x00, 0x00, 0x00, 0x00,
	0x00, 0x00, 0x00, 0x00, 0x00, 0x00, 0x00, 0x00,
	0x00, 0x00, 0x00, 0x00, 0x00, 0x00, 0x00, 0x00,
	0x00, 0x00, 0x00, 0x00, 0x00, 0x00, 0x00, 0x00,
	0x00, 0x00, 0x00, 0x00, 0x00, 0x00, 0x00, 0x00,
	0x00, 0x00, 0x00, 0x00, 0x00, 0x00, 0x00, 0x00,
	0x00, 0x00, 0x00, 0x00, 0x00, 0x00, 0x00, 0x00,
	0x00, 0x00, 0x00, 0x00, 0x00, 0x00, 0x00, 0x00,
	0x00, 0x00, 0x00, 0x00, 0x00, 0x00, 0x00, 0x00,
	0x00, 0x00, 0x00, 0x00, 0x00, 0x00, 0x00, 0x00,
	0x00, 0x00, 0x00, 0x00, 0x00, 0x00, 0x00, 0x00,
	0x00, 0x00, 0x00, 0x00, 0x00, 0x00, 0x00, 0x00,
	0x00, 0x00, 0x00, 0x00, 0x00, 0x00, 0x00, 0x00,
	0x00, 0x00, 0x00, 0x00, 0x00, 0x00, 0x00, 0x00,
	0x00, 0x00, 0x00, 0x00, 0x00, 0x00, 0x00, 0x00,
	0x00, 0x00, 0x00, 0x00, 0x00, 0x00, 0x00, 0x00,
	0x00, 0x00, 0x00, 0x00, 0x00, 0x00, 0x00, 0x00,
	0x00, 0x00, 0x00, 0x00, 0x00, 0x00, 0x00, 0x00,
	0x00, 0x00, 0x00, 0x00, 0x00, 0x00, 0x00, 0x00,
	0x00, 0x00, 0x00, 0x00, 0x00, 0x00, 0x00, 0x00,
	0x00, 0x00, 0x00, 0x00, 0x00, 0x00, 0x00, 0x00,
	0x00, 0x00, 0x00, 0x00, 0x00, 0x00, 0x00, 0x00,
	0x00, 0x00, 0x00, 0x00, 0x00, 0x00, 0x00, 0x00,
	0x00, 0x00, 0x00, 0x00, 0x00, 0x00, 0x00, 0x00,
	0x00, 0x00, 0x00, 0x00, 0x00, 0x00, 0x00, 0x00,
	0x00, 0x00, 0x00, 0x00, 0x00, 0x00, 0x00, 0x00,
	0x00, 0x00, 0x00, 0x00, 0x00, 0x00, 0x00, 0x00,
	0x00, 0x00, 0x00, 0x00, 0x00, 0x00, 0x00, 0x00,
	0x00, 0x00, 0x00, 0x00, 0x00, 0x00, 0x00, 0x00,
	0x00, 0x00, 0x00, 0x00, 0x00, 0x00, 0x00, 0x00,
	0x00, 0x00, 0x00, 0x00, 0x00, 0x00, 0x00, 0x00,
	0x00, 0x00, 0x00, 0x00, 0x00, 0x00, 0x00, 0x00,
	0x00, 0x00, 0x00, 0x00, 0x00, 0x00, 0x00, 0x00,
	0x00, 0x00, 0x00, 0x00, 0x00, 0x00, 0x00, 0x00,
	0x00, 0x00, 0x00, 0x00, 0x00, 0x00, 0x00, 0x00,
	0x00, 0x00, 0x00, 0x00, 0x00, 0x00, 0x00, 0x00,
	0x00, 0x00, 0x00, 0x00, 0x00, 0x00, 0x00, 0x00,
	0x00, 0x00, 0x00, 0x00, 0x00, 0x00, 0x00, 0x00,
	0x00, 0x00, 0x00, 0x00, 0x00, 0x00, 0x00, 0x00,
	0x00, 0x00, 0x00, 0x00, 0x00, 0x00, 0x00, 0x00,
	0x00, 0x00, 0x00, 0x00, 0x00, 0x00, 0x00, 0x00,
	0x00, 0x00, 0x00, 0x00, 0x00, 0x00, 0x00, 0x00,
	0x00, 0x00, 0x00, 0x00, 0x00, 0x00, 0x00, 0x00,
	0x00, 0x00, 0x00, 0x00, 0x00, 0x00, 0x00, 0x00,
	0x00, 0x00, 0x00, 0x00, 0x00, 0x00, 0x00, 0x00,
	0x00, 0x00, 0x00, 0x00, 0x00, 0x00, 0x00, 0x00,
	0x00, 0x00, 0x00, 0x00, 0x00, 0x00, 0x00, 0x00,
	0x00, 0x00, 0x00, 0x00, 0x00, 0x00, 0x00, 0x00,
	0x00, 0x00, 0x00, 0x00, 0x00, 0x00, 0x00, 0x00,
	0x00, 0x00, 0x00, 0x00, 0x00, 0x00, 0x00, 0x00,
	0x00, 0x00, 0x00, 0x00, 0x00, 0x00, 0x00, 0x00,
	0x00, 0x00, 0x00, 0x00, 0x00, 0x00, 0x00, 0x00,
	0x00, 0x00, 0x00, 0x00, 0x00, 0x00, 0x00, 0x00,
	0x00, 0x00, 0x00, 0x00, 0x00, 0x00, 0x00, 0x00,
	0x00, 0x00, 0x00, 0x00, 0x00, 0x00, 0x00, 0x00,
	0x00, 0x00, 0x00, 0x00, 0x00, 0x00, 0x00, 0x00,
	0x00, 0x00, 0x00, 0x00, 0x00, 0x00, 0x00, 0x00,
	0x00, 0x00, 0x00, 0x00, 0x00, 0x00, 0x00, 0x00,
	0x00, 0x00, 0x00, 0x00, 0x00, 0x00, 0x00, 0x00,
	0x00, 0x00, 0x00, 0x00, 0x00, 0x00, 0x00, 0x00,
	0x00, 0x00, 0x00, 0x00, 0x00, 0x00, 0x00, 0x00,
	0x00, 0x00, 0x00, 0x00, 0x00, 0x00, 0x00, 0x00,
	0x00, 0x00, 0x00, 0x00, 0x00, 0x00, 0x00, 0x00,
	0x00, 0x00, 0x00, 0x00, 0x00, 0x00, 0x00, 0x00,
	0x00, 0x00, 0x00, 0x00, 0x00, 0x00, 0x00, 0x00,
	0x00, 0x00, 0x00, 0x00, 0x00, 0x00, 0x00, 0x00,
	0x00, 0x00, 0x00, 0x00, 0x00, 0x00, 0x00, 0x00,
	0x00, 0x00, 0x00, 0x00, 0x00, 0x00, 0x00, 0x00,
	0x00, 0x00, 0x00, 0x00, 0x00, 0x00, 0x00, 0x00,
	0x00, 0x00, 0x00, 0x00, 0x00, 0x00, 0x00, 0x00,
	0x00, 0x00, 0x00, 0x00, 0x00, 0x00, 0x00, 0x00,
	0x00, 0x00, 0x00, 0x00, 0x00, 0x00, 0x00, 0x00,
	0x00, 0x00, 0x00, 0x00, 0x00, 0x00, 0x00, 0x00,
	0x00, 0x00, 0x00, 0x00, 0x00, 0x00, 0x00, 0x00,
	0x00, 0x00, 0x00, 0x00, 0x00, 0x00, 0x00, 0x00,
	0x00, 0x00, 0x00, 0x00, 0x00, 0x00, 0x00, 0x00,
	0x00, 0x00, 0x00, 0x00, 0x00, 0x00, 0x00, 0x00,
	0x00, 0x00, 0x00, 0x00, 0x00, 0x00, 0x00, 0x00,
	0x00, 0x00, 0x00, 0x00, 0x00, 0x00, 0x00, 0x00,
	0x00, 0x00, 0x00, 0x00, 0x00, 0x00, 0x00, 0x00,
	0x00, 0x00, 0x00, 0x00, 0x00, 0x00, 0x00, 0x00,
	0x00, 0x00, 0x00, 0x00, 0x00, 0x00, 0x00, 0x00,
	0x00, 0x00, 0x00, 0x00, 0x00, 0x00, 0x00, 0x00,
	0x00, 0x00, 0x00, 0x00, 0x00, 0x00, 0x00, 0x00,
	0x00, 0x00, 0x00, 0x00, 0x00, 0x00, 0x00, 0x00,
	0x00, 0x00, 0x00, 0x00, 0x00, 0x00, 0x00, 0x00,
	0x00, 0x00, 0x00, 0x00, 0x00, 0x00, 0x00, 0x00,
	0x00, 0x00, 0x00, 0x00, 0x00, 0x00, 0x00, 0x00,
	0x00, 0x00, 0x00, 0x00, 0x00, 0x00, 0x00, 0x00,
	0x00, 0x00, 0x00, 0x00, 0x00, 0x00, 0x00, 0x00,
	0x00, 0x00, 0x00, 0x00, 0x00, 0x00, 0x00, 0x00,
	0x00, 0x00, 0x00, 0x00, 0x00, 0x00, 0x00, 0x00,
	0x00, 0x00, 0x00, 0x00, 0x00, 0x00, 0x00, 0x00,
	0x00, 0x00, 0x00, 0x00, 0x00, 0x00, 0x00, 0x00,
	0x00, 0x00, 0x00, 0x00, 0x00, 0x00, 0x00, 0x00,
	0x00, 0x00, 0x00, 0x00, 0x00, 0x00, 0x00, 0x00,
	0x00, 0x00, 0x00, 0x00, 0x00, 0x00, 0x00, 0x00,
	0x00, 0x00, 0x00, 0x00, 0x00, 0x00, 0x00, 0x00,
	0x00, 0x00, 0x00, 0x00, 0x00, 0x00, 0x00, 0x00,
	0x00, 0x00, 0x00, 0x00, 0x00, 0x00, 0x00, 0x00,
	0x00, 0x00, 0x00, 0x00, 0x00, 0x00, 0x00, 0x00,
	0x00, 0x00, 0x00, 0x00, 0x00, 0x00, 0x00, 0x00,
	0x00, 0x00, 0x00, 0x00, 0x00, 0x00, 0x00, 0x00,
	0x00, 0x00, 0x00, 0x00, 0x00, 0x00, 0x00, 0x00,
	0x00, 0x00, 0x00, 0x00, 0x00, 0x00, 0x00, 0x00,
	0x00, 0x00, 0x00, 0x00, 0x00, 0x00, 0x00, 0x00,
	0x00, 0x00, 0x00, 0x00, 0x00, 0x00, 0x00, 0x00,
	0x00, 0x00, 0x00, 0x00, 0x00, 0x00, 0x00, 0x00,
	0x00, 0x00, 0x00, 0x00, 0x00, 0x00, 0x00, 0x00,
	0x00, 0x00, 0x00, 0x00, 0x00, 0x00, 0x00, 0x00,
	0x00, 0x00, 0x00, 0x00, 0x00, 0x00, 0x00, 0x00,
	0x00, 0x00, 0x00, 0x00, 0x00, 0x00, 0x00, 0x00,
	0x00, 0x00, 0x00, 0x00, 0x00, 0x00, 0x00, 0x00,
	0x00, 0x00, 0x00, 0x00, 0x00, 0x00, 0x00, 0x00,
	0x00, 0x00, 0x00, 0x00, 0x00, 0x00, 0x00, 0x00,
	0x00, 0x00, 0x00, 0x00, 0x00, 0x00, 0x00, 0x00,
	0x00, 0x00, 0x00, 0x00, 0x00, 0x00, 0x00, 0x00,
	0x00, 0x00, 0x00, 0x00, 0x00, 0x00, 0x00, 0x00,
	0x00, 0x00, 0x00, 0x00, 0x00, 0x00, 0x00, 0x00,
	0x00, 0x00, 0x00, 0x00, 0x00, 0x00, 0x00, 0x00,
	0x00, 0x00, 0x00, 0x00, 0x00, 0x00, 0x00, 0x00,
	0x00, 0x00, 0x00, 0x00, 0x00, 0x00, 0x00, 0x00,
	0x00, 0x00, 0x00, 0x00, 0x00, 0x00, 0x00, 0x00,
	0x00, 0x00, 0x00, 0x00, 0x00, 0x00, 0x00, 0x00,
	0x00, 0x00, 0x00, 0x00, 0x00, 0x00, 0x00, 0x00,
	0x00, 0x00, 0x00, 0x00, 0x00, 0x00, 0x00, 0x00,
	0x00, 0x00, 0x00, 0x00, 0x00, 0x00, 0x00, 0x00,
	0x00, 0x00, 0x00, 0x00, 0x00, 0x00, 0x00, 0x00,
	0x00, 0x00, 0x00, 0x00, 0x00, 0x00, 0x00, 0x00,
	0x00, 0x00, 0x00, 0x00, 0x00, 0x00, 0x00, 0x00,
	0x00, 0x00, 0x00, 0x00, 0x00, 0x00, 0x00, 0x00,
	0x00, 0x00, 0x00, 0x00, 0x00, 0x00, 0x00, 0x00,
	0x00, 0x00, 0x00, 0x00, 0x00, 0x00, 0x00, 0x00,
	0x00, 0x00, 0x00, 0x00, 0x00, 0x00, 0x00, 0x00,
	0x00, 0x00, 0x00, 0x00, 0x00, 0x00, 0x00, 0x00,
	0x00, 0x00, 0x00, 0x00, 0x00, 0x00, 0x00, 0x00,
	0x00, 0x00, 0x00, 0x00, 0x00, 0x00, 0x00, 0x00,
	0x00, 0x00, 0x00, 0x00, 0x00, 0x00, 0x00, 0x00,
	0x00, 0x00, 0x00, 0x00, 0x00, 0x00, 0x00, 0x00,
	0x00, 0x00, 0x00, 0x00, 0x00, 0x00, 0x00, 0x00,
	0x00, 0x00, 0x00, 0x00, 0x00, 0x00, 0x00, 0x00,
	0x00, 0x00, 0x00, 0x00, 0x00, 0x00, 0x00, 0x00,
	0x00, 0x00, 0x00, 0x00, 0x00, 0x00, 0x00, 0x00,
	0x00, 0x00, 0x00, 0x00, 0x00, 0x00, 0x00, 0x00,
	0x00, 0x00, 0x00, 0x00, 0x00, 0x00, 0x00, 0x00,
	0x00, 0x00, 0x00, 0x00, 0x00, 0x00, 0x00, 0x00,
	0x00, 0x00, 0x00, 0x00, 0x00, 0x00, 0x00, 0x00,
	0x00, 0x00, 0x00, 0x00, 0x00, 0x00, 0x00, 0x00,
	0x00, 0x00, 0x00, 0x00, 0x00, 0x00, 0x00, 0x00,
	0x00, 0x00, 0x00, 0x00, 0x00, 0x00, 0x00, 0x00,
	0x00, 0x00, 0x00, 0x00, 0x00, 0x00, 0x00, 0x00,
	0x00, 0x00, 0x00, 0x00, 0x00, 0x00, 0x00, 0x00,
	0x00, 0x00, 0x00, 0x00, 0x00, 0x00, 0x00, 0x00,
	0x00, 0x00, 0x00, 0x00, 0x00, 0x00, 0x00, 0x00,
	0x00, 0x00, 0x00, 0x00, 0x00, 0x00, 0x00, 0x00,
	0x00, 0x00, 0x00, 0x00, 0x00, 0x00, 0x00, 0x00,
	0x00, 0x00, 0x00, 0x00, 0x00, 0x00, 0x00, 0x00,
	0x00, 0x00, 0x00, 0x00, 0x00, 0x00, 0x00, 0x00,
	0x00, 0x00, 0x00, 0x00, 0x00, 0x00, 0x00, 0x00,
	0x00, 0x00, 0x00, 0x00, 0x00, 0x00, 0x00, 0x00,
	0x00, 0x00, 0x00, 0x00, 0x00, 0x00, 0x00, 0x00,
	0x00, 0x00, 0x00, 0x00, 0x00, 0x00, 0x00, 0x00,
	0x00, 0x00, 0x00, 0x00, 0x00, 0x00, 0x00, 0x00,
	0x00, 0x00, 0x00, 0x00, 0x00, 0x00, 0x00, 0x00,
	0x00, 0x00, 0x00, 0x00, 0x00, 0x00, 0x00, 0x00,
	0x00, 0x00, 0x00, 0x00, 0x00, 0x00, 0x00, 0x00,
	0x00, 0x00, 0x00, 0x00, 0x00, 0x00, 0x00, 0x00,
	0x00, 0x00, 0x00, 0x00, 0x00, 0x00, 0x00, 0x00,
	0x00, 0x00, 0x00, 0x00, 0x00, 0x00, 0x00, 0x00,
	0x00, 0x00, 0x00, 0x00, 0x00, 0x00, 0x00, 0x00,
	0x00, 0x00, 0x00, 0x00, 0x00, 0x00, 0x00, 0x00,
	0x00, 0x00, 0x00, 0x00, 0x00, 0x00, 0x00, 0x00,
	0x00, 0x00, 0x00, 0x00, 0x00, 0x00, 0x00, 0x00,
	0x00, 0x00, 0x00, 0x00, 0x00, 0x00, 0x00, 0x00,
	0x00, 0x00, 0x00, 0x00, 0x00, 0x00, 0x00, 0x00,
	0x00, 0x00, 0x00, 0x00, 0x00, 0x00, 0x00, 0x00,
	0x00, 0x00, 0x00, 0x00, 0x00, 0x00, 0x00, 0x00,
	0x00, 0x00, 0x00, 0x00, 0x00, 0x00, 0x00, 0x00,
	0x00, 0x00, 0x00, 0x00, 0x00, 0x00, 0x00, 0x00,
	0x00, 0x00, 0x00, 0x00, 0x00, 0x00, 0x00, 0x00,
	0x00, 0x00, 0x00, 0x00, 0x00, 0x00, 0x00, 0x00,
	0x00, 0x00, 0x00, 0x00, 0x00, 0x00, 0x00, 0x00,
	0x00, 0x00, 0x00, 0x00, 0x00, 0x00, 0x00, 0x00,
	0x00, 0x00, 0x00, 0x00, 0x00, 0x00, 0x00, 0x00,
	0x00, 0x00, 0x00, 0x00, 0x00, 0x00, 0x00, 0x00,
	0x00, 0x00, 0x00, 0x00, 0x00, 0x00, 0x00, 0x00,
	0x00, 0x00, 0x00, 0x00, 0x00, 0x00, 0x00, 0x00,
	0x00, 0x00, 0x00, 0x00, 0x00, 0x00, 0x00, 0x00,
	0x00, 0x00, 0x00, 0x00, 0x00, 0x00, 0x00, 0x00,
	0x00, 0x00, 0x00, 0x00, 0x00, 0x00, 0x00, 0x00,
	0x00, 0x00, 0x00, 0x00, 0x00, 0x00, 0x00, 0x00,
	0x00, 0x00, 0x00, 0x00, 0x00, 0x00, 0x00, 0x00,
	0x00, 0x00, 0x00, 0x00, 0x00, 0x00, 0x00, 0x00,
	0x00, 0x00, 0x00, 0x00, 0x00, 0x00, 0x00, 0x00,
	0x00, 0x00, 0x00, 0x00, 0x00, 0x00, 0x00, 0x00,
	0x00, 0x00, 0x00, 0x00, 0x00, 0x00, 0x00, 0x00,
	0x00, 0x00, 0x00, 0x00, 0x00, 0x00, 0x00, 0x00,
	0x00, 0x00, 0x00, 0x00, 0x00, 0x00, 0x00, 0x00,
	0x00, 0x00, 0x00, 0x00, 0x00, 0x00, 0x00, 0x00,
	0x00, 0x00, 0x00, 0x00, 0x00, 0x00, 0x00, 0x00,
	0x00, 0x00, 0x00, 0x00, 0x00, 0x00, 0x00, 0x00,
	0x00, 0x00, 0x00, 0x00, 0x00, 0x00, 0x00, 0x00,
	0x00, 0x00, 0x00, 0x00, 0x00, 0x00, 0x00, 0x00,
	0x00, 0x00, 0x00, 0x00, 0x00, 0x00, 0x00, 0x00,
	0x00, 0x00, 0x00, 0x00, 0x00, 0x00, 0x00, 0x00,
	0x00, 0x00, 0x00, 0x00, 0x00, 0x00, 0x00, 0x00,
	0x00, 0x00, 0x00, 0x00, 0x00, 0x00, 0x00, 0x00,
	0x00, 0x00, 0x00, 0x00, 0x00, 0x00, 0x00, 0x00,
	0x00, 0x00, 0x00, 0x00, 0x00, 0x00, 0x00, 0x00,
	0x00, 0x00, 0x00, 0x00, 0x00, 0x00, 0x00, 0x00,
	0x00, 0x00, 0x00, 0x00, 0x00, 0x00, 0x00, 0x00,
	0x00, 0x00, 0x00, 0x00, 0x00, 0x00, 0x00, 0x00,
	0x00, 0x00, 0x00, 0x00, 0x00, 0x00, 0x00, 0x00,
	0x00, 0x00, 0x00, 0x00, 0x00, 0x00, 0x00, 0x00,
	0x00, 0x00, 0x00, 0x00, 0x00, 0x00, 0x00, 0x00,
	0x00, 0x00, 0x00, 0x00, 0x00, 0x00, 0x00, 0x00,
	0x00, 0x00, 0x00, 0x00, 0x00, 0x00, 0x00, 0x00,
	0x00, 0x00, 0x00, 0x00, 0x00, 0x00, 0x00, 0x00,
	0x00, 0x00, 0x00, 0x00, 0x00, 0x00, 0x00, 0x00,
	0x00, 0x00, 0x00, 0x00, 0x00, 0x00, 0x00, 0x00,
	0x00, 0x00, 0x00, 0x00, 0x00, 0x00, 0x00, 0x00,
	0x00, 0x00, 0x00, 0x00, 0x00, 0x00, 0x00, 0x00,
	0x00, 0x00, 0x00, 0x00, 0x00, 0x00, 0x00, 0x00,
	0x00, 0x00, 0x00, 0x00, 0x00, 0x00, 0x00, 0x00,
	0x00, 0x00, 0x00, 0x00, 0x00, 0x00, 0x00, 0x00,
	0x00, 0x00, 0x00, 0x00, 0x00, 0x00, 0x00, 0x00,
	0x00, 0x00, 0x00, 0x00, 0x00, 0x00, 0x00, 0x00,
	0x00, 0x00, 0x00, 0x00, 0x00, 0x00, 0x00, 0x00,
	0x00, 0x00, 0x00, 0x00, 0x00, 0x00, 0x00, 0x00,
	0x00, 0x00, 0x00, 0x00, 0x00, 0x00, 0x00, 0x00,
	0x00, 0x00, 0x00, 0x00, 0x00, 0x00, 0x00, 0x00,
	0x00, 0x00, 0x00, 0x00, 0x00, 0x00, 0x00, 0x00,
	0x00, 0x00, 0x00, 0x00, 0x00, 0x00, 0x00, 0x00,
	0x00, 0x00, 0x00, 0x00, 0x00, 0x00, 0x00, 0x00,
	0x00, 0x00, 0x00, 0x00, 0x00, 0x00, 0x00, 0x00,
	0x00, 0x00, 0x00, 0x00, 0x00, 0x00, 0x00, 0x00,
	0x00, 0x00, 0x00, 0x00, 0x00, 0x00, 0x00, 0x00,
	0x00, 0x00, 0x00, 0x00, 0x00, 0x00, 0x00, 0x00,
	0x00, 0x00, 0x00, 0x00, 0x00, 0x00, 0x00, 0x00,
	0x00, 0x00, 0x00, 0x00, 0x00, 0x00, 0x00, 0x00,
	0x00, 0x00, 0x00, 0x00, 0x00, 0x00, 0x00, 0x00,
	0x00, 0x00, 0x00, 0x00, 0x00, 0x00, 0x00, 0x00,
	0x00, 0x00, 0x00, 0x00, 0x00, 0x00, 0x00, 0x00,
	0x00, 0x00, 0x00, 0x00, 0x00, 0x00, 0x00, 0x00,
	0x00, 0x00, 0x00, 0x00, 0x00, 0x00, 0x00, 0x00,
	0x00, 0x00, 0x00, 0x00, 0x00, 0x00, 0x00, 0x00,
	0x00, 0x00, 0x00, 0x00, 0x00, 0x00, 0x00, 0x00,
	0x00, 0x00, 0x00, 0x00, 0x00, 0x00, 0x00, 0x00,
	0x00, 0x00, 0x00, 0x00, 0x00, 0x00, 0x00, 0x00,
	0x00, 0x00, 0x00, 0x00, 0x00, 0x00, 0x00, 0x00,
	0x00, 0x00, 0x00, 0x00, 0x00, 0x00, 0x00, 0x00,
	0x00, 0x00, 0x00, 0x00, 0x00, 0x00, 0x00, 0x00,
	0x00, 0x00, 0x00, 0x00, 0x00, 0x00, 0x00, 0x00,
	0x00, 0x00, 0x00, 0x00, 0x00, 0x00, 0x00, 0x00,
	0x00, 0x00, 0x00, 0x00, 0x00, 0x00, 0x00, 0x00,
	0x00, 0x00, 0x00, 0x00, 0x00, 0x00, 0x00, 0x00,
	0x00, 0x00, 0x00, 0x00, 0x00, 0x00, 0x00, 0x00,
	0x00, 0x00, 0x00, 0x00, 0x00, 0x00, 0x00, 0x00,
	0x00, 0x00, 0x00, 0x00, 0x00, 0x00, 0x00, 0x00,
	0x00, 0x00, 0x00, 0x00, 0x00, 0x00, 0x00, 0x00,
	0x00, 0x00, 0x00, 0x00, 0x00, 0x00, 0x00, 0x00,
	0x00, 0x00, 0x00, 0x00, 0x00, 0x00, 0x00, 0x00,
	0x00, 0x00, 0x00, 0x00, 0x00, 0x00, 0x00, 0x00,
	0x00, 0x00, 0x00, 0x00, 0x00, 0x00, 0x00, 0x00,
	0x00, 0x00, 0x00, 0x00, 0x00, 0x00, 0x00, 0x00,
	0x00, 0x00, 0x00, 0x00, 0x00, 0x00, 0x00, 0x00,
	0x00, 0x00, 0x00, 0x00, 0x00, 0x00, 0x00, 0x00,
	0x00, 0x00, 0x00, 0x00, 0x00, 0x00, 0x00, 0x00,
	0x00, 0x00, 0x00, 0x00, 0x00, 0x00, 0x00, 0x00,
	0x00, 0x00, 0x00, 0x00, 0x00, 0x00, 0x00, 0x00,
	0x00, 0x00, 0x00, 0x00, 0x00, 0x00, 0x00, 0x00,
	0x00, 0x00, 0x00, 0x00, 0x00, 0x00, 0x00, 0x00,
	0x00, 0x00, 0x00, 0x00, 0x00, 0x00, 0x00, 0x00,
	0x00, 0x00, 0x00, 0x00, 0x00, 0x00, 0x00, 0x00,
	0x00, 0x00, 0x00, 0x00, 0x00, 0x00, 0x00, 0x00,
	0x00, 0x00, 0x00, 0x00, 0x00, 0x00, 0x00, 0x00,
	0x00, 0x00, 0x00, 0x00, 0x00, 0x00, 0x00, 0x00,
	0x00, 0x00, 0x00, 0x00, 0x00, 0x00, 0x00, 0x00,
	0x00, 0x00, 0x00, 0x00, 0x00, 0x00, 0x00, 0x00,
	0x00, 0x00, 0x00, 0x00, 0x00, 0x00, 0x00, 0x00,
	0x00, 0x00, 0x00, 0x00, 0x00, 0x00, 0x00, 0x00,
	0x00, 0x00, 0x00, 0x00, 0x00, 0x00, 0x00, 0x00,
	0x00, 0x00, 0x00, 0x00, 0x00, 0x00, 0x00, 0x00,
	0x00, 0x00, 0x00, 0x00, 0x00, 0x00, 0x00, 0x00,
	0x00, 0x00, 0x00, 0x00, 0x00, 0x00, 0x00, 0x00,
	0x00, 0x00, 0x00, 0x00, 0x00, 0x00, 0x00, 0x00,
	0x00, 0x00, 0x00, 0x00, 0x00, 0x00, 0x00, 0x00,
	0x00, 0x00, 0x00, 0x00, 0x00, 0x00, 0x00, 0x00,
	0x00, 0x00, 0x00, 0x00, 0x00, 0x00, 0x00, 0x00,
	0x00, 0x00, 0x00, 0x00, 0x00, 0x00, 0x00, 0x00,
	0x00, 0x00, 0x00, 0x00, 0x00, 0x00, 0x00, 0x00,
	0x00, 0x00, 0x00, 0x00, 0x00, 0x00, 0x00, 0x00,
	0x00, 0x00, 0x00, 0x00, 0x00, 0x00, 0x00, 0x00,
	0x00, 0x00, 0x00, 0x00, 0x00, 0x00, 0x00, 0x00,
	0x00, 0x00, 0x00, 0x00, 0x00, 0x00, 0x00, 0x00,
	0x00, 0x00, 0x00, 0x00, 0x00, 0x00, 0x00, 0x00,
	0x00, 0x00, 0x00, 0x00, 0x00, 0x00, 0x00, 0x00,
	0x00, 0x00, 0x00, 0x00, 0x00, 0x00, 0x00, 0x00,
	0x00, 0x00, 0x00, 0x00, 0x00, 0x00, 0x00, 0x00,
	0x00, 0x00, 0x00, 0x00, 0x00, 0x00, 0x00, 0x00,
	0x00, 0x00, 0x00, 0x00, 0x00, 0x00, 0x00, 0x00,
	0x00, 0x00, 0x00, 0x00, 0x00, 0x00, 0x00, 0x00,
	0x00, 0x00, 0x00, 0x00, 0x00, 0x00, 0x00, 0x00,
	0x00, 0x00, 0x00, 0x00, 0x00, 0x00, 0x00, 0x00,
	0x00, 0x00, 0x00, 0x00, 0x00, 0x00, 0x00, 0x00,
	0x00, 0x00, 0x00, 0x00, 0x00, 0x00, 0x00, 0x00,
	0x00, 0x00, 0x00, 0x00, 0x00, 0x00, 0x00, 0x00,
	0x00, 0x00, 0x00, 0x00, 0x00, 0x00, 0x00, 0x00,
	0x00, 0x00, 0x00, 0x00, 0x00, 0x00, 0x00, 0x00,
	0x00, 0x00, 0x00, 0x00, 0x00, 0x00, 0x00, 0x00,
	0x00, 0x00, 0x00, 0x00, 0x00, 0x00, 0x00, 0x00,
	0x00, 0x00, 0x00, 0x00, 0x00, 0x00, 0x00, 0x00,
	0x00, 0x00, 0x00, 0x00, 0x00, 0x00, 0x00, 0x00,
	0x00, 0x00, 0x00, 0x00, 0x00, 0x00, 0x00, 0x00,
	0x00, 0x00, 0x00, 0x00, 0x00, 0x00, 0x00, 0x00,
	0x00, 0x00, 0x00, 0x00, 0x00, 0x00, 0x00, 0x00,
	0x00, 0x00, 0x00, 0x00, 0x00, 0x00, 0x00, 0x00,
	0x00, 0x00, 0x00, 0x00, 0x00, 0x00, 0x00, 0x00,
	0x00, 0x00, 0x00, 0x00, 0x00, 0x00, 0x00, 0x00,
	0x00, 0x00, 0x00, 0x00, 0x00, 0x00, 0x00, 0x00,
	0x00, 0x00, 0x00, 0x00, 0x00, 0x00, 0x00, 0x00,
	0x00, 0x00, 0x00, 0x00, 0x00, 0x00, 0x00, 0x00,
	0x00, 0x00, 0x00, 0x00, 0x00, 0x00, 0x00, 0x00,
	0x00, 0x00, 0x00, 0x00, 0x00, 0x00, 0x00, 0x00,
	0x00, 0x00, 0x00, 0x00, 0x00, 0x00, 0x00, 0x00,
	0x00, 0x00, 0x00, 0x00, 0x00, 0x00, 0x00, 0x00,
	0x00, 0x00, 0x00, 0x00, 0x00, 0x00, 0x00, 0x00,
	0x00, 0x00, 0x00, 0x00, 0x00, 0x00, 0x00, 0x00,
	0x00, 0x00, 0x00, 0x00, 0x00, 0x00, 0x00, 0x00,
	0x00, 0x00, 0x00, 0x00, 0x00, 0x00, 0x00, 0x00,
	0x00, 0x00, 0x00, 0x00, 0x00, 0x00, 0x00, 0x00,
	0x00, 0x00, 0x00, 0x00, 0x00, 0x00, 0x00, 0x00,
	0x00, 0x00, 0x00, 0x00, 0x00, 0x00, 0x00, 0x00,
	0x00, 0x00, 0x00, 0x00, 0x00, 0x00, 0x00, 0x00,
	0x00, 0x00, 0x00, 0x00, 0x00, 0x00, 0x00, 0x00,
	0x00, 0x00, 0x00, 0x00, 0x00, 0x00, 0x00, 0x00,
	0x00, 0x00, 0x00, 0x00, 0x00, 0x00, 0x00, 0x00,
	0x00, 0x00, 0x00, 0x00, 0x00, 0x00, 0x00, 0x00,
	0x00, 0x00, 0x00, 0x00, 0x00, 0x00, 0x00, 0x00,
	0x00, 0x00, 0x00, 0x00, 0x00, 0x00, 0x00, 0x00,
	0x00, 0x00, 0x00, 0x00, 0x00, 0x00, 0x00, 0x00,
	0x00, 0x00, 0x00, 0x00, 0x00, 0x00, 0x00, 0x00,
	0x00, 0x00, 0x00, 0x00, 0x00, 0x00, 0x00, 0x00,
	0x00, 0x00, 0x00, 0x00, 0x00, 0x00, 0x00, 0x00,
	0x00, 0x00, 0x00, 0x00, 0x00, 0x00, 0x00, 0x00,
	0x00, 0x00, 0x00, 0x00, 0x00, 0x00, 0x00, 0x00,
	0x00, 0x00, 0x00, 0x00, 0x00, 0x00, 0x00, 0x00,
	0x00, 0x00, 0x00, 0x00, 0x00, 0x00, 0x00, 0x00,
	0x00, 0x00, 0x00, 0x00, 0x00, 0x00, 0x00, 0x00,
	0x00, 0x00, 0x00, 0x00, 0x00, 0x00, 0x00, 0x00,
	0x00, 0x00, 0x00, 0x00, 0x00, 0x00, 0x00, 0x00,
	0x00, 0x00, 0x00, 0x00, 0x00, 0x00, 0x00, 0x00,
	0x00, 0x00, 0x00, 0x00, 0x00, 0x00, 0x00, 0x00,
	0x00, 0x00, 0x00, 0x00, 0x00, 0x00, 0x00, 0x00,
	0x00, 0x00, 0x00, 0x00, 0x00, 0x00, 0x00, 0x00,
	0x00, 0x00, 0x00, 0x00, 0x00, 0x00, 0x00, 0x00,
	0x00, 0x00, 0x00, 0x00, 0x00, 0x00, 0x00, 0x00,
	0x00, 0x00, 0x00, 0x00, 0x00, 0x00, 0x00, 0x00,
	0x00, 0x00, 0x00, 0x00, 0x00, 0x00, 0x00, 0x00,
	0x00, 0x00, 0x00, 0x00, 0x00, 0x00, 0x00, 0x00,
	0x00, 0x00, 0x00, 0x00, 0x00, 0x00, 0x00, 0x00,
	0x00, 0x00, 0x00, 0x00, 0x00, 0x00, 0x00, 0x00,
	0x00, 0x00, 0x00, 0x00, 0x00, 0x00, 0x00, 0x00,
	0x00, 0x00, 0x00, 0x00, 0x00, 0x00, 0x00, 0x00,
	0x00, 0x00, 0x00, 0x00, 0x00, 0x00, 0x00, 0x00,
	0x00, 0x00, 0x00, 0x00, 0x00, 0x00, 0x00, 0x00,
	0x00, 0x00, 0x00, 0x00, 0x00, 0x00, 0x00, 0x00,
	0x00, 0x00, 0x00, 0x00, 0x00, 0x00, 0x00, 0x00,
	0x00, 0x00, 0x00, 0x00, 0x00, 0x00, 0x00, 0x00,
	0x00, 0x00, 0x00, 0x00, 0x00, 0x00, 0x00, 0x00,
	0x00, 0x00, 0x00, 0x00, 0x00, 0x00, 0x00, 0x00,
	0x00, 0x00, 0x00, 0x00, 0x00, 0x00, 0x00, 0x00,
	0x00, 0x00, 0x00, 0x00, 0x00, 0x00, 0x00, 0x00,
	0x00, 0x00, 0x00, 0x00, 0x00, 0x00, 0x00, 0x00,
	0x00, 0x00, 0x00, 0x00, 0x00, 0x00, 0x00, 0x00,
	0x00, 0x00, 0x00, 0x00, 0x00, 0x00, 0x00, 0x00,
	0x00, 0x00, 0x00, 0x00, 0x00, 0x00, 0x00, 0x00,
	0x00, 0x00, 0x00, 0x00, 0x00, 0x00, 0x00, 0x00,
	0x00, 0x00, 0x00, 0x00, 0x00, 0x00, 0x00, 0x00,
	0x00, 0x00, 0x00, 0x00, 0x00, 0x00, 0x00, 0x00,
	0x00, 0x00, 0x00, 0x00, 0x00, 0x00, 0x00, 0x00,
	0x00, 0x00, 0x00, 0x00, 0x00, 0x00, 0x00, 0x00,
	0x00, 0x00, 0x00, 0x00, 0x00, 0x00, 0x00, 0x00,
	0x00, 0x00, 0x00, 0x00, 0x00, 0x00, 0x00, 0x00,
	0x00, 0x00, 0x00, 0x00, 0x00, 0x00, 0x00, 0x00,
	0x00, 0x00, 0x00, 0x00, 0x00, 0x00, 0x00, 0x00,
	0x00, 0x00, 0x00, 0x00, 0x00, 0x00, 0x00, 0x00,
	0x00, 0x00, 0x00, 0x00, 0x00, 0x00, 0x00, 0x00,
	0x00, 0x00, 0x00, 0x00, 0x00, 0x00, 0x00, 0x00,
	0x00, 0x00, 0x00, 0x00, 0x00, 0x00, 0x00, 0x00,
	0x00, 0x00, 0x00, 0x00, 0x00, 0x00, 0x00, 0x00,
	0x00, 0x00, 0x00, 0x00, 0x00, 0x00, 0x00, 0x00,
	0x00, 0x00, 0x00, 0x00, 0x00, 0x00, 0x00, 0x00,
	0x00, 0x00, 0x00, 0x00, 0x00, 0x00, 0x00, 0x00,
	0x00, 0x00, 0x00, 0x00, 0x00, 0x00, 0x00, 0x00,
	0x00, 0x00, 0x00, 0x00, 0x00, 0x00, 0x00, 0x00,
	0x00, 0x00, 0x00, 0x00, 0x00, 0x00, 0x00, 0x00,
	0x00, 0x00, 0x00, 0x00, 0x00, 0x00, 0x00, 0x00,
	0x00, 0x00, 0x00, 0x00, 0x00, 0x00, 0x00, 0x00,
	0x00, 0x00, 0x00, 0x00, 0x00, 0x00, 0x00, 0x00,
	0x00, 0x00, 0x00, 0x00, 0x00, 0x00, 0x00, 0x00,
	0x00, 0x00, 0x00, 0x00, 0x00, 0x00, 0x00, 0x00,
	0x00, 0x00, 0x00, 0x00, 0x00, 0x00, 0x00, 0x00,
	0x00, 0x00, 0x00, 0x00, 0x00, 0x00, 0x00, 0x00,
	0x00, 0x00, 0x00, 0x00, 0x00, 0x00, 0x00, 0x00,
	0x00, 0x00, 0x00, 0x00, 0x00, 0x00, 0x00, 0x00,
	0x00, 0x00, 0x00, 0x00, 0x00, 0x00, 0x00, 0x00,
	0x00, 0x00, 0x00, 0x00, 0x00, 0x00, 0x00, 0x00,
	0x00, 0x00, 0x00, 0x00, 0x00, 0x00, 0x00, 0x00,
	0x00, 0x00, 0x00, 0x00, 0x00, 0x00, 0x00, 0x00,
	0x00, 0x00, 0x00, 0x00, 0x00, 0x00, 0x00, 0x00,
	0x00, 0x00, 0x00, 0x00, 0x00, 0x00, 0x00, 0x00,
	0x00, 0x00, 0x00, 0x00, 0x00, 0x00, 0x00, 0x00,
	0x00, 0x00, 0x00, 0x00, 0x00, 0x00, 0x00, 0x00,
	0x00, 0x00, 0x00, 0x00, 0x00, 0x00, 0x00, 0x00,
	0x00, 0x00, 0x00, 0x00, 0x00, 0x00, 0x00, 0x00,
	0x00, 0x00, 0x00, 0x00, 0x00, 0x00, 0x00, 0x00,
	0x00, 0x00, 0x00, 0x00, 0x00, 0x00, 0x00, 0x00,
	0x00, 0x00, 0x00, 0x00, 0x00, 0x00, 0x00, 0x00,
	0x00, 0x00, 0x00, 0x00, 0x00, 0x00, 0x00, 0x00,
	0x00, 0x00, 0x00, 0x00, 0x00, 0x00, 0x00, 0x00,
	0x00, 0x00, 0x00, 0x00, 0x00, 0x00, 0x00, 0x00,
	0x00, 0x00, 0x00, 0x00, 0x00, 0x00, 0x00, 0x00,
	0x00, 0x00, 0x00, 0x00, 0x00, 0x00, 0x00, 0x00,
	0x00, 0x00, 0x00, 0x00, 0x00, 0x00, 0x00, 0x00,
	0x00, 0x00, 0x00, 0x00, 0x00, 0x00, 0x00, 0x00,
	0x00, 0x00, 0x00, 0x00, 0x00, 0x00, 0x00, 0x00,
	0x00, 0x00, 0x00, 0x00, 0x00, 0x00, 0x00, 0x00,
	0x00, 0x00, 0x00, 0x00, 0x00, 0x00, 0x00, 0x00,
	0x00, 0x00, 0x00, 0x00, 0x00, 0x00, 0x00, 0x00,
	0x00, 0x00, 0x00, 0x00, 0x00, 0x00, 0x00, 0x00,
	0x00, 0x00, 0x00, 0x00, 0x00, 0x00, 0x00, 0x00,
	0x00, 0x00, 0x00, 0x00, 0x00, 0x00, 0x00, 0x00,
	0x00, 0x00, 0x00, 0x00, 0x00, 0x00, 0x00, 0x00,
	0x00, 0x00, 0x00, 0x00, 0x00, 0x00, 0x00, 0x00,
	0x00, 0x00, 0x00, 0x00, 0x00, 0x00, 0x00, 0x00,
	0x00, 0x00, 0x00, 0x00, 0x00, 0x00, 0x00, 0x00,
	0x00, 0x00, 0x00, 0x00, 0x00, 0x00, 0x00, 0x00,
	0x00, 0x00, 0x00, 0x00, 0x00, 0x00, 0x00, 0x00,
	0x00, 0x00, 0x00, 0x00, 0x00, 0x00, 0x00, 0x00,
	0x00, 0x00, 0x00, 0x00, 0x00, 0x00, 0x00, 0x00,
	0x00, 0x00, 0x00, 0x00, 0x00, 0x00, 0x00, 0x00,
	0x00, 0x00, 0x00, 0x00, 0x00, 0x00, 0x00, 0x00,
	0x00, 0x00, 0x00, 0x00, 0x00, 0x00, 0x00, 0x00,
	0x00, 0x00, 0x00, 0x00, 0x00, 0x00, 0x00, 0x00,
	0x00, 0x00, 0x00, 0x00, 0x00, 0x00, 0x00, 0x00,
	0x00, 0x00, 0x00, 0x00, 0x00, 0x00, 0x00, 0x00,
	0x00, 0x00, 0x00, 0x00, 0x00, 0x00, 0x00, 0x00,
	0x00, 0x00, 0x00, 0x00, 0x00, 0x00, 0x00, 0x00,
	0x00, 0x00, 0x00, 0x00, 0x00, 0x00, 0x00, 0x00,
	0x00, 0x00, 0x00, 0x00, 0x00, 0x00, 0x00, 0x00,
	0x00, 0x00, 0x00, 0x00, 0x00, 0x00, 0x00, 0x00,
	0x00, 0x00, 0x00, 0x00, 0x00, 0x00, 0x00, 0x00,
	0x00, 0x00, 0x00, 0x00, 0x00, 0x00, 0x00, 0x00,
	0x00, 0x00, 0x00, 0x00, 0x00, 0x00, 0x00, 0x00,
	0x00, 0x00, 0x00, 0x00, 0x00, 0x00, 0x00, 0x00,
	0x00, 0x00, 0x00, 0x00, 0x00, 0x00, 0x00, 0x00,
	0x00, 0x00, 0x00, 0x00, 0x00, 0x00, 0x00, 0x00,
	0x00, 0x00, 0x00, 0x00, 0x00, 0x00, 0x00, 0x00,
	0x00, 0x00, 0x00, 0x00, 0x00, 0x00, 0x00, 0x00,
	0x00, 0x00, 0x00, 0x00, 0x00, 0x00, 0x00, 0x00,
	0x00, 0x00, 0x00, 0x00, 0x00, 0x00, 0x00, 0x00,
	0x00, 0x00, 0x00, 0x00, 0x00, 0x00, 0x00, 0x00,
	0x00, 0x00, 0x00, 0x00, 0x00, 0x00, 0x00, 0x00,
	0x00, 0x00, 0x00, 0x00, 0x00, 0x00, 0x00, 0x00,
	0x00, 0x00, 0x00, 0x00, 0x00, 0x00, 0x00, 0x00,
	0x00, 0x00, 0x00, 0x00, 0x00, 0x00, 0x00, 0x00,
	0x00, 0x00, 0x00, 0x00, 0x00, 0x00, 0x00, 0x00,
	0x00, 0x00, 0x00, 0x00, 0x00, 0x00, 0x00, 0x00,
	0x00, 0x00, 0x00, 0x00, 0x00, 0x00, 0x00, 0x00,
	0x00, 0x00, 0x00, 0x00, 0x00, 0x00, 0x00, 0x00,
	0x00, 0x00, 0x00, 0x00, 0x00, 0x00, 0x00, 0x00,
	0x00, 0x00, 0x00, 0x00, 0x00, 0x00, 0x00, 0x00,
	0x00, 0x00, 0x00, 0x00, 0x00, 0x00, 0x00, 0x00,
	0x00, 0x00, 0x00, 0x00, 0x00, 0x00, 0x00, 0x00,
	0x00, 0x00, 0x00, 0x00, 0x00, 0x00, 0x00, 0x00,
	0x00, 0x00, 0x00, 0x00, 0x00, 0x00, 0x00, 0x00,
	0x00, 0x00, 0x00, 0x00, 0x00, 0x00, 0x00, 0x00,
	0x00, 0x00, 0x00, 0x00, 0x00, 0x00, 0x00, 0x00,
	0x00, 0x00, 0x00, 0x00, 0x00, 0x00, 0x00, 0x00,
	0x00, 0x00, 0x00, 0x00, 0x00, 0x00, 0x00, 0x00,
	0x00, 0x00, 0x00, 0x00, 0x00, 0x00, 0x00, 0x00,
	0x00, 0x00, 0x00, 0x00, 0x00, 0x00, 0x00, 0x00,
	0x00, 0x00, 0x00, 0x00, 0x00, 0x00, 0x00, 0x00,
	0x00, 0x00, 0x00, 0x00, 0x00, 0x00, 0x00, 0x00,
	0x00, 0x00, 0x00, 0x00, 0x00, 0x00, 0x00, 0x00,
	0x00, 0x00, 0x00, 0x00, 0x00, 0x00, 0x00, 0x00,
	0x00, 0x00, 0x00, 0x00, 0x00, 0x00, 0x00, 0x00,
	0x00, 0x00, 0x00, 0x00, 0x00, 0x00, 0x00, 0x00,
	0x00, 0x00, 0x00, 0x00, 0x00, 0x00, 0x00, 0x00,
	0x00, 0x00, 0x00, 0x00, 0x00, 0x00, 0x00, 0x00,
	0x00, 0x00, 0x00, 0x00, 0x00, 0x00, 0x00, 0x00,
	0x00, 0x00, 0x00, 0x00, 0x00, 0x00, 0x00, 0x00,
	0x00, 0x00, 0x00, 0x00, 0x00, 0x00, 0x00, 0x00,
	0x00, 0x00, 0x00, 0x00, 0x00, 0x00, 0x00, 0x00,
	0x00, 0x00, 0x00, 0x00, 0x00, 0x00, 0x00, 0x00,
	0x00, 0x00, 0x00, 0x00, 0x00, 0x00, 0x00, 0x00,
	0x00, 0x00, 0x00, 0x00, 0x00, 0x00, 0x00, 0x00,
	0x00, 0x00, 0x00, 0x00, 0x00, 0x00, 0x00, 0x00,
	0x00, 0x00, 0x00, 0x00, 0x00, 0x00, 0x00, 0x00,
	0x00, 0x00, 0x00, 0x00, 0x00, 0x00, 0x00, 0x00,
	0x00, 0x00, 0x00, 0x00, 0x00, 0x00, 0x00, 0x00,
	0x00, 0x00, 0x00, 0x00, 0x00, 0x00, 0x00, 0x00,
	0x00, 0x00, 0x00, 0x00, 0x00, 0x00, 0x00, 0x00,
	0x00, 0x00, 0x00, 0x00, 0x00, 0x00, 0x00, 0x00,
	0x00, 0x00, 0x00, 0x00, 0x00, 0x00, 0x00, 0x00,
	0x00, 0x00, 0x00, 0x00, 0x00, 0x00, 0x00, 0x00,
	0x00, 0x00, 0x00, 0x00, 0x00, 0x00, 0x00, 0x00,
	0x00, 0x00, 0x00, 0x00, 0x00, 0x00, 0x00, 0x00,
	0x00, 0x00, 0x00, 0x00, 0x00, 0x00, 0x00, 0x00,
	0x00, 0x00, 0x00, 0x00, 0x00, 0x00, 0x00, 0x00,
	0x00, 0x00, 0x00, 0x00, 0x00, 0x00, 0x00, 0x00,
	0x00, 0x00, 0x00, 0x00, 0x00, 0x00, 0x00, 0x00,
	0x00, 0x00, 0x00, 0x00, 0x00, 0x00, 0x00, 0x00,
	0x00, 0x00, 0x00, 0x00, 0x00, 0x00, 0x00, 0x00,
	0x00, 0x00, 0x00, 0x00, 0x00, 0x00, 0x00, 0x00,
	0x00, 0x00, 0x00, 0x00, 0x00, 0x00, 0x00, 0x00,
	0x00, 0x00, 0x00, 0x00, 0x00, 0x00, 0x00, 0x00,
	0x00, 0x00, 0x00, 0x00, 0x00, 0x00, 0x00, 0x00,
	0x00, 0x00, 0x00, 0x00, 0x00, 0x00, 0x00, 0x00,
	0x00, 0x00, 0x00, 0x00, 0x00, 0x00, 0x00, 0x00,
	0x00, 0x00, 0x00, 0x00, 0x00, 0x00, 0x00, 0x00,
	0x00, 0x00, 0x00, 0x00, 0x00, 0x00, 0x00, 0x00,
	0x00, 0x00, 0x00, 0x00, 0x00, 0x00, 0x00, 0x00,
	0x00, 0x00, 0x00, 0x00, 0x00, 0x00, 0x00, 0x00,
	0x00, 0x00, 0x00, 0x00, 0x00, 0x00, 0x00, 0x00,
	0x00, 0x00, 0x00, 0x00, 0x00, 0x00, 0x00, 0x00,
	0x00, 0x00, 0x00, 0x00, 0x00, 0x00, 0x00, 0x00,
	0x00, 0x00, 0x00, 0x00, 0x00, 0x00, 0x00, 0x00,
	0x00, 0x00, 0x00, 0x00, 0x00, 0x00, 0x00, 0x00,
	0x00, 0x00, 0x00, 0x00, 0x00, 0x00, 0x00, 0x00,
	0x00, 0x00, 0x00, 0x00, 0x00, 0x00, 0x00, 0x00,
	0x00, 0x00, 0x00, 0x00, 0x00, 0x00, 0x00, 0x00,
	0x00, 0x00, 0x00, 0x00, 0x00, 0x00, 0x00, 0x00,
	0x00, 0x00, 0x00, 0x00, 0x00, 0x00, 0x00, 0x00,
	0x00, 0x00, 0x00, 0x00, 0x00, 0x00, 0x00, 0x00,
	0x00, 0x00, 0x00, 0x00, 0x00, 0x00, 0x00, 0x00,
	0x00, 0x00, 0x00, 0x00, 0x00, 0x00, 0x00, 0x00,
	0x00, 0x00, 0x00, 0x00, 0x00, 0x00, 0x00, 0x00,
	0x00, 0x00, 0x00, 0x00, 0x00, 0x00, 0x00, 0x00,
	0x00, 0x00, 0x00, 0x00, 0x00, 0x00, 0x00, 0x00,
	0x00, 0x00, 0x00, 0x00, 0x00, 0x00, 0x00, 0x00,
	0x00, 0x00, 0x00, 0x00, 0x00, 0x00, 0x00, 0x00,
	0x00, 0x00, 0x00, 0x00, 0x00, 0x00, 0x00, 0x00,
	0x00, 0x00, 0x00, 0x00, 0x00, 0x00, 0x00, 0x00,
	0x00, 0x00, 0x00, 0x00, 0x00, 0x00, 0x00, 0x00,
	0x00, 0x00, 0x00, 0x00, 0x00, 0x00, 0x00, 0x00,
	0x00, 0x00, 0x00, 0x00, 0x00, 0x00, 0x00, 0x00,
	0x00, 0x00, 0x00, 0x00, 0x00, 0x00, 0x00, 0x00,
	0x00, 0x00, 0x00, 0x00, 0x00, 0x00, 0x00, 0x00,
	0x00, 0x00, 0x00, 0x00, 0x00, 0x00, 0x00, 0x00,
	0x00, 0x00, 0x00, 0x00, 0x00, 0x00, 0x00, 0x00,
	0x00, 0x00, 0x00, 0x00, 0x00, 0x00, 0x00, 0x00,
	0x00, 0x00, 0x00, 0x00, 0x00, 0x00, 0x00, 0x00,
	0x00, 0x00, 0x00, 0x00, 0x00, 0x00, 0x00, 0x00,
	0x00, 0x00, 0x00, 0x00, 0x00, 0x00, 0x00, 0x00,
	0x00, 0x00, 0x00, 0x00, 0x00, 0x00, 0x00, 0x00,
	0x00, 0x00, 0x00, 0x00, 0x00, 0x00, 0x00, 0x00,
	0x00, 0x00, 0x00, 0x00, 0x00, 0x00, 0x00, 0x00,
	0x00, 0x00, 0x00, 0x00, 0x00, 0x00, 0x00, 0x00,
	0x00, 0x00, 0x00, 0x00, 0x00, 0x00, 0x00, 0x00,
	0x00, 0x00, 0x00, 0x00, 0x00, 0x00, 0x00, 0x00,
	0x00, 0x00, 0x00, 0x00, 0x00, 0x00, 0x00, 0x00,
	0x00, 0x00, 0x00, 0x00, 0x00, 0x00, 0x00, 0x00,
	0x00, 0x00, 0x00, 0x00, 0x00, 0x00, 0x00, 0x00,
	0x00, 0x00, 0x00, 0x00, 0x00, 0x00, 0x00, 0x00,
	0x00, 0x00, 0x00, 0x00, 0x00, 0x00, 0x00, 0x00,
	0x00, 0x00, 0x00, 0x00, 0x00, 0x00, 0x00, 0x00,
	0x00, 0x00, 0x00, 0x00, 0x00, 0x00, 0x00, 0x00,
	0x00, 0x00, 0x00, 0x00, 0x00, 0x00, 0x00, 0x00,
	0x00, 0x00, 0x00, 0x00, 0x00, 0x00, 0x00, 0x00,
	0x00, 0x00, 0x00, 0x00, 0x00, 0x00, 0x00, 0x00,
	0x00, 0x00, 0x00, 0x00, 0x00, 0x00, 0x00, 0x00,
	0x00, 0x00, 0x00, 0x00, 0x00, 0x00, 0x00, 0x00,
	0x00, 0x00, 0x00, 0x00, 0x00, 0x00, 0x00, 0x00,
	0x00, 0x00, 0x00, 0x00, 0x00, 0x00, 0x00, 0x00,
	0x00, 0x00, 0x00, 0x00, 0x00, 0x00, 0x00, 0x00,
	0x00, 0x00, 0x00, 0x00, 0x00, 0x00, 0x00, 0x00,
	0x00, 0x00, 0x00, 0x00, 0x00, 0x00, 0x00, 0x00,
	0x00, 0x00, 0x00, 0x00, 0x00, 0x00, 0x00, 0x00,
	0x00, 0x00, 0x00, 0x00, 0x00, 0x00, 0x00, 0x00,
	0x00, 0x00, 0x00, 0x00, 0x00, 0x00, 0x00, 0x00,
	0x00, 0x00, 0x00, 0x00, 0x00, 0x00, 0x00, 0x00,
	0x00, 0x00, 0x00, 0x00, 0x00, 0x00, 0x00, 0x00,
	0x00, 0x00, 0x00, 0x00, 0x00, 0x00, 0x00, 0x00,
	0x00, 0x00, 0x00, 0x00, 0x00, 0x00, 0x00, 0x00,
	0x00, 0x00, 0x00, 0x00, 0x00, 0x00, 0x00, 0x00,
	0x00, 0x00, 0x00, 0x00, 0x00, 0x00, 0x00, 0x00,
	0x00, 0x00, 0x00, 0x00, 0x00, 0x00, 0x00, 0x00,
	0x00, 0x00, 0x00, 0x00, 0x00, 0x00, 0x00, 0x00,
	0x00, 0x00, 0x00, 0x00, 0x00, 0x00, 0x00, 0x00,
	0x00, 0x00, 0x00, 0x00, 0x00, 0x00, 0x00, 0x00,
	0x00, 0x00, 0x00, 0x00, 0x00, 0x00, 0x00, 0x00,
	0x00, 0x00, 0x00, 0x00, 0x00, 0x00, 0x00, 0x00,
	0x00, 0x00, 0x00, 0x00, 0x00, 0x00, 0x00, 0x00,
	0x00, 0x00, 0x00, 0x00, 0x00, 0x00, 0x00, 0x00,
	0x00, 0x00, 0x00, 0x00, 0x00, 0x00, 0x00, 0x00,
	0x00, 0x00, 0x00, 0x00, 0x00, 0x00, 0x00, 0x00,
	0x00, 0x00, 0x00, 0x00, 0x00, 0x00, 0x00, 0x00,
	0x00, 0x00, 0x00, 0x00, 0x00, 0x00, 0x00, 0x00,
	0x00, 0x00, 0x00, 0x00, 0x00, 0x00, 0x00, 0x00,
	0x00, 0x00, 0x00, 0x00, 0x00, 0x00, 0x00, 0x00,
	0x00, 0x00, 0x00, 0x00, 0x00, 0x00, 0x00, 0x00,
	0x00, 0x00, 0x00, 0x00, 0x00, 0x00, 0x00, 0x00,
	0x00, 0x00, 0x00, 0x00, 0x00, 0x00, 0x00, 0x00,
	0x00, 0x00, 0x00, 0x00, 0x00, 0x00, 0x00, 0x00,
	0x00, 0x00, 0x00, 0x00, 0x00, 0x00, 0x00, 0x00,
	0x00, 0x00, 0x00, 0x00, 0x00, 0x00, 0x00, 0x00,
	0x00, 0x00, 0x00, 0x00, 0x00, 0x00, 0x00, 0x00,
	0x00, 0x00, 0x00, 0x00, 0x00, 0x00, 0x00, 0x00,
	0x00, 0x00, 0x00, 0x00, 0x00, 0x00, 0x00, 0x00,
	0x00, 0x00, 0x00, 0x00, 0x00, 0x00, 0x00, 0x00,
	0x00, 0x00, 0x00, 0x00, 0x00, 0x00, 0x00, 0x00,
	0x00, 0x00, 0x00, 0x00, 0x00, 0x00, 0x00, 0x00,
	0x00, 0x00, 0x00, 0x00, 0x00, 0x00, 0x00, 0x00,
	0x00, 0x00, 0x00, 0x00, 0x00, 0x00, 0x00, 0x00,
	0x00, 0x00, 0x00, 0x00, 0x00, 0x00, 0x00, 0x00,
	0x00, 0x00, 0x00, 0x00, 0x00, 0x00, 0x00, 0x00,
	0x00, 0x00, 0x00, 0x00, 0x00, 0x00, 0x00, 0x00,
	0x00, 0x00, 0x00, 0x00, 0x00, 0x00, 0x00, 0x00,
	0x00, 0x00, 0x00, 0x00, 0x00, 0x00, 0x00, 0x00,
	0x00, 0x00, 0x00, 0x00, 0x00, 0x00, 0x00, 0x00,
	0x00, 0x00, 0x00, 0x00, 0x00, 0x00, 0x00, 0x00,
	0x00, 0x00, 0x00, 0x00, 0x00, 0x00, 0x00, 0x00,
	0x00, 0x00, 0x00, 0x00, 0x00, 0x00, 0x00, 0x00,
	0x00, 0x00, 0x00, 0x00, 0x00, 0x00, 0x00, 0x00,
	0x00, 0x00, 0x00, 0x00, 0x00, 0x00, 0x00, 0x00,
	0x00, 0x00, 0x00, 0x00, 0x00, 0x00, 0x00, 0x00,
	0x00, 0x00, 0x00, 0x00, 0x00, 0x00, 0x00, 0x00,
	0x00, 0x00, 0x00, 0x00, 0x00, 0x00, 0x00, 0x00,
	0x00, 0x00, 0x00, 0x00, 0x00, 0x00, 0x00, 0x00,
	0x00, 0x00, 0x00, 0x00, 0x00, 0x00, 0x00, 0x00,
	0x00, 0x00, 0x00, 0x00, 0x00, 0x00, 0x00, 0x00,
	0x00, 0x00, 0x00, 0x00, 0x00, 0x00, 0x00, 0x00,
	0x00, 0x00, 0x00, 0x00, 0x00, 0x00, 0x00, 0x00,
	0x00, 0x00, 0x00, 0x00, 0x00, 0x00, 0x00, 0x00,
	0x00, 0x00, 0x00, 0x00, 0x00, 0x00, 0x00, 0x00,
	0x00, 0x00, 0x00, 0x00, 0x00, 0x00, 0x00, 0x00,
	0x00, 0x00, 0x00, 0x00, 0x00, 0x00, 0x00, 0x00,
	0x00, 0x00, 0x00, 0x00, 0x00, 0x00, 0x00, 0x00,
	0x00, 0x00, 0x00, 0x00, 0x00, 0x00, 0x00, 0x00,
	0x00, 0x00, 0x00, 0x00, 0x00, 0x00, 0x00, 0x00,
	0x00, 0x00, 0x00, 0x00, 0x00, 0x00, 0x00, 0x00,
	0x00, 0x00, 0x00, 0x00, 0x00, 0x00, 0x00, 0x00,
	0x00, 0x00, 0x00, 0x00, 0x00, 0x00, 0x00, 0x00,
	0x00, 0x00, 0x00, 0x00, 0x00, 0x00, 0x00, 0x00,
	0x00, 0x00, 0x00, 0x00, 0x00, 0x00, 0x00, 0x00,
	0x00, 0x00, 0x00, 0x00, 0x00, 0x00, 0x00, 0x00,
	0x00, 0x00, 0x00, 0x00, 0x00, 0x00, 0x00, 0x00,
	0x00, 0x00, 0x00, 0x00, 0x00, 0x00, 0x00, 0x00,
	0x00, 0x00, 0x00, 0x00, 0x00, 0x00, 0x00, 0x00,
	0x00, 0x00, 0x00, 0x00, 0x00, 0x00, 0x00, 0x00,
	0x00, 0x00, 0x00, 0x00, 0x00, 0x00, 0x00, 0x00,
	0x00, 0x00, 0x00, 0x00, 0x00, 0x00, 0x00, 0x00,
	0x00, 0x00, 0x00, 0x00, 0x00, 0x00, 0x00, 0x00,
	0x00, 0x00, 0x00, 0x00, 0x00, 0x00, 0x00, 0x00,
	0x00, 0x00, 0x00, 0x00, 0x00, 0x00, 0x00, 0x00,
	0x00, 0x00, 0x00, 0x00, 0x00, 0x00, 0x00, 0x00,
	0x00, 0x00, 0x00, 0x00, 0x00, 0x00, 0x00, 0x00,
	0x00, 0x00, 0x00, 0x00, 0x00, 0x00, 0x00, 0x00,
	0x00, 0x00, 0x00, 0x00, 0x00, 0x00, 0x00, 0x00,
	0x00, 0x00, 0x00, 0x00, 0x00, 0x00, 0x00, 0x00,
	0x00, 0x00, 0x00, 0x00, 0x00, 0x00, 0x00, 0x00,
	0x00, 0x00, 0x00, 0x00, 0x00, 0x00, 0x00, 0x00,
	0x00, 0x00, 0x00, 0x00, 0x00, 0x00, 0x00, 0x00,
	0x00, 0x00, 0x00, 0x00, 0x00, 0x00, 0x00, 0x00,
	0x00, 0x00, 0x00, 0x00, 0x00, 0x00, 0x00, 0x00,
	0x00, 0x00, 0x00, 0x00, 0x00, 0x00, 0x00, 0x00,
	0x00, 0x00, 0x00, 0x00, 0x00, 0x00, 0x00, 0x00,
	0x00, 0x00, 0x00, 0x00, 0x00, 0x00, 0x00, 0x00,
	0x00, 0x00, 0x00, 0x00, 0x00, 0x00, 0x00, 0x00,
	0x00, 0x00, 0x00, 0x00, 0x00, 0x00, 0x00, 0x00,
	0x00, 0x00, 0x00, 0x00, 0x00, 0x00, 0x00, 0x00,
	0x00, 0x00, 0x00, 0x00, 0x00, 0x00, 0x00, 0x00,
	0x00, 0x00, 0x00, 0x00, 0x00, 0x00, 0x00, 0x00,
	0x00, 0x00, 0x00, 0x00, 0x00, 0x00, 0x00, 0x00,
	0x00, 0x00, 0x00, 0x00, 0x00, 0x00, 0x00, 0x00,
	0x00, 0x00, 0x00, 0x00, 0x00, 0x00, 0x00, 0x00,
	0x00, 0x00, 0x00, 0x00, 0x00, 0x00, 0x00, 0x00,
	0x00, 0x00, 0x00, 0x00, 0x00, 0x00, 0x00, 0x00,
	0x00, 0x00, 0x00, 0x00, 0x00, 0x00, 0x00, 0x00,
	0x00, 0x00, 0x00, 0x00, 0x00, 0x00, 0x00, 0x00,
	0x00, 0x00, 0x00, 0x00, 0x00, 0x00, 0x00, 0x00,
	0x00, 0x00, 0x00, 0x00, 0x00, 0x00, 0x00, 0x00,
	0x00, 0x00, 0x00, 0x00, 0x00, 0x00, 0x00, 0x00,
	0x00, 0x00, 0x00, 0x00, 0x00, 0x00, 0x00, 0x00,
	0x00, 0x00, 0x00, 0x00, 0x00, 0x00, 0x00, 0x00,
	0x00, 0x00, 0x00, 0x00, 0x00, 0x00, 0x00, 0x00,
	0x00, 0x00, 0x00, 0x00, 0x00, 0x00, 0x00, 0x00,
	0x00, 0x00, 0x00, 0x00, 0x00, 0x00, 0x00, 0x00,
	0x00, 0x00, 0x00, 0x00, 0x00, 0x00, 0x00, 0x00,
	0x00, 0x00, 0x00, 0x00, 0x00, 0x00, 0x00, 0x00,
	0x00, 0x00, 0x00, 0x00, 0x00, 0x00, 0x00, 0x00,
	0x00, 0x00, 0x00, 0x00, 0x00, 0x00, 0x00, 0x00,
	0x00, 0x00, 0x00, 0x00, 0x00, 0x00, 0x00, 0x00,
	0x00, 0x00, 0x00, 0x00, 0x00, 0x00, 0x00, 0x00,
	0x00, 0x00, 0x00, 0x00, 0x00, 0x00, 0x00, 0x00,
	0x00, 0x00, 0x00, 0x00, 0x00, 0x00, 0x00, 0x00,
	0x00, 0x00, 0x00, 0x00, 0x00, 0x00, 0x00, 0x00,
	0x00, 0x00, 0x00, 0x00, 0x00, 0x00, 0x00, 0x00,
	0x00, 0x00, 0x00, 0x00, 0x00, 0x00, 0x00, 0x00,
	0x00, 0x00, 0x00, 0x00, 0x00, 0x00, 0x00, 0x00,
	0x00, 0x00, 0x00, 0x00, 0x00, 0x00, 0x00, 0x00,
	0x00, 0x00, 0x00, 0x00, 0x00, 0x00, 0x00, 0x00,
	0x00, 0x00, 0x00, 0x00, 0x00, 0x00, 0x00, 0x00,
	0x00, 0x00, 0x00, 0x00, 0x00, 0x00, 0x00, 0x00,
	0x00, 0x00, 0x00, 0x00, 0x00, 0x00, 0x00, 0x00,
	0x00, 0x00, 0x00, 0x00, 0x00, 0x00, 0x00, 0x00,
	0x00, 0x00, 0x00, 0x00, 0x00, 0x00, 0x00, 0x00,
	0x00, 0x00, 0x00, 0x00, 0x00, 0x00, 0x00, 0x00,
	0x00, 0x00, 0x00, 0x00, 0x00, 0x00, 0x00, 0x00,
	0x00, 0x00, 0x00, 0x00, 0x00, 0x00, 0x00, 0x00,
	0x00, 0x00, 0x00, 0x00, 0x00, 0x00, 0x00, 0x00,
	0x00, 0x00, 0x00, 0x00, 0x00, 0x00, 0x00, 0x00,
	0x00, 0x00, 0x00, 0x00, 0x00, 0x00, 0x00, 0x00,
	0x00, 0x00, 0x00, 0x00, 0x00, 0x00, 0x00, 0x00,
	0x00, 0x00, 0x00, 0x00, 0x00, 0x00, 0x00, 0x00,
	0x00, 0x00, 0x00, 0x00, 0x00, 0x00, 0x00, 0x00,
	0x00, 0x00, 0x00, 0x00, 0x00, 0x00, 0x00, 0x00,
	0x00, 0x00, 0x00, 0x00, 0x00, 0x00, 0x00, 0x00,
	0x00, 0x00, 0x00, 0x00, 0x00, 0x00, 0x00, 0x00,
	0x00, 0x00, 0x00, 0x00, 0x00, 0x00, 0x00, 0x00,
	0x00, 0x00, 0x00, 0x00, 0x00, 0x00, 0x00, 0x00,
	0x00, 0x00, 0x00, 0x00, 0x00, 0x00, 0x00, 0x00,
	0x00, 0x00, 0x00, 0x00, 0x00, 0x00, 0x00, 0x00,
	0x00, 0x00, 0x00, 0x00, 0x00, 0x00, 0x00, 0x00,
	0x00, 0x00, 0x00, 0x00, 0x00, 0x00, 0x00, 0x00,
	0x00, 0x00, 0x00, 0x00, 0x00, 0x00, 0x00, 0x00,
	0x00, 0x00, 0x00, 0x00, 0x00, 0x00, 0x00, 0x00,
	0x00, 0x00, 0x00, 0x00, 0x00, 0x00, 0x00, 0x00,
	0x00, 0x00, 0x00, 0x00, 0x00, 0x00, 0x00, 0x00,
	0x00, 0x00, 0x00, 0x00, 0x00, 0x00, 0x00, 0x00,
	0x00, 0x00, 0x00, 0x00, 0x00, 0x00, 0x00, 0x00,
	0x00, 0x00, 0x00, 0x00, 0x00, 0x00, 0x00, 0x00,
	0x00, 0x00, 0x00, 0x00, 0x00, 0x00, 0x00, 0x00,
	0x00, 0x00, 0x00, 0x00, 0x00, 0x00, 0x00, 0x00,
	0x00, 0x00, 0x00, 0x00, 0x00, 0x00, 0x00, 0x00,
	0x00, 0x00, 0x00, 0x00, 0x00, 0x00, 0x00, 0x00,
	0x00, 0x00, 0x00, 0x00, 0x00, 0x00, 0x00, 0x00,
	0x00, 0x00, 0x00, 0x00, 0x00, 0x00, 0x00, 0x00,
	0x00, 0x00, 0x00, 0x00, 0x00, 0x00, 0x00, 0x00,
	0x00, 0x00, 0x00, 0x00, 0x00, 0x00, 0x00, 0x00,
	0x00, 0x00, 0x00, 0x00, 0x00, 0x00, 0x00, 0x00,
	0x00, 0x00, 0x00, 0x00, 0x00, 0x00, 0x00, 0x00,
	0x00, 0x00, 0x00, 0x00, 0x00, 0x00, 0x00, 0x00,
	0x00, 0x00, 0x00, 0x00, 0x00, 0x00, 0x00, 0x00,
	0x00, 0x00, 0x00, 0x00, 0x00, 0x00, 0x00, 0x00,
	0x00, 0x00, 0x00, 0x00, 0x00, 0x00, 0x00, 0x00,
	0x00, 0x00, 0x00, 0x00, 0x00, 0x00, 0x00, 0x00,
	0x00, 0x00, 0x00, 0x00, 0x00, 0x00, 0x00, 0x00,
	0x00, 0x00, 0x00, 0x00, 0x00, 0x00, 0x00, 0x00,
	0x00, 0x00, 0x00, 0x00, 0x00, 0x00, 0x00, 0x00,
	0x00, 0x00, 0x00, 0x00, 0x00, 0x00, 0x00, 0x00,
	0x00, 0x00, 0x00, 0x00, 0x00, 0x00, 0x00, 0x00,
	0x00, 0x00, 0x00, 0x00, 0x00, 0x00, 0x00, 0x00,
	0x00, 0x00, 0x00, 0x00, 0x00, 0x00, 0x00, 0x00,
	0x00, 0x00, 0x00, 0x00, 0x00, 0x00, 0x00, 0x00,
	0x00, 0x00, 0x00, 0x00, 0x00, 0x00, 0x00, 0x00,
	0x00, 0x00, 0x00, 0x00, 0x00, 0x00, 0x00, 0x00,
	0x00, 0x00, 0x00, 0x00, 0x00, 0x00, 0x00, 0x00,
	0x00, 0x00, 0x00, 0x00, 0x00, 0x00, 0x00, 0x00,
	0x00, 0x00, 0x00, 0x00, 0x00, 0x00, 0x00, 0x00,
	0x00, 0x00, 0x00, 0x00, 0x00, 0x00, 0x00, 0x00,
	0x00, 0x00, 0x00, 0x00, 0x00, 0x00, 0x00, 0x00,
	0x00, 0x00, 0x00, 0x00, 0x00, 0x00, 0x00, 0x00,
	0x00, 0x00, 0x00, 0x00, 0x00, 0x00, 0x00, 0x00,
	0x00, 0x00, 0x00, 0x00, 0x00, 0x00, 0x00, 0x00,
	0x00, 0x00, 0x00, 0x00, 0x00, 0x00, 0x00, 0x00,
	0x00, 0x00, 0x00, 0x00, 0x00, 0x00, 0x00, 0x00,
	0x00, 0x00, 0x00, 0x00, 0x00, 0x00, 0x00, 0x00,
	0x00, 0x00, 0x00, 0x00, 0x00, 0x00, 0x00, 0x00,
	0x00, 0x00, 0x00, 0x00, 0x00, 0x00, 0x00, 0x00,
	0x00, 0x00, 0x00, 0x00, 0x00, 0x00, 0x00, 0x00,
	0x00, 0x00, 0x00, 0x00, 0x00, 0x00, 0x00, 0x00,
	0x00, 0x00, 0x00, 0x00, 0x00, 0x00, 0x00, 0x00,
	0x00, 0x00, 0x00, 0x00, 0x00, 0x00, 0x00, 0x00,
	0x00, 0x00, 0x00, 0x00, 0x00, 0x00, 0x00, 0x00,
	0x00, 0x00, 0x00, 0x00, 0x00, 0x00, 0x00, 0x00,
	0x00, 0x00, 0x00, 0x00, 0x00, 0x00, 0x00, 0x00,
	0x00, 0x00, 0x00, 0x00, 0x00, 0x00, 0x00, 0x00,
	0x00, 0x00, 0x00, 0x00, 0x00, 0x00, 0x00, 0x00,
	0x00, 0x00, 0x00, 0x00, 0x00, 0x00, 0x00, 0x00,
	0x00, 0x00, 0x00, 0x00, 0x00, 0x00, 0x00, 0x00,
	0x00, 0x00, 0x00, 0x00, 0x00, 0x00, 0x00, 0x00,
	0x00, 0x00, 0x00, 0x00, 0x00, 0x00, 0x00, 0x00,
	0x00, 0x00, 0x00, 0x00, 0x00, 0x00, 0x00, 0x00,
	0x00, 0x00, 0x00, 0x00, 0x00, 0x00, 0x00, 0x00,
	0x00, 0x00, 0x00, 0x00, 0x00, 0x00, 0x00, 0x00,
	0x00, 0x00, 0x00, 0x00, 0x00, 0x00, 0x00, 0x00,
	0x00, 0x00, 0x00, 0x00, 0x00, 0x00, 0x00, 0x00,
	0x00, 0x00, 0x00, 0x00, 0x00, 0x00, 0x00, 0x00,
	0x00, 0x00, 0x00, 0x00, 0x00, 0x00, 0x00, 0x00,
	0x00, 0x00, 0x00, 0x00, 0x00, 0x00, 0x00, 0x00,
	0x00, 0x00, 0x00, 0x00, 0x00, 0x00, 0x00, 0x00,
	0x00, 0x00, 0x00, 0x00, 0x00, 0x00, 0x00, 0x00,
	0x00, 0x00, 0x00, 0x00, 0x00, 0x00, 0x00, 0x00,
	0x00, 0x00, 0x00, 0x00, 0x00, 0x00, 0x00, 0x00,
	0x00, 0x00, 0x00, 0x00, 0x00, 0x00, 0x00, 0x00,
	0x00, 0x00, 0x00, 0x00, 0x00, 0x00, 0x00, 0x00,
	0x00, 0x00, 0x00, 0x00, 0x00, 0x00, 0x00, 0x00,
	0x00, 0x00, 0x00, 0x00, 0x00, 0x00, 0x00, 0x00,
	0x00, 0x00, 0x00, 0x00, 0x00, 0x00, 0x00, 0x00,
	0x00, 0x00, 0x00, 0x00, 0x00, 0x00, 0x00, 0x00,
	0x00, 0x00, 0x00, 0x00, 0x00, 0x00, 0x00, 0x00,
	0x00, 0x00, 0x00, 0x00, 0x00, 0x00, 0x00, 0x00,
	0x00, 0x00, 0x00, 0x00, 0x00, 0x00, 0x00, 0x00,
	0x00, 0x00, 0x00, 0x00, 0x00, 0x00, 0x00, 0x00,
	0x00, 0x00, 0x00, 0x00, 0x00, 0x00, 0x00, 0x00,
	0x00, 0x00, 0x00, 0x00, 0x00, 0x00, 0x00, 0x00,
	0x00, 0x00, 0x00, 0x00, 0x00, 0x00, 0x00, 0x00,
	0x00, 0x00, 0x00, 0x00, 0x00, 0x00, 0x00, 0x00,
	0x00, 0x00, 0x00, 0x00, 0x00, 0x00, 0x00, 0x00,
	0x00, 0x00, 0x00, 0x00, 0x00, 0x00, 0x00, 0x00,
	0x00, 0x00, 0x00, 0x00, 0x00, 0x00, 0x00, 0x00,
	0x00, 0x00, 0x00, 0x00, 0x00, 0x00, 0x00, 0x00,
	0x00, 0x00, 0x00, 0x00, 0x00, 0x00, 0x00, 0x00,
	0x00, 0x00, 0x00, 0x00, 0x00, 0x00, 0x00, 0x00,
	0x00, 0x00, 0x00, 0x00, 0x00, 0x00, 0x00, 0x00,
	0x00, 0x00, 0x00, 0x00, 0x00, 0x00, 0x00, 0x00,
	0x00, 0x00, 0x00, 0x00, 0x00, 0x00, 0x00, 0x00,
	0x00, 0x00, 0x00, 0x00, 0x00, 0x00, 0x00, 0x00,
	0x00, 0x00, 0x00, 0x00, 0x00, 0x00, 0x00, 0x00,
	0x00, 0x00, 0x00, 0x00, 0x00, 0x00, 0x00, 0x00,
	0x00, 0x00, 0x00, 0x00, 0x00, 0x00, 0x00, 0x00,
	0x00, 0x00, 0x00, 0x00, 0x00, 0x00, 0x00, 0x00,
	0x00, 0x00, 0x00, 0x00, 0x00, 0x00, 0x00, 0x00,
	0x00, 0x00, 0x00, 0x00, 0x00, 0x00, 0x00, 0x00,
	0x00, 0x00, 0x00, 0x00, 0x00, 0x00, 0x00, 0x00,
	0x00, 0x00, 0x00, 0x00, 0x00, 0x00, 0x00, 0x00,
	0x00, 0x00, 0x00, 0x00, 0x00, 0x00, 0x00, 0x00,
	0x00, 0x00, 0x00, 0x00, 0x00, 0x00, 0x00, 0x00,
	0x00, 0x00, 0x00, 0x00, 0x00, 0x00, 0x00, 0x00,
	0x00, 0x00, 0x00, 0x00, 0x00, 0x00, 0x00, 0x00,
	0x00, 0x00, 0x00, 0x00, 0x00, 0x00, 0x00, 0x00,
	0x00, 0x00, 0x00, 0x00, 0x00, 0x00, 0x00, 0x00,
	0x00, 0x00, 0x00, 0x00, 0x00, 0x00, 0x00, 0x00,
	0x00, 0x00, 0x00, 0x00, 0x00, 0x00, 0x00, 0x00,
	0x00, 0x00, 0x00, 0x00, 0x00, 0x00, 0x00, 0x00,
	0x00, 0x00, 0x00, 0x00, 0x00, 0x00, 0x00, 0x00,
	0x00, 0x00, 0x00, 0x00, 0x00, 0x00, 0x00, 0x00,
	0x00, 0x00, 0x00, 0x00, 0x00, 0x00, 0x00, 0x00,
	0x00, 0x00, 0x00, 0x00, 0x00, 0x00, 0x00, 0x00,
	0x00, 0x00, 0x00, 0x00, 0x00, 0x00, 0x00, 0x00,
	0x00, 0x00, 0x00, 0x00, 0x00, 0x00, 0x00, 0x00,
	0x00, 0x00, 0x00, 0x00, 0x00, 0x00, 0x00, 0x00,
	0x00, 0x00, 0x00, 0x00, 0x00, 0x00, 0x00, 0x00,
	0x00, 0x00, 0x00, 0x00, 0x00, 0x00, 0x00, 0x00,
	0x00, 0x00, 0x00, 0x00, 0x00, 0x00, 0x00, 0x00,
	0x00, 0x00, 0x00, 0x00, 0x00, 0x00, 0x00, 0x00,
	0x00, 0x00, 0x00, 0x00, 0x00, 0x00, 0x00, 0x00,
	0x00, 0x00, 0x00, 0x00, 0x00, 0x00, 0x00, 0x00,
	0x00, 0x00, 0x00, 0x00, 0x00, 0x00, 0x00, 0x00,
	0x00, 0x00, 0x00, 0x00, 0x00, 0x00, 0x00, 0x00,
	0x00, 0x00, 0x00, 0x00, 0x00, 0x00, 0x00, 0x00,
	0x00, 0x00, 0x00, 0x00, 0x00, 0x00, 0x00, 0x00,
	0x00, 0x00, 0x00, 0x00, 0x00, 0x00, 0x00, 0x00,
	0x00, 0x00, 0x00, 0x00, 0x00, 0x00, 0x00, 0x00,
	0x00, 0x00, 0x00, 0x00, 0x00, 0x00, 0x00, 0x00,
	0x00, 0x00, 0x00, 0x00, 0x00, 0x00, 0x00, 0x00,
	0x00, 0x00, 0x00, 0x00, 0x00, 0x00, 0x00, 0x00,
	0x00, 0x00, 0x00, 0x00, 0x00, 0x00, 0x00, 0x00,
	0x00, 0x00, 0x00, 0x00, 0x00, 0x00, 0x00, 0x00,
	0x00, 0x00, 0x00, 0x00, 0x00, 0x00, 0x00, 0x00,
	0x00, 0x00, 0x00, 0x00, 0x00, 0x00, 0x00, 0x00,
	0x00, 0x00, 0x00, 0x00, 0x00, 0x00, 0x00, 0x00,
	0x00, 0x00, 0x00, 0x00, 0x00, 0x00, 0x00, 0x00,
	0x00, 0x00, 0x00, 0x00, 0x00, 0x00, 0x00, 0x00,
	0x00, 0x00, 0x00, 0x00, 0x00, 0x00, 0x00, 0x00,
	0x00, 0x00, 0x00, 0x00, 0x00, 0x00, 0x00, 0x00,
	0x00, 0x00, 0x00, 0x00, 0x00, 0x00, 0x00, 0x00,
	0x00, 0x00, 0x00, 0x00, 0x00, 0x00, 0x00, 0x00,
	0x00, 0x00, 0x00, 0x00, 0x00, 0x00, 0x00, 0x00,
	0x00, 0x00, 0x00, 0x00, 0x00, 0x00, 0x00, 0x00,
	0x00, 0x00, 0x00, 0x00, 0x00, 0x00, 0x00, 0x00,
	0x00, 0x00, 0x00, 0x00, 0x00, 0x00, 0x00, 0x00,
	0x00, 0x00, 0x00, 0x00, 0x00, 0x00, 0x00, 0x00,
	0x00, 0x00, 0x00, 0x00, 0x00, 0x00, 0x00, 0x00,
	0x00, 0x00, 0x00, 0x00, 0x00, 0x00, 0x00, 0x00,
	0x00, 0x00, 0x00, 0x00, 0x00, 0x00, 0x00, 0x00,
	0x00, 0x00, 0x00, 0x00, 0x00, 0x00, 0x00, 0x00,
	0x00, 0x00, 0x00, 0x00, 0x00, 0x00, 0x00, 0x00,
	0x00, 0x00, 0x00, 0x00, 0x00, 0x00, 0x00, 0x00,
	0x00, 0x00, 0x00, 0x00, 0x00, 0x00, 0x00, 0x00,
	0x00, 0x00, 0x00, 0x00, 0x00, 0x00, 0x00, 0x00,
	0x00, 0x00, 0x00, 0x00, 0x00, 0x00, 0x00, 0x00,
	0x00, 0x00, 0x00, 0x00, 0x00, 0x00, 0x00, 0x00,
	0x00, 0x00, 0x00, 0x00, 0x00, 0x00, 0x00, 0x00,
	0x00, 0x00, 0x00, 0x00, 0x00, 0x00, 0x00, 0x00,
	0x00, 0x00, 0x00, 0x00, 0x00, 0x00, 0x00, 0x00,
	0x00, 0x00, 0x00, 0x00, 0x00, 0x00, 0x00, 0x00,
	0x00, 0x00, 0x00, 0x00, 0x00, 0x00, 0x00, 0x00,
	0x00, 0x00, 0x00, 0x00, 0x00, 0x00, 0x00, 0x00,
	0x00, 0x00, 0x00, 0x00, 0x00, 0x00, 0x00, 0x00,
	0x00, 0x00, 0x00, 0x00, 0x00, 0x00, 0x00, 0x00,
	0x00, 0x00, 0x00, 0x00, 0x00, 0x00, 0x00, 0x00,
	0x00, 0x00, 0x00, 0x00, 0x00, 0x00, 0x00, 0x00,
	0x00, 0x00, 0x00, 0x00, 0x00, 0x00, 0x00, 0x00,
	0x00, 0x00, 0x00, 0x00, 0x00, 0x00, 0x00, 0x00,
	0x00, 0x00, 0x00, 0x00, 0x00, 0x00, 0x00, 0x00,
	0x00, 0x00, 0x00, 0x00, 0x00, 0x00, 0x00, 0x00,
	0x00, 0x00, 0x00, 0x00, 0x00, 0x00, 0x00, 0x00,
	0x00, 0x00, 0x00, 0x00, 0x00, 0x00, 0x00, 0x00,
	0x00, 0x00, 0x00, 0x00, 0x00, 0x00, 0x00, 0x00,
	0x00, 0x00, 0x00, 0x00, 0x00, 0x00, 0x00, 0x00,
	0x00, 0x00, 0x00, 0x00, 0x00, 0x00, 0x00, 0x00,
	0x00, 0x00, 0x00, 0x00, 0x00, 0x00, 0x00, 0x00,
	0x00, 0x00, 0x00, 0x00, 0x00, 0x00, 0x00, 0x00,
	0x00, 0x00, 0x00, 0x00, 0x00, 0x00, 0x00, 0x00,
	0x00, 0x00, 0x00, 0x00, 0x00, 0x00, 0x00, 0x00,
	0x00, 0x00, 0x00, 0x00, 0x00, 0x00, 0x00, 0x00,
	0x00, 0x00, 0x00, 0x00, 0x00, 0x00, 0x00, 0x00,
	0x00, 0x00, 0x00, 0x00, 0x00, 0x00, 0x00, 0x00,
	0x00, 0x00, 0x00, 0x00, 0x00, 0x00, 0x00, 0x00,
	0x00, 0x00, 0x00, 0x00, 0x00, 0x00, 0x00, 0x00,
	0x00, 0x00, 0x00, 0x00, 0x00, 0x00, 0x00, 0x00,
	0x00, 0x00, 0x00, 0x00, 0x00, 0x00, 0x00, 0x00,
	0x00, 0x00, 0x00, 0x00, 0x00, 0x00, 0x00, 0x00,
	0x00, 0x00, 0x00, 0x00, 0x00, 0x00, 0x00, 0x00,
	0x00, 0x00, 0x00, 0x00, 0x00, 0x00, 0x00, 0x00,
	0x00, 0x00, 0x00, 0x00, 0x00, 0x00, 0x00, 0x00,
	0x00, 0x00, 0x00, 0x00, 0x00, 0x00, 0x00, 0x00,
	0x00, 0x00, 0x00, 0x00, 0x00, 0x00, 0x00, 0x00,
	0x00, 0x00, 0x00, 0x00, 0x00, 0x00, 0x00, 0x00,
	0x00, 0x00, 0x00, 0x00, 0x00, 0x00, 0x00, 0x00,
	0x00, 0x00, 0x00, 0x00, 0x00, 0x00, 0x00, 0x00,
	0x00, 0x00, 0x00, 0x00, 0x00, 0x00, 0x00, 0x00,
	0x00, 0x00, 0x00, 0x00, 0x00, 0x00, 0x00, 0x00,
	0x00, 0x00, 0x00, 0x00, 0x00, 0x00, 0x00, 0x00,
	0x00, 0x00, 0x00, 0x00, 0x00, 0x00, 0x00, 0x00,
	0x00, 0x00, 0x00, 0x00, 0x00, 0x00, 0x00, 0x00,
	0x00, 0x00, 0x00, 0x00, 0x00, 0x00, 0x00, 0x00,
	0x00, 0x00, 0x00, 0x00, 0x00, 0x00, 0x00, 0x00,
	0x00, 0x00, 0x00, 0x00, 0x00, 0x00, 0x00, 0x00,
	0x00, 0x00, 0x00, 0x00, 0x00, 0x00, 0x00, 0x00,
	0x00, 0x00, 0x00, 0x00, 0x00, 0x00, 0x00, 0x00,
	0x00, 0x00, 0x00, 0x00, 0x00, 0x00, 0x00, 0x00,
	0x00, 0x00, 0x00, 0x00, 0x00, 0x00, 0x00, 0x00,
	0x00, 0x00, 0x00, 0x00, 0x00, 0x00, 0x00, 0x00,
	0x00, 0x00, 0x00, 0x00, 0x00, 0x00, 0x00, 0x00,
	0x00, 0x00, 0x00, 0x00, 0x00, 0x00, 0x00, 0x00,
	0x00, 0x00, 0x00, 0x00, 0x00, 0x00, 0x00, 0x00,
	0x00, 0x00, 0x00, 0x00, 0x00, 0x00, 0x00, 0x00,
	0x00, 0x00, 0x00, 0x00, 0x00, 0x00, 0x00, 0x00,
	0x00, 0x00, 0x00, 0x00, 0x00, 0x00, 0x00, 0x00,
	0x00, 0x00, 0x00, 0x00, 0x00, 0x00, 0x00, 0x00,
	0x00, 0x00, 0x00, 0x00, 0x00, 0x00, 0x00, 0x00,
	0x00, 0x00, 0x00, 0x00, 0x00, 0x00, 0x00, 0x00,
	0x00, 0x00, 0x00, 0x00, 0x00, 0x00, 0x00, 0x00,
	0x00, 0x00, 0x00, 0x00, 0x00, 0x00, 0x00, 0x00,
	0x00, 0x00, 0x00, 0x00, 0x00, 0x00, 0x00, 0x00,
	0x00, 0x00, 0x00, 0x00, 0x00, 0x00, 0x00, 0x00,
	0x00, 0x00, 0x00, 0x00, 0x00, 0x00, 0x00, 0x00,
	0x00, 0x00, 0x00, 0x00, 0x00, 0x00, 0x00, 0x00,
	0x00, 0x00, 0x00, 0x00, 0x00, 0x00, 0x00, 0x00,
	0x00, 0x00, 0x00, 0x00, 0x00, 0x00, 0x00, 0x00,
	0x00, 0x00, 0x00, 0x00, 0x00, 0x00, 0x00, 0x00,
	0x00, 0x00, 0x00, 0x00, 0x00, 0x00, 0x00, 0x00,
	0x00, 0x00, 0x00, 0x00, 0x00, 0x00, 0x00, 0x00,
	0x00, 0x00, 0x00, 0x00, 0x00, 0x00, 0x00, 0x00,
	0x00, 0x00, 0x00, 0x00, 0x00, 0x00, 0x00, 0x00,
	0x00, 0x00, 0x00, 0x00, 0x00, 0x00, 0x00, 0x00,
	0x00, 0x00, 0x00, 0x00, 0x00, 0x00, 0x00, 0x00,
	0x00, 0x00, 0x00, 0x00, 0x00, 0x00, 0x00, 0x00,
	0x00, 0x00, 0x00, 0x00, 0x00, 0x00, 0x00, 0x00,
	0x00, 0x00, 0x00, 0x00, 0x00, 0x00, 0x00, 0x00,
	0x00, 0x00, 0x00, 0x00, 0x00, 0x00, 0x00, 0x00,
	0x00, 0x00, 0x00, 0x00, 0x00, 0x00, 0x00, 0x00,
	0x00, 0x00, 0x00, 0x00, 0x00, 0x00, 0x00, 0x00,
	0x00, 0x00, 0x00, 0x00, 0x00, 0x00, 0x00, 0x00,
	0x00, 0x00, 0x00, 0x00, 0x00, 0x00, 0x00, 0x00,
	0x00, 0x00, 0x00, 0x00, 0x00, 0x00, 0x00, 0x00,
	0x00, 0x00, 0x00, 0x00, 0x00, 0x00, 0x00, 0x00,
	0x00, 0x00, 0x00, 0x00, 0x00, 0x00, 0x00, 0x00,
	0x00, 0x00, 0x00, 0x00, 0x00, 0x00, 0x00, 0x00,
	0x00, 0x00, 0x00, 0x00, 0x00, 0x00, 0x00, 0x00,
	0x00, 0x00, 0x00, 0x00, 0x00, 0x00, 0x00, 0x00,
	0x00, 0x00, 0x00, 0x00, 0x00, 0x00, 0x00, 0x00,
	0x00, 0x00, 0x00, 0x00, 0x00, 0x00, 0x00, 0x00,
	0x00, 0x00, 0x00, 0x00, 0x00, 0x00, 0x00, 0x00,
	0x00, 0x00, 0x00, 0x00, 0x00, 0x00, 0x00, 0x00,
	0x00, 0x00, 0x00, 0x00, 0x00, 0x00, 0x00, 0x00,
	0x00, 0x00, 0x00, 0x00, 0x00, 0x00, 0x00, 0x00,
	0x00, 0x00, 0x00, 0x00, 0x00, 0x00, 0x00, 0x00,
	0x00, 0x00, 0x00, 0x00, 0x00, 0x00, 0x00, 0x00,
	0x00, 0x00, 0x00, 0x00, 0x00, 0x00, 0x00, 0x00,
	0x00, 0x00, 0x00, 0x00, 0x00, 0x00, 0x00, 0x00,
	0x00, 0x00, 0x00, 0x00, 0x00, 0x00, 0x00, 0x00,
	0x00, 0x00, 0x00, 0x00, 0x00, 0x00, 0x00, 0x00,
	0x00, 0x00, 0x00, 0x00, 0x00, 0x00, 0x00, 0x00,
	0x00, 0x00, 0x00, 0x00, 0x00, 0x00, 0x00, 0x00,
	0x00, 0x00, 0x00, 0x00, 0x00, 0x00, 0x00, 0x00,
	0x00, 0x00, 0x00, 0x00, 0x00, 0x00, 0x00, 0x00,
	0x00, 0x00, 0x00, 0x00, 0x00, 0x00, 0x00, 0x00,
	0x00, 0x00, 0x00, 0x00, 0x00, 0x00, 0x00, 0x00,
	0x00, 0x00, 0x00, 0x00, 0x00, 0x00, 0x00, 0x00,
	0x00, 0x00, 0x00, 0x00, 0x00, 0x00, 0x00, 0x00,
	0x00, 0x00, 0x00, 0x00, 0x00, 0x00, 0x00, 0x00,
	0x00, 0x00, 0x00, 0x00, 0x00, 0x00, 0x00, 0x00,
	0x00, 0x00, 0x00, 0x00, 0x00, 0x00, 0x00, 0x00,
	0x00, 0x00, 0x00, 0x00, 0x00, 0x00, 0x00, 0x00,
	0x00, 0x00, 0x00, 0x00, 0x00, 0x00, 0x00, 0x00,
	0x00, 0x00, 0x00, 0x00, 0x00, 0x00, 0x00, 0x00,
	0x00, 0x00, 0x00, 0x00, 0x00, 0x00, 0x00, 0x00,
	0x00, 0x00, 0x00, 0x00, 0x00, 0x00, 0x00, 0x00,
	0x00, 0x00, 0x00, 0x00, 0x00, 0x00, 0x00, 0x00,
	0x00, 0x00, 0x00, 0x00, 0x00, 0x00, 0x00, 0x00,
	0x00, 0x00, 0x00, 0x00, 0x00, 0x00, 0x00, 0x00,
	0x00, 0x00, 0x00, 0x00, 0x00, 0x00, 0x00, 0x00,
	0x00, 0x00, 0x00, 0x00, 0x00, 0x00, 0x00, 0x00,
	0x00, 0x00, 0x00, 0x00, 0x00, 0x00, 0x00, 0x00,
	0x00, 0x00, 0x00, 0x00, 0x00, 0x00, 0x00, 0x00,
	0x00, 0x00, 0x00, 0x00, 0x00, 0x00, 0x00, 0x00,
	0x00, 0x00, 0x00, 0x00, 0x00, 0x00, 0x00, 0x00,
	0x00, 0x00, 0x00, 0x00, 0x00, 0x00, 0x00, 0x00,
	0x00, 0x00, 0x00, 0x00, 0x00, 0x00, 0x00, 0x00,
	0x00, 0x00, 0x00, 0x00, 0x00, 0x00, 0x00, 0x00,
	0x00, 0x00, 0x00, 0x00, 0x00, 0x00, 0x00, 0x00,
	0x00, 0x00, 0x00, 0x00, 0x00, 0x00, 0x00, 0x00,
	0x00, 0x00, 0x00, 0x00, 0x00, 0x00, 0x00, 0x00,
	0x00, 0x00, 0x00, 0x00, 0x00, 0x00, 0x00, 0x00,
	0x00, 0x00, 0x00, 0x00, 0x00, 0x00, 0x00, 0x00,
	0x00, 0x00, 0x00, 0x00, 0x00, 0x00, 0x00, 0x00,
	0x00, 0x00, 0x00, 0x00, 0x00, 0x00, 0x00, 0x00,
	0x00, 0x00, 0x00, 0x00, 0x00, 0x00, 0x00, 0x00,
	0x00, 0x00, 0x00, 0x00, 0x00, 0x00, 0x00, 0x00,
	0x00, 0x00, 0x00, 0x00, 0x00, 0x00, 0x00, 0x00,
	0x00, 0x00, 0x00, 0x00, 0x00, 0x00, 0x00, 0x00,
	0x00, 0x00, 0x00, 0x00, 0x00, 0x00, 0x00, 0x00,
	0x00, 0x00, 0x00, 0x00, 0x00, 0x00, 0x00, 0x00,
	0x00, 0x00, 0x00, 0x00, 0x00, 0x00, 0x00, 0x00,
	0x00, 0x00, 0x00, 0x00, 0x00, 0x00, 0x00, 0x00,
	0x00, 0x00, 0x00, 0x00, 0x00, 0x00, 0x00, 0x00,
	0x00, 0x00, 0x00, 0x00, 0x00, 0x00, 0x00, 0x00,
	0x00, 0x00, 0x00, 0x00, 0x00, 0x00, 0x00, 0x00,
	0x00, 0x00, 0x00, 0x00, 0x00, 0x00, 0x00, 0x00,
	0x00, 0x00, 0x00, 0x00, 0x00, 0x00, 0x00, 0x00,
	0x00, 0x00, 0x00, 0x00, 0x00, 0x00, 0x00, 0x00,
	0x00, 0x00, 0x00, 0x00, 0x00, 0x00, 0x00, 0x00,
	0x00, 0x00, 0x00, 0x00, 0x00, 0x00, 0x00, 0x00,
	0x00, 0x00, 0x00, 0x00, 0x00, 0x00, 0x00, 0x00,
	0x00, 0x00, 0x00, 0x00, 0x00, 0x00, 0x00, 0x00,
	0x00, 0x00, 0x00, 0x00, 0x00, 0x00, 0x00, 0x00,
	0x00, 0x00, 0x00, 0x00, 0x00, 0x00, 0x00, 0x00,
	0x00, 0x00, 0x00, 0x00, 0x00, 0x00, 0x00, 0x00,
	0x00, 0x00, 0x00, 0x00, 0x00, 0x00, 0x00, 0x00,
	0x00, 0x00, 0x00, 0x00, 0x00, 0x00, 0x00, 0x00,
	0x00, 0x00, 0x00, 0x00, 0x00, 0x00, 0x00, 0x00,
	0x00, 0x00, 0x00, 0x00, 0x00, 0x00, 0x00, 0x00,
	0x00, 0x00, 0x00, 0x00, 0x00, 0x00, 0x00, 0x00,
	0x00, 0x00, 0x00, 0x00, 0x00, 0x00, 0x00, 0x00,
	0x00, 0x00, 0x00, 0x00, 0x00, 0x00, 0x00, 0x00,
	0x00, 0x00, 0x00, 0x00, 0x00, 0x00, 0x00, 0x00,
	0x00, 0x00, 0x00, 0x00, 0x00, 0x00, 0x00, 0x00,
	0x00, 0x00, 0x00, 0x00, 0x00, 0x00, 0x00, 0x00,
	0x00, 0x00, 0x00, 0x00, 0x00, 0x00, 0x00, 0x00,
	0x00, 0x00, 0x00, 0x00, 0x00, 0x00, 0x00, 0x00,
	0x00, 0x00, 0x00, 0x00, 0x00, 0x00, 0x00, 0x00,
	0x00, 0x00, 0x00, 0x00, 0x00, 0x00, 0x00, 0x00,
	0x00, 0x00, 0x00, 0x00, 0x00, 0x00, 0x00, 0x00,
	0x00, 0x00, 0x00, 0x00, 0x00, 0x00, 0x00, 0x00,
	0x00, 0x00, 0x00, 0x00, 0x00, 0x00, 0x00, 0x00,
	0x00, 0x00, 0x00, 0x00, 0x00, 0x00, 0x00, 0x00,
	0x00, 0x00, 0x00, 0x00, 0x00, 0x00, 0x00, 0x00,
	0x00, 0x00, 0x00, 0x00, 0x00, 0x00, 0x00, 0x00,
	0x00, 0x00, 0x00, 0x00, 0x00, 0x00, 0x00, 0x00,
	0x00, 0x00, 0x00, 0x00, 0x00, 0x00, 0x00, 0x00,
	0x00, 0x00, 0x00, 0x00, 0x00, 0x00, 0x00, 0x00,
	0x00, 0x00, 0x00, 0x00, 0x00, 0x00, 0x00, 0x00,
	0x00, 0x00, 0x00, 0x00, 0x00, 0x00, 0x00, 0x00,
	0x00, 0x00, 0x00, 0x00, 0x00, 0x00, 0x00, 0x00,
	0x00, 0x00, 0x00, 0x00, 0x00, 0x00, 0x00, 0x00,
	0x00, 0x00, 0x00, 0x00, 0x00, 0x00, 0x00, 0x00,
	0x00, 0x00, 0x00, 0x00, 0x00, 0x00, 0x00, 0x00,
	0x00, 0x00, 0x00, 0x00, 0x00, 0x00, 0x00, 0x00,
	0x00, 0x00, 0x00, 0x00, 0x00, 0x00, 0x00, 0x00,
	0x00, 0x00, 0x00, 0x00, 0x00, 0x00, 0x00, 0x00,
	0x00, 0x00, 0x00, 0x00, 0x00, 0x00, 0x00, 0x00,
	0x00, 0x00, 0x00, 0x00, 0x00, 0x00, 0x00, 0x00,
	0x00, 0x00, 0x00, 0x00, 0x00, 0x00, 0x00, 0x00,
	0x00, 0x00, 0x00, 0x00, 0x00, 0x00, 0x00, 0x00,
	0x00, 0x00, 0x00, 0x00, 0x00, 0x00, 0x00, 0x00,
	0x00, 0x00, 0x00, 0x00, 0x00, 0x00, 0x00, 0x00,
	0x00, 0x00, 0x00, 0x00, 0x00, 0x00, 0x00, 0x00,
	0x00, 0x00, 0x00, 0x00, 0x00, 0x00, 0x00, 0x00,
	0x00, 0x00, 0x00, 0x00, 0x00, 0x00, 0x00, 0x00,
	0x00, 0x00, 0x00, 0x00, 0x00, 0x00, 0x00, 0x00,
	0x00, 0x00, 0x00, 0x00, 0x00, 0x00, 0x00, 0x00,
	0x00, 0x00, 0x00, 0x00, 0x00, 0x00, 0x00, 0x00,
	0x00, 0x00, 0x00, 0x00, 0x00, 0x00, 0x00, 0x00,
	0x00, 0x00, 0x00, 0x00, 0x00, 0x00, 0x00, 0x00,
	0x00, 0x00, 0x00, 0x00, 0x00, 0x00, 0x00, 0x00,
	0x00, 0x00, 0x00, 0x00, 0x00, 0x00, 0x00, 0x00,
	0x00, 0x00, 0x00, 0x00, 0x00, 0x00, 0x00, 0x00,
	0x00, 0x00, 0x00, 0x00, 0x00, 0x00, 0x00, 0x00,
	0x00, 0x00, 0x00, 0x00, 0x00, 0x00, 0x00, 0x00,
	0x00, 0x00, 0x00, 0x00, 0x00, 0x00, 0x00, 0x00,
	0x00, 0x00, 0x00, 0x00, 0x00, 0x00, 0x00, 0x00,
	0x00, 0x00, 0x00, 0x00, 0x00, 0x00, 0x00, 0x00,
	0x00, 0x00, 0x00, 0x00, 0x00, 0x00, 0x00, 0x00,
	0x00, 0x00, 0x00, 0x00, 0x00, 0x00, 0x00, 0x00,
	0x00, 0x00, 0x00, 0x00, 0x00, 0x00, 0x00, 0x00,
	0x00, 0x00, 0x00, 0x00, 0x00, 0x00, 0x00, 0x00,
	0x00, 0x00, 0x00, 0x00, 0x00, 0x00, 0x00, 0x00,
	0x00, 0x00, 0x00, 0x00, 0x00, 0x00, 0x00, 0x00,
	0x00, 0x00, 0x00, 0x00, 0x00, 0x00, 0x00, 0x00,
	0x00, 0x00, 0x00, 0x00, 0x00, 0x00, 0x00, 0x00,
	0x00, 0x00, 0x00, 0x00, 0x00, 0x00, 0x00, 0x00,
	0x00, 0x00, 0x00, 0x00, 0x00, 0x00, 0x00, 0x00,
	0x00, 0x00, 0x00, 0x00, 0x00, 0x00, 0x00, 0x00,
	0x00, 0x00, 0x00, 0x00, 0x00, 0x00, 0x00, 0x00,
	0x00, 0x00, 0x00, 0x00, 0x00, 0x00, 0x00, 0x00,
	0x00, 0x00, 0x00, 0x00, 0x00, 0x00, 0x00, 0x00,
	0x00, 0x00, 0x00, 0x00, 0x00, 0x00, 0x00, 0x00,
	0x00, 0x00, 0x00, 0x00, 0x00, 0x00, 0x00, 0x00,
	0x00, 0x00, 0x00, 0x00, 0x00, 0x00, 0x00, 0x00,
	0x00, 0x00, 0x00, 0x00, 0x00, 0x00, 0x00, 0x00,
	0x00, 0x00, 0x00, 0x00, 0x00, 0x00, 0x00, 0x00,
	0x00, 0x00, 0x00, 0x00, 0x00, 0x00, 0x00, 0x00,
	0x00, 0x00, 0x00, 0x00, 0x00, 0x00, 0x00, 0x00,
	0x00, 0x00, 0x00, 0x00, 0x00, 0x00, 0x00, 0x00,
	0x00, 0x00, 0x00, 0x00, 0x00, 0x00, 0x00, 0x00,
	0x00, 0x00, 0x00, 0x00, 0x00, 0x00, 0x00, 0x00,
	0x00, 0x00, 0x00, 0x00, 0x00, 0x00, 0x00, 0x00,
	0x00, 0x00, 0x00, 0x00, 0x00, 0x00, 0x00, 0x00,
	0x00, 0x00, 0x00, 0x00, 0x00, 0x00, 0x00, 0x00,
	0x00, 0x00, 0x00, 0x00, 0x00, 0x00, 0x00, 0x00,
	0x00, 0x00, 0x00, 0x00, 0x00, 0x00, 0x00, 0x00,
	0x00, 0x00, 0x00, 0x00, 0x00, 0x00, 0x00, 0x00,
	0x00, 0x00, 0x00, 0x00, 0x00, 0x00, 0x00, 0x00,
	0x00, 0x00, 0x00, 0x00, 0x00, 0x00, 0x00, 0x00,
	0x00, 0x00, 0x00, 0x00, 0x00, 0x00, 0x00, 0x00,
	0x00, 0x00, 0x00, 0x00, 0x00, 0x00, 0x00, 0x00,
	0x00, 0x00, 0x00, 0x00, 0x00, 0x00, 0x00, 0x00,
	0x00, 0x00, 0x00, 0x00, 0x00, 0x00, 0x00, 0x00,
	0x00, 0x00, 0x00, 0x00, 0x00, 0x00, 0x00, 0x00,
	0x00, 0x00, 0x00, 0x00, 0x00, 0x00, 0x00, 0x00,
	0x00, 0x00, 0x00, 0x00, 0x00, 0x00, 0x00, 0x00,
	0x00, 0x00, 0x00, 0x00, 0x00, 0x00, 0x00, 0x00,
	0x00, 0x00, 0x00, 0x00, 0x00, 0x00, 0x00, 0x00,
	0x00, 0x00, 0x00, 0x00, 0x00, 0x00, 0x00, 0x00,
	0x00, 0x00, 0x00, 0x00, 0x00, 0x00, 0x00, 0x00,
	0x00, 0x00, 0x00, 0x00, 0x00, 0x00, 0x00, 0x00,
	0x00, 0x00, 0x00, 0x00, 0x00, 0x00, 0x00, 0x00,
	0x00, 0x00, 0x00, 0x00, 0x00, 0x00, 0x00, 0x00,
	0x00, 0x00, 0x00, 0x00, 0x00, 0x00, 0x00, 0x00,
	0x00, 0x00, 0x00, 0x00, 0x00, 0x00, 0x00, 0x00,
	0x00, 0x00, 0x00, 0x00, 0x00, 0x00, 0x00, 0x00,
	0x00, 0x00, 0x00, 0x00, 0x00, 0x00, 0x00, 0x00,
	0x00, 0x00, 0x00, 0x00, 0x00, 0x00, 0x00, 0x00,
	0x00, 0x00, 0x00, 0x00, 0x00, 0x00, 0x00, 0x00,
	0x00, 0x00, 0x00, 0x00, 0x00, 0x00, 0x00, 0x00,
	0x00, 0x00, 0x00, 0x00, 0x00, 0x00, 0x00, 0x00,
	0x00, 0x00, 0x00, 0x00, 0x00, 0x00, 0x00, 0x00,
	0x00, 0x00, 0x00, 0x00, 0x00, 0x00, 0x00, 0x00,
	0x00, 0x00, 0x00, 0x00, 0x00, 0x00, 0x00, 0x00,
	0x00, 0x00, 0x00, 0x00, 0x00, 0x00, 0x00, 0x00,
	0x00, 0x00, 0x00, 0x00, 0x00, 0x00, 0x00, 0x00,
	0x00, 0x00, 0x00, 0x00, 0x00, 0x00, 0x00, 0x00,
	0x00, 0x00, 0x00, 0x00, 0x00, 0x00, 0x00, 0x00,
	0x00, 0x00, 0x00, 0x00, 0x00, 0x00, 0x00, 0x00,
	0x00, 0x00, 0x00, 0x00, 0x00, 0x00, 0x00, 0x00,
	0x00, 0x00, 0x00, 0x00, 0x00, 0x00, 0x00, 0x00,
	0x00, 0x00, 0x00, 0x00, 0x00, 0x00, 0x00, 0x00,
	0x00, 0x00, 0x00, 0x00, 0x00, 0x00, 0x00, 0x00,
	0x00, 0x00, 0x00, 0x00, 0x00, 0x00, 0x00, 0x00,
	0x00, 0x00, 0x00, 0x00, 0x00, 0x00, 0x00, 0x00,
	0x00, 0x00, 0x00, 0x00, 0x00, 0x00, 0x00, 0x00,
	0x00, 0x00, 0x00, 0x00, 0x00, 0x00, 0x00, 0x00,
	0x00, 0x00, 0x00, 0x00, 0x00, 0x00, 0x00, 0x00,
	0x00, 0x00, 0x00, 0x00, 0x00, 0x00, 0x00, 0x00,
	0x00, 0x00, 0x00, 0x00, 0x00, 0x00, 0x00, 0x00,
	0x00, 0x00, 0x00, 0x00, 0x00, 0x00, 0x00, 0x00,
	0x00, 0x00, 0x00, 0x00, 0x00, 0x00, 0x00, 0x00,
	0x00, 0x00, 0x00, 0x00, 0x00, 0x00, 0x00, 0x00,
	0x00, 0x00, 0x00, 0x00, 0x00, 0x00, 0x00, 0x00,
	0x00, 0x00, 0x00, 0x00, 0x00, 0x00, 0x00, 0x00,
	0x00, 0x00, 0x00, 0x00, 0x00, 0x00, 0x00, 0x00,
	0x00, 0x00, 0x00, 0x00, 0x00, 0x00, 0x00, 0x00,
	0x00, 0x00, 0x00, 0x00, 0x00, 0x00, 0x00, 0x00,
	0x00, 0x00, 0x00, 0x00, 0x00, 0x00, 0x00, 0x00,
	0x00, 0x00, 0x00, 0x00, 0x00, 0x00, 0x00, 0x00,
	0x00, 0x00, 0x00, 0x00, 0x00, 0x00, 0x00, 0x00,
	0x00, 0x00, 0x00, 0x00, 0x00, 0x00, 0x00, 0x00,
	0x00, 0x00, 0x00, 0x00, 0x00, 0x00, 0x00, 0x00,
	0x00, 0x00, 0x00, 0x00, 0x00, 0x00, 0x00, 0x00,
	0x00, 0x00, 0x00, 0x00, 0x00, 0x00, 0x00, 0x00,
	0x00, 0x00, 0x00, 0x00, 0x00, 0x00, 0x00, 0x00,
	0x00, 0x00, 0x00, 0x00, 0x00, 0x00, 0x00, 0x00,
	0x00, 0x00, 0x00, 0x00, 0x00, 0x00, 0x00, 0x00,
	0x00, 0x00, 0x00, 0x00, 0x00, 0x00, 0x00, 0x00,
	0x00, 0x00, 0x00, 0x00, 0x00, 0x00, 0x00, 0x00,
	0x00, 0x00, 0x00, 0x00, 0x00, 0x00, 0x00, 0x00,
	0x00, 0x00, 0x00, 0x00, 0x00, 0x00, 0x00, 0x00,
	0x00, 0x00, 0x00, 0x00, 0x00, 0x00, 0x00, 0x00,
	0x00, 0x00, 0x00, 0x00, 0x00, 0x00, 0x00, 0x00,
	0x00, 0x00, 0x00, 0x00, 0x00, 0x00, 0x00, 0x00,
	0x00, 0x00, 0x00, 0x00, 0x00, 0x00, 0x00, 0x00,
	0x00, 0x00, 0x00, 0x00, 0x00, 0x00, 0x00, 0x00,
	0x00, 0x00, 0x00, 0x00, 0x00, 0x00, 0x00, 0x00,
	0x00, 0x00, 0x00, 0x00, 0x00, 0x00, 0x00, 0x00,
	0x00, 0x00, 0x00, 0x00, 0x00, 0x00, 0x00, 0x00,
	0x00, 0x00, 0x00, 0x00, 0x00, 0x00, 0x00, 0x00,
	0x00, 0x00, 0x00, 0x00, 0x00, 0x00, 0x00, 0x00,
	0x00, 0x00, 0x00, 0x00, 0x00, 0x00, 0x00, 0x00,
	0x00, 0x00, 0x00, 0x00, 0x00, 0x00, 0x00, 0x00,
	0x00, 0x00, 0x00, 0x00, 0x00, 0x00, 0x00, 0x00,
	0x00, 0x00, 0x00, 0x00, 0x00, 0x00, 0x00, 0x00,
	0x00, 0x00, 0x00, 0x00, 0x00, 0x00, 0x00, 0x00,
	0x00, 0x00, 0x00, 0x00, 0x00, 0x00, 0x00, 0x00,
	0x00, 0x00, 0x00, 0x00, 0x00, 0x00, 0x00, 0x00,
	0x00, 0x00, 0x00, 0x00, 0x00, 0x00, 0x00, 0x00,
	0x00, 0x00, 0x00, 0x00, 0x00, 0x00, 0x00, 0x00,
	0x00, 0x00, 0x00, 0x00, 0x00, 0x00, 0x00, 0x00,
	0x00, 0x00, 0x00, 0x00, 0x00, 0x00, 0x00, 0x00,
	0x00, 0x00, 0x00, 0x00, 0x00, 0x00, 0x00, 0x00,
	0x00, 0x00, 0x00, 0x00, 0x00, 0x00, 0x00, 0x00,
	0x00, 0x00, 0x00, 0x00, 0x00, 0x00, 0x00, 0x00,
	0x00, 0x00, 0x00, 0x00, 0x00, 0x00, 0x00, 0x00,
	0x00, 0x00, 0x00, 0x00, 0x00, 0x00, 0x00, 0x00,
	0x00, 0x00, 0x00, 0x00, 0x00, 0x00, 0x00, 0x00,
	0x00, 0x00, 0x00, 0x00, 0x00, 0x00, 0x00, 0x00,
	0x00, 0x00, 0x00, 0x00, 0x00, 0x00, 0x00, 0x00,
	0x00, 0x00, 0x00, 0x00, 0x00, 0x00, 0x00, 0x00,
	0x00, 0x00, 0x00, 0x00, 0x00, 0x00, 0x00, 0x00,
	0x00, 0x00, 0x00, 0x00, 0x00, 0x00, 0x00, 0x00,
	0x00, 0x00, 0x00, 0x00, 0x00, 0x00, 0x00, 0x00,
	0x00, 0x00, 0x00, 0x00, 0x00, 0x00, 0x00, 0x00,
	0x00, 0x00, 0x00, 0x00, 0x00, 0x00, 0x00, 0x00,
	0x00, 0x00, 0x00, 0x00, 0x00, 0x00, 0x00, 0x00,
	0x00, 0x00, 0x00, 0x00, 0x00, 0x00, 0x00, 0x00,
	0x00, 0x00, 0x00, 0x00, 0x00, 0x00, 0x00, 0x00,
	0x00, 0x00, 0x00, 0x00, 0x00, 0x00, 0x00, 0x00,
	0x00, 0x00, 0x00, 0x00, 0x00, 0x00, 0x00, 0x00,
	0x00, 0x00, 0x00, 0x00, 0x00, 0x00, 0x00, 0x00,
	0x00, 0x00, 0x00, 0x00, 0x00, 0x00, 0x00, 0x00,
	0x00, 0x00, 0x00, 0x00, 0x00, 0x00, 0x00, 0x00,
	0x00, 0x00, 0x00, 0x00, 0x00, 0x00, 0x00, 0x00,
	0x00, 0x00, 0x00, 0x00, 0x00, 0x00, 0x00, 0x00,
	0x00, 0x00, 0x00, 0x00, 0x00, 0x00, 0x00, 0x00,
	0x00, 0x00, 0x00, 0x00, 0x00, 0x00, 0x00, 0x00,
	0x00, 0x00, 0x00, 0x00, 0x00, 0x00, 0x00, 0x00,
	0x00, 0x00, 0x00, 0x00, 0x00, 0x00, 0x00, 0x00,
	0x00, 0x00, 0x00, 0x00, 0x00, 0x00, 0x00, 0x00,
	0x00, 0x00, 0x00, 0x00, 0x00, 0x00, 0x00, 0x00,
	0x00, 0x00, 0x00, 0x00, 0x00, 0x00, 0x00, 0x00,
	0x00, 0x00, 0x00, 0x00, 0x00, 0x00, 0x00, 0x00,
	0x00, 0x00, 0x00, 0x00, 0x00, 0x00, 0x00, 0x00,
	0x00, 0x00, 0x00, 0x00, 0x00, 0x00, 0x00, 0x00,
	0x00, 0x00, 0x00, 0x00, 0x00, 0x00, 0x00, 0x00,
	0x00, 0x00, 0x00, 0x00, 0x00, 0x00, 0x00, 0x00,
	0x00, 0x00, 0x00, 0x00, 0x00, 0x00, 0x00, 0x00,
	0x00, 0x00, 0x00, 0x00, 0x00, 0x00, 0x00, 0x00,
	0x00, 0x00, 0x00, 0x00, 0x00, 0x00, 0x00, 0x00,
	0x00, 0x00, 0x00, 0x00, 0x00, 0x00, 0x00, 0x00,
	0x00, 0x00, 0x00, 0x00, 0x00, 0x00, 0x00, 0x00,
	0x00, 0x00, 0x00, 0x00, 0x00, 0x00, 0x00, 0x00,
	0x00, 0x00, 0x00, 0x00, 0x00, 0x00, 0x00, 0x00,
	0x00, 0x00, 0x00, 0x00, 0x00, 0x00, 0x00, 0x00,
	0x00, 0x00, 0x00, 0x00, 0x00, 0x00, 0x00, 0x00,
	0x00, 0x00, 0x00, 0x00, 0x00, 0x00, 0x00, 0x00,
	0x00, 0x00, 0x00, 0x00, 0x00, 0x00, 0x00, 0x00,
	0x00, 0x00, 0x00, 0x00, 0x00, 0x00, 0x00, 0x00,
	0x00, 0x00, 0x00, 0x00, 0x00, 0x00, 0x00, 0x00,
	0x00, 0x00, 0x00, 0x00, 0x00, 0x00, 0x00, 0x00,
	0x00, 0x00, 0x00, 0x00, 0x00, 0x00, 0x00, 0x00,
	0x00, 0x00, 0x00, 0x00, 0x00, 0x00, 0x00, 0x00,
	0x00, 0x00, 0x00, 0x00, 0x00, 0x00, 0x00, 0x00,
	0x00, 0x00, 0x00, 0x00, 0x00, 0x00, 0x00, 0x00,
	0x00, 0x00, 0x00, 0x00, 0x00, 0x00, 0x00, 0x00,
	0x00, 0x00, 0x00, 0x00, 0x00, 0x00, 0x00, 0x00,
	0x00, 0x00, 0x00, 0x00, 0x00, 0x00, 0x00, 0x00,
	0x00, 0x00, 0x00, 0x00, 0x00, 0x00, 0x00, 0x00,
	0x00, 0x00, 0x00, 0x00, 0x00, 0x00, 0x00, 0x00,
	0x00, 0x00, 0x00, 0x00, 0x00, 0x00, 0x00, 0x00,
	0x00, 0x00, 0x00, 0x00, 0x00, 0x00, 0x00, 0x00,
	0x00, 0x00, 0x00, 0x00, 0x00, 0x00, 0x00, 0x00,
	0x00, 0x00, 0x00, 0x00, 0x00, 0x00, 0x00, 0x00,
	0x00, 0x00, 0x00, 0x00, 0x00, 0x00, 0x00, 0x00,
	0x00, 0x00, 0x00, 0x00, 0x00, 0x00, 0x00, 0x00,
	0x00, 0x00, 0x00, 0x00, 0x00, 0x00, 0x00, 0x00,
	0x00, 0x00, 0x00, 0x00, 0x00, 0x00, 0x00, 0x00,
	0x00, 0x00, 0x00, 0x00, 0x00, 0x00, 0x00, 0x00,
	0x00, 0x00, 0x00, 0x00, 0x00, 0x00, 0x00, 0x00,
	0x00, 0x00, 0x00, 0x00, 0x00, 0x00, 0x00, 0x00,
	0x00, 0x00, 0x00, 0x00, 0x00, 0x00, 0x00, 0x00,
	0x00, 0x00, 0x00, 0x00, 0x00, 0x00, 0x00, 0x00,
	0x00, 0x00, 0x00, 0x00, 0x00, 0x00, 0x00, 0x00,
	0x00, 0x00, 0x00, 0x00, 0x00, 0x00, 0x00, 0x00,
	0x00, 0x00, 0x00, 0x00, 0x00, 0x00, 0x00, 0x00,
	0x00, 0x00, 0x00, 0x00, 0x00, 0x00, 0x00, 0x00,
	0x00, 0x00, 0x00, 0x00, 0x00, 0x00, 0x00, 0x00,
	0x00, 0x00, 0x00, 0x00, 0x00, 0x00, 0x00, 0x00,
	0x00, 0x00, 0x00, 0x00, 0x00, 0x00, 0x00, 0x00,
	0x00, 0x00, 0x00, 0x00, 0x00, 0x00, 0x00, 0x00,
	0x00, 0x00, 0x00, 0x00, 0x00, 0x00, 0x00, 0x00,
	0x00, 0x00, 0x00, 0x00, 0x00, 0x00, 0x00, 0x00,
	0x00, 0x00, 0x00, 0x00, 0x00, 0x00, 0x00, 0x00,
	0x00, 0x00, 0x00, 0x00, 0x00, 0x00, 0x00, 0x00,
	0x00, 0x00, 0x00, 0x00, 0x00, 0x00, 0x00, 0x00,
	0x00, 0x00, 0x00, 0x00, 0x00, 0x00, 0x00, 0x00,
	0x00, 0x00, 0x00, 0x00, 0x00, 0x00, 0x00, 0x00,
	0x00, 0x00, 0x00, 0x00, 0x00, 0x00, 0x00, 0x00,
	0x00, 0x00, 0x00, 0x00, 0x00, 0x00, 0x00, 0x00,
	0x00, 0x00, 0x00, 0x00, 0x00, 0x00, 0x00, 0x00,
	0x00, 0x00, 0x00, 0x00, 0x00, 0x00, 0x00, 0x00,
	0x00, 0x00, 0x00, 0x00, 0x00, 0x00, 0x00, 0x00,
	0x00, 0x00, 0x00, 0x00, 0x00, 0x00, 0x00, 0x00,
	0x00, 0x00, 0x00, 0x00, 0x00, 0x00, 0x00, 0x00,
	0x00, 0x00, 0x00, 0x00, 0x00, 0x00, 0x00, 0x00,
	0x00, 0x00, 0x00, 0x00, 0x00, 0x00, 0x00, 0x00,
	0x00, 0x00, 0x00, 0x00, 0x00, 0x00, 0x00, 0x00,
	0x00, 0x00, 0x00, 0x00, 0x00, 0x00, 0x00, 0x00,
	0x00, 0x00, 0x00, 0x00, 0x00, 0x00, 0x00, 0x00,
	0x00, 0x00, 0x00, 0x00, 0x00, 0x00, 0x00, 0x00,
	0x00, 0x00, 0x00, 0x00, 0x00, 0x00, 0x00, 0x00,
	0x00, 0x00, 0x00, 0x00, 0x00, 0x00, 0x00, 0x00,
	0x00, 0x00, 0x00, 0x00, 0x00, 0x00, 0x00, 0x00,
	0x00, 0x00, 0x00, 0x00, 0x00, 0x00, 0x00, 0x00,
	0x00, 0x00, 0x00, 0x00, 0x00, 0x00, 0x00, 0x00,
	0x00, 0x00, 0x00, 0x00, 0x00, 0x00, 0x00, 0x00,
	0x00, 0x00, 0x00, 0x00, 0x00, 0x00, 0x00, 0x00,
	0x00, 0x00, 0x00, 0x00, 0x00, 0x00, 0x00, 0x00,
	0x00, 0x00, 0x00, 0x00, 0x00, 0x00, 0x00, 0x00,
	0x00, 0x00, 0x00, 0x00, 0x00, 0x00, 0x00, 0x00,
	0x00, 0x00, 0x00, 0x00, 0x00, 0x00, 0x00, 0x00,
	0x00, 0x00, 0x00, 0x00, 0x00, 0x00, 0x00, 0x00,
	0x00, 0x00, 0x00, 0x00, 0x00, 0x00, 0x00, 0x00,
	0x00, 0x00, 0x00, 0x00, 0x00, 0x00, 0x00, 0x00,
	0x00, 0x00, 0x00, 0x00, 0x00, 0x00, 0x00, 0x00,
	0x00, 0x00, 0x00, 0x00, 0x00, 0x00, 0x00, 0x00,
	0x00, 0x00, 0x00, 0x00, 0x00, 0x00, 0x00, 0x00,
	0x00, 0x00, 0x00, 0x00, 0x00, 0x00, 0x00, 0x00,
	0x00, 0x00, 0x00, 0x00, 0x00, 0x00, 0x00, 0x00,
	0x00, 0x00, 0x00, 0x00, 0x00, 0x00, 0x00, 0x00,
	0x00, 0x00, 0x00, 0x00, 0x00, 0x00, 0x00, 0x00,
	0x00, 0x00, 0x00, 0x00, 0x00, 0x00, 0x00, 0x00,
	0x00, 0x00, 0x00, 0x00, 0x00, 0x00, 0x00, 0x00,
	0x00, 0x00, 0x00, 0x00, 0x00, 0x00, 0x00, 0x00,
	0x00, 0x00, 0x00, 0x00, 0x00, 0x00, 0x00, 0x00,
	0x00, 0x00, 0x00, 0x00, 0x00, 0x00, 0x00, 0x00,
	0x00, 0x00, 0x00, 0x00, 0x00, 0x00, 0x00, 0x00,
	0x00, 0x00, 0x00, 0x00, 0x00, 0x00, 0x00, 0x00,
	0x00, 0x00, 0x00, 0x00, 0x00, 0x00, 0x00, 0x00,
	0x00, 0x00, 0x00, 0x00, 0x00, 0x00, 0x00, 0x00,
	0x00, 0x00, 0x00, 0x00, 0x00, 0x00, 0x00, 0x00,
	0x00, 0x00, 0x00, 0x00, 0x00, 0x00, 0x00, 0x00,
	0x00, 0x00, 0x00, 0x00, 0x00, 0x00, 0x00, 0x00,
	0x00, 0x00, 0x00, 0x00, 0x00, 0x00, 0x00, 0x00,
	0x00, 0x00, 0x00, 0x00, 0x00, 0x00, 0x00, 0x00,
	0x00, 0x00, 0x00, 0x00, 0x00, 0x00, 0x00, 0x00,
	0x00, 0x00, 0x00, 0x00, 0x00, 0x00, 0x00, 0x00,
	0x00, 0x00, 0x00, 0x00, 0x00, 0x00, 0x00, 0x00,
	0x00, 0x00, 0x00, 0x00, 0x00, 0x00, 0x00, 0x00,
	0x00, 0x00, 0x00, 0x00, 0x00, 0x00, 0x00, 0x00,
	0x00, 0x00, 0x00, 0x00, 0x00, 0x00, 0x00, 0x00,
	0x00, 0x00, 0x00, 0x00, 0x00, 0x00, 0x00, 0x00,
	0x00, 0x00, 0x00, 0x00, 0x00, 0x00, 0x00, 0x00,
	0x00, 0x00, 0x00, 0x00, 0x00, 0x00, 0x00, 0x00,
	0x00, 0x00, 0x00, 0x00, 0x00, 0x00, 0x00, 0x00,
	0x00, 0x00, 0x00, 0x00, 0x00, 0x00, 0x00, 0x00,
	0x00, 0x00, 0x00, 0x00, 0x00, 0x00, 0x00, 0x00,
	0x00, 0x00, 0x00, 0x00, 0x00, 0x00, 0x00, 0x00,
	0x00, 0x00, 0x00, 0x00, 0x00, 0x00, 0x00, 0x00,
	0x00, 0x00, 0x00, 0x00, 0x00, 0x00, 0x00, 0x00,
	0x00, 0x00, 0x00, 0x00, 0x00, 0x00, 0x00, 0x00,
	0x00, 0x00, 0x00, 0x00, 0x00, 0x00, 0x00, 0x00,
	0x00, 0x00, 0x00, 0x00, 0x00, 0x00, 0x00, 0x00,
	0x00, 0x00, 0x00, 0x00, 0x00, 0x00, 0x00, 0x00,
	0x00, 0x00, 0x00, 0x00, 0x00, 0x00, 0x00, 0x00,
	0x00, 0x00, 0x00, 0x00, 0x00, 0x00, 0x00, 0x00,
	0x00, 0x00, 0x00, 0x00, 0x00, 0x00, 0x00, 0x00,
	0x00, 0x00, 0x00, 0x00, 0x00, 0x00, 0x00, 0x00,
	0x00, 0x00, 0x00, 0x00, 0x00, 0x00, 0x00, 0x00,
	0x00, 0x00, 0x00, 0x00, 0x00, 0x00, 0x00, 0x00,
	0x00, 0x00, 0x00, 0x00, 0x00, 0x00, 0x00, 0x00,
	0x00, 0x00, 0x00, 0x00, 0x00, 0x00, 0x00, 0x00,
	0x00, 0x00, 0x00, 0x00, 0x00, 0x00, 0x00, 0x00,
	0x00, 0x00, 0x00, 0x00, 0x00, 0x00, 0x00, 0x00,
	0x00, 0x00, 0x00, 0x00, 0x00, 0x00, 0x00, 0x00,
	0x00, 0x00, 0x00, 0x00, 0x00, 0x00, 0x00, 0x00,
	0x00, 0x00, 0x00, 0x00, 0x00, 0x00, 0x00, 0x00,
	0x00, 0x00, 0x00, 0x00, 0x00, 0x00, 0x00, 0x00,
	0x00, 0x00, 0x00, 0x00, 0x00, 0x00, 0x00, 0x00,
	0x00, 0x00, 0x00, 0x00, 0x00, 0x00, 0x00, 0x00,
	0x00, 0x00, 0x00, 0x00, 0x00, 0x00, 0x00, 0x00,
	0x00, 0x00, 0x00, 0x00, 0x00, 0x00, 0x00, 0x00,
	0x00, 0x00, 0x00, 0x00, 0x00, 0x00, 0x00, 0x00,
	0x00, 0x00, 0x00, 0x00, 0x00, 0x00, 0x00, 0x00,
	0x00, 0x00, 0x00, 0x00, 0x00, 0x00, 0x00, 0x00,
	0x00, 0x00, 0x00, 0x00, 0x00, 0x00, 0x00, 0x00,
	0x00, 0x00, 0x00, 0x00, 0x00, 0x00, 0x00, 0x00,
	0x00, 0x00, 0x00, 0x00, 0x00, 0x00, 0x00, 0x00,
	0x00, 0x00, 0x00, 0x00, 0x00, 0x00, 0x00, 0x00,
	0x00, 0x00, 0x00, 0x00, 0x00, 0x00, 0x00, 0x00,
	0x00, 0x00, 0x00, 0x00, 0x00, 0x00, 0x00, 0x00,
	0x00, 0x00, 0x00, 0x00, 0x00, 0x00, 0x00, 0x00,
	0x00, 0x00, 0x00, 0x00, 0x00, 0x00, 0x00, 0x00,
	0x00, 0x00, 0x00, 0x00, 0x00, 0x00, 0x00, 0x00,
	0x00, 0x00, 0x00, 0x00, 0x00, 0x00, 0x00, 0x00,
	0x00, 0x00, 0x00, 0x00, 0x00, 0x00, 0x00, 0x00,
	0x00, 0x00, 0x00, 0x00, 0x00, 0x00, 0x00, 0x00,
	0x00, 0x00, 0x00, 0x00, 0x00, 0x00, 0x00, 0x00,
	0x00, 0x00, 0x00, 0x00, 0x00, 0x00, 0x00, 0x00,
	0x00, 0x00, 0x00, 0x00, 0x00, 0x00, 0x00, 0x00,
	0x00, 0x00, 0x00, 0x00, 0x00, 0x00, 0x00, 0x00,
	0x00, 0x00, 0x00, 0x00, 0x00, 0x00, 0x00, 0x00,
	0x00, 0x00, 0x00, 0x00, 0x00, 0x00, 0x00, 0x00,
	0x00, 0x00, 0x00, 0x00, 0x00, 0x00, 0x00, 0x00,
	0x00, 0x00, 0x00, 0x00, 0x00, 0x00, 0x00, 0x00,
	0x00, 0x00, 0x00, 0x00, 0x00, 0x00, 0x00, 0x00,
	0x00, 0x00, 0x00, 0x00, 0x00, 0x00, 0x00, 0x00,
	0x00, 0x00, 0x00, 0x00, 0x00, 0x00, 0x00, 0x00,
	0x00, 0x00, 0x00, 0x00, 0x00, 0x00, 0x00, 0x00,
	0x00, 0x00, 0x00, 0x00, 0x00, 0x00, 0x00, 0x00,
	0x00, 0x00, 0x00, 0x00, 0x00, 0x00, 0x00, 0x00,
	0x00, 0x00, 0x00, 0x00, 0x00, 0x00, 0x00, 0x00,
	0x00, 0x00, 0x00, 0x00, 0x00, 0x00, 0x00, 0x00,
	0x00, 0x00, 0x00, 0x00, 0x00, 0x00, 0x00, 0x00,
	0x00, 0x00, 0x00, 0x00, 0x00, 0x00, 0x00, 0x00,
	0x00, 0x00, 0x00, 0x00, 0x00, 0x00, 0x00, 0x00,
	0x00, 0x00, 0x00, 0x00, 0x00, 0x00, 0x00, 0x00,
	0x00, 0x00, 0x00, 0x00, 0x00, 0x00, 0x00, 0x00,
	0x00, 0x00, 0x00, 0x00, 0x00, 0x00, 0x00, 0x00,
	0x00, 0x00, 0x00, 0x00, 0x00, 0x00, 0x00, 0x00,
	0x00, 0x00, 0x00, 0x00, 0x00, 0x00, 0x00, 0x00,
	0x00, 0x00, 0x00, 0x00, 0x00, 0x00, 0x00, 0x00,
	0x00, 0x00, 0x00, 0x00, 0x00, 0x00, 0x00, 0x00,
	0x00, 0x00, 0x00, 0x00, 0x00, 0x00, 0x00, 0x00,
	0x00, 0x00, 0x00, 0x00, 0x00, 0x00, 0x00, 0x00,
	0x00, 0x00, 0x00, 0x00, 0x00, 0x00, 0x00, 0x00,
	0x00, 0x00, 0x00, 0x00, 0x00, 0x00, 0x00, 0x00,
	0x00, 0x00, 0x00, 0x00, 0x00, 0x00, 0x00, 0x00,
	0x00, 0x00, 0x00, 0x00, 0x00, 0x00, 0x00, 0x00,
	0x00, 0x00, 0x00, 0x00, 0x00, 0x00, 0x00, 0x00,
	0x00, 0x00, 0x00, 0x00, 0x00, 0x00, 0x00, 0x00,
	0x00, 0x00, 0x00, 0x00, 0x00, 0x00, 0x00, 0x00,
	0x00, 0x00, 0x00, 0x00, 0x00, 0x00, 0x00, 0x00,
	0x00, 0x00, 0x00, 0x00, 0x00, 0x00, 0x00, 0x00,
	0x00, 0x00, 0x00, 0x00, 0x00, 0x00, 0x00, 0x00,
	0x00, 0x00, 0x00, 0x00, 0x00, 0x00, 0x00, 0x00,
	0x00, 0x00, 0x00, 0x00, 0x00, 0x00, 0x00, 0x00,
	0x00, 0x00, 0x00, 0x00, 0x00, 0x00, 0x00, 0x00,
	0x00, 0x00, 0x00, 0x00, 0x00, 0x00, 0x00, 0x00,
	0x00, 0x00, 0x00, 0x00, 0x00, 0x00, 0x00, 0x00,
	0x00, 0x00, 0x00, 0x00, 0x00, 0x00, 0x00, 0x00,
	0x00, 0x00, 0x00, 0x00, 0x00, 0x00, 0x00, 0x00,
	0x00, 0x00, 0x00, 0x00, 0x00, 0x00, 0x00, 0x00,
	0x00, 0x00, 0x00, 0x00, 0x00, 0x00, 0x00, 0x00,
	0x00, 0x00, 0x00, 0x00, 0x00, 0x00, 0x00, 0x00,
	0x00, 0x00, 0x00, 0x00, 0x00, 0x00, 0x00, 0x00,
	0x00, 0x00, 0x00, 0x00, 0x00, 0x00, 0x00, 0x00,
	0x00, 0x00, 0x00, 0x00, 0x00, 0x00, 0x00, 0x00,
	0x00, 0x00, 0x00, 0x00, 0x00, 0x00, 0x00, 0x00,
	0x00, 0x00, 0x00, 0x00, 0x00, 0x00, 0x00, 0x00,
	0x00, 0x00, 0x00, 0x00, 0x00, 0x00, 0x00, 0x00,
	0x00, 0x00, 0x00, 0x00, 0x00, 0x00, 0x00, 0x00,
	0x00, 0x00, 0x00, 0x00, 0x00, 0x00, 0x00, 0x00,
	0x00, 0x00, 0x00, 0x00, 0x00, 0x00, 0x00, 0x00,
	0x00, 0x00, 0x00, 0x00, 0x00, 0x00, 0x00, 0x00,
	0x00, 0x00, 0x00, 0x00, 0x00, 0x00, 0x00, 0x00,
	0x00, 0x00, 0x00, 0x00, 0x00, 0x00, 0x00, 0x00,
	0x00, 0x00, 0x00, 0x00, 0x00, 0x00, 0x00, 0x00,
	0x00, 0x00, 0x00, 0x00, 0x00, 0x00, 0x00, 0x00,
	0x00, 0x00, 0x00, 0x00, 0x00, 0x00, 0x00, 0x00,
	0x00, 0x00, 0x00, 0x00, 0x00, 0x00, 0x00, 0x00,
	0x00, 0x00, 0x00, 0x00, 0x00, 0x00, 0x00, 0x00,
	0x00, 0x00, 0x00, 0x00, 0x00, 0x00, 0x00, 0x00,
	0x00, 0x00, 0x00, 0x00, 0x00, 0x00, 0x00, 0x00,
	0x00, 0x00, 0x00, 0x00, 0x00, 0x00, 0x00, 0x00,
	0x00, 0x00, 0x00, 0x00, 0x00, 0x00, 0x00, 0x00,
	0x00, 0x00, 0x00, 0x00, 0x00, 0x00, 0x00, 0x00,
	0x00, 0x00, 0x00, 0x00, 0x00, 0x00, 0x00, 0x00,
	0x00, 0x00, 0x00, 0x00, 0x00, 0x00, 0x00, 0x00,
	0x00, 0x00, 0x00, 0x00, 0x00, 0x00, 0x00, 0x00,
	0x00, 0x00, 0x00, 0x00, 0x00, 0x00, 0x00, 0x00,
	0x00, 0x00, 0x00, 0x00, 0x00, 0x00, 0x00, 0x00,
	0x00, 0x00, 0x00, 0x00, 0x00, 0x00, 0x00, 0x00,
	0x00, 0x00, 0x00, 0x00, 0x00, 0x00, 0x00, 0x00,
	0x00, 0x00, 0x00, 0x00, 0x00, 0x00, 0x00, 0x00,
	0x00, 0x00, 0x00, 0x00, 0x00, 0x00, 0x00, 0x00,
	0x00, 0x00, 0x00, 0x00, 0x00, 0x00, 0x00, 0x00,
	0x00, 0x00, 0x00, 0x00, 0x00, 0x00, 0x00, 0x00,
	0x00, 0x00, 0x00, 0x00, 0x00, 0x00, 0x00, 0x00,
	0x00, 0x00, 0x00, 0x00, 0x00, 0x00, 0x00, 0x00,
	0x00, 0x00, 0x00, 0x00, 0x00, 0x00, 0x00, 0x00,
	0x00, 0x00, 0x00, 0x00, 0x00, 0x00, 0x00, 0x00,
	0x00, 0x00, 0x00, 0x00, 0x00, 0x00, 0x00, 0x00,
	0x00, 0x00, 0x00, 0x00, 0x00, 0x00, 0x00, 0x00,
	0x00, 0x00, 0x00, 0x00, 0x00, 0x00, 0x00, 0x00,
	0x00, 0x00, 0x00, 0x00, 0x00, 0x00, 0x00, 0x00,
	0x00, 0x00, 0x00, 0x00, 0x00, 0x00, 0x00, 0x00,
	0x00, 0x00, 0x00, 0x00, 0x00, 0x00, 0x00, 0x00,
	0x00, 0x00, 0x00, 0x00, 0x00, 0x00, 0x00, 0x00,
	0x00, 0x00, 0x00, 0x00, 0x00, 0x00, 0x00, 0x00,
	0x00, 0x00, 0x00, 0x00, 0x00, 0x00, 0x00, 0x00,
	0x00, 0x00, 0x00, 0x00, 0x00, 0x00, 0x00, 0x00,
	0x00, 0x00, 0x00, 0x00, 0x00, 0x00, 0x00, 0x00,
	0x00, 0x00, 0x00, 0x00, 0x00, 0x00, 0x00, 0x00,
	0x00, 0x00, 0x00, 0x00, 0x00, 0x00, 0x00, 0x00,
	0x00, 0x00, 0x00, 0x00, 0x00, 0x00, 0x00, 0x00,
	0x00, 0x00, 0x00, 0x00, 0x00, 0x00, 0x00, 0x00,
	0x00, 0x00, 0x00, 0x00, 0x00, 0x00, 0x00, 0x00,
	0x00, 0x00, 0x00, 0x00, 0x00, 0x00, 0x00, 0x00,
	0x00, 0x00, 0x00, 0x00, 0x00, 0x00, 0x00, 0x00,
	0x00, 0x00, 0x00, 0x00, 0x00, 0x00, 0x00, 0x00,
	0x00, 0x00, 0x00, 0x00, 0x00, 0x00, 0x00, 0x00,
	0x00, 0x00, 0x00, 0x00, 0x00, 0x00, 0x00, 0x00,
	0x00, 0x00, 0x00, 0x00, 0x00, 0x00, 0x00, 0x00,
	0x00, 0x00, 0x00, 0x00, 0x00, 0x00, 0x00, 0x00,
	0x00, 0x00, 0x00, 0x00, 0x00, 0x00, 0x00, 0x00,
	0x00, 0x00, 0x00, 0x00, 0x00, 0x00, 0x00, 0x00,
	0x00, 0x00, 0x00, 0x00, 0x00, 0x00, 0x00, 0x00,
	0x00, 0x00, 0x00, 0x00, 0x00, 0x00, 0x00, 0x00,
	0x00, 0x00, 0x00, 0x00, 0x00, 0x00, 0x00, 0x00,
	0x00, 0x00, 0x00, 0x00, 0x00, 0x00, 0x00, 0x00,
	0x00, 0x00, 0x00, 0x00, 0x00, 0x00, 0x00, 0x00,
	0x00, 0x00, 0x00, 0x00, 0x00, 0x00, 0x00, 0x00,
	0x00, 0x00, 0x00, 0x00, 0x00, 0x00, 0x00, 0x00,
	0x00, 0x00, 0x00, 0x00, 0x00, 0x00, 0x00, 0x00,
	0x00, 0x00, 0x00, 0x00, 0x00, 0x00, 0x00, 0x00,
	0x00, 0x00, 0x00, 0x00, 0x00, 0x00, 0x00, 0x00,
	0x00, 0x00, 0x00, 0x00, 0x00, 0x00, 0x00, 0x00,
	0x00, 0x00, 0x00, 0x00, 0x00, 0x00, 0x00, 0x00,
	0x00, 0x00, 0x00, 0x00, 0x00, 0x00, 0x00, 0x00,
	0x00, 0x00, 0x00, 0x00, 0x00, 0x00, 0x00, 0x00,
	0x00, 0x00, 0x00, 0x00, 0x00, 0x00, 0x00, 0x00,
	0x00, 0x00, 0x00, 0x00, 0x00, 0x00, 0x00, 0x00,
	0x00, 0x00, 0x00, 0x00, 0x00, 0x00, 0x00, 0x00,
	0x00, 0x00, 0x00, 0x00, 0x00, 0x00, 0x00, 0x00,
	0x00, 0x00, 0x00, 0x00, 0x00, 0x00, 0x00, 0x00,
	0x00, 0x00, 0x00, 0x00, 0x00, 0x00, 0x00, 0x00,
	0x00, 0x00, 0x00, 0x00, 0x00, 0x00, 0x00, 0x00,
	0x00, 0x00, 0x00, 0x00, 0x00, 0x00, 0x00, 0x00,
	0x00, 0x00, 0x00, 0x00, 0x00, 0x00, 0x00, 0x00,
	0x00, 0x00, 0x00, 0x00, 0x00, 0x00, 0x00, 0x00,
	0x00, 0x00, 0x00, 0x00, 0x00, 0x00, 0x00, 0x00,
	0x00, 0x00, 0x00, 0x00, 0x00, 0x00, 0x00, 0x00,
	0x00, 0x00, 0x00, 0x00, 0x00, 0x00, 0x00, 0x00,
	0x00, 0x00, 0x00, 0x00, 0x00, 0x00, 0x00, 0x00,
	0x00, 0x00, 0x00, 0x00, 0x00, 0x00, 0x00, 0x00,
	0x00, 0x00, 0x00, 0x00, 0x00, 0x00, 0x00, 0x00,
	0x00, 0x00, 0x00, 0x00, 0x00, 0x00, 0x00, 0x00,
	0x00, 0x00, 0x00, 0x00, 0x00, 0x00, 0x00, 0x00,
	0x00, 0x00, 0x00, 0x00, 0x00, 0x00, 0x00, 0x00,
	0x00, 0x00, 0x00, 0x00, 0x00, 0x00, 0x00, 0x00,
	0x00, 0x00, 0x00, 0x00, 0x00, 0x00, 0x00, 0x00,
	0x00, 0x00, 0x00, 0x00, 0x00, 0x00, 0x00, 0x00,
	0x00, 0x00, 0x00, 0x00, 0x00, 0x00, 0x00, 0x00,
	0x00, 0x00, 0x00, 0x00, 0x00, 0x00, 0x00, 0x00,
	0x00, 0x00, 0x00, 0x00, 0x00, 0x00, 0x00, 0x00,
	0x00, 0x00, 0x00, 0x00, 0x00, 0x00, 0x00, 0x00,
	0x00, 0x00, 0x00, 0x00, 0x00, 0x00, 0x00, 0x00,
	0x00, 0x00, 0x00, 0x00, 0x00, 0x00, 0x00, 0x00,
	0x00, 0x00, 0x00, 0x00, 0x00, 0x00, 0x00, 0x00,
	0x00, 0x00, 0x00, 0x00, 0x00, 0x00, 0x00, 0x00,
	0x00, 0x00, 0x00, 0x00, 0x00, 0x00, 0x00, 0x00,
	0x00, 0x00, 0x00, 0x00, 0x00, 0x00, 0x00, 0x00,
	0x00, 0x00, 0x00, 0x00, 0x00, 0x00, 0x00, 0x00,
	0x00, 0x00, 0x00, 0x00, 0x00, 0x00, 0x00, 0x00,
	0x00, 0x00, 0x00, 0x00, 0x00, 0x00, 0x00, 0x00,
	0x00, 0x00, 0x00, 0x00, 0x00, 0x00, 0x00, 0x00,
	0x00, 0x00, 0x00, 0x00, 0x00, 0x00, 0x00, 0x00,
	0x00, 0x00, 0x00, 0x00, 0x00, 0x00, 0x00, 0x00,
	0x00, 0x00, 0x00, 0x00, 0x00, 0x00, 0x00, 0x00,
	0x00, 0x00, 0x00, 0x00, 0x00, 0x00, 0x00, 0x00,
	0x00, 0x00, 0x00, 0x00, 0x00, 0x00, 0x00, 0x00,
	0x00, 0x00, 0x00, 0x00, 0x00, 0x00, 0x00, 0x00,
	0x00, 0x00, 0x00, 0x00, 0x00, 0x00, 0x00, 0x00,
	0x00, 0x00, 0x00, 0x00, 0x00, 0x00, 0x00, 0x00,
	0x00, 0x00, 0x00, 0x00, 0x00, 0x00, 0x00, 0x00,
	0x00, 0x00, 0x00, 0x00, 0x00, 0x00, 0x00, 0x00,
	0x00, 0x00, 0x00, 0x00, 0x00, 0x00, 0x00, 0x00,
	0x00, 0x00, 0x00, 0x00, 0x00, 0x00, 0x00, 0x00,
	0x00, 0x00, 0x00, 0x00, 0x00, 0x00, 0x00, 0x00,
	0x00, 0x00, 0x00, 0x00, 0x00, 0x00, 0x00, 0x00,
	0x00, 0x00, 0x00, 0x00, 0x00, 0x00, 0x00, 0x00,
	0x00, 0x00, 0x00, 0x00, 0x00, 0x00, 0x00, 0x00,
	0x00, 0x00, 0x00, 0x00, 0x00, 0x00, 0x00, 0x00,
	0x00, 0x00, 0x00, 0x00, 0x00, 0x00, 0x00, 0x00,
	0x00, 0x00, 0x00, 0x00, 0x00, 0x00, 0x00, 0x00,
	0x00, 0x00, 0x00, 0x00, 0x00, 0x00, 0x00, 0x00,
	0x00, 0x00, 0x00, 0x00, 0x00, 0x00, 0x00, 0x00,
	0x00, 0x00, 0x00, 0x00, 0x00, 0x00, 0x00, 0x00,
	0x00, 0x00, 0x00, 0x00, 0x00, 0x00, 0x00, 0x00,
	0x00, 0x00, 0x00, 0x00, 0x00, 0x00, 0x00, 0x00,
	0x00, 0x00, 0x00, 0x00, 0x00, 0x00, 0x00, 0x00,
	0x00, 0x00, 0x00, 0x00, 0x00, 0x00, 0x00, 0x00,
	0x00, 0x00, 0x00, 0x00, 0x00, 0x00, 0x00, 0x00,
	0x00, 0x00, 0x00, 0x00, 0x00, 0x00, 0x00, 0x00,
	0x00, 0x00, 0x00, 0x00, 0x00, 0x00, 0x00, 0x00,
	0x00, 0x00, 0x00, 0x00, 0x00, 0x00, 0x00, 0x00,
	0x00, 0x00, 0x00, 0x00, 0x00, 0x00, 0x00, 0x00,
	0x00, 0x00, 0x00, 0x00, 0x00, 0x00, 0x00, 0x00,
	0x00, 0x00, 0x00, 0x00, 0x00, 0x00, 0x00, 0x00,
	0x00, 0x00, 0x00, 0x00, 0x00, 0x00, 0x00, 0x00,
	0x00, 0x00, 0x00, 0x00, 0x00, 0x00, 0x00, 0x00,
	0x00, 0x00, 0x00, 0x00, 0x00, 0x00, 0x00, 0x00,
	0x00, 0x00, 0x00, 0x00, 0x00, 0x00, 0x00, 0x00,
	0x00, 0x00, 0x00, 0x00, 0x00, 0x00, 0x00, 0x00,
	0x00, 0x00, 0x00, 0x00, 0x00, 0x00, 0x00, 0x00,
	0x00, 0x00, 0x00, 0x00, 0x00, 0x00, 0x00, 0x00,
	0x00, 0x00, 0x00, 0x00, 0x00, 0x00, 0x00, 0x00,
	0x00, 0x00, 0x00, 0x00, 0x00, 0x00, 0x00, 0x00,
	0x00, 0x00, 0x00, 0x00, 0x00, 0x00, 0x00, 0x00,
	0x00, 0x00, 0x00, 0x00, 0x00, 0x00, 0x00, 0x00,
	0x00, 0x00, 0x00, 0x00, 0x00, 0x00, 0x00, 0x00,
	0x00, 0x00, 0x00, 0x00, 0x00, 0x00, 0x00, 0x00,
	0x00, 0x00, 0x00, 0x00, 0x00, 0x00, 0x00, 0x00,
	0x00, 0x00, 0x00, 0x00, 0x00, 0x00, 0x00, 0x00,
	0x00, 0x00, 0x00, 0x00, 0x00, 0x00, 0x00, 0x00,
	0x00, 0x00, 0x00, 0x00, 0x00, 0x00, 0x00, 0x00,
	0x00, 0x00, 0x00, 0x00, 0x00, 0x00, 0x00, 0x00,
	0x00, 0x00, 0x00, 0x00, 0x00, 0x00, 0x00, 0x00,
	0x00, 0x00, 0x00, 0x00, 0x00, 0x00, 0x00, 0x00,
	0x00, 0x00, 0x00, 0x00, 0x00, 0x00, 0x00, 0x00,
	0x00, 0x00, 0x00, 0x00, 0x00, 0x00, 0x00, 0x00,
	0x00, 0x00, 0x00, 0x00, 0x00, 0x00, 0x00, 0x00,
	0x00, 0x00, 0x00, 0x00, 0x00, 0x00, 0x00, 0x00,
	0x00, 0x00, 0x00, 0x00, 0x00, 0x00, 0x00, 0x00,
	0x00, 0x00, 0x00, 0x00, 0x00, 0x00, 0x00, 0x00,
	0x00, 0x00, 0x00, 0x00, 0x00, 0x00, 0x00, 0x00,
	0x00, 0x00, 0x00, 0x00, 0x00, 0x00, 0x00, 0x00,
	0x00, 0x00, 0x00, 0x00, 0x00, 0x00, 0x00, 0x00,
	0x00, 0x00, 0x00, 0x00, 0x00, 0x00, 0x00, 0x00,
	0x00, 0x00, 0x00, 0x00, 0x00, 0x00, 0x00, 0x00,
	0x00, 0x00, 0x00, 0x00, 0x00, 0x00, 0x00, 0x00,
	0x00, 0x00, 0x00, 0x00, 0x00, 0x00, 0x00, 0x00,
	0x00, 0x00, 0x00, 0x00, 0x00, 0x00, 0x00, 0x00,
	0x00, 0x00, 0x00, 0x00, 0x00, 0x00, 0x00, 0x00,
	0x00, 0x00, 0x00, 0x00, 0x00, 0x00, 0x00, 0x00,
	0x00, 0x00, 0x00, 0x00, 0x00, 0x00, 0x00, 0x00,
	0x00, 0x00, 0x00, 0x00, 0x00, 0x00, 0x00, 0x00,
	0x00, 0x00, 0x00, 0x00, 0x00, 0x00, 0x00, 0x00,
	0x00, 0x00, 0x00, 0x00, 0x00, 0x00, 0x00, 0x00,
	0x00, 0x00, 0x00, 0x00, 0x00, 0x00, 0x00, 0x00,
	0x00, 0x00, 0x00, 0x00, 0x00, 0x00, 0x00, 0x00,
	0x00, 0x00, 0x00, 0x00, 0x00, 0x00, 0x00, 0x00,
	0x00, 0x00, 0x00, 0x00, 0x00, 0x00, 0x00, 0x00,
	0x00, 0x00, 0x00, 0x00, 0x00, 0x00, 0x00, 0x00,
	0x00, 0x00, 0x00, 0x00, 0x00, 0x00, 0x00, 0x00,
	0x00, 0x00, 0x00, 0x00, 0x00, 0x00, 0x00, 0x00,
	0x00, 0x00, 0x00, 0x00, 0x00, 0x00, 0x00, 0x00,
	0x00, 0x00, 0x00, 0x00, 0x00, 0x00, 0x00, 0x00,
	0x00, 0x00, 0x00, 0x00, 0x00, 0x00, 0x00, 0x00,
	0x00, 0x00, 0x00, 0x00, 0x00, 0x00, 0x00, 0x00,
	0x00, 0x00, 0x00, 0x00, 0x00, 0x00, 0x00, 0x00,
	0x00, 0x00, 0x00, 0x00, 0x00, 0x00, 0x00, 0x00,
	0x00, 0x00, 0x00, 0x00, 0x00, 0x00, 0x00, 0x00,
	0x00, 0x00, 0x00, 0x00, 0x00, 0x00, 0x00, 0x00,
	0x00, 0x00, 0x00, 0x00, 0x00, 0x00, 0x00, 0x00,
	0x00, 0x00, 0x00, 0x00, 0x00, 0x00, 0x00, 0x00,
	0x00, 0x00, 0x00, 0x00, 0x00, 0x00, 0x00, 0x00,
	0x00, 0x00, 0x00, 0x00, 0x00, 0x00, 0x00, 0x00,
	0x00, 0x00, 0x00, 0x00, 0x00, 0x00, 0x00, 0x00,
	0x00, 0x00, 0x00, 0x00, 0x00, 0x00, 0x00, 0x00,
	0x00, 0x00, 0x00, 0x00, 0x00, 0x00, 0x00, 0x00,
	0x00, 0x00, 0x00, 0x00, 0x00, 0x00, 0x00, 0x00,
	0x00, 0x00, 0x00, 0x00, 0x00, 0x00, 0x00, 0x00,
	0x00, 0x00, 0x00, 0x00, 0x00, 0x00, 0x00, 0x00,
	0x00, 0x00, 0x00, 0x00, 0x00, 0x00, 0x00, 0x00,
	0x00, 0x00, 0x00, 0x00, 0x00, 0x00, 0x00, 0x00,
	0x00, 0x00, 0x00, 0x00, 0x00, 0x00, 0x00, 0x00,
	0x00, 0x00, 0x00, 0x00, 0x00, 0x00, 0x00, 0x00,
	0x00, 0x00, 0x00, 0x00, 0x00, 0x00, 0x00, 0x00,
	0x00, 0x00, 0x00, 0x00, 0x00, 0x00, 0x00, 0x00,
	0x00, 0x00, 0x00, 0x00, 0x00, 0x00, 0x00, 0x00,
	0x00, 0x00, 0x00, 0x00, 0x00, 0x00, 0x00, 0x00,
	0x00, 0x00, 0x00, 0x00, 0x00, 0x00, 0x00, 0x00,
	0x00, 0x00, 0x00, 0x00, 0x00, 0x00, 0x00, 0x00,
	0x00, 0x00, 0x00, 0x00, 0x00, 0x00, 0x00, 0x00,
	0x00, 0x00, 0x00, 0x00, 0x00, 0x00, 0x00, 0x00,
	0x00, 0x00, 0x00, 0x00, 0x00, 0x00, 0x00, 0x00,
	0x00, 0x00, 0x00, 0x00, 0x00, 0x00, 0x00, 0x00,
	0x00, 0x00, 0x00, 0x00, 0x00, 0x00, 0x00, 0x00,
	0x00, 0x00, 0x00, 0x00, 0x00, 0x00, 0x00, 0x00,
	0x00, 0x00, 0x00, 0x00, 0x00, 0x00, 0x00, 0x00,
	0x00, 0x00, 0x00, 0x00, 0x00, 0x00, 0x00, 0x00,
	0x00, 0x00, 0x00, 0x00, 0x00, 0x00, 0x00, 0x00,
	0x00, 0x00, 0x00, 0x00, 0x00, 0x00, 0x00, 0x00,
	0x00, 0x00, 0x00, 0x00, 0x00, 0x00, 0x00, 0x00,
	0x00, 0x00, 0x00, 0x00, 0x00, 0x00, 0x00, 0x00,
	0x00, 0x00, 0x00, 0x00, 0x00, 0x00, 0x00, 0x00,
	0x00, 0x00, 0x00, 0x00, 0x00, 0x00, 0x00, 0x00,
	0x00, 0x00, 0x00, 0x00, 0x00, 0x00, 0x00, 0x00,
	0x00, 0x00, 0x00, 0x00, 0x00, 0x00, 0x00, 0x00,
	0x00, 0x00, 0x00, 0x00, 0x00, 0x00, 0x00, 0x00,
	0x00, 0x00, 0x00, 0x00, 0x00, 0x00, 0x00, 0x00,
	0x00, 0x00, 0x00, 0x00, 0x00, 0x00, 0x00, 0x00,
	0x00, 0x00, 0x00, 0x00, 0x00, 0x00, 0x00, 0x00,
	0x00, 0x00, 0x00, 0x00, 0x00, 0x00, 0x00, 0x00,
	0x00, 0x00, 0x00, 0x00, 0x00, 0x00, 0x00, 0x00,
	0x00, 0x00, 0x00, 0x00, 0x00, 0x00, 0x00, 0x00,
	0x00, 0x00, 0x00, 0x00, 0x00, 0x00, 0x00, 0x00,
	0x00, 0x00, 0x00, 0x00, 0x00, 0x00, 0x00, 0x00,
	0x00, 0x00, 0x00, 0x00, 0x00, 0x00, 0x00, 0x00,
	0x00, 0x00, 0x00, 0x00, 0x00, 0x00, 0x00, 0x00,
	0x00, 0x00, 0x00, 0x00, 0x00, 0x00, 0x00, 0x00,
	0x00, 0x00, 0x00, 0x00, 0x00, 0x00, 0x00, 0x00,
	0x00, 0x00, 0x00, 0x00, 0x00, 0x00, 0x00, 0x00,
	0x00, 0x00, 0x00, 0x00, 0x00, 0x00, 0x00, 0x00,
	0x00, 0x00, 0x00, 0x00, 0x00, 0x00, 0x00, 0x00,
	0x00, 0x00, 0x00, 0x00, 0x00, 0x00, 0x00, 0x00,
	0x00, 0x00, 0x00, 0x00, 0x00, 0x00, 0x00, 0x00,
	0x00, 0x00, 0x00, 0x00, 0x00, 0x00, 0x00, 0x00,
	0x00, 0x00, 0x00, 0x00, 0x00, 0x00, 0x00, 0x00,
	0x00, 0x00, 0x00, 0x00, 0x00, 0x00, 0x00, 0x00,
	0x00, 0x00, 0x00, 0x00, 0x00, 0x00, 0x00, 0x00,
	0x00, 0x00, 0x00, 0x00, 0x00, 0x00, 0x00, 0x00,
	0x00, 0x00, 0x00, 0x00, 0x00, 0x00, 0x00, 0x00,
	0x00, 0x00, 0x00, 0x00, 0x00, 0x00, 0x00, 0x00,
	0x00, 0x00, 0x00, 0x00, 0x00, 0x00, 0x00, 0x00,
	0x00, 0x00, 0x00, 0x00, 0x00, 0x00, 0x00, 0x00,
	0x00, 0x00, 0x00, 0x00, 0x00, 0x00, 0x00, 0x00,
	0x00, 0x00, 0x00, 0x00, 0x00, 0x00, 0x00, 0x00,
	0x00, 0x00, 0x00, 0x00, 0x00, 0x00, 0x00, 0x00,
	0x00, 0x00, 0x00, 0x00, 0x00, 0x00, 0x00, 0x00,
	0x00, 0x00, 0x00, 0x00, 0x00, 0x00, 0x00, 0x00,
	0x00, 0x00, 0x00, 0x00, 0x00, 0x00, 0x00, 0x00,
	0x00, 0x00, 0x00, 0x00, 0x00, 0x00, 0x00, 0x00,
	0x00, 0x00, 0x00, 0x00, 0x00, 0x00, 0x00, 0x00,
	0x00, 0x00, 0x00, 0x00, 0x00, 0x00, 0x00, 0x00,
	0x00, 0x00, 0x00, 0x00, 0x00, 0x00, 0x00, 0x00,
	0x00, 0x00, 0x00, 0x00, 0x00, 0x00, 0x00, 0x00,
	0x00, 0x00, 0x00, 0x00, 0x00, 0x00, 0x00, 0x00,
	0x00, 0x00, 0x00, 0x00, 0x00, 0x00, 0x00, 0x00,
	0x00, 0x00, 0x00, 0x00, 0x00, 0x00, 0x00, 0x00,
	0x00, 0x00, 0x00, 0x00, 0x00, 0x00, 0x00, 0x00,
	0x00, 0x00, 0x00, 0x00, 0x00, 0x00, 0x00, 0x00,
	0x00, 0x00, 0x00, 0x00, 0x00, 0x00, 0x00, 0x00,
	0x00, 0x00, 0x00, 0x00, 0x00, 0x00, 0x00, 0x00,
	0x00, 0x00, 0x00, 0x00, 0x00, 0x00, 0x00, 0x00,
	0x00, 0x00, 0x00, 0x00, 0x00, 0x00, 0x00, 0x00,
	0x00, 0x00, 0x00, 0x00, 0x00, 0x00, 0x00, 0x00,
	0x00, 0x00, 0x00, 0x00, 0x00, 0x00, 0x00, 0x00,
	0x00, 0x00, 0x00, 0x00, 0x00, 0x00, 0x00, 0x00,
	0x00, 0x00, 0x00, 0x00, 0x00, 0x00, 0x00, 0x00,
	0x00, 0x00, 0x00, 0x00, 0x00, 0x00, 0x00, 0x00,
	0x00, 0x00, 0x00, 0x00, 0x00, 0x00, 0x00, 0x00,
	0x00, 0x00, 0x00, 0x00, 0x00, 0x00, 0x00, 0x00,
	0x00, 0x00, 0x00, 0x00, 0x00, 0x00, 0x00, 0x00,
	0x00, 0x00, 0x00, 0x00, 0x00, 0x00, 0x00, 0x00,
	0x00, 0x00, 0x00, 0x00, 0x00, 0x00, 0x00, 0x00,
	0x00, 0x00, 0x00, 0x00, 0x00, 0x00, 0x00, 0x00,
	0x00, 0x00, 0x00, 0x00, 0x00, 0x00, 0x00, 0x00,
	0x00, 0x00, 0x00, 0x00, 0x00, 0x00, 0x00, 0x00,
	0x00, 0x00, 0x00, 0x00, 0x00, 0x00, 0x00, 0x00,
	0x00, 0x00, 0x00, 0x00, 0x00, 0x00, 0x00, 0x00,
	0x00, 0x00, 0x00, 0x00, 0x00, 0x00, 0x00, 0x00,
	0x00, 0x00, 0x00, 0x00, 0x00, 0x00, 0x00, 0x00,
	0x00, 0x00, 0x00, 0x00, 0x00, 0x00, 0x00, 0x00,
	0x00, 0x00, 0x00, 0x00, 0x00, 0x00, 0x00, 0x00,
	0x00, 0x00, 0x00, 0x00, 0x00, 0x00, 0x00, 0x00,
	0x00, 0x00, 0x00, 0x00, 0x00, 0x00, 0x00, 0x00,
	0x00, 0x00, 0x00, 0x00, 0x00, 0x00, 0x00, 0x00,
	0x00, 0x00, 0x00, 0x00, 0x00, 0x00, 0x00, 0x00,
	0x00, 0x00, 0x00, 0x00, 0x00, 0x00, 0x00, 0x00,
	0x00, 0x00, 0x00, 0x00, 0x00, 0x00, 0x00, 0x00,
	0x00, 0x00, 0x00, 0x00, 0x00, 0x00, 0x00, 0x00,
	0x00, 0x00, 0x00, 0x00, 0x00, 0x00, 0x00, 0x00,
	0x00, 0x00, 0x00, 0x00, 0x00, 0x00, 0x00, 0x00,
	0x00, 0x00, 0x00, 0x00, 0x00, 0x00, 0x00, 0x00,
	0x00, 0x00, 0x00, 0x00, 0x00, 0x00, 0x00, 0x00,
	0x00, 0x00, 0x00, 0x00, 0x00, 0x00, 0x00, 0x00,
	0x00, 0x00, 0x00, 0x00, 0x00, 0x00, 0x00, 0x00,
	0x00, 0x00, 0x00, 0x00, 0x00, 0x00, 0x00, 0x00,
	0x00, 0x00, 0x00, 0x00, 0x00, 0x00, 0x00, 0x00,
	0x00, 0x00, 0x00, 0x00, 0x00, 0x00, 0x00, 0x00,
	0x00, 0x00, 0x00, 0x00, 0x00, 0x00, 0x00, 0x00,
	0x00, 0x00, 0x00, 0x00, 0x00, 0x00, 0x00, 0x00,
	0x00, 0x00, 0x00, 0x00, 0x00, 0x00, 0x00, 0x00,
	0x00, 0x00, 0x00, 0x00, 0x00, 0x00, 0x00, 0x00,
	0x00, 0x00, 0x00, 0x00, 0x00, 0x00, 0x00, 0x00,
	0x00, 0x00, 0x00, 0x00, 0x00, 0x00, 0x00, 0x00,
	0x00, 0x00, 0x00, 0x00, 0x00, 0x00, 0x00, 0x00,
	0x00, 0x00, 0x00, 0x00, 0x00, 0x00, 0x00, 0x00,
	0x00, 0x00, 0x00, 0x00, 0x00, 0x00, 0x00, 0x00,
	0x00, 0x00, 0x00, 0x00, 0x00, 0x00, 0x00, 0x00,
	0x00, 0x00, 0x00, 0x00, 0x00, 0x00, 0x00, 0x00,
	0x00, 0x00, 0x00, 0x00, 0x00, 0x00, 0x00, 0x00,
	0x00, 0x00, 0x00, 0x00, 0x00, 0x00, 0x00, 0x00,
	0x00, 0x00, 0x00, 0x00, 0x00, 0x00, 0x00, 0x00,
	0x00, 0x00, 0x00, 0x00, 0x00, 0x00, 0x00, 0x00,
	0x00, 0x00, 0x00, 0x00, 0x00, 0x00, 0x00, 0x00,
	0x00, 0x00, 0x00, 0x00, 0x00, 0x00, 0x00, 0x00,
	0x00, 0x00, 0x00, 0x00, 0x00, 0x00, 0x00, 0x00,
	0x00, 0x00, 0x00, 0x00, 0x00, 0x00, 0x00, 0x00,
	0x00, 0x00, 0x00, 0x00, 0x00, 0x00, 0x00, 0x00,
	0x00, 0x00, 0x00, 0x00, 0x00, 0x00, 0x00, 0x00,
	0x00, 0x00, 0x00, 0x00, 0x00, 0x00, 0x00, 0x00,
	0x00, 0x00, 0x00, 0x00, 0x00, 0x00, 0x00, 0x00,
	0x00, 0x00, 0x00, 0x00, 0x00, 0x00, 0x00, 0x00,
	0x00, 0x00, 0x00, 0x00, 0x00, 0x00, 0x00, 0x00,
	0x00, 0x00, 0x00, 0x00, 0x00, 0x00, 0x00, 0x00,
	0x00, 0x00, 0x00, 0x00, 0x00, 0x00, 0x00, 0x00,
	0x00, 0x00, 0x00, 0x00, 0x00, 0x00, 0x00, 0x00,
	0x00, 0x00, 0x00, 0x00, 0x00, 0x00, 0x00, 0x00,
	0x00, 0x00, 0x00, 0x00, 0x00, 0x00, 0x00, 0x00,
	0x00, 0x00, 0x00, 0x00, 0x00, 0x00, 0x00, 0x00,
	0x00, 0x00, 0x00, 0x00, 0x00, 0x00, 0x00, 0x00,
	0x00, 0x00, 0x00, 0x00, 0x00, 0x00, 0x00, 0x00,
	0x00, 0x00, 0x00, 0x00, 0x00, 0x00, 0x00, 0x00,
	0x00, 0x00, 0x00, 0x00, 0x00, 0x00, 0x00, 0x00,
	0x00, 0x00, 0x00, 0x00, 0x00, 0x00, 0x00, 0x00,
	0x00, 0x00, 0x00, 0x00, 0x00, 0x00, 0x00, 0x00,
	0x00, 0x00, 0x00, 0x00, 0x00, 0x00, 0x00, 0x00,
	0x00, 0x00, 0x00, 0x00, 0x00, 0x00, 0x00, 0x00,
	0x00, 0x00, 0x00, 0x00, 0x00, 0x00, 0x00, 0x00,
	0x00, 0x00, 0x00, 0x00, 0x00, 0x00, 0x00, 0x00,
	0x00, 0x00, 0x00, 0x00, 0x00, 0x00, 0x00, 0x00,
	0x00, 0x00, 0x00, 0x00, 0x00, 0x00, 0x00, 0x00,
	0x00, 0x00, 0x00, 0x00, 0x00, 0x00, 0x00, 0x00,
	0x00, 0x00, 0x00, 0x00, 0x00, 0x00, 0x00, 0x00,
	0x00, 0x00, 0x00, 0x00, 0x00, 0x00, 0x00, 0x00,
	0x00, 0x00, 0x00, 0x00, 0x00, 0x00, 0x00, 0x00,
	0x00, 0x00, 0x00, 0x00, 0x00, 0x00, 0x00, 0x00,
	0x00, 0x00, 0x00, 0x00, 0x00, 0x00, 0x00, 0x00,
	0x00, 0x00, 0x00, 0x00, 0x00, 0x00, 0x00, 0x00,
	0x00, 0x00, 0x00, 0x00, 0x00, 0x00, 0x00, 0x00,
	0x00, 0x00, 0x00, 0x00, 0x00, 0x00, 0x00, 0x00,
	0x00, 0x00, 0x00, 0x00, 0x00, 0x00, 0x00, 0x00,
	0x00, 0x00, 0x00, 0x00, 0x00, 0x00, 0x00, 0x00,
	0x00, 0x00, 0x00, 0x00, 0x00, 0x00, 0x00, 0x00,
	0x00, 0x00, 0x00, 0x00, 0x00, 0x00, 0x00, 0x00,
	0x00, 0x00, 0x00, 0x00, 0x00, 0x00, 0x00, 0x00,
	0x00, 0x00, 0x00, 0x00, 0x00, 0x00, 0x00, 0x00,
	0x00, 0x00, 0x00, 0x00, 0x00, 0x00, 0x00, 0x00,
	0x00, 0x00, 0x00, 0x00, 0x00, 0x00, 0x00, 0x00,
	0x00, 0x00, 0x00, 0x00, 0x00, 0x00, 0x00, 0x00,
	0x00, 0x00, 0x00, 0x00, 0x00, 0x00, 0x00, 0x00,
	0x00, 0x00, 0x00, 0x00, 0x00, 0x00, 0x00, 0x00,
	0x00, 0x00, 0x00, 0x00, 0x00, 0x00, 0x00, 0x00,
	0x00, 0x00, 0x00, 0x00, 0x00, 0x00, 0x00, 0x00,
	0x00, 0x00, 0x00, 0x00, 0x00, 0x00, 0x00, 0x00,
	0x00, 0x00, 0x00, 0x00, 0x00, 0x00, 0x00, 0x00,
	0x00, 0x00, 0x00, 0x00, 0x00, 0x00, 0x00, 0x00,
	0x00, 0x00, 0x00, 0x00, 0x00, 0x00, 0x00, 0x00,
	0x00, 0x00, 0x00, 0x00, 0x00, 0x00, 0x00, 0x00,
	0x00, 0x00, 0x00, 0x00, 0x00, 0x00, 0x00, 0x00,
	0x00, 0x00, 0x00, 0x00, 0x00, 0x00, 0x00, 0x00,
	0x00, 0x00, 0x00, 0x00, 0x00, 0x00, 0x00, 0x00,
	0x00, 0x00, 0x00, 0x00, 0x00, 0x00, 0x00, 0x00,
	0x00, 0x00, 0x00, 0x00, 0x00, 0x00, 0x00, 0x00,
	0x00, 0x00, 0x00, 0x00, 0x00, 0x00, 0x00, 0x00,
	0x00, 0x00, 0x00, 0x00, 0x00, 0x00, 0x00, 0x00,
	0x00, 0x00, 0x00, 0x00, 0x00, 0x00, 0x00, 0x00,
	0x00, 0x00, 0x00, 0x00, 0x00, 0x00, 0x00, 0x00,
	0x00, 0x00, 0x00, 0x00, 0x00, 0x00, 0x00, 0x00,
	0x00, 0x00, 0x00, 0x00, 0x00, 0x00, 0x00, 0x00,
	0x00, 0x00, 0x00, 0x00, 0x00, 0x00, 0x00, 0x00,
	0x00, 0x00, 0x00, 0x00, 0x00, 0x00, 0x00, 0x00,
	0x00, 0x00, 0x00, 0x00, 0x00, 0x00, 0x00, 0x00,
	0x00, 0x00, 0x00, 0x00, 0x00, 0x00, 0x00, 0x00,
	0x00, 0x00, 0x00, 0x00, 0x00, 0x00, 0x00, 0x00,
	0x00, 0x00, 0x00, 0x00, 0x00, 0x00, 0x00, 0x00,
	0x00, 0x00, 0x00, 0x00, 0x00, 0x00, 0x00, 0x00,
	0x00, 0x00, 0x00, 0x00, 0x00, 0x00, 0x00, 0x00,
	0x00, 0x00, 0x00, 0x00, 0x00, 0x00, 0x00, 0x00,
	0x00, 0x00, 0x00, 0x00, 0x00, 0x00, 0x00, 0x00,
	0x00, 0x00, 0x00, 0x00, 0x00, 0x00, 0x00, 0x00,
	0x00, 0x00, 0x00, 0x00, 0x00, 0x00, 0x00, 0x00,
	0x00, 0x00, 0x00, 0x00, 0x00, 0x00, 0x00, 0x00,
	0x00, 0x00, 0x00, 0x00, 0x00, 0x00, 0x00, 0x00,
	0x00, 0x00, 0x00, 0x00, 0x00, 0x00, 0x00, 0x00,
	0x00, 0x00, 0x00, 0x00, 0x00, 0x00, 0x00, 0x00,
	0x00, 0x00, 0x00, 0x00, 0x00, 0x00, 0x00, 0x00,
	0x00, 0x00, 0x00, 0x00, 0x00, 0x00, 0x00, 0x00,
	0x00, 0x00, 0x00, 0x00, 0x00, 0x00, 0x00, 0x00,
	0x00, 0x00, 0x00, 0x00, 0x00, 0x00, 0x00, 0x00,
	0x00, 0x00, 0x00, 0x00, 0x00, 0x00, 0x00, 0x00,
	0x00, 0x00, 0x00, 0x00, 0x00, 0x00, 0x00, 0x00,
	0x00, 0x00, 0x00, 0x00, 0x00, 0x00, 0x00, 0x00,
	0x00, 0x00, 0x00, 0x00, 0x00, 0x00, 0x00, 0x00,
	0x00, 0x00, 0x00, 0x00, 0x00, 0x00, 0x00, 0x00,
	0x00, 0x00, 0x00, 0x00, 0x00, 0x00, 0x00, 0x00,
	0x00, 0x00, 0x00, 0x00, 0x00, 0x00, 0x00, 0x00,
	0x00, 0x00, 0x00, 0x00, 0x00, 0x00, 0x00, 0x00,
	0x00, 0x00, 0x00, 0x00, 0x00, 0x00, 0x00, 0x00,
	0x00, 0x00, 0x00, 0x00, 0x00, 0x00, 0x00, 0x00,
	0x00, 0x00, 0x00, 0x00, 0x00, 0x00, 0x00, 0x00,
	0x00, 0x00, 0x00, 0x00, 0x00, 0x00, 0x00, 0x00,
	0x00, 0x00, 0x00, 0x00, 0x00, 0x00, 0x00, 0x00,
	0x00, 0x00, 0x00, 0x00, 0x00, 0x00, 0x00, 0x00,
	0x00, 0x00, 0x00, 0x00, 0x00, 0x00, 0x00, 0x00,
	0x00, 0x00, 0x00, 0x00, 0x00, 0x00, 0x00, 0x00,
	0x00, 0x00, 0x00, 0x00, 0x00, 0x00, 0x00, 0x00,
	0x00, 0x00, 0x00, 0x00, 0x00, 0x00, 0x00, 0x00,
	0x00, 0x00, 0x00, 0x00, 0x00, 0x00, 0x00, 0x00,
	0x00, 0x00, 0x00, 0x00, 0x00, 0x00, 0x00, 0x00,
	0x00, 0x00, 0x00, 0x00, 0x00, 0x00, 0x00, 0x00,
	0x00, 0x00, 0x00, 0x00, 0x00, 0x00, 0x00, 0x00,
	0x00, 0x00, 0x00, 0x00, 0x00, 0x00, 0x00, 0x00,
	0x00, 0x00, 0x00, 0x00, 0x00, 0x00, 0x00, 0x00,
	0x00, 0x00, 0x00, 0x00, 0x00, 0x00, 0x00, 0x00,
	0x00, 0x00, 0x00, 0x00, 0x00, 0x00, 0x00, 0x00,
	0x00, 0x00, 0x00, 0x00, 0x00, 0x00, 0x00, 0x00,
	0x00, 0x00, 0x00, 0x00, 0x00, 0x00, 0x00, 0x00,
	0x00, 0x00, 0x00, 0x00, 0x00, 0x00, 0x00, 0x00,
	0x00, 0x00, 0x00, 0x00, 0x00, 0x00, 0x00, 0x00,
	0x00, 0x00, 0x00, 0x00, 0x00, 0x00, 0x00, 0x00,
	0x00, 0x00, 0x00, 0x00, 0x00, 0x00, 0x00, 0x00,
	0x00, 0x00, 0x00, 0x00, 0x00, 0x00, 0x00, 0x00,
	0x00, 0x00, 0x00, 0x00, 0x00, 0x00, 0x00, 0x00,
	0x00, 0x00, 0x00, 0x00, 0x00, 0x00, 0x00, 0x00,
	0x00, 0x00, 0x00, 0x00, 0x00, 0x00, 0x00, 0x00,
	0x00, 0x00, 0x00, 0x00, 0x00, 0x00, 0x00, 0x00,
	0x00, 0x00, 0x00, 0x00, 0x00, 0x00, 0x00, 0x00,
	0x00, 0x00, 0x00, 0x00, 0x00, 0x00, 0x00, 0x00,
	0x00, 0x00, 0x00, 0x00, 0x00, 0x00, 0x00, 0x00,
	0x00, 0x00, 0x00, 0x00, 0x00, 0x00, 0x00, 0x00,
	0x00, 0x00, 0x00, 0x00, 0x00, 0x00, 0x00, 0x00,
	0x00, 0x00, 0x00, 0x00, 0x00, 0x00, 0x00, 0x00,
	0x00, 0x00, 0x00, 0x00, 0x00, 0x00, 0x00, 0x00,
	0x00, 0x00, 0x00, 0x00, 0x00, 0x00, 0x00, 0x00,
	0x00, 0x00, 0x00, 0x00, 0x00, 0x00, 0x00, 0x00,
	0x00, 0x00, 0x00, 0x00, 0x00, 0x00, 0x00, 0x00,
	0x00, 0x00, 0x00, 0x00, 0x00, 0x00, 0x00, 0x00,
	0x00, 0x00, 0x00, 0x00, 0x00, 0x00, 0x00, 0x00,
	0x00, 0x00, 0x00, 0x00, 0x00, 0x00, 0x00, 0x00,
	0x00, 0x00, 0x00, 0x00, 0x00, 0x00, 0x00, 0x00,
	0x00, 0x00, 0x00, 0x00, 0x00, 0x00, 0x00, 0x00,
	0x00, 0x00, 0x00, 0x00, 0x00, 0x00, 0x00, 0x00,
	0x00, 0x00, 0x00, 0x00, 0x00, 0x00, 0x00, 0x00,
	0x00, 0x00, 0x00, 0x00, 0x00, 0x00, 0x00, 0x00,
	0x00, 0x00, 0x00, 0x00, 0x00, 0x00, 0x00, 0x00,
	0x00, 0x00, 0x00, 0x00, 0x00, 0x00, 0x00, 0x00,
	0x00, 0x00, 0x00, 0x00, 0x00, 0x00, 0x00, 0x00,
	0x00, 0x00, 0x00, 0x00, 0x00, 0x00, 0x00, 0x00,
	0x00, 0x00, 0x00, 0x00, 0x00, 0x00, 0x00, 0x00,
	0x00, 0x00, 0x00, 0x00, 0x00, 0x00, 0x00, 0x00,
	0x00, 0x00, 0x00, 0x00, 0x00, 0x00, 0x00, 0x00,
	0x00, 0x00, 0x00, 0x00, 0x00, 0x00, 0x00, 0x00,
	0x00, 0x00, 0x00, 0x00, 0x00, 0x00, 0x00, 0x00,
	0x00, 0x00, 0x00, 0x00, 0x00, 0x00, 0x00, 0x00,
	0x00, 0x00, 0x00, 0x00, 0x00, 0x00, 0x00, 0x00,
	0x00, 0x00, 0x00, 0x00, 0x00, 0x00, 0x00, 0x00,
	0x00, 0x00, 0x00, 0x00, 0x00, 0x00, 0x00, 0x00,
	0x00, 0x00, 0x00, 0x00, 0x00, 0x00, 0x00, 0x00,
	0x00, 0x00, 0x00, 0x00, 0x00, 0x00, 0x00, 0x00,
	0x00, 0x00, 0x00, 0x00, 0x00, 0x00, 0x00, 0x00,
	0x00, 0x00, 0x00, 0x00, 0x00, 0x00, 0x00, 0x00,
	0x00, 0x00, 0x00, 0x00, 0x00, 0x00, 0x00, 0x00,
	0x00, 0x00, 0x00, 0x00, 0x00, 0x00, 0x00, 0x00,
	0x00, 0x00, 0x00, 0x00, 0x00, 0x00, 0x00, 0x00,
	0x00, 0x00, 0x00, 0x00, 0x00, 0x00, 0x00, 0x00,
	0x00, 0x00, 0x00, 0x00, 0x00, 0x00, 0x00, 0x00,
	0x00, 0x00, 0x00, 0x00, 0x00, 0x00, 0x00, 0x00,
	0x00, 0x00, 0x00, 0x00, 0x00, 0x00, 0x00, 0x00,
	0x00, 0x00, 0x00, 0x00, 0x00, 0x00, 0x00, 0x00,
	0x00, 0x00, 0x00, 0x00, 0x00, 0x00, 0x00, 0x00,
	0x00, 0x00, 0x00, 0x00, 0x00, 0x00, 0x00, 0x00,
	0x00, 0x00, 0x00, 0x00, 0x00, 0x00, 0x00, 0x00,
	0x00, 0x00, 0x00, 0x00, 0x00, 0x00, 0x00, 0x00,
	0x00, 0x00, 0x00, 0x00, 0x00, 0x00, 0x00, 0x00,
	0x00, 0x00, 0x00, 0x00, 0x00, 0x00, 0x00, 0x00,
	0x00, 0x00, 0x00, 0x00, 0x00, 0x00, 0x00, 0x00,
	0x00, 0x00, 0x00, 0x00, 0x00, 0x00, 0x00, 0x00,
	0x00, 0x00, 0x00, 0x00, 0x00, 0x00, 0x00, 0x00,
	0x00, 0x00, 0x00, 0x00, 0x00, 0x00, 0x00, 0x00,
	0x00, 0x00, 0x00, 0x00, 0x00, 0x00, 0x00, 0x00,
	0x00, 0x00, 0x00, 0x00, 0x00, 0x00, 0x00, 0x00,
	0x00, 0x00, 0x00, 0x00, 0x00, 0x00, 0x00, 0x00,
	0x00, 0x00, 0x00, 0x00, 0x00, 0x00, 0x00, 0x00,
	0x00, 0x00, 0x00, 0x00, 0x00, 0x00, 0x00, 0x00,
	0x00, 0x00, 0x00, 0x00, 0x00, 0x00, 0x00, 0x00,
	0x00, 0x00, 0x00, 0x00, 0x00, 0x00, 0x00, 0x00,
	0x00, 0x00, 0x00, 0x00, 0x00, 0x00, 0x00, 0x00,
	0x00, 0x00, 0x00, 0x00, 0x00, 0x00, 0x00, 0x00,
	0x00, 0x00, 0x00, 0x00, 0x00, 0x00, 0x00, 0x00,
	0x00, 0x00, 0x00, 0x00, 0x00, 0x00, 0x00, 0x00,
	0x00, 0x00, 0x00, 0x00, 0x00, 0x00, 0x00, 0x00,
	0x00, 0x00, 0x00, 0x00, 0x00, 0x00, 0x00, 0x00,
	0x00, 0x00, 0x00, 0x00, 0x00, 0x00, 0x00, 0x00,
	0x00, 0x00, 0x00, 0x00, 0x00, 0x00, 0x00, 0x00,
	0x00, 0x00, 0x00, 0x00, 0x00, 0x00, 0x00, 0x00,
	0x00, 0x00, 0x00, 0x00, 0x00, 0x00, 0x00, 0x00,
	0x00, 0x00, 0x00, 0x00, 0x00, 0x00, 0x00, 0x00,
	0x00, 0x00, 0x00, 0x00, 0x00, 0x00, 0x00, 0x00,
	0x00, 0x00, 0x00, 0x00, 0x00, 0x00, 0x00, 0x00,
	0x00, 0x00, 0x00, 0x00, 0x00, 0x00, 0x00, 0x00,
	0x00, 0x00, 0x00, 0x00, 0x00, 0x00, 0x00, 0x00,
	0x00, 0x00, 0x00, 0x00, 0x00, 0x00, 0x00, 0x00,
	0x00, 0x00, 0x00, 0x00, 0x00, 0x00, 0x00, 0x00,
	0x00, 0x00, 0x00, 0x00, 0x00, 0x00, 0x00, 0x00,
	0x00, 0x00, 0x00, 0x00, 0x00, 0x00, 0x00, 0x00,
	0x00, 0x00, 0x00, 0x00, 0x00, 0x00, 0x00, 0x00,
	0x00, 0x00, 0x00, 0x00, 0x00, 0x00, 0x00, 0x00,
	0x00, 0x00, 0x00, 0x00, 0x00, 0x00, 0x00, 0x00,
	0x00, 0x00, 0x00, 0x00, 0x00, 0x00, 0x00, 0x00,
	0x00, 0x00, 0x00, 0x00, 0x00, 0x00, 0x00, 0x00,
	0x00, 0x00, 0x00, 0x00, 0x00, 0x00, 0x00, 0x00,
	0x00, 0x00, 0x00, 0x00, 0x00, 0x00, 0x00, 0x00,
	0x00, 0x00, 0x00, 0x00, 0x00, 0x00, 0x00, 0x00,
	0x00, 0x00, 0x00, 0x00, 0x00, 0x00, 0x00, 0x00,
	0x00, 0x00, 0x00, 0x00, 0x00, 0x00, 0x00, 0x00,
	0x00, 0x00, 0x00, 0x00, 0x00, 0x00, 0x00, 0x00,
	0x00, 0x00, 0x00, 0x00, 0x00, 0x00, 0x00, 0x00,
	0x00, 0x00, 0x00, 0x00, 0x00, 0x00, 0x00, 0x00,
	0x00, 0x00, 0x00, 0x00, 0x00, 0x00, 0x00, 0x00,
	0x00, 0x00, 0x00, 0x00, 0x00, 0x00, 0x00, 0x00,
	0x00, 0x00, 0x00, 0x00, 0x00, 0x00, 0x00, 0x00,
	0x00, 0x00, 0x00, 0x00, 0x00, 0x00, 0x00, 0x00,
	0x00, 0x00, 0x00, 0x00, 0x00, 0x00, 0x00, 0x00,
	0x00, 0x00, 0x00, 0x00, 0x00, 0x00, 0x00, 0x00,
	0x00, 0x00, 0x00, 0x00, 0x00, 0x00, 0x00, 0x00,
	0x00, 0x00, 0x00, 0x00, 0x00, 0x00, 0x00, 0x00,
	0x00, 0x00, 0x00, 0x00, 0x00, 0x00, 0x00, 0x00,
	0x00, 0x00, 0x00, 0x00, 0x00, 0x00, 0x00, 0x00,
	0x00, 0x00, 0x00, 0x00, 0x00, 0x00, 0x00, 0x00,
	0x00, 0x00, 0x00, 0x00, 0x00, 0x00, 0x00, 0x00,
	0x00, 0x00, 0x00, 0x00, 0x00, 0x00, 0x00, 0x00,
	0x00, 0x00, 0x00, 0x00, 0x00, 0x00, 0x00, 0x00,
	0x00, 0x00, 0x00, 0x00, 0x00, 0x00, 0x00, 0x00,
	0x00, 0x00, 0x00, 0x00, 0x00, 0x00, 0x00, 0x00,
	0x00, 0x00, 0x00, 0x00, 0x00, 0x00, 0x00, 0x00,
	0x00, 0x00, 0x00, 0x00, 0x00, 0x00, 0x00, 0x00,
	0x00, 0x00, 0x00, 0x00, 0x00, 0x00, 0x00, 0x00,
	0x00, 0x00, 0x00, 0x00, 0x00, 0x00, 0x00, 0x00,
	0x00, 0x00, 0x00, 0x00, 0x00, 0x00, 0x00, 0x00,
	0x00, 0x00, 0x00, 0x00, 0x00, 0x00, 0x00, 0x00,
	0x00, 0x00, 0x00, 0x00, 0x00, 0x00, 0x00, 0x00,
	0x00, 0x00, 0x00, 0x00, 0x00, 0x00, 0x00, 0x00,
	0x00, 0x00, 0x00, 0x00, 0x00, 0x00, 0x00, 0x00,
	0x00, 0x00, 0x00, 0x00, 0x00, 0x00, 0x00, 0x00,
	0x00, 0x00, 0x00, 0x00, 0x00, 0x00, 0x00, 0x00,
	0x00, 0x00, 0x00, 0x00, 0x00, 0x00, 0x00, 0x00,
	0x00, 0x00, 0x00, 0x00, 0x00, 0x00, 0x00, 0x00,
	0x00, 0x00, 0x00, 0x00, 0x00, 0x00, 0x00, 0x00,
	0x00, 0x00, 0x00, 0x00, 0x00, 0x00, 0x00, 0x00,
	0x00, 0x00, 0x00, 0x00, 0x00, 0x00, 0x00, 0x00,
	0x00, 0x00, 0x00, 0x00, 0x00, 0x00, 0x00, 0x00,
	0x00, 0x00, 0x00, 0x00, 0x00, 0x00, 0x00, 0x00,
	0x00, 0x00, 0x00, 0x00, 0x00, 0x00, 0x00, 0x00,
	0x00, 0x00, 0x00, 0x00, 0x00, 0x00, 0x00, 0x00,
	0x00, 0x00, 0x00, 0x00, 0x00, 0x00, 0x00, 0x00,
	0x00, 0x00, 0x00, 0x00, 0x00, 0x00, 0x00, 0x00,
	0x00, 0x00, 0x00, 0x00, 0x00, 0x00, 0x00, 0x00,
	0x00, 0x00, 0x00, 0x00, 0x00, 0x00, 0x00, 0x00,
	0x00, 0x00, 0x00, 0x00, 0x00, 0x00, 0x00, 0x00,
	0x00, 0x00, 0x00, 0x00, 0x00, 0x00, 0x00, 0x00,
	0x00, 0x00, 0x00, 0x00, 0x00, 0x00, 0x00, 0x00,
	0x00, 0x00, 0x00, 0x00, 0x00, 0x00, 0x00, 0x00,
	0x00, 0x00, 0x00, 0x00, 0x00, 0x00, 0x00, 0x00,
	0x00, 0x00, 0x00, 0x00, 0x00, 0x00, 0x00, 0x00,
	0x00, 0x00, 0x00, 0x00, 0x00, 0x00, 0x00, 0x00,
	0x00, 0x00, 0x00, 0x00, 0x00, 0x00, 0x00, 0x00,
	0x00, 0x00, 0x00, 0x00, 0x00, 0x00, 0x00, 0x00,
	0x00, 0x00, 0x00, 0x00, 0x00, 0x00, 0x00, 0x00,
	0x00, 0x00, 0x00, 0x00, 0x00, 0x00, 0x00, 0x00,
	0x00, 0x00, 0x00, 0x00, 0x00, 0x00, 0x00, 0x00,
	0x00, 0x00, 0x00, 0x00, 0x00, 0x00, 0x00, 0x00,
	0x00, 0x00, 0x00, 0x00, 0x00, 0x00, 0x00, 0x00,
	0x00, 0x00, 0x00, 0x00, 0x00, 0x00, 0x00, 0x00,
	0x00, 0x00, 0x00, 0x00, 0x00, 0x00, 0x00, 0x00,
	0x00, 0x00, 0x00, 0x00, 0x00, 0x00, 0x00, 0x00,
	0x00, 0x00, 0x00, 0x00, 0x00, 0x00, 0x00, 0x00,
	0x00, 0x00, 0x00, 0x00, 0x00, 0x00, 0x00, 0x00,
	0x00, 0x00, 0x00, 0x00, 0x00, 0x00, 0x00, 0x00,
	0x00, 0x00, 0x00, 0x00, 0x00, 0x00, 0x00, 0x00,
	0x00, 0x00, 0x00, 0x00, 0x00, 0x00, 0x00, 0x00,
	0x00, 0x00, 0x00, 0x00, 0x00, 0x00, 0x00, 0x00,
	0x00, 0x00, 0x00, 0x00, 0x00, 0x00, 0x00, 0x00,
	0x00, 0x00, 0x00, 0x00, 0x00, 0x00, 0x00, 0x00,
	0x00, 0x00, 0x00, 0x00, 0x00, 0x00, 0x00, 0x00,
	0x00, 0x00, 0x00, 0x00, 0x00, 0x00, 0x00, 0x00,
	0x00, 0x00, 0x00, 0x00, 0x00, 0x00, 0x00, 0x00,
	0x00, 0x00, 0x00, 0x00, 0x00, 0x00, 0x00, 0x00,
	0x00, 0x00, 0x00, 0x00, 0x00, 0x00, 0x00, 0x00,
	0x00, 0x00, 0x00, 0x00, 0x00, 0x00, 0x00, 0x00,
	0x00, 0x00, 0x00, 0x00, 0x00, 0x00, 0x00, 0x00,
	0x00, 0x00, 0x00, 0x00, 0x00, 0x00, 0x00, 0x00,
	0x00, 0x00, 0x00, 0x00, 0x00, 0x00, 0x00, 0x00,
	0x00, 0x00, 0x00, 0x00, 0x00, 0x00, 0x00, 0x00,
	0x00, 0x00, 0x00, 0x00, 0x00, 0x00, 0x00, 0x00,
	0x00, 0x00, 0x00, 0x00, 0x00, 0x00, 0x00, 0x00,
	0x00, 0x00, 0x00, 0x00, 0x00, 0x00, 0x00, 0x00,
	0x00, 0x00, 0x00, 0x00, 0x00, 0x00, 0x00, 0x00,
	0x00, 0x00, 0x00, 0x00, 0x00, 0x00, 0x00, 0x00,
	0x00, 0x00, 0x00, 0x00, 0x00, 0x00, 0x00, 0x00,
	0x00, 0x00, 0x00, 0x00, 0x00, 0x00, 0x00, 0x00,
	0x00, 0x00, 0x00, 0x00, 0x00, 0x00, 0x00, 0x00,
	0x00, 0x00, 0x00, 0x00, 0x00, 0x00, 0x00, 0x00,
	0x00, 0x00, 0x00, 0x00, 0x00, 0x00, 0x00, 0x00,
	0x00, 0x00, 0x00, 0x00, 0x00, 0x00, 0x00, 0x00,
	0x00, 0x00, 0x00, 0x00, 0x00, 0x00, 0x00, 0x00,
	0x00, 0x00, 0x00, 0x00, 0x00, 0x00, 0x00, 0x00,
	0x00, 0x00, 0x00, 0x00, 0x00, 0x00, 0x00, 0x00,
	0x00, 0x00, 0x00, 0x00, 0x00, 0x00, 0x00, 0x00,
	0x00, 0x00, 0x00, 0x00, 0x00, 0x00, 0x00, 0x00,
	0x00, 0x00, 0x00, 0x00, 0x00, 0x00, 0x00, 0x00,
	0x00, 0x00, 0x00, 0x00, 0x00, 0x00, 0x00, 0x00,
	0x00, 0x00, 0x00, 0x00, 0x00, 0x00, 0x00, 0x00,
	0x00, 0x00, 0x00, 0x00, 0x00, 0x00, 0x00, 0x00,
	0x00, 0x00, 0x00, 0x00, 0x00, 0x00, 0x00, 0x00,
	0x00, 0x00, 0x00, 0x00, 0x00, 0x00, 0x00, 0x00,
	0x00, 0x00, 0x00, 0x00, 0x00, 0x00, 0x00, 0x00,
	0x00, 0x00, 0x00, 0x00, 0x00, 0x00, 0x00, 0x00,
	0x00, 0x00, 0x00, 0x00, 0x00, 0x00, 0x00, 0x00,
	0x00, 0x00, 0x00, 0x00, 0x00, 0x00, 0x00, 0x00,
	0x00, 0x00, 0x00, 0x00, 0x00, 0x00, 0x00, 0x00,
	0x00, 0x00, 0x00, 0x00, 0x00, 0x00, 0x00, 0x00,
	0x00, 0x00, 0x00, 0x00, 0x00, 0x00, 0x00, 0x00,
	0x00, 0x00, 0x00, 0x00, 0x00, 0x00, 0x00, 0x00,
	0x00, 0x00, 0x00, 0x00, 0x00, 0x00, 0x00, 0x00,
	0x00, 0x00, 0x00, 0x00, 0x00, 0x00, 0x00, 0x00,
	0x00, 0x00, 0x00, 0x00, 0x00, 0x00, 0x00, 0x00,
	0x00, 0x00, 0x00, 0x00, 0x00, 0x00, 0x00, 0x00,
	0x00, 0x00, 0x00, 0x00, 0x00, 0x00, 0x00, 0x00,
	0x00, 0x00, 0x00, 0x00, 0x00, 0x00, 0x00, 0x00,
	0x00, 0x00, 0x00, 0x00, 0x00, 0x00, 0x00, 0x00,
	0x00, 0x00, 0x00, 0x00, 0x00, 0x00, 0x00, 0x00,
	0x00, 0x00, 0x00, 0x00, 0x00, 0x00, 0x00, 0x00,
	0x00, 0x00, 0x00, 0x00, 0x00, 0x00, 0x00, 0x00,
	0x00, 0x00, 0x00, 0x00, 0x00, 0x00, 0x00, 0x00,
	0x00, 0x00, 0x00, 0x00, 0x00, 0x00, 0x00, 0x00,
	0x00, 0x00, 0x00, 0x00, 0x00, 0x00, 0x00, 0x00,
	0x00, 0x00, 0x00, 0x00, 0x00, 0x00, 0x00, 0x00,
	0x00, 0x00, 0x00, 0x00, 0x00, 0x00, 0x00, 0x00,
	0x00, 0x00, 0x00, 0x00, 0x00, 0x00, 0x00, 0x00,
	0x00, 0x00, 0x00, 0x00, 0x00, 0x00, 0x00, 0x00,
	0x00, 0x00, 0x00, 0x00, 0x00, 0x00, 0x00, 0x00,
	0x00, 0x00, 0x00, 0x00, 0x00, 0x00, 0x00, 0x00,
	0x00, 0x00, 0x00, 0x00, 0x00, 0x00, 0x00, 0x00,
	0x00, 0x00, 0x00, 0x00, 0x00, 0x00, 0x00, 0x00,
	0x00, 0x00, 0x00, 0x00, 0x00, 0x00, 0x00, 0x00,
	0x00, 0x00, 0x00, 0x00, 0x00, 0x00, 0x00, 0x00,
	0x00, 0x00, 0x00, 0x00, 0x00, 0x00, 0x00, 0x00,
	0x00, 0x00, 0x00, 0x00, 0x00, 0x00, 0x00, 0x00,
	0x00, 0x00, 0x00, 0x00, 0x00, 0x00, 0x00, 0x00,
	0x00, 0x00, 0x00, 0x00, 0x00, 0x00, 0x00, 0x00,
	0x00, 0x00, 0x00, 0x00, 0x00, 0x00, 0x00, 0x00,
	0x00, 0x00, 0x00, 0x00, 0x00, 0x00, 0x00, 0x00,
	0x00, 0x00, 0x00, 0x00, 0x00, 0x00, 0x00, 0x00,
	0x00, 0x00, 0x00, 0x00, 0x00, 0x00, 0x00, 0x00,
	0x00, 0x00, 0x00, 0x00, 0x00, 0x00, 0x00, 0x00,
	0x00, 0x00, 0x00, 0x00, 0x00, 0x00, 0x00, 0x00,
	0x00, 0x00, 0x00, 0x00, 0x00, 0x00, 0x00, 0x00,
	0x00, 0x00, 0x00, 0x00, 0x00, 0x00, 0x00, 0x00,
	0x00, 0x00, 0x00, 0x00, 0x00, 0x00, 0x00, 0x00,
	0x00, 0x00, 0x00, 0x00, 0x00, 0x00, 0x00, 0x00,
	0x00, 0x00, 0x00, 0x00, 0x00, 0x00, 0x00, 0x00,
	0x00, 0x00, 0x00, 0x00, 0x00, 0x00, 0x00, 0x00,
	0x00, 0x00, 0x00, 0x00, 0x00, 0x00, 0x00, 0x00,
	0x00, 0x00, 0x00, 0x00, 0x00, 0x00, 0x00, 0x00,
	0x00, 0x00, 0x00, 0x00, 0x00, 0x00, 0x00, 0x00,
	0x00, 0x00, 0x00, 0x00, 0x00, 0x00, 0x00, 0x00,
	0x00, 0x00, 0x00, 0x00, 0x00, 0x00, 0x00, 0x00,
	0x00, 0x00, 0x00, 0x00, 0x00, 0x00, 0x00, 0x00,
	0x00, 0x00, 0x00, 0x00, 0x00, 0x00, 0x00, 0x00,
	0x00, 0x00, 0x00, 0x00, 0x00, 0x00, 0x00, 0x00,
	0x00, 0x00, 0x00, 0x00, 0x00, 0x00, 0x00, 0x00,
	0x00, 0x00, 0x00, 0x00, 0x00, 0x00, 0x00, 0x00,
	0x00, 0x00, 0x00, 0x00, 0x00, 0x00, 0x00, 0x00,
	0x00, 0x00, 0x00, 0x00, 0x00, 0x00, 0x00, 0x00,
	0x00, 0x00, 0x00, 0x00, 0x00, 0x00, 0x00, 0x00,
	0x00, 0x00, 0x00, 0x00, 0x00, 0x00, 0x00, 0x00,
	0x00, 0x00, 0x00, 0x00, 0x00, 0x00, 0x00, 0x00,
	0x00, 0x00, 0x00, 0x00, 0x00, 0x00, 0x00, 0x00,
	0x00, 0x00, 0x00, 0x00, 0x00, 0x00, 0x00, 0x00,
	0x00, 0x00, 0x00, 0x00, 0x00, 0x00, 0x00, 0x00,
	0x00, 0x00, 0x00, 0x00, 0x00, 0x00, 0x00, 0x00,
	0x00, 0x00, 0x00, 0x00, 0x00, 0x00, 0x00, 0x00,
	0x00, 0x00, 0x00, 0x00, 0x00, 0x00, 0x00, 0x00,
	0x00, 0x00, 0x00, 0x00, 0x00, 0x00, 0x00, 0x00,
	0x00, 0x00, 0x00, 0x00, 0x00, 0x00, 0x00, 0x00,
	0x00, 0x00, 0x00, 0x00, 0x00, 0x00, 0x00, 0x00,
	0x00, 0x00, 0x00, 0x00, 0x00, 0x00, 0x00, 0x00,
	0x00, 0x00, 0x00, 0x00, 0x00, 0x00, 0x00, 0x00,
	0x00, 0x00, 0x00, 0x00, 0x00, 0x00, 0x00, 0x00,
	0x00, 0x00, 0x00, 0x00, 0x00, 0x00, 0x00, 0x00,
	0x00, 0x00, 0x00, 0x00, 0x00, 0x00, 0x00, 0x00,
	0x00, 0x00, 0x00, 0x00, 0x00, 0x00, 0x00, 0x00,
	0x00, 0x00, 0x00, 0x00, 0x00, 0x00, 0x00, 0x00,
	0x00, 0x00, 0x00, 0x00, 0x00, 0x00, 0x00, 0x00,
	0x00, 0x00, 0x00, 0x00, 0x00, 0x00, 0x00, 0x00,
	0x00, 0x00, 0x00, 0x00, 0x00, 0x00, 0x00, 0x00,
	0x00, 0x00, 0x00, 0x00, 0x00, 0x00, 0x00, 0x00,
	0x00, 0x00, 0x00, 0x00, 0x00, 0x00, 0x00, 0x00,
	0x00, 0x00, 0x00, 0x00, 0x00, 0x00, 0x00, 0x00,
	0x00, 0x00, 0x00, 0x00, 0x00, 0x00, 0x00, 0x00,
	0x00, 0x00, 0x00, 0x00, 0x00, 0x00, 0x00, 0x00,
	0x00, 0x00, 0x00, 0x00, 0x00, 0x00, 0x00, 0x00,
	0x00, 0x00, 0x00, 0x00, 0x00, 0x00, 0x00, 0x00,
	0x00, 0x00, 0x00, 0x00, 0x00, 0x00, 0x00, 0x00,
	0x00, 0x00, 0x00, 0x00, 0x00, 0x00, 0x00, 0x00,
	0x00, 0x00, 0x00, 0x00, 0x00, 0x00, 0x00, 0x00,
	0x00, 0x00, 0x00, 0x00, 0x00, 0x00, 0x00, 0x00,
	0x00, 0x00, 0x00, 0x00, 0x00, 0x00, 0x00, 0x00,
	0x00, 0x00, 0x00, 0x00, 0x00, 0x00, 0x00, 0x00,
	0x00, 0x00, 0x00, 0x00, 0x00, 0x00, 0x00, 0x00,
	0x00, 0x00, 0x00, 0x00, 0x00, 0x00, 0x00, 0x00,
	0x00, 0x00, 0x00, 0x00, 0x00, 0x00, 0x00, 0x00,
	0x00, 0x00, 0x00, 0x00, 0x00, 0x00, 0x00, 0x00,
	0x00, 0x00, 0x00, 0x00, 0x00, 0x00, 0x00, 0x00,
	0x00, 0x00, 0x00, 0x00, 0x00, 0x00, 0x00, 0x00,
	0x00, 0x00, 0x00, 0x00, 0x00, 0x00, 0x00, 0x00,
	0x00, 0x00, 0x00, 0x00, 0x00, 0x00, 0x00, 0x00,
	0x00, 0x00, 0x00, 0x00, 0x00, 0x00, 0x00, 0x00,
	0x00, 0x00, 0x00, 0x00, 0x00, 0x00, 0x00, 0x00,
	0x00, 0x00, 0x00, 0x00, 0x00, 0x00, 0x00, 0x00,
	0x00, 0x00, 0x00, 0x00, 0x00, 0x00, 0x00, 0x00,
	0x00, 0x00, 0x00, 0x00, 0x00, 0x00, 0x00, 0x00,
	0x00, 0x00, 0x00, 0x00, 0x00, 0x00, 0x00, 0x00,
	0x00, 0x00, 0x00, 0x00, 0x00, 0x00, 0x00, 0x00,
	0x00, 0x00, 0x00, 0x00, 0x00, 0x00, 0x00, 0x00,
	0x00, 0x00, 0x00, 0x00, 0x00, 0x00, 0x00, 0x00,
	0x00, 0x00, 0x00, 0x00, 0x00, 0x00, 0x00, 0x00,
	0x00, 0x00, 0x00, 0x00, 0x00, 0x00, 0x00, 0x00,
	0x00, 0x00, 0x00, 0x00, 0x00, 0x00, 0x00, 0x00,
	0x00, 0x00, 0x00, 0x00, 0x00, 0x00, 0x00, 0x00,
	0x00, 0x00, 0x00, 0x00, 0x00, 0x00, 0x00, 0x00,
	0x00, 0x00, 0x00, 0x00, 0x00, 0x00, 0x00, 0x00,
	0x00, 0x00, 0x00, 0x00, 0x00, 0x00, 0x00, 0x00,
	0x00, 0x00, 0x00, 0x00, 0x00, 0x00, 0x00, 0x00,
	0x00, 0x00, 0x00, 0x00, 0x00, 0x00, 0x00, 0x00,
	0x00, 0x00, 0x00, 0x00, 0x00, 0x00, 0x00, 0x00,
	0x00, 0x00, 0x00, 0x00, 0x00, 0x00, 0x00, 0x00,
	0x00, 0x00, 0x00, 0x00, 0x00, 0x00, 0x00, 0x00,
	0x00, 0x00, 0x00, 0x00, 0x00, 0x00, 0x00, 0x00,
	0x00, 0x00, 0x00, 0x00, 0x00, 0x00, 0x00, 0x00,
	0x00, 0x00, 0x00, 0x00, 0x00, 0x00, 0x00, 0x00,
	0x00, 0x00, 0x00, 0x00, 0x00, 0x00, 0x00, 0x00,
	0x00, 0x00, 0x00, 0x00, 0x00, 0x00, 0x00, 0x00,
	0x00, 0x00, 0x00, 0x00, 0x00, 0x00, 0x00, 0x00,
	0x00, 0x00, 0x00, 0x00, 0x00, 0x00, 0x00, 0x00,
	0x00, 0x00, 0x00, 0x00, 0x00, 0x00, 0x00, 0x00,
	0x00, 0x00, 0x00, 0x00, 0x00, 0x00, 0x00, 0x00,
	0x00, 0x00, 0x00, 0x00, 0x00, 0x00, 0x00, 0x00,
	0x00, 0x00, 0x00, 0x00, 0x00, 0x00, 0x00, 0x00,
	0x00, 0x00, 0x00, 0x00, 0x00, 0x00, 0x00, 0x00,
	0x00, 0x00, 0x00, 0x00, 0x00, 0x00, 0x00, 0x00,
	0x00, 0x00, 0x00, 0x00, 0x00, 0x00, 0x00, 0x00,
	0x00, 0x00, 0x00, 0x00, 0x00, 0x00, 0x00, 0x00,
	0x00, 0x00, 0x00, 0x00, 0x00, 0x00, 0x00, 0x00,
	0x00, 0x00, 0x00, 0x00, 0x00, 0x00, 0x00, 0x00,
	0x00, 0x00, 0x00, 0x00, 0x00, 0x00, 0x00, 0x00,
	0x00, 0x00, 0x00, 0x00, 0x00, 0x00, 0x00, 0x00,
	0x00, 0x00, 0x00, 0x00, 0x00, 0x00, 0x00, 0x00,
	0x00, 0x00, 0x00, 0x00, 0x00, 0x00, 0x00, 0x00,
	0x00, 0x00, 0x00, 0x00, 0x00, 0x00, 0x00, 0x00,
	0x00, 0x00, 0x00, 0x00, 0x00, 0x00, 0x00, 0x00,
	0x00, 0x00, 0x00, 0x00, 0x00, 0x00, 0x00, 0x00,
	0x00, 0x00, 0x00, 0x00, 0x00, 0x00, 0x00, 0x00,
	0x00, 0x00, 0x00, 0x00, 0x00, 0x00, 0x00, 0x00,
	0x00, 0x00, 0x00, 0x00, 0x00, 0x00, 0x00, 0x00,
	0x00, 0x00, 0x00, 0x00, 0x00, 0x00, 0x00, 0x00,
	0x00, 0x00, 0x00, 0x00, 0x00, 0x00, 0x00, 0x00,
	0x00, 0x00, 0x00, 0x00, 0x00, 0x00, 0x00, 0x00,
	0x00, 0x00, 0x00, 0x00, 0x00, 0x00, 0x00, 0x00,
	0x00, 0x00, 0x00, 0x00, 0x00, 0x00, 0x00, 0x00,
	0x00, 0x00, 0x00, 0x00, 0x00, 0x00, 0x00, 0x00,
	0x00, 0x00, 0x00, 0x00, 0x00, 0x00, 0x00, 0x00,
	0x00, 0x00, 0x00, 0x00, 0x00, 0x00, 0x00, 0x00,
	0x00, 0x00, 0x00, 0x00, 0x00, 0x00, 0x00, 0x00,
	0x00, 0x00, 0x00, 0x00, 0x00, 0x00, 0x00, 0x00,
	0x00, 0x00, 0x00, 0x00, 0x00, 0x00, 0x00, 0x00,
	0x00, 0x00, 0x00, 0x00, 0x00, 0x00, 0x00, 0x00,
	0x00, 0x00, 0x00, 0x00, 0x00, 0x00, 0x00, 0x00,
	0x00, 0x00, 0x00, 0x00, 0x00, 0x00, 0x00, 0x00,
	0x00, 0x00, 0x00, 0x00, 0x00, 0x00, 0x00, 0x00,
	0x00, 0x00, 0x00, 0x00, 0x00, 0x00, 0x00, 0x00,
	0x00, 0x00, 0x00, 0x00, 0x00, 0x00, 0x00, 0x00,
	0x00, 0x00, 0x00, 0x00, 0x00, 0x00, 0x00, 0x00,
	0x00, 0x00, 0x00, 0x00, 0x00, 0x00, 0x00, 0x00,
	0x00, 0x00, 0x00, 0x00, 0x00, 0x00, 0x00, 0x00,
	0x00, 0x00, 0x00, 0x00, 0x00, 0x00, 0x00, 0x00,
	0x00, 0x00, 0x00, 0x00, 0x00, 0x00, 0x00, 0x00,
	0x00, 0x00, 0x00, 0x00, 0x00, 0x00, 0x00, 0x00,
	0x00, 0x00, 0x00, 0x00, 0x00, 0x00, 0x00, 0x00,
	0x00, 0x00, 0x00, 0x00, 0x00, 0x00, 0x00, 0x00,
	0x00, 0x00, 0x00, 0x00, 0x00, 0x00, 0x00, 0x00,
	0x00, 0x00, 0x00, 0x00, 0x00, 0x00, 0x00, 0x00,
	0x00, 0x00, 0x00, 0x00, 0x00, 0x00, 0x00, 0x00,
	0x00, 0x00, 0x00, 0x00, 0x00, 0x00, 0x00, 0x00,
	0x00, 0x00, 0x00, 0x00, 0x00, 0x00, 0x00, 0x00,
	0x00, 0x00, 0x00, 0x00, 0x00, 0x00, 0x00, 0x00,
	0x00, 0x00, 0x00, 0x00, 0x00, 0x00, 0x00, 0x00,
	0x00, 0x00, 0x00, 0x00, 0x00, 0x00, 0x00, 0x00,
	0x00, 0x00, 0x00, 0x00, 0x00, 0x00, 0x00, 0x00,
	0x00, 0x00, 0x00, 0x00, 0x00, 0x00, 0x00, 0x00,
	0x00, 0x00, 0x00, 0x00, 0x00, 0x00, 0x00, 0x00,
	0x00, 0x00, 0x00, 0x00, 0x00, 0x00, 0x00, 0x00,
	0x00, 0x00, 0x00, 0x00, 0x00, 0x00, 0x00, 0x00,
	0x00, 0x00, 0x00, 0x00, 0x00, 0x00, 0x00, 0x00,
	0x00, 0x00, 0x00, 0x00, 0x00, 0x00, 0x00, 0x00,
	0x00, 0x00, 0x00, 0x00, 0x00, 0x00, 0x00, 0x00,
	0x00, 0x00, 0x00, 0x00, 0x00, 0x00, 0x00, 0x00,
	0x00, 0x00, 0x00, 0x00, 0x00, 0x00, 0x00, 0x00,
	0x00, 0x00, 0x00, 0x00, 0x00, 0x00, 0x00, 0x00,
	0x00, 0x00, 0x00, 0x00, 0x00, 0x00, 0x00, 0x00,
	0x00, 0x00, 0x00, 0x00, 0x00, 0x00, 0x00, 0x00,
	0x00, 0x00, 0x00, 0x00, 0x00, 0x00, 0x00, 0x00,
	0x00, 0x00, 0x00, 0x00, 0x00, 0x00, 0x00, 0x00,
	0x00, 0x00, 0x00, 0x00, 0x00, 0x00, 0x00, 0x00,
	0x00, 0x00, 0x00, 0x00, 0x00, 0x00, 0x00, 0x00,
	0x00, 0x00, 0x00, 0x00, 0x00, 0x00, 0x00, 0x00,
	0x00, 0x00, 0x00, 0x00, 0x00, 0x00, 0x00, 0x00,
	0x00, 0x00, 0x00, 0x00, 0x00, 0x00, 0x00, 0x00,
	0x00, 0x00, 0x00, 0x00, 0x00, 0x00, 0x00, 0x00,
	0x00, 0x00, 0x00, 0x00, 0x00, 0x00, 0x00, 0x00,
	0x00, 0x00, 0x00, 0x00, 0x00, 0x00, 0x00, 0x00,
	0x00, 0x00, 0x00, 0x00, 0x00, 0x00, 0x00, 0x00,
	0x00, 0x00, 0x00, 0x00, 0x00, 0x00, 0x00, 0x00,
	0x00, 0x00, 0x00, 0x00, 0x00, 0x00, 0x00, 0x00,
	0x00, 0x00, 0x00, 0x00, 0x00, 0x00, 0x00, 0x00,
	0x00, 0x00, 0x00, 0x00, 0x00, 0x00, 0x00, 0x00,
	0x00, 0x00, 0x00, 0x00, 0x00, 0x00, 0x00, 0x00,
	0x00, 0x00, 0x00, 0x00, 0x00, 0x00, 0x00, 0x00,
	0x00, 0x00, 0x00, 0x00, 0x00, 0x00, 0x00, 0x00,
	0x00, 0x00, 0x00, 0x00, 0x00, 0x00, 0x00, 0x00,
	0x00, 0x00, 0x00, 0x00, 0x00, 0x00, 0x00, 0x00,
	0x00, 0x00, 0x00, 0x00, 0x00, 0x00, 0x00, 0x00,
	0x00, 0x00, 0x00, 0x00, 0x00, 0x00, 0x00, 0x00,
	0x00, 0x00, 0x00, 0x00, 0x00, 0x00, 0x00, 0x00,
	0x00, 0x00, 0x00, 0x00, 0x00, 0x00, 0x00, 0x00,
	0x00, 0x00, 0x00, 0x00, 0x00, 0x00, 0x00, 0x00,
	0x00, 0x00, 0x00, 0x00, 0x00, 0x00, 0x00, 0x00,
	0x00, 0x00, 0x00, 0x00, 0x00, 0x00, 0x00, 0x00,
	0x00, 0x00, 0x00, 0x00, 0x00, 0x00, 0x00, 0x00,
	0x00, 0x00, 0x00, 0x00, 0x00, 0x00, 0x00, 0x00,
	0x00, 0x00, 0x00, 0x00, 0x00, 0x00, 0x00, 0x00,
	0x00, 0x00, 0x00, 0x00, 0x00, 0x00, 0x00, 0x00,
	0x00, 0x00, 0x00, 0x00, 0x00, 0x00, 0x00, 0x00,
	0x00, 0x00, 0x00, 0x00, 0x00, 0x00, 0x00, 0x00,
	0x00, 0x00, 0x00, 0x00, 0x00, 0x00, 0x00, 0x00,
	0x00, 0x00, 0x00, 0x00, 0x00, 0x00, 0x00, 0x00,
	0x00, 0x00, 0x00, 0x00, 0x00, 0x00, 0x00, 0x00,
	0x00, 0x00, 0x00, 0x00, 0x00, 0x00, 0x00, 0x00,
	0x00, 0x00, 0x00, 0x00, 0x00, 0x00, 0x00, 0x00,
	0x00, 0x00, 0x00, 0x00, 0x00, 0x00, 0x00, 0x00,
	0x00, 0x00, 0x00, 0x00, 0x00, 0x00, 0x00, 0x00,
	0x00, 0x00, 0x00, 0x00, 0x00, 0x00, 0x00, 0x00,
	0x00, 0x00, 0x00, 0x00, 0x00, 0x00, 0x00, 0x00,
	0x00, 0x00, 0x00, 0x00, 0x00, 0x00, 0x00, 0x00,
	0x00, 0x00, 0x00, 0x00, 0x00, 0x00, 0x00, 0x00,
	0x00, 0x00, 0x00, 0x00, 0x00, 0x00, 0x00, 0x00,
	0x00, 0x00, 0x00, 0x00, 0x00, 0x00, 0x00, 0x00,
	0x00, 0x00, 0x00, 0x00, 0x00, 0x00, 0x00, 0x00,
	0x00, 0x00, 0x00, 0x00, 0x00, 0x00, 0x00, 0x00,
	0x00, 0x00, 0x00, 0x00, 0x00, 0x00, 0x00, 0x00,
	0x00, 0x00, 0x00, 0x00, 0x00, 0x00, 0x00, 0x00,
	0x00, 0x00, 0x00, 0x00, 0x00, 0x00, 0x00, 0x00,
	0x00, 0x00, 0x00, 0x00, 0x00, 0x00, 0x00, 0x00,
	0x00, 0x00, 0x00, 0x00, 0x00, 0x00, 0x00, 0x00,
	0x00, 0x00, 0x00, 0x00, 0x00, 0x00, 0x00, 0x00,
	0x00, 0x00, 0x00, 0x00, 0x00, 0x00, 0x00, 0x00,
	0x00, 0x00, 0x00, 0x00, 0x00, 0x00, 0x00, 0x00,
	0x00, 0x00, 0x00, 0x00, 0x00, 0x00, 0x00, 0x00,
	0x00, 0x00, 0x00, 0x00, 0x00, 0x00, 0x00, 0x00,
	0x00, 0x00, 0x00, 0x00, 0x00, 0x00, 0x00, 0x00,
	0x00, 0x00, 0x00, 0x00, 0x00, 0x00, 0x00, 0x00,
	0x00, 0x00, 0x00, 0x00, 0x00, 0x00, 0x00, 0x00,
	0x00, 0x00, 0x00, 0x00, 0x00, 0x00, 0x00, 0x00,
	0x00, 0x00, 0x00, 0x00, 0x00, 0x00, 0x00, 0x00,
	0x00, 0x00, 0x00, 0x00, 0x00, 0x00, 0x00, 0x00,
	0x00, 0x00, 0x00, 0x00, 0x00, 0x00, 0x00, 0x00,
	0x00, 0x00, 0x00, 0x00, 0x00, 0x00, 0x00, 0x00,
	0x00, 0x00, 0x00, 0x00, 0x00, 0x00, 0x00, 0x00,
	0x00, 0x00, 0x00, 0x00, 0x00, 0x00, 0x00, 0x00,
	0x00, 0x00, 0x00, 0x00, 0x00, 0x00, 0x00, 0x00,
	0x00, 0x00, 0x00, 0x00, 0x00, 0x00, 0x00, 0x00,
	0x00, 0x00, 0x00, 0x00, 0x00, 0x00, 0x00, 0x00,
	0x00, 0x00, 0x00, 0x00, 0x00, 0x00, 0x00, 0x00,
	0x00, 0x00, 0x00, 0x00, 0x00, 0x00, 0x00, 0x00,
	0x00, 0x00, 0x00, 0x00, 0x00, 0x00, 0x00, 0x00,
	0x00, 0x00, 0x00, 0x00, 0x00, 0x00, 0x00, 0x00,
	0x00, 0x00, 0x00, 0x00, 0x00, 0x00, 0x00, 0x00,
	0x00, 0x00, 0x00, 0x00, 0x00, 0x00, 0x00, 0x00,
	0x00, 0x00, 0x00, 0x00, 0x00, 0x00, 0x00, 0x00,
	0x00, 0x00, 0x00, 0x00, 0x00, 0x00, 0x00, 0x00,
	0x00, 0x00, 0x00, 0x00, 0x00, 0x00, 0x00, 0x00,
	0x00, 0x00, 0x00, 0x00, 0x00, 0x00, 0x00, 0x00,
	0x00, 0x00, 0x00, 0x00, 0x00, 0x00, 0x00, 0x00,
	0x00, 0x00, 0x00, 0x00, 0x00, 0x00, 0x00, 0x00,
	0x00, 0x00, 0x00, 0x00, 0x00, 0x00, 0x00, 0x00,
	0x00, 0x00, 0x00, 0x00, 0x00, 0x00, 0x00, 0x00,
	0x00, 0x00, 0x00, 0x00, 0x00, 0x00, 0x00, 0x00,
	0x00, 0x00, 0x00, 0x00, 0x00, 0x00, 0x00, 0x00,
	0x00, 0x00, 0x00, 0x00, 0x00, 0x00, 0x00, 0x00,
	0x00, 0x00, 0x00, 0x00, 0x00, 0x00, 0x00, 0x00,
	0x00, 0x00, 0x00, 0x00, 0x00, 0x00, 0x00, 0x00,
	0x00, 0x00, 0x00, 0x00, 0x00, 0x00, 0x00, 0x00,
	0x00, 0x00, 0x00, 0x00, 0x00, 0x00, 0x00, 0x00,
	0x00, 0x00, 0x00, 0x00, 0x00, 0x00, 0x00, 0x00,
	0x00, 0x00, 0x00, 0x00, 0x00, 0x00, 0x00, 0x00,
	0x00, 0x00, 0x00, 0x00, 0x00, 0x00, 0x00, 0x00,
	0x00, 0x00, 0x00, 0x00, 0x00, 0x00, 0x00, 0x00,
	0x00, 0x00, 0x00, 0x00, 0x00, 0x00, 0x00, 0x00,
	0x00, 0x00, 0x00, 0x00, 0x00, 0x00, 0x00, 0x00,
	0x00, 0x00, 0x00, 0x00, 0x00, 0x00, 0x00, 0x00,
	0x00, 0x00, 0x00, 0x00, 0x00, 0x00, 0x00, 0x00,
	0x00, 0x00, 0x00, 0x00, 0x00, 0x00, 0x00, 0x00,
	0x00, 0x00, 0x00, 0x00, 0x00, 0x00, 0x00, 0x00,
	0x00, 0x00, 0x00, 0x00, 0x00, 0x00, 0x00, 0x00,
	0x00, 0x00, 0x00, 0x00, 0x00, 0x00, 0x00, 0x00,
	0x00, 0x00, 0x00, 0x00, 0x00, 0x00, 0x00, 0x00,
	0x00, 0x00, 0x00, 0x00, 0x00, 0x00, 0x00, 0x00,
	0x00, 0x00, 0x00, 0x00, 0x00, 0x00, 0x00, 0x00,
	0x00, 0x00, 0x00, 0x00, 0x00, 0x00, 0x00, 0x00,
	0x00, 0x00, 0x00, 0x00, 0x00, 0x00, 0x00, 0x00,
	0x00, 0x00, 0x00, 0x00, 0x00, 0x00, 0x00, 0x00,
	0x00, 0x00, 0x00, 0x00, 0x00, 0x00, 0x00, 0x00,
	0x00, 0x00, 0x00, 0x00, 0x00, 0x00, 0x00, 0x00,
	0x00, 0x00, 0x00, 0x00, 0x00, 0x00, 0x00, 0x00,
	0x00, 0x00, 0x00, 0x00, 0x00, 0x00, 0x00, 0x00,
	0x00, 0x00, 0x00, 0x00, 0x00, 0x00, 0x00, 0x00,
	0x00, 0x00, 0x00, 0x00, 0x00, 0x00, 0x00, 0x00,
	0x00, 0x00, 0x00, 0x00, 0x00, 0x00, 0x00, 0x00,
	0x00, 0x00, 0x00, 0x00, 0x00, 0x00, 0x00, 0x00,
	0x00, 0x00, 0x00, 0x00, 0x00, 0x00, 0x00, 0x00,
	0x00, 0x00, 0x00, 0x00, 0x00, 0x00, 0x00, 0x00,
	0x00, 0x00, 0x00, 0x00, 0x00, 0x00, 0x00, 0x00,
	0x00, 0x00, 0x00, 0x00, 0x00, 0x00, 0x00, 0x00,
	0x00, 0x00, 0x00, 0x00, 0x00, 0x00, 0x00, 0x00,
	0x00, 0x00, 0x00, 0x00, 0x00, 0x00, 0x00, 0x00,
	0x00, 0x00, 0x00, 0x00, 0x00, 0x00, 0x00, 0x00,
	0x00, 0x00, 0x00, 0x00, 0x00, 0x00, 0x00, 0x00,
	0x00, 0x00, 0x00, 0x00, 0x00, 0x00, 0x00, 0x00,
	0x00, 0x00, 0x00, 0x00, 0x00, 0x00, 0x00, 0x00,
	0x00, 0x00, 0x00, 0x00, 0x00, 0x00, 0x00, 0x00,
	0x00, 0x00, 0x00, 0x00, 0x00, 0x00, 0x00, 0x00,
	0x00, 0x00, 0x00, 0x00, 0x00, 0x00, 0x00, 0x00,
	0x00, 0x00, 0x00, 0x00, 0x00, 0x00, 0x00, 0x00,
	0x00, 0x00, 0x00, 0x00, 0x00, 0x00, 0x00, 0x00,
	0x00, 0x00, 0x00, 0x00, 0x00, 0x00, 0x00, 0x00,
	0x00, 0x00, 0x00, 0x00, 0x00, 0x00, 0x00, 0x00,
	0x00, 0x00, 0x00, 0x00, 0x00, 0x00, 0x00, 0x00,
	0x00, 0x00, 0x00, 0x00, 0x00, 0x00, 0x00, 0x00,
	0x00, 0x00, 0x00, 0x00, 0x00, 0x00, 0x00, 0x00,
	0x00, 0x00, 0x00, 0x00, 0x00, 0x00, 0x00, 0x00,
	0x00, 0x00, 0x00, 0x00, 0x00, 0x00, 0x00, 0x00,
	0x00, 0x00, 0x00, 0x00, 0x00, 0x00, 0x00, 0x00,
	0x00, 0x00, 0x00, 0x00, 0x00, 0x00, 0x00, 0x00,
	0x00, 0x00, 0x00, 0x00, 0x00, 0x00, 0x00, 0x00,
	0x00, 0x00, 0x00, 0x00, 0x00, 0x00, 0x00, 0x00,
	0x00, 0x00, 0x00, 0x00, 0x00, 0x00, 0x00, 0x00,
	0x00, 0x00, 0x00, 0x00, 0x00, 0x00, 0x00, 0x00,
	0x00, 0x00, 0x00, 0x00, 0x00, 0x00, 0x00, 0x00,
	0x00, 0x00, 0x00, 0x00, 0x00, 0x00, 0x00, 0x00,
	0x00, 0x00, 0x00, 0x00, 0x00, 0x00, 0x00, 0x00,
	0x00, 0x00, 0x00, 0x00, 0x00, 0x00, 0x00, 0x00,
	0x00, 0x00, 0x00, 0x00, 0x00, 0x00, 0x00, 0x00,
	0x00, 0x00, 0x00, 0x00, 0x00, 0x00, 0x00, 0x00,
	0x00, 0x00, 0x00, 0x00, 0x00, 0x00, 0x00, 0x00,
	0x00, 0x00, 0x00, 0x00, 0x00, 0x00, 0x00, 0x00,
	0x00, 0x00, 0x00, 0x00, 0x00, 0x00, 0x00, 0x00,
	0x00, 0x00, 0x00, 0x00, 0x00, 0x00, 0x00, 0x00,
	0x00, 0x00, 0x00, 0x00, 0x00, 0x00, 0x00, 0x00,
	0x00, 0x00, 0x00, 0x00, 0x00, 0x00, 0x00, 0x00,
	0x00, 0x00, 0x00, 0x00, 0x00, 0x00, 0x00, 0x00,
	0x00, 0x00, 0x00, 0x00, 0x00, 0x00, 0x00, 0x00,
	0x00, 0x00, 0x00, 0x00, 0x00, 0x00, 0x00, 0x00,
	0x00, 0x00, 0x00, 0x00, 0x00, 0x00, 0x00, 0x00,
	0x00, 0x00, 0x00, 0x00, 0x00, 0x00, 0x00, 0x00,
	0x00, 0x00, 0x00, 0x00, 0x00, 0x00, 0x00, 0x00,
	0x00, 0x00, 0x00, 0x00, 0x00, 0x00, 0x00, 0x00,
	0x00, 0x00, 0x00, 0x00, 0x00, 0x00, 0x00, 0x00,
	0x00, 0x00, 0x00, 0x00, 0x00, 0x00, 0x00, 0x00,
	0x00, 0x00, 0x00, 0x00, 0x00, 0x00, 0x00, 0x00,
	0x00, 0x00, 0x00, 0x00, 0x00, 0x00, 0x00, 0x00,
	0x00, 0x00, 0x00, 0x00, 0x00, 0x00, 0x00, 0x00,
	0x00, 0x00, 0x00, 0x00, 0x00, 0x00, 0x00, 0x00,
	0x00, 0x00, 0x00, 0x00, 0x00, 0x00, 0x00, 0x00,
	0x00, 0x00, 0x00, 0x00, 0x00, 0x00, 0x00, 0x00,
	0x00, 0x00, 0x00, 0x00, 0x00, 0x00, 0x00, 0x00,
	0x00, 0x00, 0x00, 0x00, 0x00, 0x00, 0x00, 0x00,
	0x00, 0x00, 0x00, 0x00, 0x00, 0x00, 0x00, 0x00,
	0x00, 0x00, 0x00, 0x00, 0x00, 0x00, 0x00, 0x00,
	0x00, 0x00, 0x00, 0x00, 0x00, 0x00, 0x00, 0x00,
	0x00, 0x00, 0x00, 0x00, 0x00, 0x00, 0x00, 0x00,
	0x00, 0x00, 0x00, 0x00, 0x00, 0x00, 0x00, 0x00,
	0x00, 0x00, 0x00, 0x00, 0x00, 0x00, 0x00, 0x00,
	0x00, 0x00, 0x00, 0x00, 0x00, 0x00, 0x00, 0x00,
	0x00, 0x00, 0x00, 0x00, 0x00, 0x00, 0x00, 0x00,
	0x00, 0x00, 0x00, 0x00, 0x00, 0x00, 0x00, 0x00,
	0x00, 0x00, 0x00, 0x00, 0x00, 0x00, 0x00, 0x00,
	0x00, 0x00, 0x00, 0x00, 0x00, 0x00, 0x00, 0x00,
	0x00, 0x00, 0x00, 0x00, 0x00, 0x00, 0x00, 0x00,
	0x00, 0x00, 0x00, 0x00, 0x00, 0x00, 0x00, 0x00,
	0x00, 0x00, 0x00, 0x00, 0x00, 0x00, 0x00, 0x00,
	0x00, 0x00, 0x00, 0x00, 0x00, 0x00, 0x00, 0x00,
	0x00, 0x00, 0x00, 0x00, 0x00, 0x00, 0x00, 0x00,
	0x00, 0x00, 0x00, 0x00, 0x00, 0x00, 0x00, 0x00,
	0x00, 0x00, 0x00, 0x00, 0x00, 0x00, 0x00, 0x00,
	0x00, 0x00, 0x00, 0x00, 0x00, 0x00, 0x00, 0x00,
	0x00, 0x00, 0x00, 0x00, 0x00, 0x00, 0x00, 0x00,
	0x00, 0x00, 0x00, 0x00, 0x00, 0x00, 0x00, 0x00,
	0x00, 0x00, 0x00, 0x00, 0x00, 0x00, 0x00, 0x00,
	0x00, 0x00, 0x00, 0x00, 0x00, 0x00, 0x00, 0x00,
	0x00, 0x00, 0x00, 0x00, 0x00, 0x00, 0x00, 0x00,
	0x00, 0x00, 0x00, 0x00, 0x00, 0x00, 0x00, 0x00,
	0x00, 0x00, 0x00, 0x00, 0x00, 0x00, 0x00, 0x00,
	0x00, 0x00, 0x00, 0x00, 0x00, 0x00, 0x00, 0x00,
	0x00, 0x00, 0x00, 0x00, 0x00, 0x00, 0x00, 0x00,
	0x00, 0x00, 0x00, 0x00, 0x00, 0x00, 0x00, 0x00,
	0x00, 0x00, 0x00, 0x00, 0x00, 0x00, 0x00, 0x00,
	0x00, 0x00, 0x00, 0x00, 0x00, 0x00, 0x00, 0x00,
	0x00, 0x00, 0x00, 0x00, 0x00, 0x00, 0x00, 0x00,
	0x00, 0x00, 0x00, 0x00, 0x00, 0x00, 0x00, 0x00,
	0x00, 0x00, 0x00, 0x00, 0x00, 0x00, 0x00, 0x00,
	0x00, 0x00, 0x00, 0x00, 0x00, 0x00, 0x00, 0x00,
	0x00, 0x00, 0x00, 0x00, 0x00, 0x00, 0x00, 0x00,
	0x00, 0x00, 0x00, 0x00, 0x00, 0x00, 0x00, 0x00,
	0x00, 0x00, 0x00, 0x00, 0x00, 0x00, 0x00, 0x00,
	0x00, 0x00, 0x00, 0x00, 0x00, 0x00, 0x00, 0x00,
	0x00, 0x00, 0x00, 0x00, 0x00, 0x00, 0x00, 0x00,
	0x00, 0x00, 0x00, 0x00, 0x00, 0x00, 0x00, 0x00,
	0x00, 0x00, 0x00, 0x00, 0x00, 0x00, 0x00, 0x00,
	0x00, 0x00, 0x00, 0x00, 0x00, 0x00, 0x00, 0x00,
	0x00, 0x00, 0x00, 0x00, 0x00, 0x00, 0x00, 0x00,
	0x00, 0x00, 0x00, 0x00, 0x00, 0x00, 0x00, 0x00,
	0x00, 0x00, 0x00, 0x00, 0x00, 0x00, 0x00, 0x00,
	0x00, 0x00, 0x00, 0x00, 0x00, 0x00, 0x00, 0x00,
	0x00, 0x00, 0x00, 0x00, 0x00, 0x00, 0x00, 0x00,
	0x00, 0x00, 0x00, 0x00, 0x00, 0x00, 0x00, 0x00,
	0x00, 0x00, 0x00, 0x00, 0x00, 0x00, 0x00, 0x00,
	0x00, 0x00, 0x00, 0x00, 0x00, 0x00, 0x00, 0x00,
	0x00, 0x00, 0x00, 0x00, 0x00, 0x00, 0x00, 0x00,
	0x00, 0x00, 0x00, 0x00, 0x00, 0x00, 0x00, 0x00,
	0x00, 0x00, 0x00, 0x00, 0x00, 0x00, 0x00, 0x00,
	0x00, 0x00, 0x00, 0x00, 0x00, 0x00, 0x00, 0x00,
	0x00, 0x00, 0x00, 0x00, 0x00, 0x00, 0x00, 0x00,
	0x00, 0x00, 0x00, 0x00, 0x00, 0x00, 0x00, 0x00,
	0x00, 0x00, 0x00, 0x00, 0x00, 0x00, 0x00, 0x00,
	0x00, 0x00, 0x00, 0x00, 0x00, 0x00, 0x00, 0x00,
	0x00, 0x00, 0x00, 0x00, 0x00, 0x00, 0x00, 0x00,
	0x00, 0x00, 0x00, 0x00, 0x00, 0x00, 0x00, 0x00,
	0x00, 0x00, 0x00, 0x00, 0x00, 0x00, 0x00, 0x00,
	0x00, 0x00, 0x00, 0x00, 0x00, 0x00, 0x00, 0x00,
	0x00, 0x00, 0x00, 0x00, 0x00, 0x00, 0x00, 0x00,
	0x00, 0x00, 0x00, 0x00, 0x00, 0x00, 0x00, 0x00,
	0x00, 0x00, 0x00, 0x00, 0x00, 0x00, 0x00, 0x00,
	0x00, 0x00, 0x00, 0x00, 0x00, 0x00, 0x00, 0x00,
	0x00, 0x00, 0x00, 0x00, 0x00, 0x00, 0x00, 0x00,
	0x00, 0x00, 0x00, 0x00, 0x00, 0x00, 0x00, 0x00,
	0x00, 0x00, 0x00, 0x00, 0x00, 0x00, 0x00, 0x00,
	0x00, 0x00, 0x00, 0x00, 0x00, 0x00, 0x00, 0x00,
	0x00, 0x00, 0x00, 0x00, 0x00, 0x00, 0x00, 0x00,
	0x00, 0x00, 0x00, 0x00, 0x00, 0x00, 0x00, 0x00,
	0x00, 0x00, 0x00, 0x00, 0x00, 0x00, 0x00, 0x00,
	0x00, 0x00, 0x00, 0x00, 0x00, 0x00, 0x00, 0x00,
	0x00, 0x00, 0x00, 0x00, 0x00, 0x00, 0x00, 0x00,
	0x00, 0x00, 0x00, 0x00, 0x00, 0x00, 0x00, 0x00,
	0x00, 0x00, 0x00, 0x00, 0x00, 0x00, 0x00, 0x00,
	0x00, 0x00, 0x00, 0x00, 0x00, 0x00, 0x00, 0x00,
	0x00, 0x00, 0x00, 0x00, 0x00, 0x00, 0x00, 0x00,
	0x00, 0x00, 0x00, 0x00, 0x00, 0x00, 0x00, 0x00,
	0x00, 0x00, 0x00, 0x00, 0x00, 0x00, 0x00, 0x00,
	0x00, 0x00, 0x00, 0x00, 0x00, 0x00, 0x00, 0x00,
	0x00, 0x00, 0x00, 0x00, 0x00, 0x00, 0x00, 0x00,
	0x00, 0x00, 0x00, 0x00, 0x00, 0x00, 0x00, 0x00,
	0x00, 0x00, 0x00, 0x00, 0x00, 0x00, 0x00, 0x00,
	0x00, 0x00, 0x00, 0x00, 0x00, 0x00, 0x00, 0x00,
	0x00, 0x00, 0x00, 0x00, 0x00, 0x00, 0x00, 0x00,
	0x00, 0x00, 0x00, 0x00, 0x00, 0x00, 0x00, 0x00,
	0x00, 0x00, 0x00, 0x00, 0x00, 0x00, 0x00, 0x00,
	0x00, 0x00, 0x00, 0x00, 0x00, 0x00, 0x00, 0x00,
	0x00, 0x00, 0x00, 0x00, 0x00, 0x00, 0x00, 0x00,
	0x00, 0x00, 0x00, 0x00, 0x00, 0x00, 0x00, 0x00,
	0x00, 0x00, 0x00, 0x00, 0x00, 0x00, 0x00, 0x00,
	0x00, 0x00, 0x00, 0x00, 0x00, 0x00, 0x00, 0x00,
	0x00, 0x00, 0x00, 0x00, 0x00, 0x00, 0x00, 0x00,
	0x00, 0x00, 0x00, 0x00, 0x00, 0x00, 0x00, 0x00,
	0x00, 0x00, 0x00, 0x00, 0x00, 0x00, 0x00, 0x00,
	0x00, 0x00, 0x00, 0x00, 0x00, 0x00, 0x00, 0x00,
	0x00, 0x00, 0x00, 0x00, 0x00, 0x00, 0x00, 0x00,
	0x00, 0x00, 0x00, 0x00, 0x00, 0x00, 0x00, 0x00,
	0x00, 0x00, 0x00, 0x00, 0x00, 0x00, 0x00, 0x00,
	0x00, 0x00, 0x00, 0x00, 0x00, 0x00, 0x00, 0x00,
	0x00, 0x00, 0x00, 0x00, 0x00, 0x00, 0x00, 0x00,
	0x00, 0x00, 0x00, 0x00, 0x00, 0x00, 0x00, 0x00,
	0x00, 0x00, 0x00, 0x00, 0x00, 0x00, 0x00, 0x00,
	0x00, 0x00, 0x00, 0x00, 0x00, 0x00, 0x00, 0x00,
	0x00, 0x00, 0x00, 0x00, 0x00, 0x00, 0x00, 0x00,
	0x00, 0x00, 0x00, 0x00, 0x00, 0x00, 0x00, 0x00,
	0x00, 0x00, 0x00, 0x00, 0x00, 0x00, 0x00, 0x00,
	0x00, 0x00, 0x00, 0x00, 0x00, 0x00, 0x00, 0x00,
	0x00, 0x00, 0x00, 0x00, 0x00, 0x00, 0x00, 0x00,
	0x00, 0x00, 0x00, 0x00, 0x00, 0x00, 0x00, 0x00,
	0x00, 0x00, 0x00, 0x00, 0x00, 0x00, 0x00, 0x00,
	0x00, 0x00, 0x00, 0x00, 0x00, 0x00, 0x00, 0x00,
	0x00, 0x00, 0x00, 0x00, 0x00, 0x00, 0x00, 0x00,
	0x00, 0x00, 0x00, 0x00, 0x00, 0x00, 0x00, 0x00,
	0x00, 0x00, 0x00, 0x00, 0x00, 0x00, 0x00, 0x00,
	0x00, 0x00, 0x00, 0x00, 0x00, 0x00, 0x00, 0x00,
	0x00, 0x00, 0x00, 0x00, 0x00, 0x00, 0x00, 0x00,
	0x00, 0x00, 0x00, 0x00, 0x00, 0x00, 0x00, 0x00,
	0x00, 0x00, 0x00, 0x00, 0x00, 0x00, 0x00, 0x00,
	0x00, 0x00, 0x00, 0x00, 0x00, 0x00, 0x00, 0x00,
	0x00, 0x00, 0x00, 0x00, 0x00, 0x00, 0x00, 0x00,
	0x00, 0x00, 0x00, 0x00, 0x00, 0x00, 0x00, 0x00,
	0x00, 0x00, 0x00, 0x00, 0x00, 0x00, 0x00, 0x00,
	0x00, 0x00, 0x00, 0x00, 0x00, 0x00, 0x00, 0x00,
	0x00, 0x00, 0x00, 0x00, 0x00, 0x00, 0x00, 0x00,
	0x00, 0x00, 0x00, 0x00, 0x00, 0x00, 0x00, 0x00,
	0x00, 0x00, 0x00, 0x00, 0x00, 0x00, 0x00, 0x00,
	0x00, 0x00, 0x00, 0x00, 0x00, 0x00, 0x00, 0x00,
	0x00, 0x00, 0x00, 0x00, 0x00, 0x00, 0x00, 0x00,
	0x00, 0x00, 0x00, 0x00, 0x00, 0x00, 0x00, 0x00,
	0x00, 0x00, 0x00, 0x00, 0x00, 0x00, 0x00, 0x00,
	0x00, 0x00, 0x00, 0x00, 0x00, 0x00, 0x00, 0x00,
	0x00, 0x00, 0x00, 0x00, 0x00, 0x00, 0x00, 0x00,
	0x00, 0x00, 0x00, 0x00, 0x00, 0x00, 0x00, 0x00,
	0x00, 0x00, 0x00, 0x00, 0x00, 0x00, 0x00, 0x00,
	0x00, 0x00, 0x00, 0x00, 0x00, 0x00, 0x00, 0x00,
	0x00, 0x00, 0x00, 0x00, 0x00, 0x00, 0x00, 0x00,
	0x00, 0x00, 0x00, 0x00, 0x00, 0x00, 0x00, 0x00,
	0x00, 0x00, 0x00, 0x00, 0x00, 0x00, 0x00, 0x00,
	0x00, 0x00, 0x00, 0x00, 0x00, 0x00, 0x00, 0x00,
	0x00, 0x00, 0x00, 0x00, 0x00, 0x00, 0x00, 0x00,
	0x00, 0x00, 0x00, 0x00, 0x00, 0x00, 0x00, 0x00,
	0x00, 0x00, 0x00, 0x00, 0x00, 0x00, 0x00, 0x00,
	0x00, 0x00, 0x00, 0x00, 0x00, 0x00, 0x00, 0x00,
	0x00, 0x00, 0x00, 0x00, 0x00, 0x00, 0x00, 0x00,
	0x00, 0x00, 0x00, 0x00, 0x00, 0x00, 0x00, 0x00,
	0x00, 0x00, 0x00, 0x00, 0x00, 0x00, 0x00, 0x00,
	0x00, 0x00, 0x00, 0x00, 0x00, 0x00, 0x00, 0x00,
	0x00, 0x00, 0x00, 0x00, 0x00, 0x00, 0x00, 0x00,
	0x00, 0x00, 0x00, 0x00, 0x00, 0x00, 0x00, 0x00,
	0x00, 0x00, 0x00, 0x00, 0x00, 0x00, 0x00, 0x00,
	0x00, 0x00, 0x00, 0x00, 0x00, 0x00, 0x00, 0x00,
	0x00, 0x00, 0x00, 0x00, 0x00, 0x00, 0x00, 0x00,
	0x00, 0x00, 0x00, 0x00, 0x00, 0x00, 0x00, 0x00,
	0x00, 0x00, 0x00, 0x00, 0x00, 0x00, 0x00, 0x00,
	0x00, 0x00, 0x00, 0x00, 0x00, 0x00, 0x00, 0x00,
	0x00, 0x00, 0x00, 0x00, 0x00, 0x00, 0x00, 0x00,
	0x00, 0x00, 0x00, 0x00, 0x00, 0x00, 0x00, 0x00,
	0x00, 0x00, 0x00, 0x00, 0x00, 0x00, 0x00, 0x00,
	0x00, 0x00, 0x00, 0x00, 0x00, 0x00, 0x00, 0x00,
	0x00, 0x00, 0x00, 0x00, 0x00, 0x00, 0x00, 0x00,
	0x00, 0x00, 0x00, 0x00, 0x00, 0x00, 0x00, 0x00,
	0x00, 0x00, 0x00, 0x00, 0x00, 0x00, 0x00, 0x00,
	0x00, 0x00, 0x00, 0x00, 0x00, 0x00, 0x00, 0x00,
	0x00, 0x00, 0x00, 0x00, 0x00, 0x00, 0x00, 0x00,
	0x00, 0x00, 0x00, 0x00, 0x00, 0x00, 0x00, 0x00,
	0x00, 0x00, 0x00, 0x00, 0x00, 0x00, 0x00, 0x00,
	0x00, 0x00, 0x00, 0x00, 0x00, 0x00, 0x00, 0x00,
	0x00, 0x00, 0x00, 0x00, 0x00, 0x00, 0x00, 0x00,
	0x00, 0x00, 0x00, 0x00, 0x00, 0x00, 0x00, 0x00,
	0x00, 0x00, 0x00, 0x00, 0x00, 0x00, 0x00, 0x00,
	0x00, 0x00, 0x00, 0x00, 0x00, 0x00, 0x00, 0x00,
	0x00, 0x00, 0x00, 0x00, 0x00, 0x00, 0x00, 0x00,
	0x00, 0x00, 0x00, 0x00, 0x00, 0x00, 0x00, 0x00,
	0x00, 0x00, 0x00, 0x00, 0x00, 0x00, 0x00, 0x00,
	0x00, 0x00, 0x00, 0x00, 0x00, 0x00, 0x00, 0x00,
	0x00, 0x00, 0x00, 0x00, 0x00, 0x00, 0x00, 0x00,
	0x00, 0x00, 0x00, 0x00, 0x00, 0x00, 0x00, 0x00,
	0x00, 0x00, 0x00, 0x00, 0x00, 0x00, 0x00, 0x00,
	0x00, 0x00, 0x00, 0x00, 0x00, 0x00, 0x00, 0x00,
	0x00, 0x00, 0x00, 0x00, 0x00, 0x00, 0x00, 0x00,
	0x00, 0x00, 0x00, 0x00, 0x00, 0x00, 0x00, 0x00,
	0x00, 0x00, 0x00, 0x00, 0x00, 0x00, 0x00, 0x00,
	0x00, 0x00, 0x00, 0x00, 0x00, 0x00, 0x00, 0x00,
	0x00, 0x00, 0x00, 0x00, 0x00, 0x00, 0x00, 0x00,
	0x00, 0x00, 0x00, 0x00, 0x00, 0x00, 0x00, 0x00,
	0x00, 0x00, 0x00, 0x00, 0x00, 0x00, 0x00, 0x00,
	0x00, 0x00, 0x00, 0x00, 0x00, 0x00, 0x00, 0x00,
	0x00, 0x00, 0x00, 0x00, 0x00, 0x00, 0x00, 0x00,
	0x00, 0x00, 0x00, 0x00, 0x00, 0x00, 0x00, 0x00,
	0x00, 0x00, 0x00, 0x00, 0x00, 0x00, 0x00, 0x00,
	0x00, 0x00, 0x00, 0x00, 0x00, 0x00, 0x00, 0x00,
	0x00, 0x00, 0x00, 0x00, 0x00, 0x00, 0x00, 0x00,
	0x00, 0x00, 0x00, 0x00, 0x00, 0x00, 0x00, 0x00,
	0x00, 0x00, 0x00, 0x00, 0x00, 0x00, 0x00, 0x00,
	0x00, 0x00, 0x00, 0x00, 0x00, 0x00, 0x00, 0x00,
	0x00, 0x00, 0x00, 0x00, 0x00, 0x00, 0x00, 0x00,
	0x00, 0x00, 0x00, 0x00, 0x00, 0x00, 0x00, 0x00,
	0x00, 0x00, 0x00, 0x00, 0x00, 0x00, 0x00, 0x00,
	0x00, 0x00, 0x00, 0x00, 0x00, 0x00, 0x00, 0x00,
	0x00, 0x00, 0x00, 0x00, 0x00, 0x00, 0x00, 0x00,
	0x00, 0x00, 0x00, 0x00, 0x00, 0x00, 0x00, 0x00,
	0x00, 0x00, 0x00, 0x00, 0x00, 0x00, 0x00, 0x00,
	0x00, 0x00, 0x00, 0x00, 0x00, 0x00, 0x00, 0x00,
	0x00, 0x00, 0x00, 0x00, 0x00, 0x00, 0x00, 0x00,
	0x00, 0x00, 0x00, 0x00, 0x00, 0x00, 0x00, 0x00,
	0x00, 0x00, 0x00, 0x00, 0x00, 0x00, 0x00, 0x00,
	0x00, 0x00, 0x00, 0x00, 0x00, 0x00, 0x00, 0x00,
	0x00, 0x00, 0x00, 0x00, 0x00, 0x00, 0x00, 0x00,
	0x00, 0x00, 0x00, 0x00, 0x00, 0x00, 0x00, 0x00,
	0x00, 0x00, 0x00, 0x00, 0x00, 0x00, 0x00, 0x00,
	0x00, 0x00, 0x00, 0x00, 0x00, 0x00, 0x00, 0x00,
	0x00, 0x00, 0x00, 0x00, 0x00, 0x00, 0x00, 0x00,
	0x00, 0x00, 0x00, 0x00, 0x00, 0x00, 0x00, 0x00,
	0x00, 0x00, 0x00, 0x00, 0x00, 0x00, 0x00, 0x00,
	0x00, 0x00, 0x00, 0x00, 0x00, 0x00, 0x00, 0x00,
	0x00, 0x00, 0x00, 0x00, 0x00, 0x00, 0x00, 0x00,
	0x00, 0x00, 0x00, 0x00, 0x00, 0x00, 0x00, 0x00,
	0x00, 0x00, 0x00, 0x00, 0x00, 0x00, 0x00, 0x00,
	0x00, 0x00, 0x00, 0x00, 0x00, 0x00, 0x00, 0x00,
	0x00, 0x00, 0x00, 0x00, 0x00, 0x00, 0x00, 0x00,
	0x00, 0x00, 0x00, 0x00, 0x00, 0x00, 0x00, 0x00,
	0x00, 0x00, 0x00, 0x00, 0x00, 0x00, 0x00, 0x00,
	0x00, 0x00, 0x00, 0x00, 0x00, 0x00, 0x00, 0x00,
	0x00, 0x00, 0x00, 0x00, 0x00, 0x00, 0x00, 0x00,
	0x00, 0x00, 0x00, 0x00, 0x00, 0x00, 0x00, 0x00,
	0x00, 0x00, 0x00, 0x00, 0x00, 0x00, 0x00, 0x00,
	0x00, 0x00, 0x00, 0x00, 0x00, 0x00, 0x00, 0x00,
	0x00, 0x00, 0x00, 0x00, 0x00, 0x00, 0x00, 0x00,
	0x00, 0x00, 0x00, 0x00, 0x00, 0x00, 0x00, 0x00,
	0x00, 0x00, 0x00, 0x00, 0x00, 0x00, 0x00, 0x00,
	0x00, 0x00, 0x00, 0x00, 0x00, 0x00, 0x00, 0x00,
	0x00, 0x00, 0x00, 0x00, 0x00, 0x00, 0x00, 0x00,
	0x00, 0x00, 0x00, 0x00, 0x00, 0x00, 0x00, 0x00,
	0x00, 0x00, 0x00, 0x00, 0x00, 0x00, 0x00, 0x00,
	0x00, 0x00, 0x00, 0x00, 0x00, 0x00, 0x00, 0x00,
	0x00, 0x00, 0x00, 0x00, 0x00, 0x00, 0x00, 0x00,
	0x00, 0x00, 0x00, 0x00, 0x00, 0x00, 0x00, 0x00,
	0x00, 0x00, 0x00, 0x00, 0x00, 0x00, 0x00, 0x00,
	0x00, 0x00, 0x00, 0x00, 0x00, 0x00, 0x00, 0x00,
	0x00, 0x00, 0x00, 0x00, 0x00, 0x00, 0x00, 0x00,
	0x00, 0x00, 0x00, 0x00, 0x00, 0x00, 0x00, 0x00,
	0x00, 0x00, 0x00, 0x00, 0x00, 0x00, 0x00, 0x00,
	0x00, 0x00, 0x00, 0x00, 0x00, 0x00, 0x00, 0x00,
	0x00, 0x00, 0x00, 0x00, 0x00, 0x00, 0x00, 0x00,
	0x00, 0x00, 0x00, 0x00, 0x00, 0x00, 0x00, 0x00,
	0x00, 0x00, 0x00, 0x00, 0x00, 0x00, 0x00, 0x00,
	0x00, 0x00, 0x00, 0x00, 0x00, 0x00, 0x00, 0x00,
	0x00, 0x00, 0x00, 0x00, 0x00, 0x00, 0x00, 0x00,
	0x00, 0x00, 0x00, 0x00, 0x00, 0x00, 0x00, 0x00,
	0x00, 0x00, 0x00, 0x00, 0x00, 0x00, 0x00, 0x00,
	0x00, 0x00, 0x00, 0x00, 0x00, 0x00, 0x00, 0x00,
	0x00, 0x00, 0x00, 0x00, 0x00, 0x00, 0x00, 0x00,
	0x00, 0x00, 0x00, 0x00, 0x00, 0x00, 0x00, 0x00,
	0x00, 0x00, 0x00, 0x00, 0x00, 0x00, 0x00, 0x00,
	0x00, 0x00, 0x00, 0x00, 0x00, 0x00, 0x00, 0x00,
	0x00, 0x00, 0x00, 0x00, 0x00, 0x00, 0x00, 0x00,
	0x00, 0x00, 0x00, 0x00, 0x00, 0x00, 0x00, 0x00,
	0x00, 0x00, 0x00, 0x00, 0x00, 0x00, 0x00, 0x00,
	0x00, 0x00, 0x00, 0x00, 0x00, 0x00, 0x00, 0x00,
	0x00, 0x00, 0x00, 0x00, 0x00, 0x00, 0x00, 0x00,
	0x00, 0x00, 0x00, 0x00, 0x00, 0x00, 0x00, 0x00,
	0x00, 0x00, 0x00, 0x00, 0x00, 0x00, 0x00, 0x00,
	0x00, 0x00, 0x00, 0x00, 0x00, 0x00, 0x00, 0x00,
	0x00, 0x00, 0x00, 0x00, 0x00, 0x00, 0x00, 0x00,
	0x00, 0x00, 0x00, 0x00, 0x00, 0x00, 0x00, 0x00,
	0x00, 0x00, 0x00, 0x00, 0x00, 0x00, 0x00, 0x00,
	0x00, 0x00, 0x00, 0x00, 0x00, 0x00, 0x00, 0x00,
	0x00, 0x00, 0x00, 0x00, 0x00, 0x00, 0x00, 0x00,
	0x00, 0x00, 0x00, 0x00, 0x00, 0x00, 0x00, 0x00,
	0x00, 0x00, 0x00, 0x00, 0x00, 0x00, 0x00, 0x00,
	0x00, 0x00, 0x00, 0x00, 0x00, 0x00, 0x00, 0x00,
	0x00, 0x00, 0x00, 0x00, 0x00, 0x00, 0x00, 0x00,
	0x00, 0x00, 0x00, 0x00, 0x00, 0x00, 0x00, 0x00,
	0x00, 0x00, 0x00, 0x00, 0x00, 0x00, 0x00, 0x00,
	0x00, 0x00, 0x00, 0x00, 0x00, 0x00, 0x00, 0x00,
	0x00, 0x00, 0x00, 0x00, 0x00, 0x00, 0x00, 0x00,
	0x00, 0x00, 0x00, 0x00, 0x00, 0x00, 0x00, 0x00,
	0x00, 0x00, 0x00, 0x00, 0x00, 0x00, 0x00, 0x00,
	0x00, 0x00, 0x00, 0x00, 0x00, 0x00, 0x00, 0x00,
	0x00, 0x00, 0x00, 0x00, 0x00, 0x00, 0x00, 0x00,
	0x00, 0x00, 0x00, 0x00, 0x00, 0x00, 0x00, 0x00,
	0x00, 0x00, 0x00, 0x00, 0x00, 0x00, 0x00, 0x00,
	0x00, 0x00, 0x00, 0x00, 0x00, 0x00, 0x00, 0x00,
	0x00, 0x00, 0x00, 0x00, 0x00, 0x00, 0x00, 0x00,
	0x00, 0x00, 0x00, 0x00, 0x00, 0x00, 0x00, 0x00,
	0x00, 0x00, 0x00, 0x00, 0x00, 0x00, 0x00, 0x00,
	0x00, 0x00, 0x00, 0x00, 0x00, 0x00, 0x00, 0x00,
	0x00, 0x00, 0x00, 0x00, 0x00, 0x00, 0x00, 0x00,
	0x00, 0x00, 0x00, 0x00, 0x00, 0x00, 0x00, 0x00,
	0x00, 0x00, 0x00, 0x00, 0x00, 0x00, 0x00, 0x00,
	0x00, 0x00, 0x00, 0x00, 0x00, 0x00, 0x00, 0x00,
	0x00, 0x00, 0x00, 0x00, 0x00, 0x00, 0x00, 0x00,
	0x00, 0x00, 0x00, 0x00, 0x00, 0x00, 0x00, 0x00,
	0x00, 0x00, 0x00, 0x00, 0x00, 0x00, 0x00, 0x00,
	0x00, 0x00, 0x00, 0x00, 0x00, 0x00, 0x00, 0x00,
	0x00, 0x00, 0x00, 0x00, 0x00, 0x00, 0x00, 0x00,
	0x00, 0x00, 0x00, 0x00, 0x00, 0x00, 0x00, 0x00,
	0x00, 0x00, 0x00, 0x00, 0x00, 0x00, 0x00, 0x00,
	0x00, 0x00, 0x00, 0x00, 0x00, 0x00, 0x00, 0x00,
	0x00, 0x00, 0x00, 0x00, 0x00, 0x00, 0x00, 0x00,
	0x00, 0x00, 0x00, 0x00, 0x00, 0x00, 0x00, 0x00,
	0x00, 0x00, 0x00, 0x00, 0x00, 0x00, 0x00, 0x00,
	0x00, 0x00, 0x00, 0x00, 0x00, 0x00, 0x00, 0x00,
	0x00, 0x00, 0x00, 0x00, 0x00, 0x00, 0x00, 0x00,
	0x00, 0x00, 0x00, 0x00, 0x00, 0x00, 0x00, 0x00,
	0x00, 0x00, 0x00, 0x00, 0x00, 0x00, 0x00, 0x00,
	0x00, 0x00, 0x00, 0x00, 0x00, 0x00, 0x00, 0x00,
	0x00, 0x00, 0x00, 0x00, 0x00, 0x00, 0x00, 0x00,
	0x00, 0x00, 0x00, 0x00, 0x00, 0x00, 0x00, 0x00,
	0x00, 0x00, 0x00, 0x00, 0x00, 0x00, 0x00, 0x00,
	0x00, 0x00, 0x00, 0x00, 0x00, 0x00, 0x00, 0x00,
	0x00, 0x00, 0x00, 0x00, 0x00, 0x00, 0x00, 0x00,
	0x00, 0x00, 0x00, 0x00, 0x00, 0x00, 0x00, 0x00,
	0x00, 0x00, 0x00, 0x00, 0x00, 0x00, 0x00, 0x00,
	0x00, 0x00, 0x00, 0x00, 0x00, 0x00, 0x00, 0x00,
	0x00, 0x00, 0x00, 0x00, 0x00, 0x00, 0x00, 0x00,
	0x00, 0x00, 0x00, 0x00, 0x00, 0x00, 0x00, 0x00,
	0x00, 0x00, 0x00, 0x00, 0x00, 0x00, 0x00, 0x00,
	0x00, 0x00, 0x00, 0x00, 0x00, 0x00, 0x00, 0x00,
	0x00, 0x00, 0x00, 0x00, 0x00, 0x00, 0x00, 0x00,
	0x00, 0x00, 0x00, 0x00, 0x00, 0x00, 0x00, 0x00,
	0x00, 0x00, 0x00, 0x00, 0x00, 0x00, 0x00, 0x00,
	0x00, 0x00, 0x00, 0x00, 0x00, 0x00, 0x00, 0x00,
	0x00, 0x00, 0x00, 0x00, 0x00, 0x00, 0x00, 0x00,
	0x00, 0x00, 0x00, 0x00, 0x00, 0x00, 0x00, 0x00,
	0x00, 0x00, 0x00, 0x00, 0x00, 0x00, 0x00, 0x00,
	0x00, 0x00, 0x00, 0x00, 0x00, 0x00, 0x00, 0x00,
	0x00, 0x00, 0x00, 0x00, 0x00, 0x00, 0x00, 0x00,
	0x00, 0x00, 0x00, 0x00, 0x00, 0x00, 0x00, 0x00,
	0x00, 0x00, 0x00, 0x00, 0x00, 0x00, 0x00, 0x00,
	0x00, 0x00, 0x00, 0x00, 0x00, 0x00, 0x00, 0x00,
	0x00, 0x00, 0x00, 0x00, 0x00, 0x00, 0x00, 0x00,
	0x00, 0x00, 0x00, 0x00, 0x00, 0x00, 0x00, 0x00,
	0x00, 0x00, 0x00, 0x00, 0x00, 0x00, 0x00, 0x00,
	0x00, 0x00, 0x00, 0x00, 0x00, 0x00, 0x00, 0x00,
	0x00, 0x00, 0x00, 0x00, 0x00, 0x00, 0x00, 0x00,
	0x00, 0x00, 0x00, 0x00, 0x00, 0x00, 0x00, 0x00,
	0x00, 0x00, 0x00, 0x00, 0x00, 0x00, 0x00, 0x00,
	0x00, 0x00, 0x00, 0x00, 0x00, 0x00, 0x00, 0x00,
	0x00, 0x00, 0x00, 0x00, 0x00, 0x00, 0x00, 0x00,
	0x00, 0x00, 0x00, 0x00, 0x00, 0x00, 0x00, 0x00,
	0x00, 0x00, 0x00, 0x00, 0x00, 0x00, 0x00, 0x00,
	0x00, 0x00, 0x00, 0x00, 0x00, 0x00, 0x00, 0x00,
	0x00, 0x00, 0x00, 0x00, 0x00, 0x00, 0x00, 0x00,
	0x00, 0x00, 0x00, 0x00, 0x00, 0x00, 0x00, 0x00,
	0x00, 0x00, 0x00, 0x00, 0x00, 0x00, 0x00, 0x00,
	0x00, 0x00, 0x00, 0x00, 0x00, 0x00, 0x00, 0x00,
	0x00, 0x00, 0x00, 0x00, 0x00, 0x00, 0x00, 0x00,
	0x00, 0x00, 0x00, 0x00, 0x00, 0x00, 0x00, 0x00,
	0x00, 0x00, 0x00, 0x00, 0x00, 0x00, 0x00, 0x00,
	0x00, 0x00, 0x00, 0x00, 0x00, 0x00, 0x00, 0x00,
	0x00, 0x00, 0x00, 0x00, 0x00, 0x00, 0x00, 0x00,
	0x00, 0x00, 0x00, 0x00, 0x00, 0x00, 0x00, 0x00,
	0x00, 0x00, 0x00, 0x00, 0x00, 0x00, 0x00, 0x00,
	0x00, 0x00, 0x00, 0x00, 0x00, 0x00, 0x00, 0x00,
	0x00, 0x00, 0x00, 0x00, 0x00, 0x00, 0x00, 0x00,
	0x00, 0x00, 0x00, 0x00, 0x00, 0x00, 0x00, 0x00,
	0x00, 0x00, 0x00, 0x00, 0x00, 0x00, 0x00, 0x00,
	0x00, 0x00, 0x00, 0x00, 0x00, 0x00, 0x00, 0x00,
	0x00, 0x00, 0x00, 0x00, 0x00, 0x00, 0x00, 0x00,
	0x00, 0x00, 0x00, 0x00, 0x00, 0x00, 0x00, 0x00,
	0x00, 0x00, 0x00, 0x00, 0x00, 0x00, 0x00, 0x00,
	0x00, 0x00, 0x00, 0x00, 0x00, 0x00, 0x00, 0x00,
	0x00, 0x00, 0x00, 0x00, 0x00, 0x00, 0x00, 0x00,
	0x00, 0x00, 0x00, 0x00, 0x00, 0x00, 0x00, 0x00,
	0x00, 0x00, 0x00, 0x00, 0x00, 0x00, 0x00, 0x00,
	0x00, 0x00, 0x00, 0x00, 0x00, 0x00, 0x00, 0x00,
	0x00, 0x00, 0x00, 0x00, 0x00, 0x00, 0x00, 0x00,
	0x00, 0x00, 0x00, 0x00, 0x00, 0x00, 0x00, 0x00,
	0x00, 0x00, 0x00, 0x00, 0x00, 0x00, 0x00, 0x00,
	0x00, 0x00, 0x00, 0x00, 0x00, 0x00, 0x00, 0x00,
	0x00, 0x00, 0x00, 0x00, 0x00, 0x00, 0x00, 0x00,
	0x00, 0x00, 0x00, 0x00, 0x00, 0x00, 0x00, 0x00,
	0x00, 0x00, 0x00, 0x00, 0x00, 0x00, 0x00, 0x00,
	0x00, 0x00, 0x00, 0x00, 0x00, 0x00, 0x00, 0x00,
	0x00, 0x00, 0x00, 0x00, 0x00, 0x00, 0x00, 0x00,
	0x00, 0x00, 0x00, 0x00, 0x00, 0x00, 0x00, 0x00,
	0x00, 0x00, 0x00, 0x00, 0x00, 0x00, 0x00, 0x00,
	0x00, 0x00, 0x00, 0x00, 0x00, 0x00, 0x00, 0x00,
	0x00, 0x00, 0x00, 0x00, 0x00, 0x00, 0x00, 0x00,
	0x00, 0x00, 0x00, 0x00, 0x00, 0x00, 0x00, 0x00,
	0x00, 0x00, 0x00, 0x00, 0x00, 0x00, 0x00, 0x00,
	0x00, 0x00, 0x00, 0x00, 0x00, 0x00, 0x00, 0x00,
	0x00, 0x00, 0x00, 0x00, 0x00, 0x00, 0x00, 0x00,
	0x00, 0x00, 0x00, 0x00, 0x00, 0x00, 0x00, 0x00,
	0x00, 0x00, 0x00, 0x00, 0x00, 0x00, 0x00, 0x00,
	0x00, 0x00, 0x00, 0x00, 0x00, 0x00, 0x00, 0x00,
	0x00, 0x00, 0x00, 0x00, 0x00, 0x00, 0x00, 0x00,
	0x00, 0x00, 0x00, 0x00, 0x00, 0x00, 0x00, 0x00,
	0x00, 0x00, 0x00, 0x00, 0x00, 0x00, 0x00, 0x00,
	0x00, 0x00, 0x00, 0x00, 0x00, 0x00, 0x00, 0x00,
	0x00, 0x00, 0x00, 0x00, 0x00, 0x00, 0x00, 0x00,
	0x00, 0x00, 0x00, 0x00, 0x00, 0x00, 0x00, 0x00,
	0x00, 0x00, 0x00, 0x00, 0x00, 0x00, 0x00, 0x00,
	0x00, 0x00, 0x00, 0x00, 0x00, 0x00, 0x00, 0x00,
	0x00, 0x00, 0x00, 0x00, 0x00, 0x00, 0x00, 0x00,
	0x00, 0x00, 0x00, 0x00, 0x00, 0x00, 0x00, 0x00,
	0x00, 0x00, 0x00, 0x00, 0x00, 0x00, 0x00, 0x00,
	0x00, 0x00, 0x00, 0x00, 0x00, 0x00, 0x00, 0x00,
	0x00, 0x00, 0x00, 0x00, 0x00, 0x00, 0x00, 0x00,
	0x00, 0x00, 0x00, 0x00, 0x00, 0x00, 0x00, 0x00,
	0x00, 0x00, 0x00, 0x00, 0x00, 0x00, 0x00, 0x00,
	0x00, 0x00, 0x00, 0x00, 0x00, 0x00, 0x00, 0x00,
	0x00, 0x00, 0x00, 0x00, 0x00, 0x00, 0x00, 0x00,
	0x00, 0x00, 0x00, 0x00, 0x00, 0x00, 0x00, 0x00,
	0x00, 0x00, 0x00, 0x00, 0x00, 0x00, 0x00, 0x00,
	0x00, 0x00, 0x00, 0x00, 0x00, 0x00, 0x00, 0x00,
	0x00, 0x00, 0x00, 0x00, 0x00, 0x00, 0x00, 0x00,
	0x00, 0x00, 0x00, 0x00, 0x00, 0x00, 0x00, 0x00,
	0x00, 0x00, 0x00, 0x00, 0x00, 0x00, 0x00, 0x00,
	0x00, 0x00, 0x00, 0x00, 0x00, 0x00, 0x00, 0x00,
	0x00, 0x00, 0x00, 0x00, 0x00, 0x00, 0x00, 0x00,
	0x00, 0x00, 0x00, 0x00, 0x00, 0x00, 0x00, 0x00,
	0x00, 0x00, 0x00, 0x00, 0x00, 0x00, 0x00, 0x00,
	0x00, 0x00, 0x00, 0x00, 0x00, 0x00, 0x00, 0x00,
	0x00, 0x00, 0x00, 0x00, 0x00, 0x00, 0x00, 0x00,
	0x00, 0x00, 0x00, 0x00, 0x00, 0x00, 0x00, 0x00,
	0x00, 0x00, 0x00, 0x00, 0x00, 0x00, 0x00, 0x00,
	0x00, 0x00, 0x00, 0x00, 0x00, 0x00, 0x00, 0x00,
	0x00, 0x00, 0x00, 0x00, 0x00, 0x00, 0x00, 0x00,
	0x00, 0x00, 0x00, 0x00, 0x00, 0x00, 0x00, 0x00,
	0x00, 0x00, 0x00, 0x00, 0x00, 0x00, 0x00, 0x00,
	0x00, 0x00, 0x00, 0x00, 0x00, 0x00, 0x00, 0x00,
	0x00, 0x00, 0x00, 0x00, 0x00, 0x00, 0x00, 0x00,
	0x00, 0x00, 0x00, 0x00, 0x00, 0x00, 0x00, 0x00,
	0x00, 0x00, 0x00, 0x00, 0x00, 0x00, 0x00, 0x00,
	0x00, 0x00, 0x00, 0x00, 0x00, 0x00, 0x00, 0x00,
	0x00, 0x00, 0x00, 0x00, 0x00, 0x00, 0x00, 0x00,
	0x00, 0x00, 0x00, 0x00, 0x00, 0x00, 0x00, 0x00,
	0x00, 0x00, 0x00, 0x00, 0x00, 0x00, 0x00, 0x00,
	0x00, 0x00, 0x00, 0x00, 0x00, 0x00, 0x00, 0x00,
	0x00, 0x00, 0x00, 0x00, 0x00, 0x00, 0x00, 0x00,
	0x00, 0x00, 0x00, 0x00, 0x00, 0x00, 0x00, 0x00,
	0x00, 0x00, 0x00, 0x00, 0x00, 0x00, 0x00, 0x00,
	0x00, 0x00, 0x00, 0x00, 0x00, 0x00, 0x00, 0x00,
	0x00, 0x00, 0x00, 0x00, 0x00, 0x00, 0x00, 0x00,
	0x00, 0x00, 0x00, 0x00, 0x00, 0x00, 0x00, 0x00,
	0x00, 0x00, 0x00, 0x00, 0x00, 0x00, 0x00, 0x00,
	0x00, 0x00, 0x00, 0x00, 0x00, 0x00, 0x00, 0x00,
	0x00, 0x00, 0x00, 0x00, 0x00, 0x00, 0x00, 0x00,
	0x00, 0x00, 0x00, 0x00, 0x00, 0x00, 0x00, 0x00,
	0x00, 0x00, 0x00, 0x00, 0x00, 0x00, 0x00, 0x00,
	0x00, 0x00, 0x00, 0x00, 0x00, 0x00, 0x00, 0x00,
	0x00, 0x00, 0x00, 0x00, 0x00, 0x00, 0x00, 0x00,
	0x00, 0x00, 0x00, 0x00, 0x00, 0x00, 0x00, 0x00,
	0x00, 0x00, 0x00, 0x00, 0x00, 0x00, 0x00, 0x00,
	0x00, 0x00, 0x00, 0x00, 0x00, 0x00, 0x00, 0x00,
	0x00, 0x00, 0x00, 0x00, 0x00, 0x00, 0x00, 0x00,
	0x00, 0x00, 0x00, 0x00, 0x00, 0x00, 0x00, 0x00,
	0x00, 0x00, 0x00, 0x00, 0x00, 0x00, 0x00, 0x00,
	0x00, 0x00, 0x00, 0x00, 0x00, 0x00, 0x00, 0x00,
	0x00, 0x00, 0x00, 0x00, 0x00, 0x00, 0x00, 0x00,
	0x00, 0x00, 0x00, 0x00, 0x00, 0x00, 0x00, 0x00,
	0x00, 0x00, 0x00, 0x00, 0x00, 0x00, 0x00, 0x00,
	0x00, 0x00, 0x00, 0x00, 0x00, 0x00, 0x00, 0x00,
	0x00, 0x00, 0x00, 0x00, 0x00, 0x00, 0x00, 0x00,
	0x00, 0x00, 0x00, 0x00, 0x00, 0x00, 0x00, 0x00,
	0x00, 0x00, 0x00, 0x00, 0x00, 0x00, 0x00, 0x00,
	0x00, 0x00, 0x00, 0x00, 0x00, 0x00, 0x00, 0x00,
	0x00, 0x00, 0x00, 0x00, 0x00, 0x00, 0x00, 0x00,
	0x00, 0x00, 0x00, 0x00, 0x00, 0x00, 0x00, 0x00,
	0x00, 0x00, 0x00, 0x00, 0x00, 0x00, 0x00, 0x00,
	0x00, 0x00, 0x00, 0x00, 0x00, 0x00, 0x00, 0x00,
	0x00, 0x00, 0x00, 0x00, 0x00, 0x00, 0x00, 0x00,
	0x00, 0x00, 0x00, 0x00, 0x00, 0x00, 0x00, 0x00,
	0x00, 0x00, 0x00, 0x00, 0x00, 0x00, 0x00, 0x00,
	0x00, 0x00, 0x00, 0x00, 0x00, 0x00, 0x00, 0x00,
	0x00, 0x00, 0x00, 0x00, 0x00, 0x00, 0x00, 0x00,
	0x00, 0x00, 0x00, 0x00, 0x00, 0x00, 0x00, 0x00,
	0x00, 0x00, 0x00, 0x00, 0x00, 0x00, 0x00, 0x00,
	0x00, 0x00, 0x00, 0x00, 0x00, 0x00, 0x00, 0x00,
	0x00, 0x00, 0x00, 0x00, 0x00, 0x00, 0x00, 0x00,
	0x00, 0x00, 0x00, 0x00, 0x00, 0x00, 0x00, 0x00,
	0x00, 0x00, 0x00, 0x00, 0x00, 0x00, 0x00, 0x00,
	0x00, 0x00, 0x00, 0x00, 0x00, 0x00, 0x00, 0x00,
	0x00, 0x00, 0x00, 0x00, 0x00, 0x00, 0x00, 0x00,
	0x00, 0x00, 0x00, 0x00, 0x00, 0x00, 0x00, 0x00,
	0x00, 0x00, 0x00, 0x00, 0x00, 0x00, 0x00, 0x00,
	0x00, 0x00, 0x00, 0x00, 0x00, 0x00, 0x00, 0x00,
	0x00, 0x00, 0x00, 0x00, 0x00, 0x00, 0x00, 0x00,
	0x00, 0x00, 0x00, 0x00, 0x00, 0x00, 0x00, 0x00,
	0x00, 0x00, 0x00, 0x00, 0x00, 0x00, 0x00, 0x00,
	0x00, 0x00, 0x00, 0x00, 0x00, 0x00, 0x00, 0x00,
	0x00, 0x00, 0x00, 0x00, 0x00, 0x00, 0x00, 0x00,
	0x00, 0x00, 0x00, 0x00, 0x00, 0x00, 0x00, 0x00,
	0x00, 0x00, 0x00, 0x00, 0x00, 0x00, 0x00, 0x00,
	0x00, 0x00, 0x00, 0x00, 0x00, 0x00, 0x00, 0x00,
	0x00, 0x00, 0x00, 0x00, 0x00, 0x00, 0x00, 0x00,
	0x00, 0x00, 0x00, 0x00, 0x00, 0x00, 0x00, 0x00,
	0x00, 0x00, 0x00, 0x00, 0x00, 0x00, 0x00, 0x00,
	0x00, 0x00, 0x00, 0x00, 0x00, 0x00, 0x00, 0x00,
	0x00, 0x00, 0x00, 0x00, 0x00, 0x00, 0x00, 0x00,
	0x00, 0x00, 0x00, 0x00, 0x00, 0x00, 0x00, 0x00,
	0x00, 0x00, 0x00, 0x00, 0x00, 0x00, 0x00, 0x00,
	0x00, 0x00, 0x00, 0x00, 0x00, 0x00, 0x00, 0x00,
	0x00, 0x00, 0x00, 0x00, 0x00, 0x00, 0x00, 0x00,
	0x00, 0x00, 0x00, 0x00, 0x00, 0x00, 0x00, 0x00,
	0x00, 0x00, 0x00, 0x00, 0x00, 0x00, 0x00, 0x00,
	0x00, 0x00, 0x00, 0x00, 0x00, 0x00, 0x00, 0x00,
	0x00, 0x00, 0x00, 0x00, 0x00, 0x00, 0x00, 0x00,
	0x00, 0x00, 0x00, 0x00, 0x00, 0x00, 0x00, 0x00,
	0x00, 0x00, 0x00, 0x00, 0x00, 0x00, 0x00, 0x00,
	0x00, 0x00, 0x00, 0x00, 0x00, 0x00, 0x00, 0x00,
	0x00, 0x00, 0x00, 0x00, 0x00, 0x00, 0x00, 0x00,
	0x00, 0x00, 0x00, 0x00, 0x00, 0x00, 0x00, 0x00,
	0x00, 0x00, 0x00, 0x00, 0x00, 0x00, 0x00, 0x00,
	0x00, 0x00, 0x00, 0x00, 0x00, 0x00, 0x00, 0x00,
	0x00, 0x00, 0x00, 0x00, 0x00, 0x00, 0x00, 0x00,
	0x00, 0x00, 0x00, 0x00, 0x00, 0x00, 0x00, 0x00,
	0x00, 0x00, 0x00, 0x00, 0x00, 0x00, 0x00, 0x00,
	0x00, 0x00, 0x00, 0x00, 0x00, 0x00, 0x00, 0x00,
	0x00, 0x00, 0x00, 0x00, 0x00, 0x00, 0x00, 0x00,
	0x00, 0x00, 0x00, 0x00, 0x00, 0x00, 0x00, 0x00,
	0x00, 0x00, 0x00, 0x00, 0x00, 0x00, 0x00, 0x00,
	0x00, 0x00, 0x00, 0x00, 0x00, 0x00, 0x00, 0x00,
	0x00, 0x00, 0x00, 0x00, 0x00, 0x00, 0x00, 0x00,
	0x00, 0x00, 0x00, 0x00, 0x00, 0x00, 0x00, 0x00,
	0x00, 0x00, 0x00, 0x00, 0x00, 0x00, 0x00, 0x00,
	0x00, 0x00, 0x00, 0x00, 0x00, 0x00, 0x00, 0x00,
	0x00, 0x00, 0x00, 0x00, 0x00, 0x00, 0x00, 0x00,
	0x00, 0x00, 0x00, 0x00, 0x00, 0x00, 0x00, 0x00,
	0x00, 0x00, 0x00, 0x00, 0x00, 0x00, 0x00, 0x00,
	0x00, 0x00, 0x00, 0x00, 0x00, 0x00, 0x00, 0x00,
	0x00, 0x00, 0x00, 0x00, 0x00, 0x00, 0x00, 0x00,
	0x00, 0x00, 0x00, 0x00, 0x00, 0x00, 0x00, 0x00,
	0x00, 0x00, 0x00, 0x00, 0x00, 0x00, 0x00, 0x00,
	0x00, 0x00, 0x00, 0x00, 0x00, 0x00, 0x00, 0x00,
	0x00, 0x00, 0x00, 0x00, 0x00, 0x00, 0x00, 0x00,
	0x00, 0x00, 0x00, 0x00, 0x00, 0x00, 0x00, 0x00,
	0x00, 0x00, 0x00, 0x00, 0x00, 0x00, 0x00, 0x00,
	0x00, 0x00, 0x00, 0x00, 0x00, 0x00, 0x00, 0x00,
	0x00, 0x00, 0x00, 0x00, 0x00, 0x00, 0x00, 0x00,
	0x00, 0x00, 0x00, 0x00, 0x00, 0x00, 0x00, 0x00,
	0x00, 0x00, 0x00, 0x00, 0x00, 0x00, 0x00, 0x00,
	0x00, 0x00, 0x00, 0x00, 0x00, 0x00, 0x00, 0x00,
	0x00, 0x00, 0x00, 0x00, 0x00, 0x00, 0x00, 0x00,
	0x00, 0x00, 0x00, 0x00, 0x00, 0x00, 0x00, 0x00,
	0x00, 0x00, 0x00, 0x00, 0x00, 0x00, 0x00, 0x00,
	0x00, 0x00, 0x00, 0x00, 0x00, 0x00, 0x00, 0x00,
	0x00, 0x00, 0x00, 0x00, 0x00, 0x00, 0x00, 0x00,
	0x00, 0x00, 0x00, 0x00, 0x00, 0x00, 0x00, 0x00,
	0x00, 0x00, 0x00, 0x00, 0x00, 0x00, 0x00, 0x00,
	0x00, 0x00, 0x00, 0x00, 0x00, 0x00, 0x00, 0x00,
	0x00, 0x00, 0x00, 0x00, 0x00, 0x00, 0x00, 0x00,
	0x00, 0x00, 0x00, 0x00, 0x00, 0x00, 0x00, 0x00,
	0x00, 0x00, 0x00, 0x00, 0x00, 0x00, 0x00, 0x00,
	0x00, 0x00, 0x00, 0x00, 0x00, 0x00, 0x00, 0x00,
	0x00, 0x00, 0x00, 0x00, 0x00, 0x00, 0x00, 0x00,
	0x00, 0x00, 0x00, 0x00, 0x00, 0x00, 0x00, 0x00,
	0x00, 0x00, 0x00, 0x00, 0x00, 0x00, 0x00, 0x00,
	0x00, 0x00, 0x00, 0x00, 0x00, 0x00, 0x00, 0x00,
	0x00, 0x00, 0x00, 0x00, 0x00, 0x00, 0x00, 0x00,
	0x00, 0x00, 0x00, 0x00, 0x00, 0x00, 0x00, 0x00,
	0x00, 0x00, 0x00, 0x00, 0x00, 0x00, 0x00, 0x00,
	0x00, 0x00, 0x00, 0x00, 0x00, 0x00, 0x00, 0x00,
	0x00, 0x00, 0x00, 0x00, 0x00, 0x00, 0x00, 0x00,
	0x00, 0x00, 0x00, 0x00, 0x00, 0x00, 0x00, 0x00,
	0x00, 0x00, 0x00, 0x00, 0x00, 0x00, 0x00, 0x00,
	0x00, 0x00, 0x00, 0x00, 0x00, 0x00, 0x00, 0x00,
	0x00, 0x00, 0x00, 0x00, 0x00, 0x00, 0x00, 0x00,
	0x00, 0x00, 0x00, 0x00, 0x00, 0x00, 0x00, 0x00,
	0x00, 0x00, 0x00, 0x00, 0x00, 0x00, 0x00, 0x00,
	0x00, 0x00, 0x00, 0x00, 0x00, 0x00, 0x00, 0x00,
	0x00, 0x00, 0x00, 0x00, 0x00, 0x00, 0x00, 0x00,
	0x00, 0x00, 0x00, 0x00, 0x00, 0x00, 0x00, 0x00,
	0x00, 0x00, 0x00, 0x00, 0x00, 0x00, 0x00, 0x00,
	0x00, 0x00, 0x00, 0x00, 0x00, 0x00, 0x00, 0x00,
	0x00, 0x00, 0x00, 0x00, 0x00, 0x00, 0x00, 0x00,
	0x00, 0x00, 0x00, 0x00, 0x00, 0x00, 0x00, 0x00,
	0x00, 0x00, 0x00, 0x00, 0x00, 0x00, 0x00, 0x00,
	0x00, 0x00, 0x00, 0x00, 0x00, 0x00, 0x00, 0x00,
	0x00, 0x00, 0x00, 0x00, 0x00, 0x00, 0x00, 0x00,
	0x00, 0x00, 0x00, 0x00, 0x00, 0x00, 0x00, 0x00,
	0x00, 0x00, 0x00, 0x00, 0x00, 0x00, 0x00, 0x00,
	0x00, 0x00, 0x00, 0x00, 0x00, 0x00, 0x00, 0x00,
	0x00, 0x00, 0x00, 0x00, 0x00, 0x00, 0x00, 0x00,
	0x00, 0x00, 0x00, 0x00, 0x00, 0x00, 0x00, 0x00,
	0x00, 0x00, 0x00, 0x00, 0x00, 0x00, 0x00, 0x00,
	0x00, 0x00, 0x00, 0x00, 0x00, 0x00, 0x00, 0x00,
	0x00, 0x00, 0x00, 0x00, 0x00, 0x00, 0x00, 0x00,
	0x00, 0x00, 0x00, 0x00, 0x00, 0x00, 0x00, 0x00,
	0x00, 0x00, 0x00, 0x00, 0x00, 0x00, 0x00, 0x00,
	0x00, 0x00, 0x00, 0x00, 0x00, 0x00, 0x00, 0x00,
	0x00, 0x00, 0x00, 0x00, 0x00, 0x00, 0x00, 0x00,
	0x00, 0x00, 0x00, 0x00, 0x00, 0x00, 0x00, 0x00,
	0x00, 0x00, 0x00, 0x00, 0x00, 0x00, 0x00, 0x00,
	0x00, 0x00, 0x00, 0x00, 0x00, 0x00, 0x00, 0x00,
	0x00, 0x00, 0x00, 0x00, 0x00, 0x00, 0x00, 0x00,
	0x00, 0x00, 0x00, 0x00, 0x00, 0x00, 0x00, 0x00,
	0x00, 0x00, 0x00, 0x00, 0x00, 0x00, 0x00, 0x00,
	0x00, 0x00, 0x00, 0x00, 0x00, 0x00, 0x00, 0x00,
	0x00, 0x00, 0x00, 0x00, 0x00, 0x00, 0x00, 0x00,
	0x00, 0x00, 0x00, 0x00, 0x00, 0x00, 0x00, 0x00,
	0x00, 0x00, 0x00, 0x00, 0x00, 0x00, 0x00, 0x00,
	0x00, 0x00, 0x00, 0x00, 0x00, 0x00, 0x00, 0x00,
	0x00, 0x00, 0x00, 0x00, 0x00, 0x00, 0x00, 0x00,
	0x00, 0x00, 0x00, 0x00, 0x00, 0x00, 0x00, 0x00,
	0x00, 0x00, 0x00, 0x00, 0x00, 0x00, 0x00, 0x00,
	0x00, 0x00, 0x00, 0x00, 0x00, 0x00, 0x00, 0x00,
	0x00, 0x00, 0x00, 0x00, 0x00, 0x00, 0x00, 0x00,
	0x00, 0x00, 0x00, 0x00, 0x00, 0x00, 0x00, 0x00,
	0x00, 0x00, 0x00, 0x00, 0x00, 0x00, 0x00, 0x00,
	0x00, 0x00, 0x00, 0x00, 0x00, 0x00, 0x00, 0x00,
	0x00, 0x00, 0x00, 0x00, 0x00, 0x00, 0x00, 0x00,
	0x00, 0x00, 0x00, 0x00, 0x00, 0x00, 0x00, 0x00,
	0x00, 0x00, 0x00, 0x00, 0x00, 0x00, 0x00, 0x00,
	0x00, 0x00, 0x00, 0x00, 0x00, 0x00, 0x00, 0x00,
	0x00, 0x00, 0x00, 0x00, 0x00, 0x00, 0x00, 0x00,
	0x00, 0x00, 0x00, 0x00, 0x00, 0x00, 0x00, 0x00,
	0x00, 0x00, 0x00, 0x00, 0x00, 0x00, 0x00, 0x00,
	0x00, 0x00, 0x00, 0x00, 0x00, 0x00, 0x00, 0x00,
	0x00, 0x00, 0x00, 0x00, 0x00, 0x00, 0x00, 0x00,
	0x00, 0x00, 0x00, 0x00, 0x00, 0x00, 0x00, 0x00,
	0x00, 0x00, 0x00, 0x00, 0x00, 0x00, 0x00, 0x00,
	0x00, 0x00, 0x00, 0x00, 0x00, 0x00, 0x00, 0x00,
	0x00, 0x00, 0x00, 0x00, 0x00, 0x00, 0x00, 0x00,
	0x00, 0x00, 0x00, 0x00, 0x00, 0x00, 0x00, 0x00,
	0x00, 0x00, 0x00, 0x00, 0x00, 0x00, 0x00, 0x00,
	0x00, 0x00, 0x00, 0x00, 0x00, 0x00, 0x00, 0x00,
	0x00, 0x00, 0x00, 0x00, 0x00, 0x00, 0x00, 0x00,
	0x00, 0x00, 0x00, 0x00, 0x00, 0x00, 0x00, 0x00,
	0x00, 0x00, 0x00, 0x00, 0x00, 0x00, 0x00, 0x00,
	0x00, 0x00, 0x00, 0x00, 0x00, 0x00, 0x00, 0x00,
	0x00, 0x00, 0x00, 0x00, 0x00, 0x00, 0x00, 0x00,
	0x00, 0x00, 0x00, 0x00, 0x00, 0x00, 0x00, 0x00,
	0x00, 0x00, 0x00, 0x00, 0x00, 0x00, 0x00, 0x00,
	0x00, 0x00, 0x00, 0x00, 0x00, 0x00, 0x00, 0x00,
	0x00, 0x00, 0x00, 0x00, 0x00, 0x00, 0x00, 0x00,
	0x00, 0x00, 0x00, 0x00, 0x00, 0x00, 0x00, 0x00,
	0x00, 0x00, 0x00, 0x00, 0x00, 0x00, 0x00, 0x00,
	0x00, 0x00, 0x00, 0x00, 0x00, 0x00, 0x00, 0x00,
	0x00, 0x00, 0x00, 0x00, 0x00, 0x00, 0x00, 0x00,
	0x00, 0x00, 0x00, 0x00, 0x00, 0x00, 0x00, 0x00,
	0x00, 0x00, 0x00, 0x00, 0x00, 0x00, 0x00, 0x00,
	0x00, 0x00, 0x00, 0x00, 0x00, 0x00, 0x00, 0x00,
	0x00, 0x00, 0x00, 0x00, 0x00, 0x00, 0x00, 0x00,
	0x00, 0x00, 0x00, 0x00, 0x00, 0x00, 0x00, 0x00,
	0x00, 0x00, 0x00, 0x00, 0x00, 0x00, 0x00, 0x00,
	0x00, 0x00, 0x00, 0x00, 0x00, 0x00, 0x00, 0x00,
	0x00, 0x00, 0x00, 0x00, 0x00, 0x00, 0x00, 0x00,
	0x00, 0x00, 0x00, 0x00, 0x00, 0x00, 0x00, 0x00,
	0x00, 0x00, 0x00, 0x00, 0x00, 0x00, 0x00, 0x00,
	0x00, 0x00, 0x00, 0x00, 0x00, 0x00, 0x00, 0x00,
	0x00, 0x00, 0x00, 0x00, 0x00, 0x00, 0x00, 0x00,
	0x00, 0x00, 0x00, 0x00, 0x00, 0x00, 0x00, 0x00,
	0x00, 0x00, 0x00, 0x00, 0x00, 0x00, 0x00, 0x00,
	0x00, 0x00, 0x00, 0x00, 0x00, 0x00, 0x00, 0x00,
	0x00, 0x00, 0x00, 0x00, 0x00, 0x00, 0x00, 0x00,
	0x00, 0x00, 0x00, 0x00, 0x00, 0x00, 0x00, 0x00,
	0x00, 0x00, 0x00, 0x00, 0x00, 0x00, 0x00, 0x00,
	0x00, 0x00, 0x00, 0x00, 0x00, 0x00, 0x00, 0x00,
	0x00, 0x00, 0x00, 0x00, 0x00, 0x00, 0x00, 0x00,
	0x00, 0x00, 0x00, 0x00, 0x00, 0x00, 0x00, 0x00,
	0x00, 0x00, 0x00, 0x00, 0x00, 0x00, 0x00, 0x00,
	0x00, 0x00, 0x00, 0x00, 0x00, 0x00, 0x00, 0x00,
	0x00, 0x00, 0x00, 0x00, 0x00, 0x00, 0x00, 0x00,
	0x00, 0x00, 0x00, 0x00, 0x00, 0x00, 0x00, 0x00,
	0x00, 0x00, 0x00, 0x00, 0x00, 0x00, 0x00, 0x00,
	0x00, 0x00, 0x00, 0x00, 0x00, 0x00, 0x00, 0x00,
	0x00, 0x00, 0x00, 0x00, 0x00, 0x00, 0x00, 0x00,
	0x00, 0x00, 0x00, 0x00, 0x00, 0x00, 0x00, 0x00,
	0x00, 0x00, 0x00, 0x00, 0x00, 0x00, 0x00, 0x00,
	0x00, 0x00, 0x00, 0x00, 0x00, 0x00, 0x00, 0x00,
	0x00, 0x00, 0x00, 0x00, 0x00, 0x00, 0x00, 0x00,
	0x00, 0x00, 0x00, 0x00, 0x00, 0x00, 0x00, 0x00,
	0x00, 0x00, 0x00, 0x00, 0x00, 0x00, 0x00, 0x00,
	0x00, 0x00, 0x00, 0x00, 0x00, 0x00, 0x00, 0x00,
	0x00, 0x00, 0x00, 0x00, 0x00, 0x00, 0x00, 0x00,
	0x00, 0x00, 0x00, 0x00, 0x00, 0x00, 0x00, 0x00,
	0x00, 0x00, 0x00, 0x00, 0x00, 0x00, 0x00, 0x00,
	0x00, 0x00, 0x00, 0x00, 0x00, 0x00, 0x00, 0x00,
	0x00, 0x00, 0x00, 0x00, 0x00, 0x00, 0x00, 0x00,
	0x00, 0x00, 0x00, 0x00, 0x00, 0x00, 0x00, 0x00,
	0x00, 0x00, 0x00, 0x00, 0x00, 0x00, 0x00, 0x00,
	0x00, 0x00, 0x00, 0x00, 0x00, 0x00, 0x00, 0x00,
	0x00, 0x00, 0x00, 0x00, 0x00, 0x00, 0x00, 0x00,
	0x00, 0x00, 0x00, 0x00, 0x00, 0x00, 0x00, 0x00,
	0x00, 0x00, 0x00, 0x00, 0x00, 0x00, 0x00, 0x00,
	0x00, 0x00, 0x00, 0x00, 0x00, 0x00, 0x00, 0x00,
	0x00, 0x00, 0x00, 0x00, 0x00, 0x00, 0x00, 0x00,
	0x00, 0x00, 0x00, 0x00, 0x00, 0x00, 0x00, 0x00,
	0x00, 0x00, 0x00, 0x00, 0x00, 0x00, 0x00, 0x00,
	0x00, 0x00, 0x00, 0x00, 0x00, 0x00, 0x00, 0x00,
	0x00, 0x00, 0x00, 0x00, 0x00, 0x00, 0x00, 0x00,
	0x00, 0x00, 0x00, 0x00, 0x00, 0x00, 0x00, 0x00,
	0x00, 0x00, 0x00, 0x00, 0x00, 0x00, 0x00, 0x00,
	0x00, 0x00, 0x00, 0x00, 0x00, 0x00, 0x00, 0x00,
	0x00, 0x00, 0x00, 0x00, 0x00, 0x00, 0x00, 0x00,
	0x00, 0x00, 0x00, 0x00, 0x00, 0x00, 0x00, 0x00,
	0x00, 0x00, 0x00, 0x00, 0x00, 0x00, 0x00, 0x00,
	0x00, 0x00, 0x00, 0x00, 0x00, 0x00, 0x00, 0x00,
	0x00, 0x00, 0x00, 0x00, 0x00, 0x00, 0x00, 0x00,
	0x00, 0x00, 0x00, 0x00, 0x00, 0x00, 0x00, 0x00,
	0x00, 0x00, 0x00, 0x00, 0x00, 0x00, 0x00, 0x00,
	0x00, 0x00, 0x00, 0x00, 0x00, 0x00, 0x00, 0x00,
	0x00, 0x00, 0x00, 0x00, 0x00, 0x00, 0x00, 0x00,
	0x00, 0x00, 0x00, 0x00, 0x00, 0x00, 0x00, 0x00,
	0x00, 0x00, 0x00, 0x00, 0x00, 0x00, 0x00, 0x00,
	0x00, 0x00, 0x00, 0x00, 0x00, 0x00, 0x00, 0x00,
	0x00, 0x00, 0x00, 0x00, 0x00, 0x00, 0x00, 0x00,
	0x00, 0x00, 0x00, 0x00, 0x00, 0x00, 0x00, 0x00,
	0x00, 0x00, 0x00, 0x00, 0x00, 0x00, 0x00, 0x00,
	0x00, 0x00, 0x00, 0x00, 0x00, 0x00, 0x00, 0x00,
	0x00, 0x00, 0x00, 0x00, 0x00, 0x00, 0x00, 0x00,
	0x00, 0x00, 0x00, 0x00, 0x00, 0x00, 0x00, 0x00,
	0x00, 0x00, 0x00, 0x00, 0x00, 0x00, 0x00, 0x00,
	0x00, 0x00, 0x00, 0x00, 0x00, 0x00, 0x00, 0x00,
	0x00, 0x00, 0x00, 0x00, 0x00, 0x00, 0x00, 0x00,
	0x00, 0x00, 0x00, 0x00, 0x00, 0x00, 0x00, 0x00,
	0x00, 0x00, 0x00, 0x00, 0x00, 0x00, 0x00, 0x00,
	0x00, 0x00, 0x00, 0x00, 0x00, 0x00, 0x00, 0x00,
	0x00, 0x00, 0x00, 0x00, 0x00, 0x00, 0x00, 0x00,
	0x00, 0x00, 0x00, 0x00, 0x00, 0x00, 0x00, 0x00,
	0x00, 0x00, 0x00, 0x00, 0x00, 0x00, 0x00, 0x00,
	0x00, 0x00, 0x00, 0x00, 0x00, 0x00, 0x00, 0x00,
	0x00, 0x00, 0x00, 0x00, 0x00, 0x00, 0x00, 0x00,
	0x00, 0x00, 0x00, 0x00, 0x00, 0x00, 0x00, 0x00,
	0x00, 0x00, 0x00, 0x00, 0x00, 0x00, 0x00, 0x00,
	0x00, 0x00, 0x00, 0x00, 0x00, 0x00, 0x00, 0x00,
	0x00, 0x00, 0x00, 0x00, 0x00, 0x00, 0x00, 0x00,
	0x00, 0x00, 0x00, 0x00, 0x00, 0x00, 0x00, 0x00,
	0x00, 0x00, 0x00, 0x00, 0x00, 0x00, 0x00, 0x00,
	0x00, 0x00, 0x00, 0x00, 0x00, 0x00, 0x00, 0x00,
	0x00, 0x00, 0x00, 0x00, 0x00, 0x00, 0x00, 0x00,
	0x00, 0x00, 0x00, 0x00, 0x00, 0x00, 0x00, 0x00,
	0x00, 0x00, 0x00, 0x00, 0x00, 0x00, 0x00, 0x00,
	0x00, 0x00, 0x00, 0x00, 0x00, 0x00, 0x00, 0x00,
	0x00, 0x00, 0x00, 0x00, 0x00, 0x00, 0x00, 0x00,
	0x00, 0x00, 0x00, 0x00, 0x00, 0x00, 0x00, 0x00,
	0x00, 0x00, 0x00, 0x00, 0x00, 0x00, 0x00, 0x00,
	0x00, 0x00, 0x00, 0x00, 0x00, 0x00, 0x00, 0x00,
	0x00, 0x00, 0x00, 0x00, 0x00, 0x00, 0x00, 0x00,
	0x00, 0x00, 0x00, 0x00, 0x00, 0x00, 0x00, 0x00,
	0x00, 0x00, 0x00, 0x00, 0x00, 0x00, 0x00, 0x00,
	0x00, 0x00, 0x00, 0x00, 0x00, 0x00, 0x00, 0x00,
	0x00, 0x00, 0x00, 0x00, 0x00, 0x00, 0x00, 0x00,
	0x00, 0x00, 0x00, 0x00, 0x00, 0x00, 0x00, 0x00,
	0x00, 0x00, 0x00, 0x00, 0x00, 0x00, 0x00, 0x00,
	0x00, 0x00, 0x00, 0x00, 0x00, 0x00, 0x00, 0x00,
	0x00, 0x00, 0x00, 0x00, 0x00, 0x00, 0x00, 0x00,
	0x00, 0x00, 0x00, 0x00, 0x00, 0x00, 0x00, 0x00,
	0x00, 0x00, 0x00, 0x00, 0x00, 0x00, 0x00, 0x00,
	0x00, 0x00, 0x00, 0x00, 0x00, 0x00, 0x00, 0x00,
	0x00, 0x00, 0x00, 0x00, 0x00, 0x00, 0x00, 0x00,
	0x00, 0x00, 0x00, 0x00, 0x00, 0x00, 0x00, 0x00,
	0x00, 0x00, 0x00, 0x00, 0x00, 0x00, 0x00, 0x00,
	0x00, 0x00, 0x00, 0x00, 0x00, 0x00, 0x00, 0x00,
	0x00, 0x00, 0x00, 0x00, 0x00, 0x00, 0x00, 0x00,
	0x00, 0x00, 0x00, 0x00, 0x00, 0x00, 0x00, 0x00,
	0x00, 0x00, 0x00, 0x00, 0x00, 0x00, 0x00, 0x00,
	0x00, 0x00, 0x00, 0x00, 0x00, 0x00, 0x00, 0x00,
	0x00, 0x00, 0x00, 0x00, 0x00, 0x00, 0x00, 0x00,
	0x00, 0x00, 0x00, 0x00, 0x00, 0x00, 0x00, 0x00,
	0x00, 0x00, 0x00, 0x00, 0x00, 0x00, 0x00, 0x00,
	0x00, 0x00, 0x00, 0x00, 0x00, 0x00, 0x00, 0x00,
	0x00, 0x00, 0x00, 0x00, 0x00, 0x00, 0x00, 0x00,
	0x00, 0x00, 0x00, 0x00, 0x00, 0x00, 0x00, 0x00,
	0x00, 0x00, 0x00, 0x00, 0x00, 0x00, 0x00, 0x00,
	0x00, 0x00, 0x00, 0x00, 0x00, 0x00, 0x00, 0x00,
	0x00, 0x00, 0x00, 0x00, 0x00, 0x00, 0x00, 0x00,
	0x00, 0x00, 0x00, 0x00, 0x00, 0x00, 0x00, 0x00,
	0x00, 0x00, 0x00, 0x00, 0x00, 0x00, 0x00, 0x00,
	0x00, 0x00, 0x00, 0x00, 0x00, 0x00, 0x00, 0x00,
	0x00, 0x00, 0x00, 0x00, 0x00, 0x00, 0x00, 0x00,
	0x00, 0x00, 0x00, 0x00, 0x00, 0x00, 0x00, 0x00,
	0x00, 0x00, 0x00, 0x00, 0x00, 0x00, 0x00, 0x00,
	0x00, 0x00, 0x00, 0x00, 0x00, 0x00, 0x00, 0x00,
	0x00, 0x00, 0x00, 0x00, 0x00, 0x00, 0x00, 0x00,
	0x00, 0x00, 0x00, 0x00, 0x00, 0x00, 0x00, 0x00,
	0x00, 0x00, 0x00, 0x00, 0x00, 0x00, 0x00, 0x00,
	0x00, 0x00, 0x00, 0x00, 0x00, 0x00, 0x00, 0x00,
	0x00, 0x00, 0x00, 0x00, 0x00, 0x00, 0x00, 0x00,
	0x00, 0x00, 0x00, 0x00, 0x00, 0x00, 0x00, 0x00,
	0x00, 0x00, 0x00, 0x00, 0x00, 0x00, 0x00, 0x00,
	0x00, 0x00, 0x00, 0x00, 0x00, 0x00, 0x00, 0x00,
	0x00, 0x00, 0x00, 0x00, 0x00, 0x00, 0x00, 0x00,
	0x00, 0x00, 0x00, 0x00, 0x00, 0x00, 0x00, 0x00,
	0x00, 0x00, 0x00, 0x00, 0x00, 0x00, 0x00, 0x00,
	0x00, 0x00, 0x00, 0x00, 0x00, 0x00, 0x00, 0x00,
	0x00, 0x00, 0x00, 0x00, 0x00, 0x00, 0x00, 0x00,
	0x00, 0x00, 0x00, 0x00, 0x00, 0x00, 0x00, 0x00,
	0x00, 0x00, 0x00, 0x00, 0x00, 0x00, 0x00, 0x00,
	0x00, 0x00, 0x00, 0x00, 0x00, 0x00, 0x00, 0x00,
	0x00, 0x00, 0x00, 0x00, 0x00, 0x00, 0x00, 0x00,
	0x00, 0x00, 0x00, 0x00, 0x00, 0x00, 0x00, 0x00,
	0x00, 0x00, 0x00, 0x00, 0x00, 0x00, 0x00, 0x00,
	0x00, 0x00, 0x00, 0x00, 0x00, 0x00, 0x00, 0x00,
	0x00, 0x00, 0x00, 0x00, 0x00, 0x00, 0x00, 0x00,
	0x00, 0x00, 0x00, 0x00, 0x00, 0x00, 0x00, 0x00,
	0x00, 0x00, 0x00, 0x00, 0x00, 0x00, 0x00, 0x00,
	0x00, 0x00, 0x00, 0x00, 0x00, 0x00, 0x00, 0x00,
	0x00, 0x00, 0x00, 0x00, 0x00, 0x00, 0x00, 0x00,
	0x00, 0x00, 0x00, 0x00, 0x00, 0x00, 0x00, 0x00,
	0x00, 0x00, 0x00, 0x00, 0x00, 0x00, 0x00, 0x00,
	0x00, 0x00, 0x00, 0x00, 0x00, 0x00, 0x00, 0x00,
	0x00, 0x00, 0x00, 0x00, 0x00, 0x00, 0x00, 0x00,
	0x00, 0x00, 0x00, 0x00, 0x00, 0x00, 0x00, 0x00,
	0x00, 0x00, 0x00, 0x00, 0x00, 0x00, 0x00, 0x00,
	0x00, 0x00, 0x00, 0x00, 0x00, 0x00, 0x00, 0x00,
	0x00, 0x00, 0x00, 0x00, 0x00, 0x00, 0x00, 0x00,
	0x00, 0x00, 0x00, 0x00, 0x00, 0x00, 0x00, 0x00,
	0x00, 0x00, 0x00, 0x00, 0x00, 0x00, 0x00, 0x00,
	0x00, 0x00, 0x00, 0x00, 0x00, 0x00, 0x00, 0x00,
	0x00, 0x00, 0x00, 0x00, 0x00, 0x00, 0x00, 0x00,
	0x00, 0x00, 0x00, 0x00, 0x00, 0x00, 0x00, 0x00,
	0x00, 0x00, 0x00, 0x00, 0x00, 0x00, 0x00, 0x00,
	0x00, 0x00, 0x00, 0x00, 0x00, 0x00, 0x00, 0x00,
	0x00, 0x00, 0x00, 0x00, 0x00, 0x00, 0x00, 0x00,
	0x00, 0x00, 0x00, 0x00, 0x00, 0x00, 0x00, 0x00,
	0x00, 0x00, 0x00, 0x00, 0x00, 0x00, 0x00, 0x00,
	0x00, 0x00, 0x00, 0x00, 0x00, 0x00, 0x00, 0x00,
	0x00, 0x00, 0x00, 0x00, 0x00, 0x00, 0x00, 0x00,
	0x00, 0x00, 0x00, 0x00, 0x00, 0x00, 0x00, 0x00,
	0x00, 0x00, 0x00, 0x00, 0x00, 0x00, 0x00, 0x00,
	0x00, 0x00, 0x00, 0x00, 0x00, 0x00, 0x00, 0x00,
	0x00, 0x00, 0x00, 0x00, 0x00, 0x00, 0x00, 0x00,
	0x00, 0x00, 0x00, 0x00, 0x00, 0x00, 0x00, 0x00,
	0x00, 0x00, 0x00, 0x00, 0x00, 0x00, 0x00, 0x00,
	0x00, 0x00, 0x00, 0x00, 0x00, 0x00, 0x00, 0x00,
	0x00, 0x00, 0x00, 0x00, 0x00, 0x00, 0x00, 0x00,
	0x00, 0x00, 0x00, 0x00, 0x00, 0x00, 0x00, 0x00,
	0x00, 0x00, 0x00, 0x00, 0x00, 0x00, 0x00, 0x00,
	0x00, 0x00, 0x00, 0x00, 0x00, 0x00, 0x00, 0x00,
	0x00, 0x00, 0x00, 0x00, 0x00, 0x00, 0x00, 0x00,
	0x00, 0x00, 0x00, 0x00, 0x00, 0x00, 0x00, 0x00,
	0x00, 0x00, 0x00, 0x00, 0x00, 0x00, 0x00, 0x00,
	0x00, 0x00, 0x00, 0x00, 0x00, 0x00, 0x00, 0x00,
	0x00, 0x00, 0x00, 0x00, 0x00, 0x00, 0x00, 0x00,
	0x00, 0x00, 0x00, 0x00, 0x00, 0x00, 0x00, 0x00,
	0x00, 0x00, 0x00, 0x00, 0x00, 0x00, 0x00, 0x00,
	0x00, 0x00, 0x00, 0x00, 0x00, 0x00, 0x00, 0x00,
	0x00, 0x00, 0x00, 0x00, 0x00, 0x00, 0x00, 0x00,
	0x00, 0x00, 0x00, 0x00, 0x00, 0x00, 0x00, 0x00,
	0x00, 0x00, 0x00, 0x00, 0x00, 0x00, 0x00, 0x00,
	0x00, 0x00, 0x00, 0x00, 0x00, 0x00, 0x00, 0x00,
	0x00, 0x00, 0x00, 0x00, 0x00, 0x00, 0x00, 0x00,
	0x00, 0x00, 0x00, 0x00, 0x00, 0x00, 0x00, 0x00,
	0x00, 0x00, 0x00, 0x00, 0x00, 0x00, 0x00, 0x00,
	0x00, 0x00, 0x00, 0x00, 0x00, 0x00, 0x00, 0x00,
	0x00, 0x00, 0x00, 0x00, 0x00, 0x00, 0x00, 0x00,
	0x00, 0x00, 0x00, 0x00, 0x00, 0x00, 0x00, 0x00,
	0x00, 0x00, 0x00, 0x00, 0x00, 0x00, 0x00, 0x00,
	0x00, 0x00, 0x00, 0x00, 0x00, 0x00, 0x00, 0x00,
	0x00, 0x00, 0x00, 0x00, 0x00, 0x00, 0x00, 0x00,
	0x00, 0x00, 0x00, 0x00, 0x00, 0x00, 0x00, 0x00,
	0x00, 0x00, 0x00, 0x00, 0x00, 0x00, 0x00, 0x00,
	0x00, 0x00, 0x00, 0x00, 0x00, 0x00, 0x00, 0x00,
	0x00, 0x00, 0x00, 0x00, 0x00, 0x00, 0x00, 0x00,
	0x00, 0x00, 0x00, 0x00, 0x00, 0x00, 0x00, 0x00,
	0x00, 0x00, 0x00, 0x00, 0x00, 0x00, 0x00, 0x00,
	0x00, 0x00, 0x00, 0x00, 0x00, 0x00, 0x00, 0x00,
	0x00, 0x00, 0x00, 0x00, 0x00, 0x00, 0x00, 0x00,
	0x00, 0x00, 0x00, 0x00, 0x00, 0x00, 0x00, 0x00,
	0x00, 0x00, 0x00, 0x00, 0x00, 0x00, 0x00, 0x00,
	0x00, 0x00, 0x00, 0x00, 0x00, 0x00, 0x00, 0x00,
	0x00, 0x00, 0x00, 0x00, 0x00, 0x00, 0x00, 0x00,
	0x00, 0x00, 0x00, 0x00, 0x00, 0x00, 0x00, 0x00,
	0x00, 0x00, 0x00, 0x00, 0x00, 0x00, 0x00, 0x00,
	0x00, 0x00, 0x00, 0x00, 0x00, 0x00, 0x00, 0x00,
	0x00, 0x00, 0x00, 0x00, 0x00, 0x00, 0x00, 0x00,
	0x00, 0x00, 0x00, 0x00, 0x00, 0x00, 0x00, 0x00,
	0x00, 0x00, 0x00, 0x00, 0x00, 0x00, 0x00, 0x00,
	0x00, 0x00, 0x00, 0x00, 0x00, 0x00, 0x00, 0x00,
	0x00, 0x00, 0x00, 0x00, 0x00, 0x00, 0x00, 0x00,
	0x00, 0x00, 0x00, 0x00, 0x00, 0x00, 0x00, 0x00,
	0x00, 0x00, 0x00, 0x00, 0x00, 0x00, 0x00, 0x00,
	0x00, 0x00, 0x00, 0x00, 0x00, 0x00, 0x00, 0x00,
	0x00, 0x00, 0x00, 0x00, 0x00, 0x00, 0x00, 0x00,
	0x00, 0x00, 0x00, 0x00, 0x00, 0x00, 0x00, 0x00,
	0x00, 0x00, 0x00, 0x00, 0x00, 0x00, 0x00, 0x00,
	0x00, 0x00, 0x00, 0x00, 0x00, 0x00, 0x00, 0x00,
	0x00, 0x00, 0x00, 0x00, 0x00, 0x00, 0x00, 0x00,
	0x00, 0x00, 0x00, 0x00, 0x00, 0x00, 0x00, 0x00,
	0x00, 0x00, 0x00, 0x00, 0x00, 0x00, 0x00, 0x00,
	0x00, 0x00, 0x00, 0x00, 0x00, 0x00, 0x00, 0x00,
	0x00, 0x00, 0x00, 0x00, 0x00, 0x00, 0x00, 0x00,
	0x00, 0x00, 0x00, 0x00, 0x00, 0x00, 0x00, 0x00,
	0x00, 0x00, 0x00, 0x00, 0x00, 0x00, 0x00, 0x00,
	0x00, 0x00, 0x00, 0x00, 0x00, 0x00, 0x00, 0x00,
	0x00, 0x00, 0x00, 0x00, 0x00, 0x00, 0x00, 0x00,
	0x00, 0x00, 0x00, 0x00, 0x00, 0x00, 0x00, 0x00,
	0x00, 0x00, 0x00, 0x00, 0x00, 0x00, 0x00, 0x00,
	0x00, 0x00, 0x00, 0x00, 0x00, 0x00, 0x00, 0x00,
	0x00, 0x00, 0x00, 0x00, 0x00, 0x00, 0x00, 0x00,
	0x00, 0x00, 0x00, 0x00, 0x00, 0x00, 0x00, 0x00,
	0x00, 0x00, 0x00, 0x00, 0x00, 0x00, 0x00, 0x00,
	0x00, 0x00, 0x00, 0x00, 0x00, 0x00, 0x00, 0x00,
	0x00, 0x00, 0x00, 0x00, 0x00, 0x00, 0x00, 0x00,
	0x00, 0x00, 0x00, 0x00, 0x00, 0x00, 0x00, 0x00,
	0x00, 0x00, 0x00, 0x00, 0x00, 0x00, 0x00, 0x00,
	0x00, 0x00, 0x00, 0x00, 0x00, 0x00, 0x00, 0x00,
	0x00, 0x00, 0x00, 0x00, 0x00, 0x00, 0x00, 0x00,
	0x00, 0x00, 0x00, 0x00, 0x00, 0x00, 0x00, 0x00,
	0x00, 0x00, 0x00, 0x00, 0x00, 0x00, 0x00, 0x00,
	0x00, 0x00, 0x00, 0x00, 0x00, 0x00, 0x00, 0x00,
	0x00, 0x00, 0x00, 0x00, 0x00, 0x00, 0x00, 0x00,
	0x00, 0x00, 0x00, 0x00, 0x00, 0x00, 0x00, 0x00,
	0x00, 0x00, 0x00, 0x00, 0x00, 0x00, 0x00, 0x00,
	0x00, 0x00, 0x00, 0x00, 0x00, 0x00, 0x00, 0x00,
	0x00, 0x00, 0x00, 0x00, 0x00, 0x00, 0x00, 0x00,
	0x00, 0x00, 0x00, 0x00, 0x00, 0x00, 0x00, 0x00,
	0x00, 0x00, 0x00, 0x00, 0x00, 0x00, 0x00, 0x00,
	0x00, 0x00, 0x00, 0x00, 0x00, 0x00, 0x00, 0x00,
	0x00, 0x00, 0x00, 0x00, 0x00, 0x00, 0x00, 0x00,
	0x00, 0x00, 0x00, 0x00, 0x00, 0x00, 0x00, 0x00,
	0x00, 0x00, 0x00, 0x00, 0x00, 0x00, 0x00, 0x00,
	0x00, 0x00, 0x00, 0x00, 0x00, 0x00, 0x00, 0x00,
	0x00, 0x00, 0x00, 0x00, 0x00, 0x00, 0x00, 0x00,
	0x00, 0x00, 0x00, 0x00, 0x00, 0x00, 0x00, 0x00,
	0x00, 0x00, 0x00, 0x00, 0x00, 0x00, 0x00, 0x00,
	0x00, 0x00, 0x00, 0x00, 0x00, 0x00, 0x00, 0x00,
	0x00, 0x00, 0x00, 0x00, 0x00, 0x00, 0x00, 0x00,
	0x00, 0x00, 0x00, 0x00, 0x00, 0x00, 0x00, 0x00,
	0x00, 0x00, 0x00, 0x00, 0x00, 0x00, 0x00, 0x00,
	0x00, 0x00, 0x00, 0x00, 0x00, 0x00, 0x00, 0x00,
	0x00, 0x00, 0x00, 0x00, 0x00, 0x00, 0x00, 0x00,
	0x00, 0x00, 0x00, 0x00, 0x00, 0x00, 0x00, 0x00,
	0x00, 0x00, 0x00, 0x00, 0x00, 0x00, 0x00, 0x00,
	0x00, 0x00, 0x00, 0x00, 0x00, 0x00, 0x00, 0x00,
	0x00, 0x00, 0x00, 0x00, 0x00, 0x00, 0x00, 0x00,
	0x00, 0x00, 0x00, 0x00, 0x00, 0x00, 0x00, 0x00,
	0x00, 0x00, 0x00, 0x00, 0x00, 0x00, 0x00, 0x00,
	0x00, 0x00, 0x00, 0x00, 0x00, 0x00, 0x00, 0x00,
	0x00, 0x00, 0x00, 0x00, 0x00, 0x00, 0x00, 0x00,
	0x00, 0x00, 0x00, 0x00, 0x00, 0x00, 0x00, 0x00,
	0x00, 0x00, 0x00, 0x00, 0x00, 0x00, 0x00, 0x00,
	0x00, 0x00, 0x00, 0x00, 0x00, 0x00, 0x00, 0x00,
	0x00, 0x00, 0x00, 0x00, 0x00, 0x00, 0x00, 0x00,
	0x00, 0x00, 0x00, 0x00, 0x00, 0x00, 0x00, 0x00,
	0x00, 0x00, 0x00, 0x00, 0x00, 0x00, 0x00, 0x00,
	0x00, 0x00, 0x00, 0x00, 0x00, 0x00, 0x00, 0x00,
	0x00, 0x00, 0x00, 0x00, 0x00, 0x00, 0x00, 0x00,
	0x00, 0x00, 0x00, 0x00, 0x00, 0x00, 0x00, 0x00,
	0x00, 0x00, 0x00, 0x00, 0x00, 0x00, 0x00, 0x00,
	0x00, 0x00, 0x00, 0x00, 0x00, 0x00, 0x00, 0x00,
	0x00, 0x00, 0x00, 0x00, 0x00, 0x00, 0x00, 0x00,
	0x00, 0x00, 0x00, 0x00, 0x00, 0x00, 0x00, 0x00,
	0x00, 0x00, 0x00, 0x00, 0x00, 0x00, 0x00, 0x00,
	0x00, 0x00, 0x00, 0x00, 0x00, 0x00, 0x00, 0x00,
	0x00, 0x00, 0x00, 0x00, 0x00, 0x00, 0x00, 0x00,
	0x00, 0x00, 0x00, 0x00, 0x00, 0x00, 0x00, 0x00,
	0x00, 0x00, 0x00, 0x00, 0x00, 0x00, 0x00, 0x00,
	0x00, 0x00, 0x00, 0x00, 0x00, 0x00, 0x00, 0x00,
	0x00, 0x00, 0x00, 0x00, 0x00, 0x00, 0x00, 0x00,
	0x00, 0x00, 0x00, 0x00, 0x00, 0x00, 0x00, 0x00,
	0x00, 0x00, 0x00, 0x00, 0x00, 0x00, 0x00, 0x00,
	0x00, 0x00, 0x00, 0x00, 0x00, 0x00, 0x00, 0x00,
	0x00, 0x00, 0x00, 0x00, 0x00, 0x00, 0x00, 0x00,
	0x00, 0x00, 0x00, 0x00, 0x00, 0x00, 0x00, 0x00,
	0x00, 0x00, 0x00, 0x00, 0x00, 0x00, 0x00, 0x00,
	0x00, 0x00, 0x00, 0x00, 0x00, 0x00, 0x00, 0x00,
	0x00, 0x00, 0x00, 0x00, 0x00, 0x00, 0x00, 0x00,
	0x00, 0x00, 0x00, 0x00, 0x00, 0x00, 0x00, 0x00,
	0x00, 0x00, 0x00, 0x00, 0x00, 0x00, 0x00, 0x00,
	0x00, 0x00, 0x00, 0x00, 0x00, 0x00, 0x00, 0x00,
	0x00, 0x00, 0x00, 0x00, 0x00, 0x00, 0x00, 0x00,
	0x00, 0x00, 0x00, 0x00, 0x00, 0x00, 0x00, 0x00,
	0x00, 0x00, 0x00, 0x00, 0x00, 0x00, 0x00, 0x00,
	0x00, 0x00, 0x00, 0x00, 0x00, 0x00, 0x00, 0x00,
	0x00, 0x00, 0x00, 0x00, 0x00, 0x00, 0x00, 0x00,
	0x00, 0x00, 0x00, 0x00, 0x00, 0x00, 0x00, 0x00,
	0x00, 0x00, 0x00, 0x00, 0x00, 0x00, 0x00, 0x00,
	0x00, 0x00, 0x00, 0x00, 0x00, 0x00, 0x00, 0x00,
	0x00, 0x00, 0x00, 0x00, 0x00, 0x00, 0x00, 0x00,
	0x00, 0x00, 0x00, 0x00, 0x00, 0x00, 0x00, 0x00,
	0x00, 0x00, 0x00, 0x00, 0x00, 0x00, 0x00, 0x00,
	0x00, 0x00, 0x00, 0x00, 0x00, 0x00, 0x00, 0x00,
	0x00, 0x00, 0x00, 0x00, 0x00, 0x00, 0x00, 0x00,
	0x00, 0x00, 0x00, 0x00, 0x00, 0x00, 0x00, 0x00,
	0x00, 0x00, 0x00, 0x00, 0x00, 0x00, 0x00, 0x00,
	0x00, 0x00, 0x00, 0x00, 0x00, 0x00, 0x00, 0x00,
	0x00, 0x00, 0x00, 0x00, 0x00, 0x00, 0x00, 0x00,
	0x00, 0x00, 0x00, 0x00, 0x00, 0x00, 0x00, 0x00,
	0x00, 0x00, 0x00, 0x00, 0x00, 0x00, 0x00, 0x00,
	0x00, 0x00, 0x00, 0x00, 0x00, 0x00, 0x00, 0x00,
	0x00, 0x00, 0x00, 0x00, 0x00, 0x00, 0x00, 0x00,
	0x00, 0x00, 0x00, 0x00, 0x00, 0x00, 0x00, 0x00,
	0x00, 0x00, 0x00, 0x00, 0x00, 0x00, 0x00, 0x00,
	0x00, 0x00, 0x00, 0x00, 0x00, 0x00, 0x00, 0x00,
	0x00, 0x00, 0x00, 0x00, 0x00, 0x00, 0x00, 0x00,
	0x00, 0x00, 0x00, 0x00, 0x00, 0x00, 0x00, 0x00,
	0x00, 0x00, 0x00, 0x00, 0x00, 0x00, 0x00, 0x00,
	0x00, 0x00, 0x00, 0x00, 0x00, 0x00, 0x00, 0x00,
	0x00, 0x00, 0x00, 0x00, 0x00, 0x00, 0x00, 0x00,
	0x00, 0x00, 0x00, 0x00, 0x00, 0x00, 0x00, 0x00,
	0x00, 0x00, 0x00, 0x00, 0x00, 0x00, 0x00, 0x00,
	0x00, 0x00, 0x00, 0x00, 0x00, 0x00, 0x00, 0x00,
	0x00, 0x00, 0x00, 0x00, 0x00, 0x00, 0x00, 0x00,
	0x00, 0x00, 0x00, 0x00, 0x00, 0x00, 0x00, 0x00,
	0x00, 0x00, 0x00, 0x00, 0x00, 0x00, 0x00, 0x00,
	0x00, 0x00, 0x00, 0x00, 0x00, 0x00, 0x00, 0x00,
	0x00, 0x00, 0x00, 0x00, 0x00, 0x00, 0x00, 0x00,
	0x00, 0x00, 0x00, 0x00, 0x00, 0x00, 0x00, 0x00,
	0x00, 0x00, 0x00, 0x00, 0x00, 0x00, 0x00, 0x00,
	0x00, 0x00, 0x00, 0x00, 0x00, 0x00, 0x00, 0x00,
	0x00, 0x00, 0x00, 0x00, 0x00, 0x00, 0x00, 0x00,
	0x00, 0x00, 0x00, 0x00, 0x00, 0x00, 0x00, 0x00,
	0x00, 0x00, 0x00, 0x00, 0x00, 0x00, 0x00, 0x00,
	0x00, 0x00, 0x00, 0x00, 0x00, 0x00, 0x00, 0x00,
	0x00, 0x00, 0x00, 0x00, 0x00, 0x00, 0x00, 0x00,
	0x00, 0x00, 0x00, 0x00, 0x00, 0x00, 0x00, 0x00,
	0x00, 0x00, 0x00, 0x00, 0x00, 0x00, 0x00, 0x00,
	0x00, 0x00, 0x00, 0x00, 0x00, 0x00, 0x00, 0x00,
	0x00, 0x00, 0x00, 0x00, 0x00, 0x00, 0x00, 0x00,
	0x00, 0x00, 0x00, 0x00, 0x00, 0x00, 0x00, 0x00,
	0x00, 0x00, 0x00, 0x00, 0x00, 0x00, 0x00, 0x00,
	0x00, 0x00, 0x00, 0x00, 0x00, 0x00, 0x00, 0x00,
	0x00, 0x00, 0x00, 0x00, 0x00, 0x00, 0x00, 0x00,
	0x00, 0x00, 0x00, 0x00, 0x00, 0x00, 0x00, 0x00,
	0x00, 0x00, 0x00, 0x00, 0x00, 0x00, 0x00, 0x00,
	0x00, 0x00, 0x00, 0x00, 0x00, 0x00, 0x00, 0x00,
	0x00, 0x00, 0x00, 0x00, 0x00, 0x00, 0x00, 0x00,
	0x00, 0x00, 0x00, 0x00, 0x00, 0x00, 0x00, 0x00,
	0x00, 0x00, 0x00, 0x00, 0x00, 0x00, 0x00, 0x00,
	0x00, 0x00, 0x00, 0x00, 0x00, 0x00, 0x00, 0x00,
	0x00, 0x00, 0x00, 0x00, 0x00, 0x00, 0x00, 0x00,
	0x00, 0x00, 0x00, 0x00, 0x00, 0x00, 0x00, 0x00,
	0x00, 0x00, 0x00, 0x00, 0x00, 0x00, 0x00, 0x00,
	0x00, 0x00, 0x00, 0x00, 0x00, 0x00, 0x00, 0x00,
	0x00, 0x00, 0x00, 0x00, 0x00, 0x00, 0x00, 0x00,
	0x00, 0x00, 0x00, 0x00, 0x00, 0x00, 0x00, 0x00,
	0x00, 0x00, 0x00, 0x00, 0x00, 0x00, 0x00, 0x00,
	0x00, 0x00, 0x00, 0x00, 0x00, 0x00, 0x00, 0x00,
	0x00, 0x00, 0x00, 0x00, 0x00, 0x00, 0x00, 0x00,
	0x00, 0x00, 0x00, 0x00, 0x00, 0x00, 0x00, 0x00,
	0x00, 0x00, 0x00, 0x00, 0x00, 0x00, 0x00, 0x00,
	0x00, 0x00, 0x00, 0x00, 0x00, 0x00, 0x00, 0x00,
	0x00, 0x00, 0x00, 0x00, 0x00, 0x00, 0x00, 0x00,
	0x00, 0x00, 0x00, 0x00, 0x00, 0x00, 0x00, 0x00,
	0x00, 0x00, 0x00, 0x00, 0x00, 0x00, 0x00, 0x00,
	0x00, 0x00, 0x00, 0x00, 0x00, 0x00, 0x00, 0x00,
	0x00, 0x00, 0x00, 0x00, 0x00, 0x00, 0x00, 0x00,
	0x00, 0x00, 0x00, 0x00, 0x00, 0x00, 0x00, 0x00,
	0x00, 0x00, 0x00, 0x00, 0x00, 0x00, 0x00, 0x00,
	0x00, 0x00, 0x00, 0x00, 0x00, 0x00, 0x00, 0x00,
	0x00, 0x00, 0x00, 0x00, 0x00, 0x00, 0x00, 0x00,
	0x00, 0x00, 0x00, 0x00, 0x00, 0x00, 0x00, 0x00,
	0x00, 0x00, 0x00, 0x00, 0x00, 0x00, 0x00, 0x00,
	0x00, 0x00, 0x00, 0x00, 0x00, 0x00, 0x00, 0x00,
	0x00, 0x00, 0x00, 0x00, 0x00, 0x00, 0x00, 0x00,
	0x00, 0x00, 0x00, 0x00, 0x00, 0x00, 0x00, 0x00,
	0x00, 0x00, 0x00, 0x00, 0x00, 0x00, 0x00, 0x00,
	0x00, 0x00, 0x00, 0x00, 0x00, 0x00, 0x00, 0x00,
	0x00, 0x00, 0x00, 0x00, 0x00, 0x00, 0x00, 0x00,
	0x00, 0x00, 0x00, 0x00, 0x00, 0x00, 0x00, 0x00,
	0x00, 0x00, 0x00, 0x00, 0x00, 0x00, 0x00, 0x00,
	0x00, 0x00, 0x00, 0x00, 0x00, 0x00, 0x00, 0x00,
	0x00, 0x00, 0x00, 0x00, 0x00, 0x00, 0x00, 0x00,
	0x00, 0x00, 0x00, 0x00, 0x00, 0x00, 0x00, 0x00,
	0x00, 0x00, 0x00, 0x00, 0x00, 0x00, 0x00, 0x00,
	0x00, 0x00, 0x00, 0x00, 0x00, 0x00, 0x00, 0x00,
	0x00, 0x00, 0x00, 0x00, 0x00, 0x00, 0x00, 0x00,
	0x00, 0x00, 0x00, 0x00, 0x00, 0x00, 0x00, 0x00,
	0x00, 0x00, 0x00, 0x00, 0x00, 0x00, 0x00, 0x00,
	0x00, 0x00, 0x00, 0x00, 0x00, 0x00, 0x00, 0x00,
	0x00, 0x00, 0x00, 0x00, 0x00, 0x00, 0x00, 0x00,
	0x00, 0x00, 0x00, 0x00, 0x00, 0x00, 0x00, 0x00,
	0x00, 0x00, 0x00, 0x00, 0x00, 0x00, 0x00, 0x00,
	0x00, 0x00, 0x00, 0x00, 0x00, 0x00, 0x00, 0x00,
	0x00, 0x00, 0x00, 0x00, 0x00, 0x00, 0x00, 0x00,
	0x00, 0x00, 0x00, 0x00, 0x00, 0x00, 0x00, 0x00,
	0x00, 0x00, 0x00, 0x00, 0x00, 0x00, 0x00, 0x00,
	0x00, 0x00, 0x00, 0x00, 0x00, 0x00, 0x00, 0x00,
	0x00, 0x00, 0x00, 0x00, 0x00, 0x00, 0x00, 0x00,
	0x00, 0x00, 0x00, 0x00, 0x00, 0x00, 0x00, 0x00,
	0x00, 0x00, 0x00, 0x00, 0x00, 0x00, 0x00, 0x00,
	0x00, 0x00, 0x00, 0x00, 0x00, 0x00, 0x00, 0x00,
	0x00, 0x00, 0x00, 0x00, 0x00, 0x00, 0x00, 0x00,
	0x00, 0x00, 0x00, 0x00, 0x00, 0x00, 0x00, 0x00,
	0x00, 0x00, 0x00, 0x00, 0x00, 0x00, 0x00, 0x00,
	0x00, 0x00, 0x00, 0x00, 0x00, 0x00, 0x00, 0x00,
	0x00, 0x00, 0x00, 0x00, 0x00, 0x00, 0x00, 0x00,
	0x00, 0x00, 0x00, 0x00, 0x00, 0x00, 0x00, 0x00,
	0x00, 0x00, 0x00, 0x00, 0x00, 0x00, 0x00, 0x00,
	0x00, 0x00, 0x00, 0x00, 0x00, 0x00, 0x00, 0x00,
	0x00, 0x00, 0x00, 0x00, 0x00, 0x00, 0x00, 0x00,
	0x00, 0x00, 0x00, 0x00, 0x00, 0x00, 0x00, 0x00,
	0x00, 0x00, 0x00, 0x00, 0x00, 0x00, 0x00, 0x00,
	0x00, 0x00, 0x00, 0x00, 0x00, 0x00, 0x00, 0x00,
	0x00, 0x00, 0x00, 0x00, 0x00, 0x00, 0x00, 0x00,
	0x00, 0x00, 0x00, 0x00, 0x00, 0x00, 0x00, 0x00,
	0x00, 0x00, 0x00, 0x00, 0x00, 0x00, 0x00, 0x00,
	0x00, 0x00, 0x00, 0x00, 0x00, 0x00, 0x00, 0x00,
	0x00, 0x00, 0x00, 0x00, 0x00, 0x00, 0x00, 0x00,
	0x00, 0x00, 0x00, 0x00, 0x00, 0x00, 0x00, 0x00,
	0x00, 0x00, 0x00, 0x00, 0x00, 0x00, 0x00, 0x00,
	0x00, 0x00, 0x00, 0x00, 0x00, 0x00, 0x00, 0x00,
	0x00, 0x00, 0x00, 0x00, 0x00, 0x00, 0x00, 0x00,
	0x00, 0x00, 0x00, 0x00, 0x00, 0x00, 0x00, 0x00,
	0x00, 0x00, 0x00, 0x00, 0x00, 0x00, 0x00, 0x00,
	0x00, 0x00, 0x00, 0x00, 0x00, 0x00, 0x00, 0x00,
	0x00, 0x00, 0x00, 0x00, 0x00, 0x00, 0x00, 0x00,
	0x00, 0x00, 0x00, 0x00, 0x00, 0x00, 0x00, 0x00,
	0x00, 0x00, 0x00, 0x00, 0x00, 0x00, 0x00, 0x00,
	0x00, 0x00, 0x00, 0x00, 0x00, 0x00, 0x00, 0x00,
	0x00, 0x00, 0x00, 0x00, 0x00, 0x00, 0x00, 0x00,
	0x00, 0x00, 0x00, 0x00, 0x00, 0x00, 0x00, 0x00,
	0x00, 0x00, 0x00, 0x00, 0x00, 0x00, 0x00, 0x00,
	0x00, 0x00, 0x00, 0x00, 0x00, 0x00, 0x00, 0x00,
	0x00, 0x00, 0x00, 0x00, 0x00, 0x00, 0x00, 0x00,
	0x00, 0x00, 0x00, 0x00, 0x00, 0x00, 0x00, 0x00,
	0x00, 0x00, 0x00, 0x00, 0x00, 0x00, 0x00, 0x00,
	0x00, 0x00, 0x00, 0x00, 0x00, 0x00, 0x00, 0x00,
	0x00, 0x00, 0x00, 0x00, 0x00, 0x00, 0x00, 0x00,
	0x00, 0x00, 0x00, 0x00, 0x00, 0x00, 0x00, 0x00,
	0x00, 0x00, 0x00, 0x00, 0x00, 0x00, 0x00, 0x00,
	0x00, 0x00, 0x00, 0x00, 0x00, 0x00, 0x00, 0x00,
	0x00, 0x00, 0x00, 0x00, 0x00, 0x00, 0x00, 0x00,
	0x00, 0x00, 0x00, 0x00, 0x00, 0x00, 0x00, 0x00,
	0x00, 0x00, 0x00, 0x00, 0x00, 0x00, 0x00, 0x00,
	0x00, 0x00, 0x00, 0x00, 0x00, 0x00, 0x00, 0x00,
	0x00, 0x00, 0x00, 0x00, 0x00, 0x00, 0x00, 0x00,
	0x00, 0x00, 0x00, 0x00, 0x00, 0x00, 0x00, 0x00,
	0x00, 0x00, 0x00, 0x00, 0x00, 0x00, 0x00, 0x00,
	0x00, 0x00, 0x00, 0x00, 0x00, 0x00, 0x00, 0x00,
	0x00, 0x00, 0x00, 0x00, 0x00, 0x00, 0x00, 0x00,
	0x00, 0x00, 0x00, 0x00, 0x00, 0x00, 0x00, 0x00,
	0x00, 0x00, 0x00, 0x00, 0x00, 0x00, 0x00, 0x00,
	0x00, 0x00, 0x00, 0x00, 0x00, 0x00, 0x00, 0x00,
	0x00, 0x00, 0x00, 0x00, 0x00, 0x00, 0x00, 0x00,
	0x00, 0x00, 0x00, 0x00, 0x00, 0x00, 0x00, 0x00,
	0x00, 0x00, 0x00, 0x00, 0x00, 0x00, 0x00, 0x00,
	0x00, 0x00, 0x00, 0x00, 0x00, 0x00, 0x00, 0x00,
	0x00, 0x00, 0x00, 0x00, 0x00, 0x00, 0x00, 0x00,
	0x00, 0x00, 0x00, 0x00, 0x00, 0x00, 0x00, 0x00,
	0x00, 0x00, 0x00, 0x00, 0x00, 0x00, 0x00, 0x00,
	0x00, 0x00, 0x00, 0x00, 0x00, 0x00, 0x00, 0x00,
	0x00, 0x00, 0x00, 0x00, 0x00, 0x00, 0x00, 0x00,
	0x00, 0x00, 0x00, 0x00, 0x00, 0x00, 0x00, 0x00,
	0x00, 0x00, 0x00, 0x00, 0x00, 0x00, 0x00, 0x00,
	0x00, 0x00, 0x00, 0x00, 0x00, 0x00, 0x00, 0x00,
	0x00, 0x00, 0x00, 0x00, 0x00, 0x00, 0x00, 0x00,
	0x00, 0x00, 0x00, 0x00, 0x00, 0x00, 0x00, 0x00,
	0x00, 0x00, 0x00, 0x00, 0x00, 0x00, 0x00, 0x00,
	0x00, 0x00, 0x00, 0x00, 0x00, 0x00, 0x00, 0x00,
	0x00, 0x00, 0x00, 0x00, 0x00, 0x00, 0x00, 0x00,
	0x00, 0x00, 0x00, 0x00, 0x00, 0x00, 0x00, 0x00,
	0x00, 0x00, 0x00, 0x00, 0x00, 0x00, 0x00, 0x00,
	0x00, 0x00, 0x00, 0x00, 0x00, 0x00, 0x00, 0x00,
	0x00, 0x00, 0x00, 0x00, 0x00, 0x00, 0x00, 0x00,
	0x00, 0x00, 0x00, 0x00, 0x00, 0x00, 0x00, 0x00,
	0x00, 0x00, 0x00, 0x00, 0x00, 0x00, 0x00, 0x00,
	0x00, 0x00, 0x00, 0x00, 0x00, 0x00, 0x00, 0x00,
	0x00, 0x00, 0x00, 0x00, 0x00, 0x00, 0x00, 0x00,
	0x00, 0x00, 0x00, 0x00, 0x00, 0x00, 0x00, 0x00,
	0x00, 0x00, 0x00, 0x00, 0x00, 0x00, 0x00, 0x00,
	0x00, 0x00, 0x00, 0x00, 0x00, 0x00, 0x00, 0x00,
	0x00, 0x00, 0x00, 0x00, 0x00, 0x00, 0x00, 0x00,
	0x00, 0x00, 0x00, 0x00, 0x00, 0x00, 0x00, 0x00,
	0x00, 0x00, 0x00, 0x00, 0x00, 0x00, 0x00, 0x00,
	0x00, 0x00, 0x00, 0x00, 0x00, 0x00, 0x00, 0x00,
	0x00, 0x00, 0x00, 0x00, 0x00, 0x00, 0x00, 0x00,
	0x00, 0x00, 0x00, 0x00, 0x00, 0x00, 0x00, 0x00,
	0x00, 0x00, 0x00, 0x00, 0x00, 0x00, 0x00, 0x00,
	0x00, 0x00, 0x00, 0x00, 0x00, 0x00, 0x00, 0x00,
	0x00, 0x00, 0x00, 0x00, 0x00, 0x00, 0x00, 0x00,
	0x00, 0x00, 0x00, 0x00, 0x00, 0x00, 0x00, 0x00,
	0x00, 0x00, 0x00, 0x00, 0x00, 0x00, 0x00, 0x00,
	0x00, 0x00, 0x00, 0x00, 0x00, 0x00, 0x00, 0x00,
	0x00, 0x00, 0x00, 0x00, 0x00, 0x00, 0x00, 0x00,
	0x00, 0x00, 0x00, 0x00, 0x00, 0x00, 0x00, 0x00,
	0x00, 0x00, 0x00, 0x00, 0x00, 0x00, 0x00, 0x00,
	0x00, 0x00, 0x00, 0x00, 0x00, 0x00, 0x00, 0x00,
	0x00, 0x00, 0x00, 0x00, 0x00, 0x00, 0x00, 0x00,
	0x00, 0x00, 0x00, 0x00, 0x00, 0x00, 0x00, 0x00,
	0x00, 0x00, 0x00, 0x00, 0x00, 0x00, 0x00, 0x00,
	0x00, 0x00, 0x00, 0x00, 0x00, 0x00, 0x00, 0x00,
	0x00, 0x00, 0x00, 0x00, 0x00, 0x00, 0x00, 0x00,
	0x00, 0x00, 0x00, 0x00, 0x00, 0x00, 0x00, 0x00,
	0x00, 0x00, 0x00, 0x00, 0x00, 0x00, 0x00, 0x00,
	0x00, 0x00, 0x00, 0x00, 0x00, 0x00, 0x00, 0x00,
	0x00, 0x00, 0x00, 0x00, 0x00, 0x00, 0x00, 0x00,
	0x00, 0x00, 0x00, 0x00, 0x00, 0x00, 0x00, 0x00,
	0x00, 0x00, 0x00, 0x00, 0x00, 0x00, 0x00, 0x00,
	0x00, 0x00, 0x00, 0x00, 0x00, 0x00, 0x00, 0x00,
	0x00, 0x00, 0x00, 0x00, 0x00, 0x00, 0x00, 0x00,
	0x00, 0x00, 0x00, 0x00, 0x00, 0x00, 0x00, 0x00,
	0x00, 0x00, 0x00, 0x00, 0x00, 0x00, 0x00, 0x00,
	0x00, 0x00, 0x00, 0x00, 0x00, 0x00, 0x00, 0x00,
	0x00, 0x00, 0x00, 0x00, 0x00, 0x00, 0x00, 0x00,
	0x00, 0x00, 0x00, 0x00, 0x00, 0x00, 0x00, 0x00,
	0x00, 0x00, 0x00, 0x00, 0x00, 0x00, 0x00, 0x00,
	0x00, 0x00, 0x00, 0x00, 0x00, 0x00, 0x00, 0x00,
	0x00, 0x00, 0x00, 0x00, 0x00, 0x00, 0x00, 0x00,
	0x00, 0x00, 0x00, 0x00, 0x00, 0x00, 0x00, 0x00,
	0x00, 0x00, 0x00, 0x00, 0x00, 0x00, 0x00, 0x00,
	0x00, 0x00, 0x00, 0x00, 0x00, 0x00, 0x00, 0x00,
	0x00, 0x00, 0x00, 0x00, 0x00, 0x00, 0x00, 0x00,
	0x00, 0x00, 0x00, 0x00, 0x00, 0x00, 0x00, 0x00,
	0x00, 0x00, 0x00, 0x00, 0x00, 0x00, 0x00, 0x00,
	0x00, 0x00, 0x00, 0x00, 0x00, 0x00, 0x00, 0x00,
	0x00, 0x00, 0x00, 0x00, 0x00, 0x00, 0x00, 0x00,
	0x00, 0x00, 0x00, 0x00, 0x00, 0x00, 0x00, 0x00,
	0x00, 0x00, 0x00, 0x00, 0x00, 0x00, 0x00, 0x00,
	0x00, 0x00, 0x00, 0x00, 0x00, 0x00, 0x00, 0x00,
	0x00, 0x00, 0x00, 0x00, 0x00, 0x00, 0x00, 0x00,
	0x00, 0x00, 0x00, 0x00, 0x00, 0x00, 0x00, 0x00,
	0x00, 0x00, 0x00, 0x00, 0x00, 0x00, 0x00, 0x00,
	0x00, 0x00, 0x00, 0x00, 0x00, 0x00, 0x00, 0x00,
	0x00, 0x00, 0x00, 0x00, 0x00, 0x00, 0x00, 0x00,
	0x00, 0x00, 0x00, 0x00, 0x00, 0x00, 0x00, 0x00,
	0x00, 0x00, 0x00, 0x00, 0x00, 0x00, 0x00, 0x00,
	0x00, 0x00, 0x00, 0x00, 0x00, 0x00, 0x00, 0x00,
	0x00, 0x00, 0x00, 0x00, 0x00, 0x00, 0x00, 0x00,
	0x00, 0x00, 0x00, 0x00, 0x00, 0x00, 0x00, 0x00,
	0x00, 0x00, 0x00, 0x00, 0x00, 0x00, 0x00, 0x00,
	0x00, 0x00, 0x00, 0x00, 0x00, 0x00, 0x00, 0x00,
	0x00, 0x00, 0x00, 0x00, 0x00, 0x00, 0x00, 0x00,
	0x00, 0x00, 0x00, 0x00, 0x00, 0x00, 0x00, 0x00,
	0x00, 0x00, 0x00, 0x00, 0x00, 0x00, 0x00, 0x00,
	0x00, 0x00, 0x00, 0x00, 0x00, 0x00, 0x00, 0x00,
	0x00, 0x00, 0x00, 0x00, 0x00, 0x00, 0x00, 0x00,
	0x00, 0x00, 0x00, 0x00, 0x00, 0x00, 0x00, 0x00,
	0x00, 0x00, 0x00, 0x00, 0x00, 0x00, 0x00, 0x00,
	0x00, 0x00, 0x00, 0x00, 0x00, 0x00, 0x00, 0x00,
	0x00, 0x00, 0x00, 0x00, 0x00, 0x00, 0x00, 0x00,
	0x00, 0x00, 0x00, 0x00, 0x00, 0x00, 0x00, 0x00,
	0x00, 0x00, 0x00, 0x00, 0x00, 0x00, 0x00, 0x00,
	0x00, 0x00, 0x00, 0x00, 0x00, 0x00, 0x00, 0x00,
	0x00, 0x00, 0x00, 0x00, 0x00, 0x00, 0x00, 0x00,
	0x00, 0x00, 0x00, 0x00, 0x00, 0x00, 0x00, 0x00,
	0x00, 0x00, 0x00, 0x00, 0x00, 0x00, 0x00, 0x00,
	0x00, 0x00, 0x00, 0x00, 0x00, 0x00, 0x00, 0x00,
	0x00, 0x00, 0x00, 0x00, 0x00, 0x00, 0x00, 0x00,
	0x00, 0x00, 0x00, 0x00, 0x00, 0x00, 0x00, 0x00,
	0x00, 0x00, 0x00, 0x00, 0x00, 0x00, 0x00, 0x00,
	0x00, 0x00, 0x00, 0x00, 0x00, 0x00, 0x00, 0x00,
	0x00, 0x00, 0x00, 0x00, 0x00, 0x00, 0x00, 0x00,
	0x00, 0x00, 0x00, 0x00, 0x00, 0x00, 0x00, 0x00,
	0x00, 0x00, 0x00, 0x00, 0x00, 0x00, 0x00, 0x00,
	0x00, 0x00, 0x00, 0x00, 0x00, 0x00, 0x00, 0x00,
	0x00, 0x00, 0x00, 0x00, 0x00, 0x00, 0x00, 0x00,
	0x00, 0x00, 0x00, 0x00, 0x00, 0x00, 0x00, 0x00,
	0x00, 0x00, 0x00, 0x00, 0x00, 0x00, 0x00, 0x00,
	0x00, 0x00, 0x00, 0x00, 0x00, 0x00, 0x00, 0x00,
	0x00, 0x00, 0x00, 0x00, 0x00, 0x00, 0x00, 0x00,
	0x00, 0x00, 0x00, 0x00, 0x00, 0x00, 0x00, 0x00,
	0x00, 0x00, 0x00, 0x00, 0x00, 0x00, 0x00, 0x00,
	0x00, 0x00, 0x00, 0x00, 0x00, 0x00, 0x00, 0x00,
	0x00, 0x00, 0x00, 0x00, 0x00, 0x00, 0x00, 0x00,
	0x00, 0x00, 0x00, 0x00, 0x00, 0x00, 0x00, 0x00,
	0x00, 0x00, 0x00, 0x00, 0x00, 0x00, 0x00, 0x00,
	0x00, 0x00, 0x00, 0x00, 0x00, 0x00, 0x00, 0x00,
	0x00, 0x00, 0x00, 0x00, 0x00, 0x00, 0x00, 0x00,
	0x00, 0x00, 0x00, 0x00, 0x00, 0x00, 0x00, 0x00,
	0x00, 0x00, 0x00, 0x00, 0x00, 0x00, 0x00, 0x00,
	0x00, 0x00, 0x00, 0x00, 0x00, 0x00, 0x00, 0x00,
	0x00, 0x00, 0x00, 0x00, 0x00, 0x00, 0x00, 0x00,
	0x00, 0x00, 0x00, 0x00, 0x00, 0x00, 0x00, 0x00,
	0x00, 0x00, 0x00, 0x00, 0x00, 0x00, 0x00, 0x00,
	0x00, 0x00, 0x00, 0x00, 0x00, 0x00, 0x00, 0x00,
	0x00, 0x00, 0x00, 0x00, 0x00, 0x00, 0x00, 0x00,
	0x00, 0x00, 0x00, 0x00, 0x00, 0x00, 0x00, 0x00,
	0x00, 0x00, 0x00, 0x00, 0x00, 0x00, 0x00, 0x00,
	0x00, 0x00, 0x00, 0x00, 0x00, 0x00, 0x00, 0x00,
	0x00, 0x00, 0x00, 0x00, 0x00, 0x00, 0x00, 0x00,
	0x00, 0x00, 0x00, 0x00, 0x00, 0x00, 0x00, 0x00,
	0x00, 0x00, 0x00, 0x00, 0x00, 0x00, 0x00, 0x00,
	0x00, 0x00, 0x00, 0x00, 0x00, 0x00, 0x00, 0x00,
	0x00, 0x00, 0x00, 0x00, 0x00, 0x00, 0x00, 0x00,
	0x00, 0x00, 0x00, 0x00, 0x00, 0x00, 0x00, 0x00,
	0x00, 0x00, 0x00, 0x00, 0x00, 0x00, 0x00, 0x00,
	0x00, 0x00, 0x00, 0x00, 0x00, 0x00, 0x00, 0x00,
	0x00, 0x00, 0x00, 0x00, 0x00, 0x00, 0x00, 0x00,
	0x00, 0x00, 0x00, 0x00, 0x00, 0x00, 0x00, 0x00,
	0x00, 0x00, 0x00, 0x00, 0x00, 0x00, 0x00, 0x00,
	0x00, 0x00, 0x00, 0x00, 0x00, 0x00, 0x00, 0x00,
	0x00, 0x00, 0x00, 0x00, 0x00, 0x00, 0x00, 0x00,
	0x00, 0x00, 0x00, 0x00, 0x00, 0x00, 0x00, 0x00,
	0x00, 0x00, 0x00, 0x00, 0x00, 0x00, 0x00, 0x00,
	0x00, 0x00, 0x00, 0x00, 0x00, 0x00, 0x00, 0x00,
	0x00, 0x00, 0x00, 0x00, 0x00, 0x00, 0x00, 0x00,
	0x00, 0x00, 0x00, 0x00, 0x00, 0x00, 0x00, 0x00,
	0x00, 0x00, 0x00, 0x00, 0x00, 0x00, 0x00, 0x00,
	0x00, 0x00, 0x00, 0x00, 0x00, 0x00, 0x00, 0x00,
	0x00, 0x00, 0x00, 0x00, 0x00, 0x00, 0x00, 0x00,
	0x00, 0x00, 0x00, 0x00, 0x00, 0x00, 0x00, 0x00,
	0x00, 0x00, 0x00, 0x00, 0x00, 0x00, 0x00, 0x00,
	0x00, 0x00, 0x00, 0x00, 0x00, 0x00, 0x00, 0x00,
	0x00, 0x00, 0x00, 0x00, 0x00, 0x00, 0x00, 0x00,
	0x00, 0x00, 0x00, 0x00, 0x00, 0x00, 0x00, 0x00,
	0x00, 0x00, 0x00, 0x00, 0x00, 0x00, 0x00, 0x00,
	0x00, 0x00, 0x00, 0x00, 0x00, 0x00, 0x00, 0x00,
	0x00, 0x00, 0x00, 0x00, 0x00, 0x00, 0x00, 0x00,
	0x00, 0x00, 0x00, 0x00, 0x00, 0x00, 0x00, 0x00,
	0x00, 0x00, 0x00, 0x00, 0x00, 0x00, 0x00, 0x00,
	0x00, 0x00, 0x00, 0x00, 0x00, 0x00, 0x00, 0x00,
	0x00, 0x00, 0x00, 0x00, 0x00, 0x00, 0x00, 0x00,
	0x00, 0x00, 0x00, 0x00, 0x00, 0x00, 0x00, 0x00,
	0x00, 0x00, 0x00, 0x00, 0x00, 0x00, 0x00, 0x00,
	0x00, 0x00, 0x00, 0x00, 0x00, 0x00, 0x00, 0x00,
	0x00, 0x00, 0x00, 0x00, 0x00, 0x00, 0x00, 0x00,
	0x00, 0x00, 0x00, 0x00, 0x00, 0x00, 0x00, 0x00,
	0x00, 0x00, 0x00, 0x00, 0x00, 0x00, 0x00, 0x00,
	0x00, 0x00, 0x00, 0x00, 0x00, 0x00, 0x00, 0x00,
	0x00, 0x00, 0x00, 0x00, 0x00, 0x00, 0x00, 0x00,
	0x00, 0x00, 0x00, 0x00, 0x00, 0x00, 0x00, 0x00,
	0x00, 0x00, 0x00, 0x00, 0x00, 0x00, 0x00, 0x00,
	0x00, 0x00, 0x00, 0x00, 0x00, 0x00, 0x00, 0x00,
	0x00, 0x00, 0x00, 0x00, 0x00, 0x00, 0x00, 0x00,
	0x00, 0x00, 0x00, 0x00, 0x00, 0x00, 0x00, 0x00,
	0x00, 0x00, 0x00, 0x00, 0x00, 0x00, 0x00, 0x00,
	0x00, 0x00, 0x00, 0x00, 0x00, 0x00, 0x00, 0x00,
	0x00, 0x00, 0x00, 0x00, 0x00, 0x00, 0x00, 0x00,
	0x00, 0x00, 0x00, 0x00, 0x00, 0x00, 0x00, 0x00,
	0x00, 0x00, 0x00, 0x00, 0x00, 0x00, 0x00, 0x00,
	0x00, 0x00, 0x00, 0x00, 0x00, 0x00, 0x00, 0x00,
	0x00, 0x00, 0x00, 0x00, 0x00, 0x00, 0x00, 0x00,
	0x00, 0x00, 0x00, 0x00, 0x00, 0x00, 0x00, 0x00,
	0x00, 0x00, 0x00, 0x00, 0x00, 0x00, 0x00, 0x00,
	0x00, 0x00, 0x00, 0x00, 0x00, 0x00, 0x00, 0x00,
	0x00, 0x00, 0x00, 0x00, 0x00, 0x00, 0x00, 0x00,
	0x00, 0x00, 0x00, 0x00, 0x00, 0x00, 0x00, 0x00,
	0x00, 0x00, 0x00, 0x00, 0x00, 0x00, 0x00, 0x00,
	0x00, 0x00, 0x00, 0x00, 0x00, 0x00, 0x00, 0x00,
	0x00, 0x00, 0x00, 0x00, 0x00, 0x00, 0x00, 0x00,
	0x00, 0x00, 0x00, 0x00, 0x00, 0x00, 0x00, 0x00,
	0x00, 0x00, 0x00, 0x00, 0x00, 0x00, 0x00, 0x00,
	0x00, 0x00, 0x00, 0x00, 0x00, 0x00, 0x00, 0x00,
	0x00, 0x00, 0x00, 0x00, 0x00, 0x00, 0x00, 0x00,
	0x00, 0x00, 0x00, 0x00, 0x00, 0x00, 0x00, 0x00,
	0x00, 0x00, 0x00, 0x00, 0x00, 0x00, 0x00, 0x00,
	0x00, 0x00, 0x00, 0x00, 0x00, 0x00, 0x00, 0x00,
	0x00, 0x00, 0x00, 0x00, 0x00, 0x00, 0x00, 0x00,
	0x00, 0x00, 0x00, 0x00, 0x00, 0x00, 0x00, 0x00,
	0x00, 0x00, 0x00, 0x00, 0x00, 0x00, 0x00, 0x00,
	0x00, 0x00, 0x00, 0x00, 0x00, 0x00, 0x00, 0x00,
	0x00, 0x00, 0x00, 0x00, 0x00, 0x00, 0x00, 0x00,
	0x00, 0x00, 0x00, 0x00, 0x00, 0x00, 0x00, 0x00,
	0x00, 0x00, 0x00, 0x00, 0x00, 0x00, 0x00, 0x00,
	0x00, 0x00, 0x00, 0x00, 0x00, 0x00, 0x00, 0x00,
	0x00, 0x00, 0x00, 0x00, 0x00, 0x00, 0x00, 0x00,
	0x00, 0x00, 0x00, 0x00, 0x00, 0x00, 0x00, 0x00,
	0x00, 0x00, 0x00, 0x00, 0x00, 0x00, 0x00, 0x00,
	0x00, 0x00, 0x00, 0x00, 0x00, 0x00, 0x00, 0x00,
	0x00, 0x00, 0x00, 0x00, 0x00, 0x00, 0x00, 0x00,
	0x00, 0x00, 0x00, 0x00, 0x00, 0x00, 0x00, 0x00,
	0x00, 0x00, 0x00, 0x00, 0x00, 0x00, 0x00, 0x00,
	0x00, 0x00, 0x00, 0x00, 0x00, 0x00, 0x00, 0x00,
	0x00, 0x00, 0x00, 0x00, 0x00, 0x00, 0x00, 0x00,
	0x00, 0x00, 0x00, 0x00, 0x00, 0x00, 0x00, 0x00,
	0x00, 0x00, 0x00, 0x00, 0x00, 0x00, 0x00, 0x00,
	0x00, 0x00, 0x00, 0x00, 0x00, 0x00, 0x00, 0x00,
	0x00, 0x00, 0x00, 0x00, 0x00, 0x00, 0x00, 0x00,
	0x00, 0x00, 0x00, 0x00, 0x00, 0x00, 0x00, 0x00,
	0x00, 0x00, 0x00, 0x00, 0x00, 0x00, 0x00, 0x00,
	0x00, 0x00, 0x00, 0x00, 0x00, 0x00, 0x00, 0x00,
	0x00, 0x00, 0x00, 0x00, 0x00, 0x00, 0x00, 0x00,
	0x00, 0x00, 0x00, 0x00, 0x00, 0x00, 0x00, 0x00,
	0x00, 0x00, 0x00, 0x00, 0x00, 0x00, 0x00, 0x00,
	0x00, 0x00, 0x00, 0x00, 0x00, 0x00, 0x00, 0x00,
	0x00, 0x00, 0x00, 0x00, 0x00, 0x00, 0x00, 0x00,
	0x00, 0x00, 0x00, 0x00, 0x00, 0x00, 0x00, 0x00,
	0x00, 0x00, 0x00, 0x00, 0x00, 0x00, 0x00, 0x00,
	0x00, 0x00, 0x00, 0x00, 0x00, 0x00, 0x00, 0x00,
	0x00, 0x00, 0x00, 0x00, 0x00, 0x00, 0x00, 0x00,
	0x00, 0x00, 0x00, 0x00, 0x00, 0x00, 0x00, 0x00,
	0x00, 0x00, 0x00, 0x00, 0x00, 0x00, 0x00, 0x00,
	0x00, 0x00, 0x00, 0x00, 0x00, 0x00, 0x00, 0x00,
	0x00, 0x00, 0x00, 0x00, 0x00, 0x00, 0x00, 0x00,
	0x00, 0x00, 0x00, 0x00, 0x00, 0x00, 0x00, 0x00,
	0x00, 0x00, 0x00, 0x00, 0x00, 0x00, 0x00, 0x00,
	0x00, 0x00, 0x00, 0x00, 0x00, 0x00, 0x00, 0x00,
	0x00, 0x00, 0x00, 0x00, 0x00, 0x00, 0x00, 0x00,
	0x00, 0x00, 0x00, 0x00, 0x00, 0x00, 0x00, 0x00,
	0x00, 0x00, 0x00, 0x00, 0x00, 0x00, 0x00, 0x00,
	0x00, 0x00, 0x00, 0x00, 0x00, 0x00, 0x00, 0x00,
	0x00, 0x00, 0x00, 0x00, 0x00, 0x00, 0x00, 0x00,
	0x00, 0x00, 0x00, 0x00, 0x00, 0x00, 0x00, 0x00,
	0x00, 0x00, 0x00, 0x00, 0x00, 0x00, 0x00, 0x00,
	0x00, 0x00, 0x00, 0x00, 0x00, 0x00, 0x00, 0x00,
	0x00, 0x00, 0x00, 0x00, 0x00, 0x00, 0x00, 0x00,
	0x00, 0x00, 0x00, 0x00, 0x00, 0x00, 0x00, 0x00,
	0x00, 0x00, 0x00, 0x00, 0x00, 0x00, 0x00, 0x00,
	0x00, 0x00, 0x00, 0x00, 0x00, 0x00, 0x00, 0x00,
	0x00, 0x00, 0x00, 0x00, 0x00, 0x00, 0x00, 0x00,
	0x00, 0x00, 0x00, 0x00, 0x00, 0x00, 0x00, 0x00,
	0x00, 0x00, 0x00, 0x00, 0x00, 0x00, 0x00, 0x00,
	0x00, 0x00, 0x00, 0x00, 0x00, 0x00, 0x00, 0x00,
	0x00, 0x00, 0x00, 0x00, 0x00, 0x00, 0x00, 0x00,
	0x00, 0x00, 0x00, 0x00, 0x00, 0x00, 0x00, 0x00,
	0x00, 0x00, 0x00, 0x00, 0x00, 0x00, 0x00, 0x00,
	0x00, 0x00, 0x00, 0x00, 0x00, 0x00, 0x00, 0x00,
	0x00, 0x00, 0x00, 0x00, 0x00, 0x00, 0x00, 0x00,
	0x00, 0x00, 0x00, 0x00, 0x00, 0x00, 0x00, 0x00,
	0x00, 0x00, 0x00, 0x00, 0x00, 0x00, 0x00, 0x00,
	0x00, 0x00, 0x00, 0x00, 0x00, 0x00, 0x00, 0x00,
	0x00, 0x00, 0x00, 0x00, 0x00, 0x00, 0x00, 0x00,
	0x00, 0x00, 0x00, 0x00, 0x00, 0x00, 0x00, 0x00,
	0x00, 0x00, 0x00, 0x00, 0x00, 0x00, 0x00, 0x00,
	0x00, 0x00, 0x00, 0x00, 0x00, 0x00, 0x00, 0x00,
	0x00, 0x00, 0x00, 0x00, 0x00, 0x00, 0x00, 0x00,
	0x00, 0x00, 0x00, 0x00, 0x00, 0x00, 0x00, 0x00,
	0x00, 0x00, 0x00, 0x00, 0x00, 0x00, 0x00, 0x00,
	0x00, 0x00, 0x00, 0x00, 0x00, 0x00, 0x00, 0x00,
	0x00, 0x00, 0x00, 0x00, 0x00, 0x00, 0x00, 0x00,
	0x00, 0x00, 0x00, 0x00, 0x00, 0x00, 0x00, 0x00,
	0x00, 0x00, 0x00, 0x00, 0x00, 0x00, 0x00, 0x00,
	0x00, 0x00, 0x00, 0x00, 0x00, 0x00, 0x00, 0x00,
	0x00, 0x00, 0x00, 0x00, 0x00, 0x00, 0x00, 0x00,
	0x00, 0x00, 0x00, 0x00, 0x00, 0x00, 0x00, 0x00,
	0x00, 0x00, 0x00, 0x00, 0x00, 0x00, 0x00, 0x00,
	0x00, 0x00, 0x00, 0x00, 0x00, 0x00, 0x00, 0x00,
	0x00, 0x00, 0x00, 0x00, 0x00, 0x00, 0x00, 0x00,
	0x00, 0x00, 0x00, 0x00, 0x00, 0x00, 0x00, 0x00,
	0x00, 0x00, 0x00, 0x00, 0x00, 0x00, 0x00, 0x00,
	0x00, 0x00, 0x00, 0x00, 0x00, 0x00, 0x00, 0x00,
	0x00, 0x00, 0x00, 0x00, 0x00, 0x00, 0x00, 0x00,
	0x00, 0x00, 0x00, 0x00, 0x00, 0x00, 0x00, 0x00,
	0x00, 0x00, 0x00, 0x00, 0x00, 0x00, 0x00, 0x00,
	0x00, 0x00, 0x00, 0x00, 0x00, 0x00, 0x00, 0x00,
	0x00, 0x00, 0x00, 0x00, 0x00, 0x00, 0x00, 0x00,
	0x00, 0x00, 0x00, 0x00, 0x00, 0x00, 0x00, 0x00,
	0x00, 0x00, 0x00, 0x00, 0x00, 0x00, 0x00, 0x00,
	0x00, 0x00, 0x00, 0x00, 0x00, 0x00, 0x00, 0x00,
	0x00, 0x00, 0x00, 0x00, 0x00, 0x00, 0x00, 0x00,
	0x00, 0x00, 0x00, 0x00, 0x00, 0x00, 0x00, 0x00,
	0x00, 0x00, 0x00, 0x00, 0x00, 0x00, 0x00, 0x00,
	0x00, 0x00, 0x00, 0x00, 0x00, 0x00, 0x00, 0x00,
	0x00, 0x00, 0x00, 0x00, 0x00, 0x00, 0x00, 0x00,
	0x00, 0x00, 0x00, 0x00, 0x00, 0x00, 0x00, 0x00,
	0x00, 0x00, 0x00, 0x00, 0x00, 0x00, 0x00, 0x00,
	0x00, 0x00, 0x00, 0x00, 0x00, 0x00, 0x00, 0x00,
	0x00, 0x00, 0x00, 0x00, 0x00, 0x00, 0x00, 0x00,
	0x00, 0x00, 0x00, 0x00, 0x00, 0x00, 0x00, 0x00,
	0x00, 0x00, 0x00, 0x00, 0x00, 0x00, 0x00, 0x00,
	0x00, 0x00, 0x00, 0x00, 0x00, 0x00, 0x00, 0x00,
	0x00, 0x00, 0x00, 0x00, 0x00, 0x00, 0x00, 0x00,
	0x00, 0x00, 0x00, 0x00, 0x00, 0x00, 0x00, 0x00,
	0x00, 0x00, 0x00, 0x00, 0x00, 0x00, 0x00, 0x00,
	0x00, 0x00, 0x00, 0x00, 0x00, 0x00, 0x00, 0x00,
	0x00, 0x00, 0x00, 0x00, 0x00, 0x00, 0x00, 0x00,
	0x00, 0x00, 0x00, 0x00, 0x00, 0x00, 0x00, 0x00,
	0x00, 0x00, 0x00, 0x00, 0x00, 0x00, 0x00, 0x00,
	0x00, 0x00, 0x00, 0x00, 0x00, 0x00, 0x00, 0x00,
	0x00, 0x00, 0x00, 0x00, 0x00, 0x00, 0x00, 0x00,
	0x00, 0x00, 0x00, 0x00, 0x00, 0x00, 0x00, 0x00,
	0x00, 0x00, 0x00, 0x00, 0x00, 0x00, 0x00, 0x00,
	0x00, 0x00, 0x00, 0x00, 0x00, 0x00, 0x00, 0x00,
	0x00, 0x00, 0x00, 0x00, 0x00, 0x00, 0x00, 0x00,
	0x00, 0x00, 0x00, 0x00, 0x00, 0x00, 0x00, 0x00,
	0x00, 0x00, 0x00, 0x00, 0x00, 0x00, 0x00, 0x00,
	0x00, 0x00, 0x00, 0x00, 0x00, 0x00, 0x00, 0x00,
	0x00, 0x00, 0x00, 0x00, 0x00, 0x00, 0x00, 0x00,
	0x00, 0x00, 0x00, 0x00, 0x00, 0x00, 0x00, 0x00,
	0x00, 0x00, 0x00, 0x00, 0x00, 0x00, 0x00, 0x00,
	0x00, 0x00, 0x00, 0x00, 0x00, 0x00, 0x00, 0x00,
	0x00, 0x00, 0x00, 0x00, 0x00, 0x00, 0x00, 0x00,
	0x00, 0x00, 0x00, 0x00, 0x00, 0x00, 0x00, 0x00,
	0x00, 0x00, 0x00, 0x00, 0x00, 0x00, 0x00, 0x00,
	0x00, 0x00, 0x00, 0x00, 0x00, 0x00, 0x00, 0x00,
	0x00, 0x00, 0x00, 0x00, 0x00, 0x00, 0x00, 0x00,
	0x00, 0x00, 0x00, 0x00, 0x00, 0x00, 0x00, 0x00,
	0x00, 0x00, 0x00, 0x00, 0x00, 0x00, 0x00, 0x00,
	0x00, 0x00, 0x00, 0x00, 0x00, 0x00, 0x00, 0x00,
	0x00, 0x00, 0x00, 0x00, 0x00, 0x00, 0x00, 0x00,
	0x00, 0x00, 0x00, 0x00, 0x00, 0x00, 0x00, 0x00,
	0x00, 0x00, 0x00, 0x00, 0x00, 0x00, 0x00, 0x00,
	0x00, 0x00, 0x00, 0x00, 0x00, 0x00, 0x00, 0x00,
	0x00, 0x00, 0x00, 0x00, 0x00, 0x00, 0x00, 0x00,
	0x00, 0x00, 0x00, 0x00, 0x00, 0x00, 0x00, 0x00,
	0x00, 0x00, 0x00, 0x00, 0x00, 0x00, 0x00, 0x00,
	0x00, 0x00, 0x00, 0x00, 0x00, 0x00, 0x00, 0x00,
	0x00, 0x00, 0x00, 0x00, 0x00, 0x00, 0x00, 0x00,
	0x00, 0x00, 0x00, 0x00, 0x00, 0x00, 0x00, 0x00,
	0x00, 0x00, 0x00, 0x00, 0x00, 0x00, 0x00, 0x00,
	0x00, 0x00, 0x00, 0x00, 0x00, 0x00, 0x00, 0x00,
	0x00, 0x00, 0x00, 0x00, 0x00, 0x00, 0x00, 0x00,
	0x00, 0x00, 0x00, 0x00, 0x00, 0x00, 0x00, 0x00,
	0x00, 0x00, 0x00, 0x00, 0x00, 0x00, 0x00, 0x00,
	0x00, 0x00, 0x00, 0x00, 0x00, 0x00, 0x00, 0x00,
	0x00, 0x00, 0x00, 0x00, 0x00, 0x00, 0x00, 0x00,
	0x00, 0x00, 0x00, 0x00, 0x00, 0x00, 0x00, 0x00,
	0x00, 0x00, 0x00, 0x00, 0x00, 0x00, 0x00, 0x00,
	0x00, 0x00, 0x00, 0x00, 0x00, 0x00, 0x00, 0x00,
	0x00, 0x00, 0x00, 0x00, 0x00, 0x00, 0x00, 0x00,
	0x00, 0x00, 0x00, 0x00, 0x00, 0x00, 0x00, 0x00,
	0x00, 0x00, 0x00, 0x00, 0x00, 0x00, 0x00, 0x00,
	0x00, 0x00, 0x00, 0x00, 0x00, 0x00, 0x00, 0x00,
	0x00, 0x00, 0x00, 0x00, 0x00, 0x00, 0x00, 0x00,
	0x00, 0x00, 0x00, 0x00, 0x00, 0x00, 0x00, 0x00,
	0x00, 0x00, 0x00, 0x00, 0x00, 0x00, 0x00, 0x00,
	0x00, 0x00, 0x00, 0x00, 0x00, 0x00, 0x00, 0x00,
	0x00, 0x00, 0x00, 0x00, 0x00, 0x00, 0x00, 0x00,
	0x00, 0x00, 0x00, 0x00, 0x00, 0x00, 0x00, 0x00,
	0x00, 0x00, 0x00, 0x00, 0x00, 0x00, 0x00, 0x00,
	0x00, 0x00, 0x00, 0x00, 0x00, 0x00, 0x00, 0x00,
	0x00, 0x00, 0x00, 0x00, 0x00, 0x00, 0x00, 0x00,
	0x00, 0x00, 0x00, 0x00, 0x00, 0x00, 0x00, 0x00,
	0x00, 0x00, 0x00, 0x00, 0x00, 0x00, 0x00, 0x00,
	0x00, 0x00, 0x00, 0x00, 0x00, 0x00, 0x00, 0x00,
	0x00, 0x00, 0x00, 0x00, 0x00, 0x00, 0x00, 0x00,
	0x00, 0x00, 0x00, 0x00, 0x00, 0x00, 0x00, 0x00,
	0x00, 0x00, 0x00, 0x00, 0x00, 0x00, 0x00, 0x00,
	0x00, 0x00, 0x00, 0x00, 0x00, 0x00, 0x00, 0x00,
	0x00, 0x00, 0x00, 0x00, 0x00, 0x00, 0x00, 0x00,
	0x00, 0x00, 0x00, 0x00, 0x00, 0x00, 0x00, 0x00,
	0x00, 0x00, 0x00, 0x00, 0x00, 0x00, 0x00, 0x00,
	0x00, 0x00, 0x00, 0x00, 0x00, 0x00, 0x00, 0x00,
	0x00, 0x00, 0x00, 0x00, 0x00, 0x00, 0x00, 0x00,
	0x00, 0x00, 0x00, 0x00, 0x00, 0x00, 0x00, 0x00,
	0x00, 0x00, 0x00, 0x00, 0x00, 0x00, 0x00, 0x00,
	0x00, 0x00, 0x00, 0x00, 0x00, 0x00, 0x00, 0x00,
	0x00, 0x00, 0x00, 0x00, 0x00, 0x00, 0x00, 0x00,
	0x00, 0x00, 0x00, 0x00, 0x00, 0x00, 0x00, 0x00,
	0x00, 0x00, 0x00, 0x00, 0x00, 0x00, 0x00, 0x00,
	0x00, 0x00, 0x00, 0x00, 0x00, 0x00, 0x00, 0x00,
	0x00, 0x00, 0x00, 0x00, 0x00, 0x00, 0x00, 0x00,
	0x00, 0x00, 0x00, 0x00, 0x00, 0x00, 0x00, 0x00,
	0x00, 0x00, 0x00, 0x00, 0x00, 0x00, 0x00, 0x00,
	0x00, 0x00, 0x00, 0x00, 0x00, 0x00, 0x00, 0x00,
	0x00, 0x00, 0x00, 0x00, 0x00, 0x00, 0x00, 0x00,
	0x00, 0x00, 0x00, 0x00, 0x00, 0x00, 0x00, 0x00,
	0x00, 0x00, 0x00, 0x00, 0x00, 0x00, 0x00, 0x00,
	0x00, 0x00, 0x00, 0x00, 0x00, 0x00, 0x00, 0x00,
	0x00, 0x00, 0x00, 0x00, 0x00, 0x00, 0x00, 0x00,
	0x00, 0x00, 0x00, 0x00, 0x00, 0x00, 0x00, 0x00,
	0x00, 0x00, 0x00, 0x00, 0x00, 0x00, 0x00, 0x00,
	0x00, 0x00, 0x00, 0x00, 0x00, 0x00, 0x00, 0x00,
	0x00, 0x00, 0x00, 0x00, 0x00, 0x00, 0x00, 0x00,
	0x00, 0x00, 0x00, 0x00, 0x00, 0x00, 0x00, 0x00,
	0x00, 0x00, 0x00, 0x00, 0x00, 0x00, 0x00, 0x00,
	0x00, 0x00, 0x00, 0x00, 0x00, 0x00, 0x00, 0x00,
	0x00, 0x00, 0x00, 0x00, 0x00, 0x00, 0x00, 0x00,
	0x00, 0x00, 0x00, 0x00, 0x00, 0x00, 0x00, 0x00,
	0x00, 0x00, 0x00, 0x00, 0x00, 0x00, 0x00, 0x00,
	0x00, 0x00, 0x00, 0x00, 0x00, 0x00, 0x00, 0x00,
	0x00, 0x00, 0x00, 0x00, 0x00, 0x00, 0x00, 0x00,
	0x00, 0x00, 0x00, 0x00, 0x00, 0x00, 0x00, 0x00,
	0x00, 0x00, 0x00, 0x00, 0x00, 0x00, 0x00, 0x00,
	0x00, 0x00, 0x00, 0x00, 0x00, 0x00, 0x00, 0x00,
	0x00, 0x00, 0x00, 0x00, 0x00, 0x00, 0x00, 0x00,
	0x00, 0x00, 0x00, 0x00, 0x00, 0x00, 0x00, 0x00,
	0x00, 0x00, 0x00, 0x00, 0x00, 0x00, 0x00, 0x00,
	0x00, 0x00, 0x00, 0x00, 0x00, 0x00, 0x00, 0x00,
	0x00, 0x00, 0x00, 0x00, 0x00, 0x00, 0x00, 0x00,
	0x00, 0x00, 0x00, 0x00, 0x00, 0x00, 0x00, 0x00,
	0x00, 0x00, 0x00, 0x00, 0x00, 0x00, 0x00, 0x00,
	0x00, 0x00, 0x00, 0x00, 0x00, 0x00, 0x00, 0x00,
	0x00, 0x00, 0x00, 0x00, 0x00, 0x00, 0x00, 0x00,
	0x00, 0x00, 0x00, 0x00, 0x00, 0x00, 0x00, 0x00,
	0x00, 0x00, 0x00, 0x00, 0x00, 0x00, 0x00, 0x00,
	0x00, 0x00, 0x00, 0x00, 0x00, 0x00, 0x00, 0x00,
	0x00, 0x00, 0x00, 0x00, 0x00, 0x00, 0x00, 0x00,
	0x00, 0x00, 0x00, 0x00, 0x00, 0x00, 0x00, 0x00,
	0x00, 0x00, 0x00, 0x00, 0x00, 0x00, 0x00, 0x00,
	0x00, 0x00, 0x00, 0x00, 0x00, 0x00, 0x00, 0x00,
	0x00, 0x00, 0x00, 0x00, 0x00, 0x00, 0x00, 0x00,
	0x00, 0x00, 0x00, 0x00, 0x00, 0x00, 0x00, 0x00,
	0x00, 0x00, 0x00, 0x00, 0x00, 0x00, 0x00, 0x00,
	0x00, 0x00, 0x00, 0x00, 0x00, 0x00, 0x00, 0x00,
	0x00, 0x00, 0x00, 0x00, 0x00, 0x00, 0x00, 0x00,
	0x00, 0x00, 0x00, 0x00, 0x00, 0x00, 0x00, 0x00,
	0x00, 0x00, 0x00, 0x00, 0x00, 0x00, 0x00, 0x00,
	0x00, 0x00, 0x00, 0x00, 0x00, 0x00, 0x00, 0x00,
	0x00, 0x00, 0x00, 0x00, 0x00, 0x00, 0x00, 0x00,
	0x00, 0x00, 0x00, 0x00, 0x00, 0x00, 0x00, 0x00,
	0x00, 0x00, 0x00, 0x00, 0x00, 0x00, 0x00, 0x00,
	0x00, 0x00, 0x00, 0x00, 0x00, 0x00, 0x00, 0x00,
	0x00, 0x00, 0x00, 0x00, 0x00, 0x00, 0x00, 0x00,
	0x00, 0x00, 0x00, 0x00, 0x00, 0x00, 0x00, 0x00,
	0x00, 0x00, 0x00, 0x00, 0x00, 0x00, 0x00, 0x00,
	0x00, 0x00, 0x00, 0x00, 0x00, 0x00, 0x00, 0x00,
	0x00, 0x00, 0x00, 0x00, 0x00, 0x00, 0x00, 0x00,
	0x00, 0x00, 0x00, 0x00, 0x00, 0x00, 0x00, 0x00,
	0x00, 0x00, 0x00, 0x00, 0x00, 0x00, 0x00, 0x00,
	0x00, 0x00, 0x00, 0x00, 0x00, 0x00, 0x00, 0x00,
	0x00, 0x00, 0x00, 0x00, 0x00, 0x00, 0x00, 0x00,
	0x00, 0x00, 0x00, 0x00, 0x00, 0x00, 0x00, 0x00,
	0x00, 0x00, 0x00, 0x00, 0x00, 0x00, 0x00, 0x00,
	0x00, 0x00, 0x00, 0x00, 0x00, 0x00, 0x00, 0x00,
	0x00, 0x00, 0x00, 0x00, 0x00, 0x00, 0x00, 0x00,
	0x00, 0x00, 0x00, 0x00, 0x00, 0x00, 0x00, 0x00,
	0x00, 0x00, 0x00, 0x00, 0x00, 0x00, 0x00, 0x00,
	0x00, 0x00, 0x00, 0x00, 0x00, 0x00, 0x00, 0x00,
	0x00, 0x00, 0x00, 0x00, 0x00, 0x00, 0x00, 0x00,
	0x00, 0x00, 0x00, 0x00, 0x00, 0x00, 0x00, 0x00,
	0x00, 0x00, 0x00, 0x00, 0x00, 0x00, 0x00, 0x00,
	0x00, 0x00, 0x00, 0x00, 0x00, 0x00, 0x00, 0x00,
	0x00, 0x00, 0x00, 0x00, 0x00, 0x00, 0x00, 0x00,
	0x00, 0x00, 0x00, 0x00, 0x00, 0x00, 0x00, 0x00,
	0x00, 0x00, 0x00, 0x00, 0x00, 0x00, 0x00, 0x00,
	0x00, 0x00, 0x00, 0x00, 0x00, 0x00, 0x00, 0x00,
	0x00, 0x00, 0x00, 0x00, 0x00, 0x00, 0x00, 0x00,
	0x00, 0x00, 0x00, 0x00, 0x00, 0x00, 0x00, 0x00,
	0x00, 0x00, 0x00, 0x00, 0x00, 0x00, 0x00, 0x00,
	0x00, 0x00, 0x00, 0x00, 0x00, 0x00, 0x00, 0x00,
	0x00, 0x00, 0x00, 0x00, 0x00, 0x00, 0x00, 0x00,
	0x00, 0x00, 0x00, 0x00, 0x00, 0x00, 0x00, 0x00,
	0x00, 0x00, 0x00, 0x00, 0x00, 0x00, 0x00, 0x00,
	0x00, 0x00, 0x00, 0x00, 0x00, 0x00, 0x00, 0x00,
	0x00, 0x00, 0x00, 0x00, 0x00, 0x00, 0x00, 0x00,
	0x00, 0x00, 0x00, 0x00, 0x00, 0x00, 0x00, 0x00,
	0x00, 0x00, 0x00, 0x00, 0x00, 0x00, 0x00, 0x00,
	0x00, 0x00, 0x00, 0x00, 0x00, 0x00, 0x00, 0x00,
	0x00, 0x00, 0x00, 0x00, 0x00, 0x00, 0x00, 0x00,
	0x00, 0x00, 0x00, 0x00, 0x00, 0x00, 0x00, 0x00,
	0x00, 0x00, 0x00, 0x00, 0x00, 0x00, 0x00, 0x00,
	0x00, 0x00, 0x00, 0x00, 0x00, 0x00, 0x00, 0x00,
	0x00, 0x00, 0x00, 0x00, 0x00, 0x00, 0x00, 0x00,
	0x00, 0x00, 0x00, 0x00, 0x00, 0x00, 0x00, 0x00,
	0x00, 0x00, 0x00, 0x00, 0x00, 0x00, 0x00, 0x00,
	0x00, 0x00, 0x00, 0x00, 0x00, 0x00, 0x00, 0x00,
	0x00, 0x00, 0x00, 0x00, 0x00, 0x00, 0x00, 0x00,
	0x00, 0x00, 0x00, 0x00, 0x00, 0x00, 0x00, 0x00,
	0x00, 0x00, 0x00, 0x00, 0x00, 0x00, 0x00, 0x00,
	0x00, 0x00, 0x00, 0x00, 0x00, 0x00, 0x00, 0x00,
	0x00, 0x00, 0x00, 0x00, 0x00, 0x00, 0x00, 0x00,
	0x00, 0x00, 0x00, 0x00, 0x00, 0x00, 0x00, 0x00,
	0x00, 0x00, 0x00, 0x00, 0x00, 0x00, 0x00, 0x00,
	0x00, 0x00, 0x00, 0x00, 0x00, 0x00, 0x00, 0x00,
	0x00, 0x00, 0x00, 0x00, 0x00, 0x00, 0x00, 0x00,
	0x00, 0x00, 0x00, 0x00, 0x00, 0x00, 0x00, 0x00,
	0x00, 0x00, 0x00, 0x00, 0x00, 0x00, 0x00, 0x00,
	0x00, 0x00, 0x00, 0x00, 0x00, 0x00, 0x00, 0x00,
	0x00, 0x00, 0x00, 0x00, 0x00, 0x00, 0x00, 0x00,
	0x00, 0x00, 0x00, 0x00, 0x00, 0x00, 0x00, 0x00,
	0x00, 0x00, 0x00, 0x00, 0x00, 0x00, 0x00, 0x00,
	0x00, 0x00, 0x00, 0x00, 0x00, 0x00, 0x00, 0x00,
	0x00, 0x00, 0x00, 0x00, 0x00, 0x00, 0x00, 0x00,
	0x00, 0x00, 0x00, 0x00, 0x00, 0x00, 0x00, 0x00,
	0x00, 0x00, 0x00, 0x00, 0x00, 0x00, 0x00, 0x00,
	0x00, 0x00, 0x00, 0x00, 0x00, 0x00, 0x00, 0x00,
	0x00, 0x00, 0x00, 0x00, 0x00, 0x00, 0x00, 0x00,
	0x00, 0x00, 0x00, 0x00, 0x00, 0x00, 0x00, 0x00,
	0x00, 0x00, 0x00, 0x00, 0x00, 0x00, 0x00, 0x00,
	0x00, 0x00, 0x00, 0x00, 0x00, 0x00, 0x00, 0x00,
	0x00, 0x00, 0x00, 0x00, 0x00, 0x00, 0x00, 0x00,
	0x00, 0x00, 0x00, 0x00, 0x00, 0x00, 0x00, 0x00,
	0x00, 0x00, 0x00, 0x00, 0x00, 0x00, 0x00, 0x00,
	0x00, 0x00, 0x00, 0x00, 0x00, 0x00, 0x00, 0x00,
	0x00, 0x00, 0x00, 0x00, 0x00, 0x00, 0x00, 0x00,
	0x00, 0x00, 0x00, 0x00, 0x00, 0x00, 0x00, 0x00,
	0x00, 0x00, 0x00, 0x00, 0x00, 0x00, 0x00, 0x00,
	0x00, 0x00, 0x00, 0x00, 0x00, 0x00, 0x00, 0x00,
	0x00, 0x00, 0x00, 0x00, 0x00, 0x00, 0x00, 0x00,
	0x00, 0x00, 0x00, 0x00, 0x00, 0x00, 0x00, 0x00,
	0x00, 0x00, 0x00, 0x00, 0x00, 0x00, 0x00, 0x00,
	0x00, 0x00, 0x00, 0x00, 0x00, 0x00, 0x00, 0x00,
	0x00, 0x00, 0x00, 0x00, 0x00, 0x00, 0x00, 0x00,
	0x00, 0x00, 0x00, 0x00, 0x00, 0x00, 0x00, 0x00,
	0x00, 0x00, 0x00, 0x00, 0x00, 0x00, 0x00, 0x00,
	0x00, 0x00, 0x00, 0x00, 0x00, 0x00, 0x00, 0x00,
	0x00, 0x00, 0x00, 0x00, 0x00, 0x00, 0x00, 0x00,
	0x00, 0x00, 0x00, 0x00, 0x00, 0x00, 0x00, 0x00,
	0x00, 0x00, 0x00, 0x00, 0x00, 0x00, 0x00, 0x00,
	0x00, 0x00, 0x00, 0x00, 0x00, 0x00, 0x00, 0x00,
	0x00, 0x00, 0x00, 0x00, 0x00, 0x00, 0x00, 0x00,
	0x00, 0x00, 0x00, 0x00, 0x00, 0x00, 0x00, 0x00,
	0x00, 0x00, 0x00, 0x00, 0x00, 0x00, 0x00, 0x00,
	0x00, 0x00, 0x00, 0x00, 0x00, 0x00, 0x00, 0x00,
	0x00, 0x00, 0x00, 0x00, 0x00, 0x00, 0x00, 0x00,
	0x00, 0x00, 0x00, 0x00, 0x00, 0x00, 0x00, 0x00,
	0x00, 0x00, 0x00, 0x00, 0x00, 0x00, 0x00, 0x00,
	0x00, 0x00, 0x00, 0x00, 0x00, 0x00, 0x00, 0x00,
	0x00, 0x00, 0x00, 0x00, 0x00, 0x00, 0x00, 0x00,
	0x00, 0x00, 0x00, 0x00, 0x00, 0x00, 0x00, 0x00,
	0x00, 0x00, 0x00, 0x00, 0x00, 0x00, 0x00, 0x00,
	0x00, 0x00, 0x00, 0x00, 0x00, 0x00, 0x00, 0x00,
	0x00, 0x00, 0x00, 0x00, 0x00, 0x00, 0x00, 0x00,
	0x00, 0x00, 0x00, 0x00, 0x00, 0x00, 0x00, 0x00,
	0x00, 0x00, 0x00, 0x00, 0x00, 0x00, 0x00, 0x00,
	0x00, 0x00, 0x00, 0x00, 0x00, 0x00, 0x00, 0x00,
	0x00, 0x00, 0x00, 0x00, 0x00, 0x00, 0x00, 0x00,
	0x00, 0x00, 0x00, 0x00, 0x00, 0x00, 0x00, 0x00,
	0x00, 0x00, 0x00, 0x00, 0x00, 0x00, 0x00, 0x00,
	0x00, 0x00, 0x00, 0x00, 0x00, 0x00, 0x00, 0x00,
	0x00, 0x00, 0x00, 0x00, 0x00, 0x00, 0x00, 0x00,
	0x00, 0x00, 0x00, 0x00, 0x00, 0x00, 0x00, 0x00,
	0x00, 0x00, 0x00, 0x00, 0x00, 0x00, 0x00, 0x00,
	0x00, 0x00, 0x00, 0x00, 0x00, 0x00, 0x00, 0x00,
	0x00, 0x00, 0x00, 0x00, 0x00, 0x00, 0x00, 0x00,
	0x00, 0x00, 0x00, 0x00, 0x00, 0x00, 0x00, 0x00,
	0x00, 0x00, 0x00, 0x00, 0x00, 0x00, 0x00, 0x00,
	0x00, 0x00, 0x00, 0x00, 0x00, 0x00, 0x00, 0x00,
	0x00, 0x00, 0x00, 0x00, 0x00, 0x00, 0x00, 0x00,
	0x00, 0x00, 0x00, 0x00, 0x00, 0x00, 0x00, 0x00,
	0x00, 0x00, 0x00, 0x00, 0x00, 0x00, 0x00, 0x00,
	0x00, 0x00, 0x00, 0x00, 0x00, 0x00, 0x00, 0x00,
	0x00, 0x00, 0x00, 0x00, 0x00, 0x00, 0x00, 0x00,
	0x00, 0x00, 0x00, 0x00, 0x00, 0x00, 0x00, 0x00,
	0x00, 0x00, 0x00, 0x00, 0x00, 0x00, 0x00, 0x00,
	0x00, 0x00, 0x00, 0x00, 0x00, 0x00, 0x00, 0x00,
	0x00, 0x00, 0x00, 0x00, 0x00, 0x00, 0x00, 0x00,
	0x00, 0x00, 0x00, 0x00, 0x00, 0x00, 0x00, 0x00,
	0x00, 0x00, 0x00, 0x00, 0x00, 0x00, 0x00, 0x00,
	0x00, 0x00, 0x00, 0x00, 0x00, 0x00, 0x00, 0x00,
	0x00, 0x00, 0x00, 0x00, 0x00, 0x00, 0x00, 0x00,
	0x00, 0x00, 0x00, 0x00, 0x00, 0x00, 0x00, 0x00,
	0x00, 0x00, 0x00, 0x00, 0x00, 0x00, 0x00, 0x00,
	0x00, 0x00, 0x00, 0x00, 0x00, 0x00, 0x00, 0x00,
	0x00, 0x00, 0x00, 0x00, 0x00, 0x00, 0x00, 0x00,
	0x00, 0x00, 0x00, 0x00, 0x00, 0x00, 0x00, 0x00,
	0x00, 0x00, 0x00, 0x00, 0x00, 0x00, 0x00, 0x00,
	0x00, 0x00, 0x00, 0x00, 0x00, 0x00, 0x00, 0x00,
	0x00, 0x00, 0x00, 0x00, 0x00, 0x00, 0x00, 0x00,
	0x00, 0x00, 0x00, 0x00, 0x00, 0x00, 0x00, 0x00,
	0x00, 0x00, 0x00, 0x00, 0x00, 0x00, 0x00, 0x00,
	0x00, 0x00, 0x00, 0x00, 0x00, 0x00, 0x00, 0x00,
	0x00, 0x00, 0x00, 0x00, 0x00, 0x00, 0x00, 0x00,
	0x00, 0x00, 0x00, 0x00, 0x00, 0x00, 0x00, 0x00,
	0x00, 0x00, 0x00, 0x00, 0x00, 0x00, 0x00, 0x00,
	0x00, 0x00, 0x00, 0x00, 0x00, 0x00, 0x00, 0x00,
	0x00, 0x00, 0x00, 0x00, 0x00, 0x00, 0x00, 0x00,
	0x00, 0x00, 0x00, 0x00, 0x00, 0x00, 0x00, 0x00,
	0x00, 0x00, 0x00, 0x00, 0x00, 0x00, 0x00, 0x00,
	0x00, 0x00, 0x00, 0x00, 0x00, 0x00, 0x00, 0x00,
	0x00, 0x00, 0x00, 0x00, 0x00, 0x00, 0x00, 0x00,
	0x00, 0x00, 0x00, 0x00, 0x00, 0x00, 0x00, 0x00,
	0x00, 0x00, 0x00, 0x00, 0x00, 0x00, 0x00, 0x00,
	0x00, 0x00, 0x00, 0x00, 0x00, 0x00, 0x00, 0x00,
	0x00, 0x00, 0x00, 0x00, 0x00, 0x00, 0x00, 0x00,
	0x00, 0x00, 0x00, 0x00, 0x00, 0x00, 0x00, 0x00,
	0x00, 0x00, 0x00, 0x00, 0x00, 0x00, 0x00, 0x00,
	0x00, 0x00, 0x00, 0x00, 0x00, 0x00, 0x00, 0x00,
	0x00, 0x00, 0x00, 0x00, 0x00, 0x00, 0x00, 0x00,
	0x00, 0x00, 0x00, 0x00, 0x00, 0x00, 0x00, 0x00,
	0x00, 0x00, 0x00, 0x00, 0x00, 0x00, 0x00, 0x00,
	0x00, 0x00, 0x00, 0x00, 0x00, 0x00, 0x00, 0x00,
	0x00, 0x00, 0x00, 0x00, 0x00, 0x00, 0x00, 0x00,
	0x00, 0x00, 0x00, 0x00, 0x00, 0x00, 0x00, 0x00,
	0x00, 0x00, 0x00, 0x00, 0x00, 0x00, 0x00, 0x00,
	0x00, 0x00, 0x00, 0x00, 0x00, 0x00, 0x00, 0x00,
	0x00, 0x00, 0x00, 0x00, 0x00, 0x00, 0x00, 0x00,
	0x00, 0x00, 0x00, 0x00, 0x00, 0x00, 0x00, 0x00,
	0x00, 0x00, 0x00, 0x00, 0x00, 0x00, 0x00, 0x00,
	0x00, 0x00, 0x00, 0x00, 0x00, 0x00, 0x00, 0x00,
	0x00, 0x00, 0x00, 0x00, 0x00, 0x00, 0x00, 0x00,
	0x00, 0x00, 0x00, 0x00, 0x00, 0x00, 0x00, 0x00,
	0x00, 0x00, 0x00, 0x00, 0x00, 0x00, 0x00, 0x00,
	0x00, 0x00, 0x00, 0x00, 0x00, 0x00, 0x00, 0x00,
	0x00, 0x00, 0x00, 0x00, 0x00, 0x00, 0x00, 0x00,
	0x00, 0x00, 0x00, 0x00, 0x00, 0x00, 0x00, 0x00,
	0x00, 0x00, 0x00, 0x00, 0x00, 0x00, 0x00, 0x00,
	0x00, 0x00, 0x00, 0x00, 0x00, 0x00, 0x00, 0x00,
	0x00, 0x00, 0x00, 0x00, 0x00, 0x00, 0x00, 0x00,
	0x00, 0x00, 0x00, 0x00, 0x00, 0x00, 0x00, 0x00,
	0x00, 0x00, 0x00, 0x00, 0x00, 0x00, 0x00, 0x00,
	0x00, 0x00, 0x00, 0x00, 0x00, 0x00, 0x00, 0x00,
	0x00, 0x00, 0x00, 0x00, 0x00, 0x00, 0x00, 0x00,
	0x00, 0x00, 0x00, 0x00, 0x00, 0x00, 0x00, 0x00,
	0x00, 0x00, 0x00, 0x00, 0x00, 0x00, 0x00, 0x00,
	0x00, 0x00, 0x00, 0x00, 0x00, 0x00, 0x00, 0x00,
	0x00, 0x00, 0x00, 0x00, 0x00, 0x00, 0x00, 0x00,
	0x00, 0x00, 0x00, 0x00, 0x00, 0x00, 0x00, 0x00,
	0x00, 0x00, 0x00, 0x00, 0x00, 0x00, 0x00, 0x00,
	0x00, 0x00, 0x00, 0x00, 0x00, 0x00, 0x00, 0x00,
	0x00, 0x00, 0x00, 0x00, 0x00, 0x00, 0x00, 0x00,
	0x00, 0x00, 0x00, 0x00, 0x00, 0x00, 0x00, 0x00,
	0x00, 0x00, 0x00, 0x00, 0x00, 0x00, 0x00, 0x00,
	0x00, 0x00, 0x00, 0x00, 0x00, 0x00, 0x00, 0x00,
	0x00, 0x00, 0x00, 0x00, 0x00, 0x00, 0x00, 0x00,
	0x00, 0x00, 0x00, 0x00, 0x00, 0x00, 0x00, 0x00,
	0x00, 0x00, 0x00, 0x00, 0x00, 0x00, 0x00, 0x00,
	0x00, 0x00, 0x00, 0x00, 0x00, 0x00, 0x00, 0x00,
	0x00, 0x00, 0x00, 0x00, 0x00, 0x00, 0x00, 0x00,
	0x00, 0x00, 0x00, 0x00, 0x00, 0x00, 0x00, 0x00,
	0x00, 0x00, 0x00, 0x00, 0x00, 0x00, 0x00, 0x00,
	0x00, 0x00, 0x00, 0x00, 0x00, 0x00, 0x00, 0x00,
	0x00, 0x00, 0x00, 0x00, 0x00, 0x00, 0x00, 0x00,
	0x00, 0x00, 0x00, 0x00, 0x00, 0x00, 0x00, 0x00,
	0x00, 0x00, 0x00, 0x00, 0x00, 0x00, 0x00, 0x00,
	0x00, 0x00, 0x00, 0x00, 0x00, 0x00, 0x00, 0x00,
	0x00, 0x00, 0x00, 0x00, 0x00, 0x00, 0x00, 0x00,
	0x00, 0x00, 0x00, 0x00, 0x00, 0x00, 0x00, 0x00,
	0x00, 0x00, 0x00, 0x00, 0x00, 0x00, 0x00, 0x00,
	0x00, 0x00, 0x00, 0x00, 0x00, 0x00, 0x00, 0x00,
	0x00, 0x00, 0x00, 0x00, 0x00, 0x00, 0x00, 0x00,
	0x00, 0x00, 0x00, 0x00, 0x00, 0x00, 0x00, 0x00,
	0x00, 0x00, 0x00, 0x00, 0x00, 0x00, 0x00, 0x00,
	0x00, 0x00, 0x00, 0x00, 0x00, 0x00, 0x00, 0x00,
	0x00, 0x00, 0x00, 0x00, 0x00, 0x00, 0x00, 0x00,
	0x00, 0x00, 0x00, 0x00, 0x00, 0x00, 0x00, 0x00,
	0x00, 0x00, 0x00, 0x00, 0x00, 0x00, 0x00, 0x00,
	0x00, 0x00, 0x00, 0x00, 0x00, 0x00, 0x00, 0x00,
	0x00, 0x00, 0x00, 0x00, 0x00, 0x00, 0x00, 0x00,
	0x00, 0x00, 0x00, 0x00, 0x00, 0x00, 0x00, 0x00,
	0x00, 0x00, 0x00, 0x00, 0x00, 0x00, 0x00, 0x00,
	0x00, 0x00, 0x00, 0x00, 0x00, 0x00, 0x00, 0x00,
	0x00, 0x00, 0x00, 0x00, 0x00, 0x00, 0x00, 0x00,
	0x00, 0x00, 0x00, 0x00, 0x00, 0x00, 0x00, 0x00,
	0x00, 0x00, 0x00, 0x00, 0x00, 0x00, 0x00, 0x00,
	0x00, 0x00, 0x00, 0x00, 0x00, 0x00, 0x00, 0x00,
	0x00, 0x00, 0x00, 0x00, 0x00, 0x00, 0x00, 0x00,
	0x00, 0x00, 0x00, 0x00, 0x00, 0x00, 0x00, 0x00,
	0x00, 0x00, 0x00, 0x00, 0x00, 0x00, 0x00, 0x00,
	0x00, 0x00, 0x00, 0x00, 0x00, 0x00, 0x00, 0x00,
	0x00, 0x00, 0x00, 0x00, 0x00, 0x00, 0x00, 0x00,
	0x00, 0x00, 0x00, 0x00, 0x00, 0x00, 0x00, 0x00,
	0x00, 0x00, 0x00, 0x00, 0x00, 0x00, 0x00, 0x00,
	0x00, 0x00, 0x00, 0x00, 0x00, 0x00, 0x00, 0x00,
	0x00, 0x00, 0x00, 0x00, 0x00, 0x00, 0x00, 0x00,
	0x00, 0x00, 0x00, 0x00, 0x00, 0x00, 0x00, 0x00,
	0x00, 0x00, 0x00, 0x00, 0x00, 0x00, 0x00, 0x00,
	0x00, 0x00, 0x00, 0x00, 0x00, 0x00, 0x00, 0x00,
	0x00, 0x00, 0x00, 0x00, 0x00, 0x00, 0x00, 0x00,
	0x00, 0x00, 0x00, 0x00, 0x00, 0x00, 0x00, 0x00,
	0x00, 0x00, 0x00, 0x00, 0x00, 0x00, 0x00, 0x00,
	0x00, 0x00, 0x00, 0x00, 0x00, 0x00, 0x00, 0x00,
	0x00, 0x00, 0x00, 0x00, 0x00, 0x00, 0x00, 0x00,
	0x00, 0x00, 0x00, 0x00, 0x00, 0x00, 0x00, 0x00,
	0x00, 0x00, 0x00, 0x00, 0x00, 0x00, 0x00, 0x00,
	0x00, 0x00, 0x00, 0x00, 0x00, 0x00, 0x00, 0x00,
	0x00, 0x00, 0x00, 0x00, 0x00, 0x00, 0x00, 0x00,
	0x00, 0x00, 0x00, 0x00, 0x00, 0x00, 0x00, 0x00,
	0x00, 0x00, 0x00, 0x00, 0x00, 0x00, 0x00, 0x00,
	0x00, 0x00, 0x00, 0x00, 0x00, 0x00, 0x00, 0x00,
	0x00, 0x00, 0x00, 0x00, 0x00, 0x00, 0x00, 0x00,
	0x00, 0x00, 0x00, 0x00, 0x00, 0x00, 0x00, 0x00,
	0x00, 0x00, 0x00, 0x00, 0x00, 0x00, 0x00, 0x00,
	0x00, 0x00, 0x00, 0x00, 0x00, 0x00, 0x00, 0x00,
	0x00, 0x00, 0x00, 0x00, 0x00, 0x00, 0x00, 0x00,
	0x00, 0x00, 0x00, 0x00, 0x00, 0x00, 0x00, 0x00,
	0x00, 0x00, 0x00, 0x00, 0x00, 0x00, 0x00, 0x00,
	0x00, 0x00, 0x00, 0x00, 0x00, 0x00, 0x00, 0x00,
	0x00, 0x00, 0x00, 0x00, 0x00, 0x00, 0x00, 0x00,
	0x00, 0x00, 0x00, 0x00, 0x00, 0x00, 0x00, 0x00,
	0x00, 0x00, 0x00, 0x00, 0x00, 0x00, 0x00, 0x00,
	0x00, 0x00, 0x00, 0x00, 0x00, 0x00, 0x00, 0x00,
	0x00, 0x00, 0x00, 0x00, 0x00, 0x00, 0x00, 0x00,
	0x00, 0x00, 0x00, 0x00, 0x00, 0x00, 0x00, 0x00,
	0x00, 0x00, 0x00, 0x00, 0x00, 0x00, 0x00, 0x00,
	0x00, 0x00, 0x00, 0x00, 0x00, 0x00, 0x00, 0x00,
	0x00, 0x00, 0x00, 0x00, 0x00, 0x00, 0x00, 0x00,
	0x00, 0x00, 0x00, 0x00, 0x00, 0x00, 0x00, 0x00,
	0x00, 0x00, 0x00, 0x00, 0x00, 0x00, 0x00, 0x00,
	0x00, 0x00, 0x00, 0x00, 0x00, 0x00, 0x00, 0x00,
	0x00, 0x00, 0x00, 0x00, 0x00, 0x00, 0x00, 0x00,
	0x00, 0x00, 0x00, 0x00, 0x00, 0x00, 0x00, 0x00,
	0x00, 0x00, 0x00, 0x00, 0x00, 0x00, 0x00, 0x00,
	0x00, 0x00, 0x00, 0x00, 0x00, 0x00, 0x00, 0x00,
	0x00, 0x00, 0x00, 0x00, 0x00, 0x00, 0x00, 0x00,
	0x00, 0x00, 0x00, 0x00, 0x00, 0x00, 0x00, 0x00,
	0x00, 0x00, 0x00, 0x00, 0x00, 0x00, 0x00, 0x00,
	0x00, 0x00, 0x00, 0x00, 0x00, 0x00, 0x00, 0x00,
	0x00, 0x00, 0x00, 0x00, 0x00, 0x00, 0x00, 0x00,
	0x00, 0x00, 0x00, 0x00, 0x00, 0x00, 0x00, 0x00,
	0x00, 0x00, 0x00, 0x00, 0x00, 0x00, 0x00, 0x00,
	0x00, 0x00, 0x00, 0x00, 0x00, 0x00, 0x00, 0x00,
	0x00, 0x00, 0x00, 0x00, 0x00, 0x00, 0x00, 0x00,
	0x00, 0x00, 0x00, 0x00, 0x00, 0x00, 0x00, 0x00,
	0x00, 0x00, 0x00, 0x00, 0x00, 0x00, 0x00, 0x00,
	0x00, 0x00, 0x00, 0x00, 0x00, 0x00, 0x00, 0x00,
	0x00, 0x00, 0x00, 0x00, 0x00, 0x00, 0x00, 0x00,
	0x00, 0x00, 0x00, 0x00, 0x00, 0x00, 0x00, 0x00,
	0x00, 0x00, 0x00, 0x00, 0x00, 0x00, 0x00, 0x00,
	0x00, 0x00, 0x00, 0x00, 0x00, 0x00, 0x00, 0x00,
	0x00, 0x00, 0x00, 0x00, 0x00, 0x00, 0x00, 0x00,
	0x00, 0x00, 0x00, 0x00, 0x00, 0x00, 0x00, 0x00,
	0x00, 0x00, 0x00, 0x00, 0x00, 0x00, 0x00, 0x00,
	0x00, 0x00, 0x00, 0x00, 0x00, 0x00, 0x00, 0x00,
	0x00, 0x00, 0x00, 0x00, 0x00, 0x00, 0x00, 0x00,
	0x00, 0x00, 0x00, 0x00, 0x00, 0x00, 0x00, 0x00,
	0x00, 0x00, 0x00, 0x00, 0x00, 0x00, 0x00, 0x00,
	0x00, 0x00, 0x00, 0x00, 0x00, 0x00, 0x00, 0x00,
	0x00, 0x00, 0x00, 0x00, 0x00, 0x00, 0x00, 0x00,
	0x00, 0x00, 0x00, 0x00, 0x00, 0x00, 0x00, 0x00,
	0x00, 0x00, 0x00, 0x00, 0x00, 0x00, 0x00, 0x00,
	0x00, 0x00, 0x00, 0x00, 0x00, 0x00, 0x00, 0x00,
	0x00, 0x00, 0x00, 0x00, 0x00, 0x00, 0x00, 0x00,
	0x00, 0x00, 0x00, 0x00, 0x00, 0x00, 0x00, 0x00,
	0x00, 0x00, 0x00, 0x00, 0x00, 0x00, 0x00, 0x00,
	0x00, 0x00, 0x00, 0x00, 0x00, 0x00, 0x00, 0x00,
	0x00, 0x00, 0x00, 0x00, 0x00, 0x00, 0x00, 0x00,
	0x00, 0x00, 0x00, 0x00, 0x00, 0x00, 0x00, 0x00,
	0x00, 0x00, 0x00, 0x00, 0x00, 0x00, 0x00, 0x00,
	0x00, 0x00, 0x00, 0x00, 0x00, 0x00, 0x00, 0x00,
	0x00, 0x00, 0x00, 0x00, 0x00, 0x00, 0x00, 0x00,
	0x00, 0x00, 0x00, 0x00, 0x00, 0x00, 0x00, 0x00,
	0x00, 0x00, 0x00, 0x00, 0x00, 0x00, 0x00, 0x00,
	0x00, 0x00, 0x00, 0x00, 0x00, 0x00, 0x00, 0x00,
	0x00, 0x00, 0x00, 0x00, 0x00, 0x00, 0x00, 0x00,
	0x00, 0x00, 0x00, 0x00, 0x00, 0x00, 0x00, 0x00,
	0x00, 0x00, 0x00, 0x00, 0x00, 0x00, 0x00, 0x00,
	0x00, 0x00, 0x00, 0x00, 0x00, 0x00, 0x00, 0x00,
	0x00, 0x00, 0x00, 0x00, 0x00, 0x00, 0x00, 0x00,
	0x00, 0x00, 0x00, 0x00, 0x00, 0x00, 0x00, 0x00,
	0x00, 0x00, 0x00, 0x00, 0x00, 0x00, 0x00, 0x00,
	0x00, 0x00, 0x00, 0x00, 0x00, 0x00, 0x00, 0x00,
	0x00, 0x00, 0x00, 0x00, 0x00, 0x00, 0x00, 0x00,
	0x00, 0x00, 0x00, 0x00, 0x00, 0x00, 0x00, 0x00,
	0x00, 0x00, 0x00, 0x00, 0x00, 0x00, 0x00, 0x00,
	0x00, 0x00, 0x00, 0x00, 0x00, 0x00, 0x00, 0x00,
	0x00, 0x00, 0x00, 0x00, 0x00, 0x00, 0x00, 0x00,
	0x00, 0x00, 0x00, 0x00, 0x00, 0x00, 0x00, 0x00,
	0x00, 0x00, 0x00, 0x00, 0x00, 0x00, 0x00, 0x00,
	0x00, 0x00, 0x00, 0x00, 0x00, 0x00, 0x00, 0x00,
	0x00, 0x00, 0x00, 0x00, 0x00, 0x00, 0x00, 0x00,
	0x00, 0x00, 0x00, 0x00, 0x00, 0x00, 0x00, 0x00,
	0x00, 0x00, 0x00, 0x00, 0x00, 0x00, 0x00, 0x00,
	0x00, 0x00, 0x00, 0x00, 0x00, 0x00, 0x00, 0x00,
	0x00, 0x00, 0x00, 0x00, 0x00, 0x00, 0x00, 0x00,
	0x00, 0x00, 0x00, 0x00, 0x00, 0x00, 0x00, 0x00,
	0x00, 0x00, 0x00, 0x00, 0x00, 0x00, 0x00, 0x00,
	0x00, 0x00, 0x00, 0x00, 0x00, 0x00, 0x00, 0x00,
	0x00, 0x00, 0x00, 0x00, 0x00, 0x00, 0x00, 0x00,
	0x00, 0x00, 0x00, 0x00, 0x00, 0x00, 0x00, 0x00,
	0x00, 0x00, 0x00, 0x00, 0x00, 0x00, 0x00, 0x00,
	0x00, 0x00, 0x00, 0x00, 0x00, 0x00, 0x00, 0x00,
	0x00, 0x00, 0x00, 0x00, 0x00, 0x00, 0x00, 0x00,
	0x00, 0x00, 0x00, 0x00, 0x00, 0x00, 0x00, 0x00,
	0x00, 0x00, 0x00, 0x00, 0x00, 0x00, 0x00, 0x00,
	0x00, 0x00, 0x00, 0x00, 0x00, 0x00, 0x00, 0x00,
	0x00, 0x00, 0x00, 0x00, 0x00, 0x00, 0x00, 0x00,
	0x00, 0x00, 0x00, 0x00, 0x00, 0x00, 0x00, 0x00,
	0x00, 0x00, 0x00, 0x00, 0x00, 0x00, 0x00, 0x00,
	0x00, 0x00, 0x00, 0x00, 0x00, 0x00, 0x00, 0x00,
	0x00, 0x00, 0x00, 0x00, 0x00, 0x00, 0x00, 0x00,
	0x00, 0x00, 0x00, 0x00, 0x00, 0x00, 0x00, 0x00,
	0x00, 0x00, 0x00, 0x00, 0x00, 0x00, 0x00, 0x00,
	0x00, 0x00, 0x00, 0x00, 0x00, 0x00, 0x00, 0x00,
	0x00, 0x00, 0x00, 0x00, 0x00, 0x00, 0x00, 0x00,
	0x00, 0x00, 0x00, 0x00, 0x00, 0x00, 0x00, 0x00,
	0x00, 0x00, 0x00, 0x00, 0x00, 0x00, 0x00, 0x00,
	0x00, 0x00, 0x00, 0x00, 0x00, 0x00, 0x00, 0x00,
	0x00, 0x00, 0x00, 0x00, 0x00, 0x00, 0x00, 0x00,
	0x00, 0x00, 0x00, 0x00, 0x00, 0x00, 0x00, 0x00,
	0x00, 0x00, 0x00, 0x00, 0x00, 0x00, 0x00, 0x00,
	0x00, 0x00, 0x00, 0x00, 0x00, 0x00, 0x00, 0x00,
	0x00, 0x00, 0x00, 0x00, 0x00, 0x00, 0x00, 0x00,
	0x00, 0x00, 0x00, 0x00, 0x00, 0x00, 0x00, 0x00,
	0x00, 0x00, 0x00, 0x00, 0x00, 0x00, 0x00, 0x00,
	0x00, 0x00, 0x00, 0x00, 0x00, 0x00, 0x00, 0x00,
	0x00, 0x00, 0x00, 0x00, 0x00, 0x00, 0x00, 0x00,
	0x00, 0x00, 0x00, 0x00, 0x00, 0x00, 0x00, 0x00,
	0x00, 0x00, 0x00, 0x00, 0x00, 0x00, 0x00, 0x00,
	0x00, 0x00, 0x00, 0x00, 0x00, 0x00, 0x00, 0x00,
	0x00, 0x00, 0x00, 0x00, 0x00, 0x00, 0x00, 0x00,
	0x00, 0x00, 0x00, 0x00, 0x00, 0x00, 0x00, 0x00,
	0x00, 0x00, 0x00, 0x00, 0x00, 0x00, 0x00, 0x00,
	0x00, 0x00, 0x00, 0x00, 0x00, 0x00, 0x00, 0x00,
	0x00, 0x00, 0x00, 0x00, 0x00, 0x00, 0x00, 0x00,
	0x00, 0x00, 0x00, 0x00, 0x00, 0x00, 0x00, 0x00,
	0x00, 0x00, 0x00, 0x00, 0x00, 0x00, 0x00, 0x00,
	0x00, 0x00, 0x00, 0x00, 0x00, 0x00, 0x00, 0x00,
	0x00, 0x00, 0x00, 0x00, 0x00, 0x00, 0x00, 0x00,
	0x00, 0x00, 0x00, 0x00, 0x00, 0x00, 0x00, 0x00,
	0x00, 0x00, 0x00, 0x00, 0x00, 0x00, 0x00, 0x00,
	0x00, 0x00, 0x00, 0x00, 0x00, 0x00, 0x00, 0x00,
	0x00, 0x00, 0x00, 0x00, 0x00, 0x00, 0x00, 0x00,
	0x00, 0x00, 0x00, 0x00, 0x00, 0x00, 0x00, 0x00,
	0x00, 0x00, 0x00, 0x00, 0x00, 0x00, 0x00, 0x00,
	0x00, 0x00, 0x00, 0x00, 0x00, 0x00, 0x00, 0x00,
	0x00, 0x00, 0x00, 0x00, 0x00, 0x00, 0x00, 0x00,
	0x00, 0x00, 0x00, 0x00, 0x00, 0x00, 0x00, 0x00,
	0x00, 0x00, 0x00, 0x00, 0x00, 0x00, 0x00, 0x00,
	0x00, 0x00, 0x00, 0x00, 0x00, 0x00, 0x00, 0x00,
	0x00, 0x00, 0x00, 0x00, 0x00, 0x00, 0x00, 0x00,
	0x00, 0x00, 0x00, 0x00, 0x00, 0x00, 0x00, 0x00,
	0x00, 0x00, 0x00, 0x00, 0x00, 0x00, 0x00, 0x00,
	0x00, 0x00, 0x00, 0x00, 0x00, 0x00, 0x00, 0x00,
	0x00, 0x00, 0x00, 0x00, 0x00, 0x00, 0x00, 0x00,
	0x00, 0x00, 0x00, 0x00, 0x00, 0x00, 0x00, 0x00,
	0x00, 0x00, 0x00, 0x00, 0x00, 0x00, 0x00, 0x00,
	0x00, 0x00, 0x00, 0x00, 0x00, 0x00, 0x00, 0x00,
	0x00, 0x00, 0x00, 0x00, 0x00, 0x00, 0x00, 0x00,
	0x00, 0x00, 0x00, 0x00, 0x00, 0x00, 0x00, 0x00,
	0x00, 0x00, 0x00, 0x00, 0x00, 0x00, 0x00, 0x00,
	0x00, 0x00, 0x00, 0x00, 0x00, 0x00, 0x00, 0x00,
	0x00, 0x00, 0x00, 0x00, 0x00, 0x00, 0x00, 0x00,
	0x00, 0x00, 0x00, 0x00, 0x00, 0x00, 0x00, 0x00,
	0x00, 0x00, 0x00, 0x00, 0x00, 0x00, 0x00, 0x00,
	0x00, 0x00, 0x00, 0x00, 0x00, 0x00, 0x00, 0x00,
	0x00, 0x00, 0x00, 0x00, 0x00, 0x00, 0x00, 0x00,
	0x00, 0x00, 0x00, 0x00, 0x00, 0x00, 0x00, 0x00,
	0x00, 0x00, 0x00, 0x00, 0x00, 0x00, 0x00, 0x00,
	0x00, 0x00, 0x00, 0x00, 0x00, 0x00, 0x00, 0x00,
	0x00, 0x00, 0x00, 0x00, 0x00, 0x00, 0x00, 0x00,
	0x00, 0x00, 0x00, 0x00, 0x00, 0x00, 0x00, 0x00,
	0x00, 0x00, 0x00, 0x00, 0x00, 0x00, 0x00, 0x00,
	0x00, 0x00, 0x00, 0x00, 0x00, 0x00, 0x00, 0x00,
	0x00, 0x00, 0x00, 0x00, 0x00, 0x00, 0x00, 0x00,
	0x00, 0x00, 0x00, 0x00, 0x00, 0x00, 0x00, 0x00,
	0x00, 0x00, 0x00, 0x00, 0x00, 0x00, 0x00, 0x00,
	0x00, 0x00, 0x00, 0x00, 0x00, 0x00, 0x00, 0x00,
	0x00, 0x00, 0x00, 0x00, 0x00, 0x00, 0x00, 0x00,
	0x00, 0x00, 0x00, 0x00, 0x00, 0x00, 0x00, 0x00,
	0x00, 0x00, 0x00, 0x00, 0x00, 0x00, 0x00, 0x00,
	0x00, 0x00, 0x00, 0x00, 0x00, 0x00, 0x00, 0x00,
	0x00, 0x00, 0x00, 0x00, 0x00, 0x00, 0x00, 0x00,
	0x00, 0x00, 0x00, 0x00, 0x00, 0x00, 0x00, 0x00,
	0x00, 0x00, 0x00, 0x00, 0x00, 0x00, 0x00, 0x00,
	0x00, 0x00, 0x00, 0x00, 0x00, 0x00, 0x00, 0x00,
	0x00, 0x00, 0x00, 0x00, 0x00, 0x00, 0x00, 0x00,
	0x00, 0x00, 0x00, 0x00, 0x00, 0x00, 0x00, 0x00,
	0x00, 0x00, 0x00, 0x00, 0x00, 0x00, 0x00, 0x00,
	0x00, 0x00, 0x00, 0x00, 0x00, 0x00, 0x00, 0x00,
	0x00, 0x00, 0x00, 0x00, 0x00, 0x00, 0x00, 0x00,
	0x00, 0x00, 0x00, 0x00, 0x00, 0x00, 0x00, 0x00,
	0x00, 0x00, 0x00, 0x00, 0x00, 0x00, 0x00, 0x00,
	0x00, 0x00, 0x00, 0x00, 0x00, 0x00, 0x00, 0x00,
	0x00, 0x00, 0x00, 0x00, 0x00, 0x00, 0x00, 0x00,
	0x00, 0x00, 0x00, 0x00, 0x00, 0x00, 0x00, 0x00,
	0x00, 0x00, 0x00, 0x00, 0x00, 0x00, 0x00, 0x00,
	0x00, 0x00, 0x00, 0x00, 0x00, 0x00, 0x00, 0x00,
	0x00, 0x00, 0x00, 0x00, 0x00, 0x00, 0x00, 0x00,
	0x00, 0x00, 0x00, 0x00, 0x00, 0x00, 0x00, 0x00,
	0x00, 0x00, 0x00, 0x00, 0x00, 0x00, 0x00, 0x00,
	0x00, 0x00, 0x00, 0x00, 0x00, 0x00, 0x00, 0x00,
	0x00, 0x00, 0x00, 0x00, 0x00, 0x00, 0x00, 0x00,
	0x00, 0x00, 0x00, 0x00, 0x00, 0x00, 0x00, 0x00,
	0x00, 0x00, 0x00, 0x00, 0x00, 0x00, 0x00, 0x00,
	0x00, 0x00, 0x00, 0x00, 0x00, 0x00, 0x00, 0x00,
	0x00, 0x00, 0x00, 0x00, 0x00, 0x00, 0x00, 0x00,
	0x00, 0x00, 0x00, 0x00, 0x00, 0x00, 0x00, 0x00,
	0x00, 0x00, 0x00, 0x00, 0x00, 0x00, 0x00, 0x00,
	0x00, 0x00, 0x00, 0x00, 0x00, 0x00, 0x00, 0x00,
	0x00, 0x00, 0x00, 0x00, 0x00, 0x00, 0x00, 0x00,
	0x00, 0x00, 0x00, 0x00, 0x00, 0x00, 0x00, 0x00,
	0x00, 0x00, 0x00, 0x00, 0x00, 0x00, 0x00, 0x00,
	0x00, 0x00, 0x00, 0x00, 0x00, 0x00, 0x00, 0x00,
	0x00, 0x00, 0x00, 0x00, 0x00, 0x00, 0x00, 0x00,
	0x00, 0x00, 0x00, 0x00, 0x00, 0x00, 0x00, 0x00,
	0x00, 0x00, 0x00, 0x00, 0x00, 0x00, 0x00, 0x00,
	0x00, 0x00, 0x00, 0x00, 0x00, 0x00, 0x00, 0x00,
	0x00, 0x00, 0x00, 0x00, 0x00, 0x00, 0x00, 0x00,
	0x00, 0x00, 0x00, 0x00, 0x00, 0x00, 0x00, 0x00,
	0x00, 0x00, 0x00, 0x00, 0x00, 0x00, 0x00, 0x00,
	0x00, 0x00, 0x00, 0x00, 0x00, 0x00, 0x00, 0x00,
	0x00, 0x00, 0x00, 0x00, 0x00, 0x00, 0x00, 0x00,
	0x00, 0x00, 0x00, 0x00, 0x00, 0x00, 0x00, 0x00,
	0x00, 0x00, 0x00, 0x00, 0x00, 0x00, 0x00, 0x00,
	0x00, 0x00, 0x00, 0x00, 0x00, 0x00, 0x00, 0x00,
	0x00, 0x00, 0x00, 0x00, 0x00, 0x00, 0x00, 0x00,
	0x00, 0x00, 0x00, 0x00, 0x00, 0x00, 0x00, 0x00,
	0x00, 0x00, 0x00, 0x00, 0x00, 0x00, 0x00, 0x00,
	0x00, 0x00, 0x00, 0x00, 0x00, 0x00, 0x00, 0x00,
	0x00, 0x00, 0x00, 0x00, 0x00, 0x00, 0x00, 0x00,
	0x00, 0x00, 0x00, 0x00, 0x00, 0x00, 0x00, 0x00,
	0x00, 0x00, 0x00, 0x00, 0x00, 0x00, 0x00, 0x00,
	0x00, 0x00, 0x00, 0x00, 0x00, 0x00, 0x00, 0x00,
	0x00, 0x00, 0x00, 0x00, 0x00, 0x00, 0x00, 0x00,
	0x00, 0x00, 0x00, 0x00, 0x00, 0x00, 0x00, 0x00,
	0x00, 0x00, 0x00, 0x00, 0x00, 0x00, 0x00, 0x00,
	0x00, 0x00, 0x00, 0x00, 0x00, 0x00, 0x00, 0x00,
	0x00, 0x00, 0x00, 0x00, 0x00, 0x00, 0x00, 0x00,
	0x00, 0x00, 0x00, 0x00, 0x00, 0x00, 0x00, 0x00,
	0x00, 0x00, 0x00, 0x00, 0x00, 0x00, 0x00, 0x00,
	0x00, 0x00, 0x00, 0x00, 0x00, 0x00, 0x00, 0x00,
	0x00, 0x00, 0x00, 0x00, 0x00, 0x00, 0x00, 0x00,
	0x00, 0x00, 0x00, 0x00, 0x00, 0x00, 0x00, 0x00,
	0x00, 0x00, 0x00, 0x00, 0x00, 0x00, 0x00, 0x00,
	0x00, 0x00, 0x00, 0x00, 0x00, 0x00, 0x00, 0x00,
	0x00, 0x00, 0x00, 0x00, 0x00, 0x00, 0x00, 0x00,
	0x00, 0x00, 0x00, 0x00, 0x00, 0x00, 0x00, 0x00,
	0x00, 0x00, 0x00, 0x00, 0x00, 0x00, 0x00, 0x00,
	0x00, 0x00, 0x00, 0x00, 0x00, 0x00, 0x00, 0x00,
	0x00, 0x00, 0x00, 0x00, 0x00, 0x00, 0x00, 0x00,
	0x00, 0x00, 0x00, 0x00, 0x00, 0x00, 0x00, 0x00,
	0x00, 0x00, 0x00, 0x00, 0x00, 0x00, 0x00, 0x00,
	0x00, 0x00, 0x00, 0x00, 0x00, 0x00, 0x00, 0x00,
	0x00, 0x00, 0x00, 0x00, 0x00, 0x00, 0x00, 0x00,
	0x00, 0x00, 0x00, 0x00, 0x00, 0x00, 0x00, 0x00,
	0x00, 0x00, 0x00, 0x00, 0x00, 0x00, 0x00, 0x00,
	0x00, 0x00, 0x00, 0x00, 0x00, 0x00, 0x00, 0x00,
	0x00, 0x00, 0x00, 0x00, 0x00, 0x00, 0x00, 0x00,
	0x00, 0x00, 0x00, 0x00, 0x00, 0x00, 0x00, 0x00,
	0x00, 0x00, 0x00, 0x00, 0x00, 0x00, 0x00, 0x00,
	0x00, 0x00, 0x00, 0x00, 0x00, 0x00, 0x00, 0x00,
	0x00, 0x00, 0x00, 0x00, 0x00, 0x00, 0x00, 0x00,
	0x00, 0x00, 0x00, 0x00, 0x00, 0x00, 0x00, 0x00,
	0x00, 0x00, 0x00, 0x00, 0x00, 0x00, 0x00, 0x00,
	0x00, 0x00, 0x00, 0x00, 0x00, 0x00, 0x00, 0x00,
	0x00, 0x00, 0x00, 0x00, 0x00, 0x00, 0x00, 0x00,
	0x00, 0x00, 0x00, 0x00, 0x00, 0x00, 0x00, 0x00,
	0x00, 0x00, 0x00, 0x00, 0x00, 0x00, 0x00, 0x00,
	0x00, 0x00, 0x00, 0x00, 0x00, 0x00, 0x00, 0x00,
	0x00, 0x00, 0x00, 0x00, 0x00, 0x00, 0x00, 0x00,
	0x00, 0x00, 0x00, 0x00, 0x00, 0x00, 0x00, 0x00,
	0x00, 0x00, 0x00, 0x00, 0x00, 0x00, 0x00, 0x00,
	0x00, 0x00, 0x00, 0x00, 0x00, 0x00, 0x00, 0x00,
	0x00, 0x00, 0x00, 0x00, 0x00, 0x00, 0x00, 0x00,
	0x00, 0x00, 0x00, 0x00, 0x00, 0x00, 0x00, 0x00,
	0x00, 0x00, 0x00, 0x00, 0x00, 0x00, 0x00, 0x00,
	0x00, 0x00, 0x00, 0x00, 0x00, 0x00, 0x00, 0x00,
	0x00, 0x00, 0x00, 0x00, 0x00, 0x00, 0x00, 0x00,
	0x00, 0x00, 0x00, 0x00, 0x00, 0x00, 0x00, 0x00,
	0x00, 0x00, 0x00, 0x00, 0x00, 0x00, 0x00, 0x00,
	0x00, 0x00, 0x00, 0x00, 0x00, 0x00, 0x00, 0x00,
	0x00, 0x00, 0x00, 0x00, 0x00, 0x00, 0x00, 0x00,
	0x00, 0x00, 0x00, 0x00, 0x00, 0x00, 0x00, 0x00,
	0x00, 0x00, 0x00, 0x00, 0x00, 0x00, 0x00, 0x00,
	0x00, 0x00, 0x00, 0x00, 0x00, 0x00, 0x00, 0x00,
	0x00, 0x00, 0x00, 0x00, 0x00, 0x00, 0x00, 0x00,
	0x00, 0x00, 0x00, 0x00, 0x00, 0x00, 0x00, 0x00,
	0x00, 0x00, 0x00, 0x00, 0x00, 0x00, 0x00, 0x00,
	0x00, 0x00, 0x00, 0x00, 0x00, 0x00, 0x00, 0x00,
	0x00, 0x00, 0x00, 0x00, 0x00, 0x00, 0x00, 0x00,
	0x00, 0x00, 0x00, 0x00, 0x00, 0x00, 0x00, 0x00,
	0x00, 0x00, 0x00, 0x00, 0x00, 0x00, 0x00, 0x00,
	0x00, 0x00, 0x00, 0x00, 0x00, 0x00, 0x00, 0x00,
	0x00, 0x00, 0x00, 0x00, 0x00, 0x00, 0x00, 0x00,
	0x00, 0x00, 0x00, 0x00, 0x00, 0x00, 0x00, 0x00,
	0x00, 0x00, 0x00, 0x00, 0x00, 0x00, 0x00, 0x00,
	0x00, 0x00, 0x00, 0x00, 0x00, 0x00, 0x00, 0x00,
	0x00, 0x00, 0x00, 0x00, 0x00, 0x00, 0x00, 0x00,
	0x00, 0x00, 0x00, 0x00, 0x00, 0x00, 0x00, 0x00,
	0x00, 0x00, 0x00, 0x00, 0x00, 0x00, 0x00, 0x00,
	0x00, 0x00, 0x00, 0x00, 0x00, 0x00, 0x00, 0x00,
	0x00, 0x00, 0x00, 0x00, 0x00, 0x00, 0x00, 0x00,
	0x00, 0x00, 0x00, 0x00, 0x00, 0x00, 0x00, 0x00,
	0x00, 0x00, 0x00, 0x00, 0x00, 0x00, 0x00, 0x00,
	0x00, 0x00, 0x00, 0x00, 0x00, 0x00, 0x00, 0x00,
	0x00, 0x00, 0x00, 0x00, 0x00, 0x00, 0x00, 0x00,
	0x00, 0x00, 0x00, 0x00, 0x00, 0x00, 0x00, 0x00,
	0x00, 0x00, 0x00, 0x00, 0x00, 0x00, 0x00, 0x00,
	0x00, 0x00, 0x00, 0x00, 0x00, 0x00, 0x00, 0x00,
	0x00, 0x00, 0x00, 0x00, 0x00, 0x00, 0x00, 0x00,
	0x00, 0x00, 0x00, 0x00, 0x00, 0x00, 0x00, 0x00,
	0x00, 0x00, 0x00, 0x00, 0x00, 0x00, 0x00, 0x00,
	0x00, 0x00, 0x00, 0x00, 0x00, 0x00, 0x00, 0x00,
	0x00, 0x00, 0x00, 0x00, 0x00, 0x00, 0x00, 0x00,
	0x00, 0x00, 0x00, 0x00, 0x00, 0x00, 0x00, 0x00,
	0x00, 0x00, 0x00, 0x00, 0x00, 0x00, 0x00, 0x00,
	0x00, 0x00, 0x00, 0x00, 0x00, 0x00, 0x00, 0x00,
	0x00, 0x00, 0x00, 0x00, 0x00, 0x00, 0x00, 0x00,
	0x00, 0x00, 0x00, 0x00, 0x00, 0x00, 0x00, 0x00,
	0x00, 0x00, 0x00, 0x00, 0x00, 0x00, 0x00, 0x00,
	0x00, 0x00, 0x00, 0x00, 0x00, 0x00, 0x00, 0x00,
	0x00, 0x00, 0x00, 0x00, 0x00, 0x00, 0x00, 0x00,
	0x00, 0x00, 0x00, 0x00, 0x00, 0x00, 0x00, 0x00,
	0x00, 0x00, 0x00, 0x00, 0x00, 0x00, 0x00, 0x00,
	0x00, 0x00, 0x00, 0x00, 0x00, 0x00, 0x00, 0x00,
	0x00, 0x00, 0x00, 0x00, 0x00, 0x00, 0x00, 0x00,
	0x00, 0x00, 0x00, 0x00, 0x00, 0x00, 0x00, 0x00,
	0x00, 0x00, 0x00, 0x00, 0x00, 0x00, 0x00, 0x00,
	0x00, 0x00, 0x00, 0x00, 0x00, 0x00, 0x00, 0x00,
	0x00, 0x00, 0x00, 0x00, 0x00, 0x00, 0x00, 0x00,
	0x00, 0x00, 0x00, 0x00, 0x00, 0x00, 0x00, 0x00,
	0x00, 0x00, 0x00, 0x00, 0x00, 0x00, 0x00, 0x00,
	0x00, 0x00, 0x00, 0x00, 0x00, 0x00, 0x00, 0x00,
	0x00, 0x00, 0x00, 0x00, 0x00, 0x00, 0x00, 0x00,
	0x00, 0x00, 0x00, 0x00, 0x00, 0x00, 0x00, 0x00,
	0x00, 0x00, 0x00, 0x00, 0x00, 0x00, 0x00, 0x00,
	0x00, 0x00, 0x00, 0x00, 0x00, 0x00, 0x00, 0x00,
	0x00, 0x00, 0x00, 0x00, 0x00, 0x00, 0x00, 0x00,
	0x00, 0x00, 0x00, 0x00, 0x00, 0x00, 0x00, 0x00,
	0x00, 0x00, 0x00, 0x00, 0x00, 0x00, 0x00, 0x00,
	0x00, 0x00, 0x00, 0x00, 0x00, 0x00, 0x00, 0x00,
	0x00, 0x00, 0x00, 0x00, 0x00, 0x00, 0x00, 0x00,
	0x00, 0x00, 0x00, 0x00, 0x00, 0x00, 0x00, 0x00,
	0x00, 0x00, 0x00, 0x00, 0x00, 0x00, 0x00, 0x00,
	0x00, 0x00, 0x00, 0x00, 0x00, 0x00, 0x00, 0x00,
	0x00, 0x00, 0x00, 0x00, 0x00, 0x00, 0x00, 0x00,
	0x00, 0x00, 0x00, 0x00, 0x00, 0x00, 0x00, 0x00,
	0x00, 0x00, 0x00, 0x00, 0x00, 0x00, 0x00, 0x00,
	0x00, 0x00, 0x00, 0x00, 0x00, 0x00, 0x00, 0x00,
	0x00, 0x00, 0x00, 0x00, 0x00, 0x00, 0x00, 0x00,
	0x00, 0x00, 0x00, 0x00, 0x00, 0x00, 0x00, 0x00,
	0x00, 0x00, 0x00, 0x00, 0x00, 0x00, 0x00, 0x00,
	0x00, 0x00, 0x00, 0x00, 0x00, 0x00, 0x00, 0x00,
	0x00, 0x00, 0x00, 0x00, 0x00, 0x00, 0x00, 0x00,
	0x00, 0x00, 0x00, 0x00, 0x00, 0x00, 0x00, 0x00,
	0x00, 0x00, 0x00, 0x00, 0x00, 0x00, 0x00, 0x00,
	0x00, 0x00, 0x00, 0x00, 0x00, 0x00, 0x00, 0x00,
	0x00, 0x00, 0x00, 0x00, 0x00, 0x00, 0x00, 0x00,
	0x00, 0x00, 0x00, 0x00, 0x00, 0x00, 0x00, 0x00,
	0x00, 0x00, 0x00, 0x00, 0x00, 0x00, 0x00, 0x00,
	0x00, 0x00, 0x00, 0x00, 0x00, 0x00, 0x00, 0x00,
	0x00, 0x00, 0x00, 0x00, 0x00, 0x00, 0x00, 0x00,
	0x00, 0x00, 0x00, 0x00, 0x00, 0x00, 0x00, 0x00,
	0x00, 0x00, 0x00, 0x00, 0x00, 0x00, 0x00, 0x00,
	0x00, 0x00, 0x00, 0x00, 0x00, 0x00, 0x00, 0x00,
	0x00, 0x00, 0x00, 0x00, 0x00, 0x00, 0x00, 0x00,
	0x00, 0x00, 0x00, 0x00, 0x00, 0x00, 0x00, 0x00,
	0x00, 0x00, 0x00, 0x00, 0x00, 0x00, 0x00, 0x00,
	0x00, 0x00, 0x00, 0x00, 0x00, 0x00, 0x00, 0x00,
	0x00, 0x00, 0x00, 0x00, 0x00, 0x00, 0x00, 0x00,
	0x00, 0x00, 0x00, 0x00, 0x00, 0x00, 0x00, 0x00,
	0x00, 0x00, 0x00, 0x00, 0x00, 0x00, 0x00, 0x00,
	0x00, 0x00, 0x00, 0x00, 0x00, 0x00, 0x00, 0x00,
	0x00, 0x00, 0x00, 0x00, 0x00, 0x00, 0x00, 0x00,
	0x00, 0x00, 0x00, 0x00, 0x00, 0x00, 0x00, 0x00,
	0x00, 0x00, 0x00, 0x00, 0x00, 0x00, 0x00, 0x00,
	0x00, 0x00, 0x00, 0x00, 0x00, 0x00, 0x00, 0x00,
	0x00, 0x00, 0x00, 0x00, 0x00, 0x00, 0x00, 0x00,
	0x00, 0x00, 0x00, 0x00, 0x00, 0x00, 0x00, 0x00,
	0x00, 0x00, 0x00, 0x00, 0x00, 0x00, 0x00, 0x00,
	0x00, 0x00, 0x00, 0x00, 0x00, 0x00, 0x00, 0x00,
	0x00, 0x00, 0x00, 0x00, 0x00, 0x00, 0x00, 0x00,
	0x00, 0x00, 0x00, 0x00, 0x00, 0x00, 0x00, 0x00,
	0x00, 0x00, 0x00, 0x00, 0x00, 0x00, 0x00, 0x00,
	0x00, 0x00, 0x00, 0x00, 0x00, 0x00, 0x00, 0x00,
	0x00, 0x00, 0x00, 0x00, 0x00, 0x00, 0x00, 0x00,
	0x00, 0x00, 0x00, 0x00, 0x00, 0x00, 0x00, 0x00,
	0x00, 0x00, 0x00, 0x00, 0x00, 0x00, 0x00, 0x00,
	0x00, 0x00, 0x00, 0x00, 0x00, 0x00, 0x00, 0x00,
	0x00, 0x00, 0x00, 0x00, 0x00, 0x00, 0x00, 0x00,
	0x00, 0x00, 0x00, 0x00, 0x00, 0x00, 0x00, 0x00,
	0x00, 0x00, 0x00, 0x00, 0x00, 0x00, 0x00, 0x00,
	0x00, 0x00, 0x00, 0x00, 0x00, 0x00, 0x00, 0x00,
	0x00, 0x00, 0x00, 0x00, 0x00, 0x00, 0x00, 0x00,
	0x00, 0x00, 0x00, 0x00, 0x00, 0x00, 0x00, 0x00,
	0x00, 0x00, 0x00, 0x00, 0x00, 0x00, 0x00, 0x00,
	0x00, 0x00, 0x00, 0x00, 0x00, 0x00, 0x00, 0x00,
	0x00, 0x00, 0x00, 0x00, 0x00, 0x00, 0x00, 0x00,
	0x00, 0x00, 0x00, 0x00, 0x00, 0x00, 0x00, 0x00,
	0x00, 0x00, 0x00, 0x00, 0x00, 0x00, 0x00, 0x00,
	0x00, 0x00, 0x00, 0x00, 0x00, 0x00, 0x00, 0x00,
	0x00, 0x00, 0x00, 0x00, 0x00, 0x00, 0x00, 0x00,
	0x00, 0x00, 0x00, 0x00, 0x00, 0x00, 0x00, 0x00,
	0x00, 0x00, 0x00, 0x00, 0x00, 0x00, 0x00, 0x00,
	0x00, 0x00, 0x00, 0x00, 0x00, 0x00, 0x00, 0x00,
	0x00, 0x00, 0x00, 0x00, 0x00, 0x00, 0x00, 0x00,
	0x00, 0x00, 0x00, 0x00, 0x00, 0x00, 0x00, 0x00,
	0x00, 0x00, 0x00, 0x00, 0x00, 0x00, 0x00, 0x00,
	0x00, 0x00, 0x00, 0x00, 0x00, 0x00, 0x00, 0x00,
	0x00, 0x00, 0x00, 0x00, 0x00, 0x00, 0x00, 0x00,
	0x00, 0x00, 0x00, 0x00, 0x00, 0x00, 0x00, 0x00,
	0x00, 0x00, 0x00, 0x00, 0x00, 0x00, 0x00, 0x00,
	0x00, 0x00, 0x00, 0x00, 0x00, 0x00, 0x00, 0x00,
	0x00, 0x00, 0x00, 0x00, 0x00, 0x00, 0x00, 0x00,
	0x00, 0x00, 0x00, 0x00, 0x00, 0x00, 0x00, 0x00,
	0x00, 0x00, 0x00, 0x00, 0x00, 0x00, 0x00, 0x00,
	0x00, 0x00, 0x00, 0x00, 0x00, 0x00, 0x00, 0x00,
	0x00, 0x00, 0x00, 0x00, 0x00, 0x00, 0x00, 0x00,
	0x00, 0x00, 0x00, 0x00, 0x00, 0x00, 0x00, 0x00,
	0x00, 0x00, 0x00, 0x00, 0x00, 0x00, 0x00, 0x00,
	0x00, 0x00, 0x00, 0x00, 0x00, 0x00, 0x00, 0x00,
	0x00, 0x00, 0x00, 0x00, 0x00, 0x00, 0x00, 0x00,
	0x00, 0x00, 0x00, 0x00, 0x00, 0x00, 0x00, 0x00,
	0x00, 0x00, 0x00, 0x00, 0x00, 0x00, 0x00, 0x00,
	0x00, 0x00, 0x00, 0x00, 0x00, 0x00, 0x00, 0x00,
	0x00, 0x00, 0x00, 0x00, 0x00, 0x00, 0x00, 0x00,
	0x00, 0x00, 0x00, 0x00, 0x00, 0x00, 0x00, 0x00,
	0x00, 0x00, 0x00, 0x00, 0x00, 0x00, 0x00, 0x00,
	0x00, 0x00, 0x00, 0x00, 0x00, 0x00, 0x00, 0x00,
	0x00, 0x00, 0x00, 0x00, 0x00, 0x00, 0x00, 0x00,
	0x00, 0x00, 0x00, 0x00, 0x00, 0x00, 0x00, 0x00,
	0x00, 0x00, 0x00, 0x00, 0x00, 0x00, 0x00, 0x00,
	0x00, 0x00, 0x00, 0x00, 0x00, 0x00, 0x00, 0x00,
	0x00, 0x00, 0x00, 0x00, 0x00, 0x00, 0x00, 0x00,
	0x00, 0x00, 0x00, 0x00, 0x00, 0x00, 0x00, 0x00,
	0x00, 0x00, 0x00, 0x00, 0x00, 0x00, 0x00, 0x00,
	0x00, 0x00, 0x00, 0x00, 0x00, 0x00, 0x00, 0x00,
	0x00, 0x00, 0x00, 0x00, 0x00, 0x00, 0x00, 0x00,
	0x00, 0x00, 0x00, 0x00, 0x00, 0x00, 0x00, 0x00,
	0x00, 0x00, 0x00, 0x00, 0x00, 0x00, 0x00, 0x00,
	0x00, 0x00, 0x00, 0x00, 0x00, 0x00, 0x00, 0x00,
	0x00, 0x00, 0x00, 0x00, 0x00, 0x00, 0x00, 0x00,
	0x00, 0x00, 0x00, 0x00, 0x00, 0x00, 0x00, 0x00,
	0x00, 0x00, 0x00, 0x00, 0x00, 0x00, 0x00, 0x00,
	0x00, 0x00, 0x00, 0x00, 0x00, 0x00, 0x00, 0x00,
	0x00, 0x00, 0x00, 0x00, 0x00, 0x00, 0x00, 0x00,
	0x00, 0x00, 0x00, 0x00, 0x00, 0x00, 0x00, 0x00,
	0x00, 0x00, 0x00, 0x00, 0x00, 0x00, 0x00, 0x00,
	0x00, 0x00, 0x00, 0x00, 0x00, 0x00, 0x00, 0x00,
	0x00, 0x00, 0x00, 0x00, 0x00, 0x00, 0x00, 0x00,
	0x00, 0x00, 0x00, 0x00, 0x00, 0x00, 0x00, 0x00,
	0x00, 0x00, 0x00, 0x00, 0x00, 0x00, 0x00, 0x00,
	0x00, 0x00, 0x00, 0x00, 0x00, 0x00, 0x00, 0x00,
	0x00, 0x00, 0x00, 0x00, 0x00, 0x00, 0x00, 0x00,
	0x00, 0x00, 0x00, 0x00, 0x00, 0x00, 0x00, 0x00,
	0x00, 0x00, 0x00, 0x00, 0x00, 0x00, 0x00, 0x00,
	0x00, 0x00, 0x00, 0x00, 0x00, 0x00, 0x00, 0x00,
	0x00, 0x00, 0x00, 0x00, 0x00, 0x00, 0x00, 0x00,
	0x00, 0x00, 0x00, 0x00, 0x00, 0x00, 0x00, 0x00,
	0x00, 0x00, 0x00, 0x00, 0x00, 0x00, 0x00, 0x00,
	0x00, 0x00, 0x00, 0x00, 0x00, 0x00, 0x00, 0x00,
	0x00, 0x00, 0x00, 0x00, 0x00, 0x00, 0x00, 0x00,
	0x00, 0x00, 0x00, 0x00, 0x00, 0x00, 0x00, 0x00,
	0x00, 0x00, 0x00, 0x00, 0x00, 0x00, 0x00, 0x00,
	0x00, 0x00, 0x00, 0x00, 0x00, 0x00, 0x00, 0x00,
	0x00, 0x00, 0x00, 0x00, 0x00, 0x00, 0x00, 0x00,
	0x00, 0x00, 0x00, 0x00, 0x00, 0x00, 0x00, 0x00,
	0x00, 0x00, 0x00, 0x00, 0x00, 0x00, 0x00, 0x00,
	0x00, 0x00, 0x00, 0x00, 0x00, 0x00, 0x00, 0x00,
	0x00, 0x00, 0x00, 0x00, 0x00, 0x00, 0x00, 0x00,
	0x00, 0x00, 0x00, 0x00, 0x00, 0x00, 0x00, 0x00,
	0x00, 0x00, 0x00, 0x00, 0x00, 0x00, 0x00, 0x00,
	0x00, 0x00, 0x00, 0x00, 0x00, 0x00, 0x00, 0x00,
	0x00, 0x00, 0x00, 0x00, 0x00, 0x00, 0x00, 0x00,
	0x00, 0x00, 0x00, 0x00, 0x00, 0x00, 0x00, 0x00,
	0x00, 0x00, 0x00, 0x00, 0x00, 0x00, 0x00, 0x00,
	0x00, 0x00, 0x00, 0x00, 0x00, 0x00, 0x00, 0x00,
	0x00, 0x00, 0x00, 0x00, 0x00, 0x00, 0x00, 0x00,
	0x00, 0x00, 0x00, 0x00, 0x00, 0x00, 0x00, 0x00,
	0x00, 0x00, 0x00, 0x00, 0x00, 0x00, 0x00, 0x00,
	0x00, 0x00, 0x00, 0x00, 0x00, 0x00, 0x00, 0x00,
	0x00, 0x00, 0x00, 0x00, 0x00, 0x00, 0x00, 0x00,
	0x00, 0x00, 0x00, 0x00, 0x00, 0x00, 0x00, 0x00,
	0x00, 0x00, 0x00, 0x00, 0x00, 0x00, 0x00, 0x00,
	0x00, 0x00, 0x00, 0x00, 0x00, 0x00, 0x00, 0x00,
	0x00, 0x00, 0x00, 0x00, 0x00, 0x00, 0x00, 0x00,
	0x00, 0x00, 0x00, 0x00, 0x00, 0x00, 0x00, 0x00,
	0x00, 0x00, 0x00, 0x00, 0x00, 0x00, 0x00, 0x00,
	0x00, 0x00, 0x00, 0x00, 0x00, 0x00, 0x00, 0x00,
	0x00, 0x00, 0x00, 0x00, 0x00, 0x00, 0x00, 0x00,
	0x00, 0x00, 0x00, 0x00, 0x00, 0x00, 0x00, 0x00,
	0x00, 0x00, 0x00, 0x00, 0x00, 0x00, 0x00, 0x00,
	0x00, 0x00, 0x00, 0x00, 0x00, 0x00, 0x00, 0x00,
	0x00, 0x00, 0x00, 0x00, 0x00, 0x00, 0x00, 0x00,
	0x00, 0x00, 0x00, 0x00, 0x00, 0x00, 0x00, 0x00,
	0x00, 0x00, 0x00, 0x00, 0x00, 0x00, 0x00, 0x00,
	0x00, 0x00, 0x00, 0x00, 0x00, 0x00, 0x00, 0x00,
	0x00, 0x00, 0x00, 0x00, 0x00, 0x00, 0x00, 0x00,
	0x00, 0x00, 0x00, 0x00, 0x00, 0x00, 0x00, 0x00,
	0x00, 0x00, 0x00, 0x00, 0x00, 0x00, 0x00, 0x00,
	0x00, 0x00, 0x00, 0x00, 0x00, 0x00, 0x00, 0x00,
	0x00, 0x00, 0x00, 0x00, 0x00, 0x00, 0x00, 0x00,
	0x00, 0x00, 0x00, 0x00, 0x00, 0x00, 0x00, 0x00,
	0x00, 0x00, 0x00, 0x00, 0x00, 0x00, 0x00, 0x00,
	0x00, 0x00, 0x00, 0x00, 0x00, 0x00, 0x00, 0x00,
	0x00, 0x00, 0x00, 0x00, 0x00, 0x00, 0x00, 0x00,
	0x00, 0x00, 0x00, 0x00, 0x00, 0x00, 0x00, 0x00,
	0x00, 0x00, 0x00, 0x00, 0x00, 0x00, 0x00, 0x00,
	0x00, 0x00, 0x00, 0x00, 0x00, 0x00, 0x00, 0x00,
	0x00, 0x00, 0x00, 0x00, 0x00, 0x00, 0x00, 0x00,
	0x00, 0x00, 0x00, 0x00, 0x00, 0x00, 0x00, 0x00,
	0x00, 0x00, 0x00, 0x00, 0x00, 0x00, 0x00, 0x00,
	0x00, 0x00, 0x00, 0x00, 0x00, 0x00, 0x00, 0x00,
	0x00, 0x00, 0x00, 0x00, 0x00, 0x00, 0x00, 0x00,
	0x00, 0x00, 0x00, 0x00, 0x00, 0x00, 0x00, 0x00,
	0x00, 0x00, 0x00, 0x00, 0x00, 0x00, 0x00, 0x00,
	0x00, 0x00, 0x00, 0x00, 0x00, 0x00, 0x00, 0x00,
	0x00, 0x00, 0x00, 0x00, 0x00, 0x00, 0x00, 0x00,
	0x00, 0x00, 0x00, 0x00, 0x00, 0x00, 0x00, 0x00,
	0x00, 0x00, 0x00, 0x00, 0x00, 0x00, 0x00, 0x00,
	0x00, 0x00, 0x00, 0x00, 0x00, 0x00, 0x00, 0x00,
	0x00, 0x00, 0x00, 0x00, 0x00, 0x00, 0x00, 0x00,
	0x00, 0x00, 0x00, 0x00, 0x00, 0x00, 0x00, 0x00,
	0x00, 0x00, 0x00, 0x00, 0x00, 0x00, 0x00, 0x00,
	0x00, 0x00, 0x00, 0x00, 0x00, 0x00, 0x00, 0x00,
	0x00, 0x00, 0x00, 0x00, 0x00, 0x00, 0x00, 0x00,
	0x00, 0x00, 0x00, 0x00, 0x00, 0x00, 0x00, 0x00,
	0x00, 0x00, 0x00, 0x00, 0x00, 0x00, 0x00, 0x00,
	0x00, 0x00, 0x00, 0x00, 0x00, 0x00, 0x00, 0x00,
	0x00, 0x00, 0x00, 0x00, 0x00, 0x00, 0x00, 0x00,
	0x00, 0x00, 0x00, 0x00, 0x00, 0x00, 0x00, 0x00,
	0x00, 0x00, 0x00, 0x00, 0x00, 0x00, 0x00, 0x00,
	0x00, 0x00, 0x00, 0x00, 0x00, 0x00, 0x00, 0x00,
	0x00, 0x00, 0x00, 0x00, 0x00, 0x00, 0x00, 0x00,
	0x00, 0x00, 0x00, 0x00, 0x00, 0x00, 0x00, 0x00,
	0x00, 0x00, 0x00, 0x00, 0x00, 0x00, 0x00, 0x00,
	0x00, 0x00, 0x00, 0x00, 0x00, 0x00, 0x00, 0x00,
	0x00, 0x00, 0x00, 0x00, 0x00, 0x00, 0x00, 0x00,
	0x00, 0x00, 0x00, 0x00, 0x00, 0x00, 0x00, 0x00,
	0x00, 0x00, 0x00, 0x00, 0x00, 0x00, 0x00, 0x00,
	0x00, 0x00, 0x00, 0x00, 0x00, 0x00, 0x00, 0x00,
	0x00, 0x00, 0x00, 0x00, 0x00, 0x00, 0x00, 0x00,
	0x00, 0x00, 0x00, 0x00, 0x00, 0x00, 0x00, 0x00,
	0x00, 0x00, 0x00, 0x00, 0x00, 0x00, 0x00, 0x00,
	0x00, 0x00, 0x00, 0x00, 0x00, 0x00, 0x00, 0x00,
	0x00, 0x00, 0x00, 0x00, 0x00, 0x00, 0x00, 0x00,
	0x00, 0x00, 0x00, 0x00, 0x00, 0x00, 0x00, 0x00,
	0x00, 0x00, 0x00, 0x00, 0x00, 0x00, 0x00, 0x00,
	0x00, 0x00, 0x00, 0x00, 0x00, 0x00, 0x00, 0x00,
	0x00, 0x00, 0x00, 0x00, 0x00, 0x00, 0x00, 0x00,
	0x00, 0x00, 0x00, 0x00, 0x00, 0x00, 0x00, 0x00,
	0x00, 0x00, 0x00, 0x00, 0x00, 0x00, 0x00, 0x00,
	0x00, 0x00, 0x00, 0x00, 0x00, 0x00, 0x00, 0x00,
	0x00, 0x00, 0x00, 0x00, 0x00, 0x00, 0x00, 0x00,
	0x00, 0x00, 0x00, 0x00, 0x00, 0x00, 0x00, 0x00,
	0x00, 0x00, 0x00, 0x00, 0x00, 0x00, 0x00, 0x00,
	0x00, 0x00, 0x00, 0x00, 0x00, 0x00, 0x00, 0x00,
	0x00, 0x00, 0x00, 0x00, 0x00, 0x00, 0x00, 0x00,
	0x00, 0x00, 0x00, 0x00, 0x00, 0x00, 0x00, 0x00,
	0x00, 0x00, 0x00, 0x00, 0x00, 0x00, 0x00, 0x00,
	0x00, 0x00, 0x00, 0x00, 0x00, 0x00, 0x00, 0x00,
	0x00, 0x00, 0x00, 0x00, 0x00, 0x00, 0x00, 0x00,
	0x00, 0x00, 0x00, 0x00, 0x00, 0x00, 0x00, 0x00,
	0x00, 0x00, 0x00, 0x00, 0x00, 0x00, 0x00, 0x00,
	0x00, 0x00, 0x00, 0x00, 0x00, 0x00, 0x00, 0x00,
	0x00, 0x00, 0x00, 0x00, 0x00, 0x00, 0x00, 0x00,
	0x00, 0x00, 0x00, 0x00, 0x00, 0x00, 0x00, 0x00,
	0x00, 0x00, 0x00, 0x00, 0x00, 0x00, 0x00, 0x00,
	0x00, 0x00, 0x00, 0x00, 0x00, 0x00, 0x00, 0x00,
	0x00, 0x00, 0x00, 0x00, 0x00, 0x00, 0x00, 0x00,
	0x00, 0x00, 0x00, 0x00, 0x00, 0x00, 0x00, 0x00,
	0x00, 0x00, 0x00, 0x00, 0x00, 0x00, 0x00, 0x00,
	0x00, 0x00, 0x00, 0x00, 0x00, 0x00, 0x00, 0x00,
	0x00, 0x00, 0x00, 0x00, 0x00, 0x00, 0x00, 0x00,
	0x00, 0x00, 0x00, 0x00, 0x00, 0x00, 0x00, 0x00,
	0x00, 0x00, 0x00, 0x00, 0x00, 0x00, 0x00, 0x00,
	0x00, 0x00, 0x00, 0x00, 0x00, 0x00, 0x00, 0x00,
	0x00, 0x00, 0x00, 0x00, 0x00, 0x00, 0x00, 0x00,
	0x00, 0x00, 0x00, 0x00, 0x00, 0x00, 0x00, 0x00,
	0x00, 0x00, 0x00, 0x00, 0x00, 0x00, 0x00, 0x00,
	0x00, 0x00, 0x00, 0x00, 0x00, 0x00, 0x00, 0x00,
	0x00, 0x00, 0x00, 0x00, 0x00, 0x00, 0x00, 0x00,
	0x00, 0x00, 0x00, 0x00, 0x00, 0x00, 0x00, 0x00,
	0x00, 0x00, 0x00, 0x00, 0x00, 0x00, 0x00, 0x00,
	0x00, 0x00, 0x00, 0x00, 0x00, 0x00, 0x00, 0x00,
	0x00, 0x00, 0x00, 0x00, 0x00, 0x00, 0x00, 0x00,
	0x00, 0x00, 0x00, 0x00, 0x00, 0x00, 0x00, 0x00,
	0x00, 0x00, 0x00, 0x00, 0x00, 0x00, 0x00, 0x00,
	0x00, 0x00, 0x00, 0x00, 0x00, 0x00, 0x00, 0x00,
	0x00, 0x00, 0x00, 0x00, 0x00, 0x00, 0x00, 0x00,
	0x00, 0x00, 0x00, 0x00, 0x00, 0x00, 0x00, 0x00,
	0x00, 0x00, 0x00, 0x00, 0x00, 0x00, 0x00, 0x00,
	0x00, 0x00, 0x00, 0x00, 0x00, 0x00, 0x00, 0x00,
	0x00, 0x00, 0x00, 0x00, 0x00, 0x00, 0x00, 0x00,
	0x00, 0x00, 0x00, 0x00, 0x00, 0x00, 0x00, 0x00,
	0x00, 0x00, 0x00, 0x00, 0x00, 0x00, 0x00, 0x00,
	0x00, 0x00, 0x00, 0x00, 0x00, 0x00, 0x00, 0x00,
	0x00, 0x00, 0x00, 0x00, 0x00, 0x00, 0x00, 0x00,
	0x00, 0x00, 0x00, 0x00, 0x00, 0x00, 0x00, 0x00,
	0x00, 0x00, 0x00, 0x00, 0x00, 0x00, 0x00, 0x00,
	0x00, 0x00, 0x00, 0x00, 0x00, 0x00, 0x00, 0x00,
	0x00, 0x00, 0x00, 0x00, 0x00, 0x00, 0x00, 0x00,
	0x00, 0x00, 0x00, 0x00, 0x00, 0x00, 0x00, 0x00,
	0x00, 0x00, 0x00, 0x00, 0x00, 0x00, 0x00, 0x00,
	0x00, 0x00, 0x00, 0x00, 0x00, 0x00, 0x00, 0x00,
	0x00, 0x00, 0x00, 0x00, 0x00, 0x00, 0x00, 0x00,
	0x00, 0x00, 0x00, 0x00, 0x00, 0x00, 0x00, 0x00,
	0x00, 0x00, 0x00, 0x00, 0x00, 0x00, 0x00, 0x00,
	0x00, 0x00, 0x00, 0x00, 0x00, 0x00, 0x00, 0x00,
	0x00, 0x00, 0x00, 0x00, 0x00, 0x00, 0x00, 0x00,
	0x00, 0x00, 0x00, 0x00, 0x00, 0x00, 0x00, 0x00,
	0x00, 0x00, 0x00, 0x00, 0x00, 0x00, 0x00, 0x00,
	0x00, 0x00, 0x00, 0x00, 0x00, 0x00, 0x00, 0x00,
	0x00, 0x00, 0x00, 0x00, 0x00, 0x00, 0x00, 0x00,
	0x00, 0x00, 0x00, 0x00, 0x00, 0x00, 0x00, 0x00,
	0x00, 0x00, 0x00, 0x00, 0x00, 0x00, 0x00, 0x00,
	0x00, 0x00, 0x00, 0x00, 0x00, 0x00, 0x00, 0x00,
	0x00, 0x00, 0x00, 0x00, 0x00, 0x00, 0x00, 0x00,
	0x00, 0x00, 0x00, 0x00, 0x00, 0x00, 0x00, 0x00,
	0x00, 0x00, 0x00, 0x00, 0x00, 0x00, 0x00, 0x00,
	0x00, 0x00, 0x00, 0x00, 0x00, 0x00, 0x00, 0x00,
	0x00, 0x00, 0x00, 0x00, 0x00, 0x00, 0x00, 0x00,
	0x00, 0x00, 0x00, 0x00, 0x00, 0x00, 0x00, 0x00,
	0x00, 0x00, 0x00, 0x00, 0x00, 0x00, 0x00, 0x00,
	0x00, 0x00, 0x00, 0x00, 0x00, 0x00, 0x00, 0x00,
	0x00, 0x00, 0x00, 0x00, 0x00, 0x00, 0x00, 0x00,
	0x00, 0x00, 0x00, 0x00, 0x00, 0x00, 0x00, 0x00,
	0x00, 0x00, 0x00, 0x00, 0x00, 0x00, 0x00, 0x00,
	0x00, 0x00, 0x00, 0x00, 0x00, 0x00, 0x00, 0x00,
	0x00, 0x00, 0x00, 0x00, 0x00, 0x00, 0x00, 0x00,
	0x00, 0x00, 0x00, 0x00, 0x00, 0x00, 0x00, 0x00,
	0x00, 0x00, 0x00, 0x00, 0x00, 0x00, 0x00, 0x00,
	0x00, 0x00, 0x00, 0x00, 0x00, 0x00, 0x00, 0x00,
	0x00, 0x00, 0x00, 0x00, 0x00, 0x00, 0x00, 0x00,
	0x00, 0x00, 0x00, 0x00, 0x00, 0x00, 0x00, 0x00,
	0x00, 0x00, 0x00, 0x00, 0x00, 0x00, 0x00, 0x00,
	0x00, 0x00, 0x00, 0x00, 0x00, 0x00, 0x00, 0x00,
	0x00, 0x00, 0x00, 0x00, 0x00, 0x00, 0x00, 0x00,
	0x00, 0x00, 0x00, 0x00, 0x00, 0x00, 0x00, 0x00,
	0x00, 0x00, 0x00, 0x00, 0x00, 0x00, 0x00, 0x00,
	0x00, 0x00, 0x00, 0x00, 0x00, 0x00, 0x00, 0x00,
	0x00, 0x00, 0x00, 0x00, 0x00, 0x00, 0x00, 0x00,
	0x00, 0x00, 0x00, 0x00, 0x00, 0x00, 0x00, 0x00,
	0x00, 0x00, 0x00, 0x00, 0x00, 0x00, 0x00, 0x00,
	0x00, 0x00, 0x00, 0x00, 0x00, 0x00, 0x00, 0x00,
	0x00, 0x00, 0x00, 0x00, 0x00, 0x00, 0x00, 0x00,
	0x00, 0x00, 0x00, 0x00, 0x00, 0x00, 0x00, 0x00,
	0x00, 0x00, 0x00, 0x00, 0x00, 0x00, 0x00, 0x00,
	0x00, 0x00, 0x00, 0x00, 0x00, 0x00, 0x00, 0x00,
	0x00, 0x00, 0x00, 0x00, 0x00, 0x00, 0x00, 0x00,
	0x00, 0x00, 0x00, 0x00, 0x00, 0x00, 0x00, 0x00,
	0x00, 0x00, 0x00, 0x00, 0x00, 0x00, 0x00, 0x00,
	0x00, 0x00, 0x00, 0x00, 0x00, 0x00, 0x00, 0x00,
	0x00, 0x00, 0x00, 0x00, 0x00, 0x00, 0x00, 0x00,
	0x00, 0x00, 0x00, 0x00, 0x00, 0x00, 0x00, 0x00,
	0x00, 0x00, 0x00, 0x00, 0x00, 0x00, 0x00, 0x00,
	0x00, 0x00, 0x00, 0x00, 0x00, 0x00, 0x00, 0x00,
	0x00, 0x00, 0x00, 0x00, 0x00, 0x00, 0x00, 0x00,
	0x00, 0x00, 0x00, 0x00, 0x00, 0x00, 0x00, 0x00,
	0x00, 0x00, 0x00, 0x00, 0x00, 0x00, 0x00, 0x00,
	0x00, 0x00, 0x00, 0x00, 0x00, 0x00, 0x00, 0x00,
	0x00, 0x00, 0x00, 0x00, 0x00, 0x00, 0x00, 0x00,
	0x00, 0x00, 0x00, 0x00, 0x00, 0x00, 0x00, 0x00,
	0x00, 0x00, 0x00, 0x00, 0x00, 0x00, 0x00, 0x00,
	0x00, 0x00, 0x00, 0x00, 0x00, 0x00, 0x00, 0x00,
	0x00, 0x00, 0x00, 0x00, 0x00, 0x00, 0x00, 0x00,
	0x00, 0x00, 0x00, 0x00, 0x00, 0x00, 0x00, 0x00,
	0x00, 0x00, 0x00, 0x00, 0x00, 0x00, 0x00, 0x00,
	0x00, 0x00, 0x00, 0x00, 0x00, 0x00, 0x00, 0x00,
	0x00, 0x00, 0x00, 0x00, 0x00, 0x00, 0x00, 0x00,
	0x00, 0x00, 0x00, 0x00, 0x00, 0x00, 0x00, 0x00,
	0x00, 0x00, 0x00, 0x00, 0x00, 0x00, 0x00, 0x00,
	0x00, 0x00, 0x00, 0x00, 0x00, 0x00, 0x00, 0x00,
	0x00, 0x00, 0x00, 0x00, 0x00, 0x00, 0x00, 0x00,
	0x00, 0x00, 0x00, 0x00, 0x00, 0x00, 0x00, 0x00,
	0x00, 0x00, 0x00, 0x00, 0x00, 0x00, 0x00, 0x00,
	0x00, 0x00, 0x00, 0x00, 0x00, 0x00, 0x00, 0x00,
	0x00, 0x00, 0x00, 0x00, 0x00, 0x00, 0x00, 0x00,
	0x00, 0x00, 0x00, 0x00, 0x00, 0x00, 0x00, 0x00,
	0x00, 0x00, 0x00, 0x00, 0x00, 0x00, 0x00, 0x00,
	0x00, 0x00, 0x00, 0x00, 0x00, 0x00, 0x00, 0x00,
	0x00, 0x00, 0x00, 0x00, 0x00, 0x00, 0x00, 0x00,
	0x00, 0x00, 0x00, 0x00, 0x00, 0x00, 0x00, 0x00,
	0x00, 0x00, 0x00, 0x00, 0x00, 0x00, 0x00, 0x00,
	0x00, 0x00, 0x00, 0x00, 0x00, 0x00, 0x00, 0x00,
	0x00, 0x00, 0x00, 0x00, 0x00, 0x00, 0x00, 0x00,
	0x00, 0x00, 0x00, 0x00, 0x00, 0x00, 0x00, 0x00,
	0x00, 0x00, 0x00, 0x00, 0x00, 0x00, 0x00, 0x00,
	0x00, 0x00, 0x00, 0x00, 0x00, 0x00, 0x00, 0x00,
	0x00, 0x00, 0x00, 0x00, 0x00, 0x00, 0x00, 0x00,
	0x00, 0x00, 0x00, 0x00, 0x00, 0x00, 0x00, 0x00,
	0x00, 0x00, 0x00, 0x00, 0x00, 0x00, 0x00, 0x00,
	0x00, 0x00, 0x00, 0x00, 0x00, 0x00, 0x00, 0x00,
	0x00, 0x00, 0x00, 0x00, 0x00, 0x00, 0x00, 0x00,
	0x00, 0x00, 0x00, 0x00, 0x00, 0x00, 0x00, 0x00,
	0x00, 0x00, 0x00, 0x00, 0x00, 0x00, 0x00, 0x00,
	0x00, 0x00, 0x00, 0x00, 0x00, 0x00, 0x00, 0x00,
	0x00, 0x00, 0x00, 0x00, 0x00, 0x00, 0x00, 0x00,
	0x00, 0x00, 0x00, 0x00, 0x00, 0x00, 0x00, 0x00,
	0x00, 0x00, 0x00, 0x00, 0x00, 0x00, 0x00, 0x00,
	0x00, 0x00, 0x00, 0x00, 0x00, 0x00, 0x00, 0x00,
	0x00, 0x00, 0x00, 0x00, 0x00, 0x00, 0x00, 0x00,
	0x00, 0x00, 0x00, 0x00, 0x00, 0x00, 0x00, 0x00,
	0x00, 0x00, 0x00, 0x00, 0x00, 0x00, 0x00, 0x00,
	0x00, 0x00, 0x00, 0x00, 0x00, 0x00, 0x00, 0x00,
	0x00, 0x00, 0x00, 0x00, 0x00, 0x00, 0x00, 0x00,
	0x00, 0x00, 0x00, 0x00, 0x00, 0x00, 0x00, 0x00,
	0x00, 0x00, 0x00, 0x00, 0x00, 0x00, 0x00, 0x00,
	0x00, 0x00, 0x00, 0x00, 0x00, 0x00, 0x00, 0x00,
	0x00, 0x00, 0x00, 0x00, 0x00, 0x00, 0x00, 0x00,
	0x00, 0x00, 0x00, 0x00, 0x00, 0x00, 0x00, 0x00,
	0x00, 0x00, 0x00, 0x00, 0x00, 0x00, 0x00, 0x00,
	0x00, 0x00, 0x00, 0x00, 0x00, 0x00, 0x00, 0x00,
	0x00, 0x00, 0x00, 0x00, 0x00, 0x00, 0x00, 0x00,
	0x00, 0x00, 0x00, 0x00, 0x00, 0x00, 0x00, 0x00,
	0x00, 0x00, 0x00, 0x00, 0x00, 0x00, 0x00, 0x00,
	0x00, 0x00, 0x00, 0x00, 0x00, 0x00, 0x00, 0x00,
	0x00, 0x00, 0x00, 0x00, 0x00, 0x00, 0x00, 0x00,
	0x00, 0x00, 0x00, 0x00, 0x00, 0x00, 0x00, 0x00,
	0x00, 0x00, 0x00, 0x00, 0x00, 0x00, 0x00, 0x00,
	0x00, 0x00, 0x00, 0x00, 0x00, 0x00, 0x00, 0x00,
	0x00, 0x00, 0x00, 0x00, 0x00, 0x00, 0x00, 0x00,
	0x00, 0x00, 0x00, 0x00, 0x00, 0x00, 0x00, 0x00,
	0x00, 0x00, 0x00, 0x00, 0x00, 0x00, 0x00, 0x00,
	0x00, 0x00, 0x00, 0x00, 0x00, 0x00, 0x00, 0x00,
	0x00, 0x00, 0x00, 0x00, 0x00, 0x00, 0x00, 0x00,
	0x00, 0x00, 0x00, 0x00, 0x00, 0x00, 0x00, 0x00,
	0x00, 0x00, 0x00, 0x00, 0x00, 0x00, 0x00, 0x00,
	0x00, 0x00, 0x00, 0x00, 0x00, 0x00, 0x00, 0x00,
	0x00, 0x00, 0x00, 0x00, 0x00, 0x00, 0x00, 0x00,
	0x00, 0x00, 0x00, 0x00, 0x00, 0x00, 0x00, 0x00,
	0x00, 0x00, 0x00, 0x00, 0x00, 0x00, 0x00, 0x00,
	0x00, 0x00, 0x00, 0x00, 0x00, 0x00, 0x00, 0x00,
	0x00, 0x00, 0x00, 0x00, 0x00, 0x00, 0x00, 0x00,
	0x00, 0x00, 0x00, 0x00, 0x00, 0x00, 0x00, 0x00,
	0x00, 0x00, 0x00, 0x00, 0x00, 0x00, 0x00, 0x00,
	0x00, 0x00, 0x00, 0x00, 0x00, 0x00, 0x00, 0x00,
	0x00, 0x00, 0x00, 0x00, 0x00, 0x00, 0x00, 0x00,
	0x00, 0x00, 0x00, 0x00, 0x00, 0x00, 0x00, 0x00,
	0x00, 0x00, 0x00, 0x00, 0x00, 0x00, 0x00, 0x00,
	0x00, 0x00, 0x00, 0x00, 0x00, 0x00, 0x00, 0x00,
	0x00, 0x00, 0x00, 0x00, 0x00, 0x00, 0x00, 0x00,
	0x00, 0x00, 0x00, 0x00, 0x00, 0x00, 0x00, 0x00,
	0x00, 0x00, 0x00, 0x00, 0x00, 0x00, 0x00, 0x00,
	0x00, 0x00, 0x00, 0x00, 0x00, 0x00, 0x00, 0x00,
	0x00, 0x00, 0x00, 0x00, 0x00, 0x00, 0x00, 0x00,
	0x00, 0x00, 0x00, 0x00, 0x00, 0x00, 0x00, 0x00,
	0x00, 0x00, 0x00, 0x00, 0x00, 0x00, 0x00, 0x00,
	0x00, 0x00, 0x00, 0x00, 0x00, 0x00, 0x00, 0x00,
	0x00, 0x00, 0x00, 0x00, 0x00, 0x00, 0x00, 0x00,
	0x00, 0x00, 0x00, 0x00, 0x00, 0x00, 0x00, 0x00,
	0x00, 0x00, 0x00, 0x00, 0x00, 0x00, 0x00, 0x00,
	0x00, 0x00, 0x00, 0x00, 0x00, 0x00, 0x00, 0x00,
	0x00, 0x00, 0x00, 0x00, 0x00, 0x00, 0x00, 0x00,
	0x00, 0x00, 0x00, 0x00, 0x00, 0x00, 0x00, 0x00,
	0x00, 0x00, 0x00, 0x00, 0x00, 0x00, 0x00, 0x00,
	0x00, 0x00, 0x00, 0x00, 0x00, 0x00, 0x00, 0x00,
	0x00, 0x00, 0x00, 0x00, 0x00, 0x00, 0x00, 0x00,
	0x00, 0x00, 0x00, 0x00, 0x00, 0x00, 0x00, 0x00,
	0x00, 0x00, 0x00, 0x00, 0x00, 0x00, 0x00, 0x00,
	0x00, 0x00, 0x00, 0x00, 0x00, 0x00, 0x00, 0x00,
	0x00, 0x00, 0x00, 0x00, 0x00, 0x00, 0x00, 0x00,
	0x00, 0x00, 0x00, 0x00, 0x00, 0x00, 0x00, 0x00,
	0x00, 0x00, 0x00, 0x00, 0x00, 0x00, 0x00, 0x00,
	0x00, 0x00, 0x00, 0x00, 0x00, 0x00, 0x00, 0x00,
	0x00, 0x00, 0x00, 0x00, 0x00, 0x00, 0x00, 0x00,
	0x00, 0x00, 0x00, 0x00, 0x00, 0x00, 0x00, 0x00,
	0x00, 0x00, 0x00, 0x00, 0x00, 0x00, 0x00, 0x00,
	0x00, 0x00, 0x00, 0x00, 0x00, 0x00, 0x00, 0x00,
	0x00, 0x00, 0x00, 0x00, 0x00, 0x00, 0x00, 0x00,
	0x00, 0x00, 0x00, 0x00, 0x00, 0x00, 0x00, 0x00,
	0x00, 0x00, 0x00, 0x00, 0x00, 0x00, 0x00, 0x00,
	0x00, 0x00, 0x00, 0x00, 0x00, 0x00, 0x00, 0x00,
	0x00, 0x00, 0x00, 0x00, 0x00, 0x00, 0x00, 0x00,
	0x00, 0x00, 0x00, 0x00, 0x00, 0x00, 0x00, 0x00,
	0x00, 0x00, 0x00, 0x00, 0x00, 0x00, 0x00, 0x00,
	0x00, 0x00, 0x00, 0x00, 0x00, 0x00, 0x00, 0x00,
	0x00, 0x00, 0x00, 0x00, 0x00, 0x00, 0x00, 0x00,
	0x00, 0x00, 0x00, 0x00, 0x00, 0x00, 0x00, 0x00,
	0x00, 0x00, 0x00, 0x00, 0x00, 0x00, 0x00, 0x00,
	0x00, 0x00, 0x00, 0x00, 0x00, 0x00, 0x00, 0x00,
	0x00, 0x00, 0x00, 0x00, 0x00, 0x00, 0x00, 0x00,
	0x00, 0x00, 0x00, 0x00, 0x00, 0x00, 0x00, 0x00,
	0x00, 0x00, 0x00, 0x00, 0x00, 0x00, 0x00, 0x00,
	0x00, 0x00, 0x00, 0x00, 0x00, 0x00, 0x00, 0x00,
	0x00, 0x00, 0x00, 0x00, 0x00, 0x00, 0x00, 0x00,
	0x00, 0x00, 0x00, 0x00, 0x00, 0x00, 0x00, 0x00,
	0x00, 0x00, 0x00, 0x00, 0x00, 0x00, 0x00, 0x00,
	0x00, 0x00, 0x00, 0x00, 0x00, 0x00, 0x00, 0x00,
	0x00, 0x00, 0x00, 0x00, 0x00, 0x00, 0x00, 0x00,
	0x00, 0x00, 0x00, 0x00, 0x00, 0x00, 0x00, 0x00,
	0x00, 0x00, 0x00, 0x00, 0x00, 0x00, 0x00, 0x00,
	0x00, 0x00, 0x00, 0x00, 0x00, 0x00, 0x00, 0x00,
	0x00, 0x00, 0x00, 0x00, 0x00, 0x00, 0x00, 0x00,
	0x00, 0x00, 0x00, 0x00, 0x00, 0x00, 0x00, 0x00,
	0x00, 0x00, 0x00, 0x00, 0x00, 0x00, 0x00, 0x00,
	0x00, 0x00, 0x00, 0x00, 0x00, 0x00, 0x00, 0x00,
	0x00, 0x00, 0x00, 0x00, 0x00, 0x00, 0x00, 0x00,
	0x00, 0x00, 0x00, 0x00, 0x00, 0x00, 0x00, 0x00,
	0x00, 0x00, 0x00, 0x00, 0x00, 0x00, 0x00, 0x00,
	0x00, 0x00, 0x00, 0x00, 0x00, 0x00, 0x00, 0x00,
	0x00, 0x00, 0x00, 0x00, 0x00, 0x00, 0x00, 0x00,
	0x00, 0x00, 0x00, 0x00, 0x00, 0x00, 0x00, 0x00,
	0x00, 0x00, 0x00, 0x00, 0x00, 0x00, 0x00, 0x00,
	0x00, 0x00, 0x00, 0x00, 0x00, 0x00, 0x00, 0x00,
	0x00, 0x00, 0x00, 0x00, 0x00, 0x00, 0x00, 0x00,
	0x00, 0x00, 0x00, 0x00, 0x00, 0x00, 0x00, 0x00,
	0x00, 0x00, 0x00, 0x00, 0x00, 0x00, 0x00, 0x00,
	0x00, 0x00, 0x00, 0x00, 0x00, 0x00, 0x00, 0x00,
	0x00, 0x00, 0x00, 0x00, 0x00, 0x00, 0x00, 0x00,
	0x00, 0x00, 0x00, 0x00, 0x00, 0x00, 0x00, 0x00,
	0x00, 0x00, 0x00, 0x00, 0x00, 0x00, 0x00, 0x00,
	0x00, 0x00, 0x00, 0x00, 0x00, 0x00, 0x00, 0x00,
	0x00, 0x00, 0x00, 0x00, 0x00, 0x00, 0x00, 0x00,
	0x00, 0x00, 0x00, 0x00, 0x00, 0x00, 0x00, 0x00,
	0x00, 0x00, 0x00, 0x00, 0x00, 0x00, 0x00, 0x00,
	0x00, 0x00, 0x00, 0x00, 0x00, 0x00, 0x00, 0x00,
	0x00, 0x00, 0x00, 0x00, 0x00, 0x00, 0x00, 0x00,
	0x00, 0x00, 0x00, 0x00, 0x00, 0x00, 0x00, 0x00,
	0x00, 0x00, 0x00, 0x00, 0x00, 0x00, 0x00, 0x00,
	0x00, 0x00, 0x00, 0x00, 0x00, 0x00, 0x00, 0x00,
	0x00, 0x00, 0x00, 0x00, 0x00, 0x00, 0x00, 0x00,
	0x00, 0x00, 0x00, 0x00, 0x00, 0x00, 0x00, 0x00,
	0x00, 0x00, 0x00, 0x00, 0x00, 0x00, 0x00, 0x00,
	0x00, 0x00, 0x00, 0x00, 0x00, 0x00, 0x00, 0x00,
	0x00, 0x00, 0x00, 0x00, 0x00, 0x00, 0x00, 0x00,
	0x00, 0x00, 0x00, 0x00, 0x00, 0x00, 0x00, 0x00,
	0x00, 0x00, 0x00, 0x00, 0x00, 0x00, 0x00, 0x00,
	0x00, 0x00, 0x00, 0x00, 0x00, 0x00, 0x00, 0x00,
	0x00, 0x00, 0x00, 0x00, 0x00, 0x00, 0x00, 0x00,
	0x00, 0x00, 0x00, 0x00, 0x00, 0x00, 0x00, 0x00,
	0x00, 0x00, 0x00, 0x00, 0x00, 0x00, 0x00, 0x00,
	0x00, 0x00, 0x00, 0x00, 0x00, 0x00, 0x00, 0x00,
	0x00, 0x00, 0x00, 0x00, 0x00, 0x00, 0x00, 0x00,
	0x00, 0x00, 0x00, 0x00, 0x00, 0x00, 0x00, 0x00,
	0x00, 0x00, 0x00, 0x00, 0x00, 0x00, 0x00, 0x00,
	0x00, 0x00, 0x00, 0x00, 0x00, 0x00, 0x00, 0x00,
	0x00, 0x00, 0x00, 0x00, 0x00, 0x00, 0x00, 0x00,
	0x00, 0x00, 0x00, 0x00, 0x00, 0x00, 0x00, 0x00,
	0x00, 0x00, 0x00, 0x00, 0x00, 0x00, 0x00, 0x00,
	0x00, 0x00, 0x00, 0x00, 0x00, 0x00, 0x00, 0x00,
	0x00, 0x00, 0x00, 0x00, 0x00, 0x00, 0x00, 0x00,
	0x00, 0x00, 0x00, 0x00, 0x00, 0x00, 0x00, 0x00,
	0x00, 0x00, 0x00, 0x00, 0x00, 0x00, 0x00, 0x00,
	0x00, 0x00, 0x00, 0x00, 0x00, 0x00, 0x00, 0x00,
	0x00, 0x00, 0x00, 0x00, 0x00, 0x00, 0x00, 0x00,
	0x00, 0x00, 0x00, 0x00, 0x00, 0x00, 0x00, 0x00,
	0x00, 0x00, 0x00, 0x00, 0x00, 0x00, 0x00, 0x00,
	0x00, 0x00, 0x00, 0x00, 0x00, 0x00, 0x00, 0x00,
	0x00, 0x00, 0x00, 0x00, 0x00, 0x00, 0x00, 0x00,
	0x00, 0x00, 0x00, 0x00, 0x00, 0x00, 0x00, 0x00,
	0x00, 0x00, 0x00, 0x00, 0x00, 0x00, 0x00, 0x00,
	0x00, 0x00, 0x00, 0x00, 0x00, 0x00, 0x00, 0x00,
	0x00, 0x00, 0x00, 0x00, 0x00, 0x00, 0x00, 0x00,
	0x00, 0x00, 0x00, 0x00, 0x00, 0x00, 0x00, 0x00,
	0x00, 0x00, 0x00, 0x00, 0x00, 0x00, 0x00, 0x00,
	0x00, 0x00, 0x00, 0x00, 0x00, 0x00, 0x00, 0x00,
	0x00, 0x00, 0x00, 0x00, 0x00, 0x00, 0x00, 0x00,
	0x00, 0x00, 0x00, 0x00, 0x00, 0x00, 0x00, 0x00,
	0x00, 0x00, 0x00, 0x00, 0x00, 0x00, 0x00, 0x00,
	0x00, 0x00, 0x00, 0x00, 0x00, 0x00, 0x00, 0x00,
	0x00, 0x00, 0x00, 0x00, 0x00, 0x00, 0x00, 0x00,
	0x00, 0x00, 0x00, 0x00, 0x00, 0x00, 0x00, 0x00,
	0x00, 0x00, 0x00, 0x00, 0x00, 0x00, 0x00, 0x00,
	0x00, 0x00, 0x00, 0x00, 0x00, 0x00, 0x00, 0x00,
	0x00, 0x00, 0x00, 0x00, 0x00, 0x00, 0x00, 0x00,
	0x00, 0x00, 0x00, 0x00, 0x00, 0x00, 0x00, 0x00,
	0x00, 0x00, 0x00, 0x00, 0x00, 0x00, 0x00, 0x00,
	0x00, 0x00, 0x00, 0x00, 0x00, 0x00, 0x00, 0x00,
	0x00, 0x00, 0x00, 0x00, 0x00, 0x00, 0x00, 0x00,
	0x00, 0x00, 0x00, 0x00, 0x00, 0x00, 0x00, 0x00,
	0x00, 0x00, 0x00, 0x00, 0x00, 0x00, 0x00, 0x00,
	0x00, 0x00, 0x00, 0x00, 0x00, 0x00, 0x00, 0x00,
	0x00, 0x00, 0x00, 0x00, 0x00, 0x00, 0x00, 0x00,
	0x00, 0x00, 0x00, 0x00, 0x00, 0x00, 0x00, 0x00,
	0x00, 0x00, 0x00, 0x00, 0x00, 0x00, 0x00, 0x00,
	0x00, 0x00, 0x00, 0x00, 0x00, 0x00, 0x00, 0x00,
	0x00, 0x00, 0x00, 0x00, 0x00, 0x00, 0x00, 0x00,
	0x00, 0x00, 0x00, 0x00, 0x00, 0x00, 0x00, 0x00,
	0x00, 0x00, 0x00, 0x00, 0x00, 0x00, 0x00, 0x00,
	0x00, 0x00, 0x00, 0x00, 0x00, 0x00, 0x00, 0x00,
	0x00, 0x00, 0x00, 0x00, 0x00, 0x00, 0x00, 0x00,
	0x00, 0x00, 0x00, 0x00, 0x00, 0x00, 0x00, 0x00,
	0x00, 0x00, 0x00, 0x00, 0x00, 0x00, 0x00, 0x00,
	0x00, 0x00, 0x00, 0x00, 0x00, 0x00, 0x00, 0x00,
	0x00, 0x00, 0x00, 0x00, 0x00, 0x00, 0x00, 0x00,
	0x00, 0x00, 0x00, 0x00, 0x00, 0x00, 0x00, 0x00,
	0x00, 0x00, 0x00, 0x00, 0x00, 0x00, 0x00, 0x00,
	0x00, 0x00, 0x00, 0x00, 0x00, 0x00, 0x00, 0x00,
	0x00, 0x00, 0x00, 0x00, 0x00, 0x00, 0x00, 0x00,
	0x00, 0x00, 0x00, 0x00, 0x00, 0x00, 0x00, 0x00,
	0x00, 0x00, 0x00, 0x00, 0x00, 0x00, 0x00, 0x00,
	0x00, 0x00, 0x00, 0x00, 0x00, 0x00, 0x00, 0x00,
	0x00, 0x00, 0x00, 0x00, 0x00, 0x00, 0x00, 0x00,
	0x00, 0x00, 0x00, 0x00, 0x00, 0x00, 0x00, 0x00,
	0x00, 0x00, 0x00, 0x00, 0x00, 0x00, 0x00, 0x00,
	0x00, 0x00, 0x00, 0x00, 0x00, 0x00, 0x00, 0x00,
	0x00, 0x00, 0x00, 0x00, 0x00, 0x00, 0x00, 0x00,
	0x00, 0x00, 0x00, 0x00, 0x00, 0x00, 0x00, 0x00,
	0x00, 0x00, 0x00, 0x00, 0x00, 0x00, 0x00, 0x00,
	0x00, 0x00, 0x00, 0x00, 0x00, 0x00, 0x00, 0x00,
	0x00, 0x00, 0x00, 0x00, 0x00, 0x00, 0x00, 0x00,
	0x00, 0x00, 0x00, 0x00, 0x00, 0x00, 0x00, 0x00,
	0x00, 0x00, 0x00, 0x00, 0x00, 0x00, 0x00, 0x00,
	0x00, 0x00, 0x00, 0x00, 0x00, 0x00, 0x00, 0x00,
	0x00, 0x00, 0x00, 0x00, 0x00, 0x00, 0x00, 0x00,
	0x00, 0x00, 0x00, 0x00, 0x00, 0x00, 0x00, 0x00,
	0x00, 0x00, 0x00, 0x00, 0x00, 0x00, 0x00, 0x00,
	0x00, 0x00, 0x00, 0x00, 0x00, 0x00, 0x00, 0x00,
	0x00, 0x00, 0x00, 0x00, 0x00, 0x00, 0x00, 0x00,
	0x00, 0x00, 0x00, 0x00, 0x00, 0x00, 0x00, 0x00,
	0x00, 0x00, 0x00, 0x00, 0x00, 0x00, 0x00, 0x00,
	0x00, 0x00, 0x00, 0x00, 0x00, 0x00, 0x00, 0x00,
	0x00, 0x00, 0x00, 0x00, 0x00, 0x00, 0x00, 0x00,
	0x00, 0x00, 0x00, 0x00, 0x00, 0x00, 0x00, 0x00,
	0x00, 0x00, 0x00, 0x00, 0x00, 0x00, 0x00, 0x00,
	0x00, 0x00, 0x00, 0x00, 0x00, 0x00, 0x00, 0x00,
	0x00, 0x00, 0x00, 0x00, 0x00, 0x00, 0x00, 0x00,
	0x00, 0x00, 0x00, 0x00, 0x00, 0x00, 0x00, 0x00,
	0x00, 0x00, 0x00, 0x00, 0x00, 0x00, 0x00, 0x00,
	0x00, 0x00, 0x00, 0x00, 0x00, 0x00, 0x00, 0x00,
	0x00, 0x00, 0x00, 0x00, 0x00, 0x00, 0x00, 0x00,
	0x00, 0x00, 0x00, 0x00, 0x00, 0x00, 0x00, 0x00,
	0x00, 0x00, 0x00, 0x00, 0x00, 0x00, 0x00, 0x00,
	0x00, 0x00, 0x00, 0x00, 0x00, 0x00, 0x00, 0x00,
	0x00, 0x00, 0x00, 0x00, 0x00, 0x00, 0x00, 0x00,
	0x00, 0x00, 0x00, 0x00, 0x00, 0x00, 0x00, 0x00,
	0x00, 0x00, 0x00, 0x00, 0x00, 0x00, 0x00, 0x00,
	0x00, 0x00, 0x00, 0x00, 0x00, 0x00, 0x00, 0x00,
	0x00, 0x00, 0x00, 0x00, 0x00, 0x00, 0x00, 0x00,
	0x00, 0x00, 0x00, 0x00, 0x00, 0x00, 0x00, 0x00,
	0x00, 0x00, 0x00, 0x00, 0x00, 0x00, 0x00, 0x00,
	0x00, 0x00, 0x00, 0x00, 0x00, 0x00, 0x00, 0x00,
	0x00, 0x00, 0x00, 0x00, 0x00, 0x00, 0x00, 0x00,
	0x00, 0x00, 0x00, 0x00, 0x00, 0x00, 0x00, 0x00,
	0x00, 0x00, 0x00, 0x00, 0x00, 0x00, 0x00, 0x00,
	0x00, 0x00, 0x00, 0x00, 0x00, 0x00, 0x00, 0x00,
	0x00, 0x00, 0x00, 0x00, 0x00, 0x00, 0x00, 0x00,
	0x00, 0x00, 0x00, 0x00, 0x00, 0x00, 0x00, 0x00,
	0x00, 0x00, 0x00, 0x00, 0x00, 0x00, 0x00, 0x00,
	0x00, 0x00, 0x00, 0x00, 0x00, 0x00, 0x00, 0x00,
	0x00, 0x00, 0x00, 0x00, 0x00, 0x00, 0x00, 0x00,
	0x00, 0x00, 0x00, 0x00, 0x00, 0x00, 0x00, 0x00,
	0x00, 0x00, 0x00, 0x00, 0x00, 0x00, 0x00, 0x00,
	0x00, 0x00, 0x00, 0x00, 0x00, 0x00, 0x00, 0x00,
	0x00, 0x00, 0x00, 0x00, 0x00, 0x00, 0x00, 0x00,
	0x00, 0x00, 0x00, 0x00, 0x00, 0x00, 0x00, 0x00,
	0x00, 0x00, 0x00, 0x00, 0x00, 0x00, 0x00, 0x00,
	0x00, 0x00, 0x00, 0x00, 0x00, 0x00, 0x00, 0x00,
	0x00, 0x00, 0x00, 0x00, 0x00, 0x00, 0x00, 0x00,
	0x00, 0x00, 0x00, 0x00, 0x00, 0x00, 0x00, 0x00,
	0x00, 0x00, 0x00, 0x00, 0x00, 0x00, 0x00, 0x00,
	0x00, 0x00, 0x00, 0x00, 0x00, 0x00, 0x00, 0x00,
	0x00, 0x00, 0x00, 0x00, 0x00, 0x00, 0x00, 0x00,
	0x00, 0x00, 0x00, 0x00, 0x00, 0x00, 0x00, 0x00,
	0x00, 0x00, 0x00, 0x00, 0x00, 0x00, 0x00, 0x00,
	0x00, 0x00, 0x00, 0x00, 0x00, 0x00, 0x00, 0x00,
	0x00, 0x00, 0x00, 0x00, 0x00, 0x00, 0x00, 0x00,
	0x00, 0x00, 0x00, 0x00, 0x00, 0x00, 0x00, 0x00,
	0x00, 0x00, 0x00, 0x00, 0x00, 0x00, 0x00, 0x00,
	0x00, 0x00, 0x00, 0x00, 0x00, 0x00, 0x00, 0x00,
	0x00, 0x00, 0x00, 0x00, 0x00, 0x00, 0x00, 0x00,
	0x00, 0x00, 0x00, 0x00, 0x00, 0x00, 0x00, 0x00,
	0x00, 0x00, 0x00, 0x00, 0x00, 0x00, 0x00, 0x00,
	0x00, 0x00, 0x00, 0x00, 0x00, 0x00, 0x00, 0x00,
	0x00, 0x00, 0x00, 0x00, 0x00, 0x00, 0x00, 0x00,
	0x00, 0x00, 0x00, 0x00, 0x00, 0x00, 0x00, 0x00,
	0x00, 0x00, 0x00, 0x00, 0x00, 0x00, 0x00, 0x00,
	0x00, 0x00, 0x00, 0x00, 0x00, 0x00, 0x00, 0x00,
	0x00, 0x00, 0x00, 0x00, 0x00, 0x00, 0x00, 0x00,
	0x00, 0x00, 0x00, 0x00, 0x00, 0x00, 0x00, 0x00,
	0x00, 0x00, 0x00, 0x00, 0x00, 0x00, 0x00, 0x00,
	0x00, 0x00, 0x00, 0x00, 0x00, 0x00, 0x00, 0x00,
	0x00, 0x00, 0x00, 0x00, 0x00, 0x00, 0x00, 0x00,
	0x00, 0x00, 0x00, 0x00, 0x00, 0x00, 0x00, 0x00,
	0x00, 0x00, 0x00, 0x00, 0x00, 0x00, 0x00, 0x00,
	0x00, 0x00, 0x00, 0x00, 0x00, 0x00, 0x00, 0x00,
	0x00, 0x00, 0x00, 0x00, 0x00, 0x00, 0x00, 0x00,
	0x00, 0x00, 0x00, 0x00, 0x00, 0x00, 0x00, 0x00,
	0x00, 0x00, 0x00, 0x00, 0x00, 0x00, 0x00, 0x00,
	0x00, 0x00, 0x00, 0x00, 0x00, 0x00, 0x00, 0x00,
	0x00, 0x00, 0x00, 0x00, 0x00, 0x00, 0x00, 0x00,
	0x00, 0x00, 0x00, 0x00, 0x00, 0x00, 0x00, 0x00,
	0x00, 0x00, 0x00, 0x00, 0x00, 0x00, 0x00, 0x00,
	0x00, 0x00, 0x00, 0x00, 0x00, 0x00, 0x00, 0x00,
	0x00, 0x00, 0x00, 0x00, 0x00, 0x00, 0x00, 0x00,
	0x00, 0x00, 0x00, 0x00, 0x00, 0x00, 0x00, 0x00,
	0x00, 0x00, 0x00, 0x00, 0x00, 0x00, 0x00, 0x00,
	0x00, 0x00, 0x00, 0x00, 0x00, 0x00, 0x00, 0x00,
	0x00, 0x00, 0x00, 0x00, 0x00, 0x00, 0x00, 0x00,
	0x00, 0x00, 0x00, 0x00, 0x00, 0x00, 0x00, 0x00,
	0x00, 0x00, 0x00, 0x00, 0x00, 0x00, 0x00, 0x00,
	0x00, 0x00, 0x00, 0x00, 0x00, 0x00, 0x00, 0x00,
	0x00, 0x00, 0x00, 0x00, 0x00, 0x00, 0x00, 0x00,
	0x00, 0x00, 0x00, 0x00, 0x00, 0x00, 0x00, 0x00,
	0x00, 0x00, 0x00, 0x00, 0x00, 0x00, 0x00, 0x00,
	0x00, 0x00, 0x00, 0x00, 0x00, 0x00, 0x00, 0x00,
	0x00, 0x00, 0x00, 0x00, 0x00, 0x00, 0x00, 0x00,
	0x00, 0x00, 0x00, 0x00, 0x00, 0x00, 0x00, 0x00,
	0x00, 0x00, 0x00, 0x00, 0x00, 0x00, 0x00, 0x00,
	0x00, 0x00, 0x00, 0x00, 0x00, 0x00, 0x00, 0x00,
	0x00, 0x00, 0x00, 0x00, 0x00, 0x00, 0x00, 0x00,
	0x00, 0x00, 0x00, 0x00, 0x00, 0x00, 0x00, 0x00,
	0x00, 0x00, 0x00, 0x00, 0x00, 0x00, 0x00, 0x00,
	0x00, 0x00, 0x00, 0x00, 0x00, 0x00, 0x00, 0x00,
	0x00, 0x00, 0x00, 0x00, 0x00, 0x00, 0x00, 0x00,
	0x00, 0x00, 0x00, 0x00, 0x00, 0x00, 0x00, 0x00,
	0x00, 0x00, 0x00, 0x00, 0x00, 0x00, 0x00, 0x00,
	0x00, 0x00, 0x00, 0x00, 0x00, 0x00, 0x00, 0x00,
	0x00, 0x00, 0x00, 0x00, 0x00, 0x00, 0x00, 0x00,
	0x00, 0x00, 0x00, 0x00, 0x00, 0x00, 0x00, 0x00,
	0x00, 0x00, 0x00, 0x00, 0x00, 0x00, 0x00, 0x00,
	0x00, 0x00, 0x00, 0x00, 0x00, 0x00, 0x00, 0x00,
	0x00, 0x00, 0x00, 0x00, 0x00, 0x00, 0x00, 0x00,
	0x00, 0x00, 0x00, 0x00, 0x00, 0x00, 0x00, 0x00,
	0x00, 0x00, 0x00, 0x00, 0x00, 0x00, 0x00, 0x00,
	0x00, 0x00, 0x00, 0x00, 0x00, 0x00, 0x00, 0x00,
	0x00, 0x00, 0x00, 0x00, 0x00, 0x00, 0x00, 0x00,
	0x00, 0x00, 0x00, 0x00, 0x00, 0x00, 0x00, 0x00,
	0x00, 0x00, 0x00, 0x00, 0x00, 0x00, 0x00, 0x00,
	0x00, 0x00, 0x00, 0x00, 0x00, 0x00, 0x00, 0x00,
	0x00, 0x00, 0x00, 0x00, 0x00, 0x00, 0x00, 0x00,
	0x00, 0x00, 0x00, 0x00, 0x00, 0x00, 0x00, 0x00,
	0x00, 0x00, 0x00, 0x00, 0x00, 0x00, 0x00, 0x00,
	0x00, 0x00, 0x00, 0x00, 0x00, 0x00, 0x00, 0x00,
	0x00, 0x00, 0x00, 0x00, 0x00, 0x00, 0x00, 0x00,
	0x00, 0x00, 0x00, 0x00, 0x00, 0x00, 0x00, 0x00,
	0x00, 0x00, 0x00, 0x00, 0x00, 0x00, 0x00, 0x00,
	0x00, 0x00, 0x00, 0x00, 0x00, 0x00, 0x00, 0x00,
	0x00, 0x00, 0x00, 0x00, 0x00, 0x00, 0x00, 0x00,
	0x00, 0x00, 0x00, 0x00, 0x00, 0x00, 0x00, 0x00,
	0x00, 0x00, 0x00, 0x00, 0x00, 0x00, 0x00, 0x00,
	0x00, 0x00, 0x00, 0x00, 0x00, 0x00, 0x00, 0x00,
	0x00, 0x00, 0x00, 0x00, 0x00, 0x00, 0x00, 0x00,
	0x00, 0x00, 0x00, 0x00, 0x00, 0x00, 0x00, 0x00,
	0x00, 0x00, 0x00, 0x00, 0x00, 0x00, 0x00, 0x00,
	0x00, 0x00, 0x00, 0x00, 0x00, 0x00, 0x00, 0x00,
	0x00, 0x00, 0x00, 0x00, 0x00, 0x00, 0x00, 0x00,
	0x00, 0x00, 0x00, 0x00, 0x00, 0x00, 0x00, 0x00,
	0x00, 0x00, 0x00, 0x00, 0x00, 0x00, 0x00, 0x00,
	0x00, 0x00, 0x00, 0x00, 0x00, 0x00, 0x00, 0x00,
	0x00, 0x00, 0x00, 0x00, 0x00, 0x00, 0x00, 0x00,
	0x00, 0x00, 0x00, 0x00, 0x00, 0x00, 0x00, 0x00,
	0x00, 0x00, 0x00, 0x00, 0x00, 0x00, 0x00, 0x00,
	0x00, 0x00, 0x00, 0x00, 0x00, 0x00, 0x00, 0x00,
	0x00, 0x00, 0x00, 0x00, 0x00, 0x00, 0x00, 0x00,
	0x00, 0x00, 0x00, 0x00, 0x00, 0x00, 0x00, 0x00,
	0x00, 0x00, 0x00, 0x00, 0x00, 0x00, 0x00, 0x00,
	0x00, 0x00, 0x00, 0x00, 0x00, 0x00, 0x00, 0x00,
	0x00, 0x00, 0x00, 0x00, 0x00, 0x00, 0x00, 0x00,
	0x00, 0x00, 0x00, 0x00, 0x00, 0x00, 0x00, 0x00,
	0x00, 0x00, 0x00, 0x00, 0x00, 0x00, 0x00, 0x00,
	0x00, 0x00, 0x00, 0x00, 0x00, 0x00, 0x00, 0x00,
	0x00, 0x00, 0x00, 0x00, 0x00, 0x00, 0x00, 0x00,
	0x00, 0x00, 0x00, 0x00, 0x00, 0x00, 0x00, 0x00,
	0x00, 0x00, 0x00, 0x00, 0x00, 0x00, 0x00, 0x00,
	0x00, 0x00, 0x00, 0x00, 0x00, 0x00, 0x00, 0x00,
	0x00, 0x00, 0x00, 0x00, 0x00, 0x00, 0x00, 0x00,
	0x00, 0x00, 0x00, 0x00, 0x00, 0x00, 0x00, 0x00,
	0x00, 0x00, 0x00, 0x00, 0x00, 0x00, 0x00, 0x00,
	0x00, 0x00, 0x00, 0x00, 0x00, 0x00, 0x00, 0x00,
	0x00, 0x00, 0x00, 0x00, 0x00, 0x00, 0x00, 0x00,
	0x00, 0x00, 0x00, 0x00, 0x00, 0x00, 0x00, 0x00,
	0x00, 0x00, 0x00, 0x00, 0x00, 0x00, 0x00, 0x00,
	0x00, 0x00, 0x00, 0x00, 0x00, 0x00, 0x00, 0x00,
	0x00, 0x00, 0x00, 0x00, 0x00, 0x00, 0x00, 0x00,
	0x00, 0x00, 0x00, 0x00, 0x00, 0x00, 0x00, 0x00,
	0x00, 0x00, 0x00, 0x00, 0x00, 0x00, 0x00, 0x00,
	0x00, 0x00, 0x00, 0x00, 0x00, 0x00, 0x00, 0x00,
	0x00, 0x00, 0x00, 0x00, 0x00, 0x00, 0x00, 0x00,
	0x00, 0x00, 0x00, 0x00, 0x00, 0x00, 0x00, 0x00,
	0x00, 0x00, 0x00, 0x00, 0x00, 0x00, 0x00, 0x00,
	0x00, 0x00, 0x00, 0x00, 0x00, 0x00, 0x00, 0x00,
	0x00, 0x00, 0x00, 0x00, 0x00, 0x00, 0x00, 0x00,
	0x00, 0x00, 0x00, 0x00, 0x00, 0x00, 0x00, 0x00,
	0x00, 0x00, 0x00, 0x00, 0x00, 0x00, 0x00, 0x00,
	0x00, 0x00, 0x00, 0x00, 0x00, 0x00, 0x00, 0x00,
	0x00, 0x00, 0x00, 0x00, 0x00, 0x00, 0x00, 0x00,
	0x00, 0x00, 0x00, 0x00, 0x00, 0x00, 0x00, 0x00,
	0x00, 0x00, 0x00, 0x00, 0x00, 0x00, 0x00, 0x00,
	0x00, 0x00, 0x00, 0x00, 0x00, 0x00, 0x00, 0x00,
	0x00, 0x00, 0x00, 0x00, 0x00, 0x00, 0x00, 0x00,
	0x00, 0x00, 0x00, 0x00, 0x00, 0x00, 0x00, 0x00,
	0x00, 0x00, 0x00, 0x00, 0x00, 0x00, 0x00, 0x00,
	0x00, 0x00, 0x00, 0x00, 0x00, 0x00, 0x00, 0x00,
	0x00, 0x00, 0x00, 0x00, 0x00, 0x00, 0x00, 0x00,
	0x00, 0x00, 0x00, 0x00, 0x00, 0x00, 0x00, 0x00,
	0x00, 0x00, 0x00, 0x00, 0x00, 0x00, 0x00, 0x00,
	0x00, 0x00, 0x00, 0x00, 0x00, 0x00, 0x00, 0x00,
	0x00, 0x00, 0x00, 0x00, 0x00, 0x00, 0x00, 0x00,
	0x00, 0x00, 0x00, 0x00, 0x00, 0x00, 0x00, 0x00,
	0x00, 0x00, 0x00, 0x00, 0x00, 0x00, 0x00, 0x00,
	0x00, 0x00, 0x00, 0x00, 0x00, 0x00, 0x00, 0x00,
	0x00, 0x00, 0x00, 0x00, 0x00, 0x00, 0x00, 0x00,
	0x00, 0x00, 0x00, 0x00, 0x00, 0x00, 0x00, 0x00,
	0x00, 0x00, 0x00, 0x00, 0x00, 0x00, 0x00, 0x00,
	0x00, 0x00, 0x00, 0x00, 0x00, 0x00, 0x00, 0x00,
	0x00, 0x00, 0x00, 0x00, 0x00, 0x00, 0x00, 0x00,
	0x00, 0x00, 0x00, 0x00, 0x00, 0x00, 0x00, 0x00,
	0x00, 0x00, 0x00, 0x00, 0x00, 0x00, 0x00, 0x00,
	0x00, 0x00, 0x00, 0x00, 0x00, 0x00, 0x00, 0x00,
	0x00, 0x00, 0x00, 0x00, 0x00, 0x00, 0x00, 0x00,
	0x00, 0x00, 0x00, 0x00, 0x00, 0x00, 0x00, 0x00,
	0x00, 0x00, 0x00, 0x00, 0x00, 0x00, 0x00, 0x00,
	0x00, 0x00, 0x00, 0x00, 0x00, 0x00, 0x00, 0x00,
	0x00, 0x00, 0x00, 0x00, 0x00, 0x00, 0x00, 0x00,
	0x00, 0x00, 0x00, 0x00, 0x00, 0x00, 0x00, 0x00,
	0x00, 0x00, 0x00, 0x00, 0x00, 0x00, 0x00, 0x00,
	0x00, 0x00, 0x00, 0x00, 0x00, 0x00, 0x00, 0x00,
	0x00, 0x00, 0x00, 0x00, 0x00, 0x00, 0x00, 0x00,
	0x00, 0x00, 0x00, 0x00, 0x00, 0x00, 0x00, 0x00,
	0x00, 0x00, 0x00, 0x00, 0x00, 0x00, 0x00, 0x00,
	0x00, 0x00, 0x00, 0x00, 0x00, 0x00, 0x00, 0x00,
	0x00, 0x00, 0x00, 0x00, 0x00, 0x00, 0x00, 0x00,
	0x00, 0x00, 0x00, 0x00, 0x00, 0x00, 0x00, 0x00,
	0x00, 0x00, 0x00, 0x00, 0x00, 0x00, 0x00, 0x00,
	0x00, 0x00, 0x00, 0x00, 0x00, 0x00, 0x00, 0x00,
	0x00, 0x00, 0x00, 0x00, 0x00, 0x00, 0x00, 0x00,
	0x00, 0x00, 0x00, 0x00, 0x00, 0x00, 0x00, 0x00,
	0x00, 0x00, 0x00, 0x00, 0x00, 0x00, 0x00, 0x00,
	0x00, 0x00, 0x00, 0x00, 0x00, 0x00, 0x00, 0x00,
	0x00, 0x00, 0x00, 0x00, 0x00, 0x00, 0x00, 0x00,
	0x00, 0x00, 0x00, 0x00, 0x00, 0x00, 0x00, 0x00,
	0x00, 0x00, 0x00, 0x00, 0x00, 0x00, 0x00, 0x00,
	0x00, 0x00, 0x00, 0x00, 0x00, 0x00, 0x00, 0x00,
	0x00, 0x00, 0x00, 0x00, 0x00, 0x00, 0x00, 0x00,
	0x00, 0x00, 0x00, 0x00, 0x00, 0x00, 0x00, 0x00,
	0x00, 0x00, 0x00, 0x00, 0x00, 0x00, 0x00, 0x00,
	0x00, 0x00, 0x00, 0x00, 0x00, 0x00, 0x00, 0x00,
	0x00, 0x00, 0x00, 0x00, 0x00, 0x00, 0x00, 0x00,
	0x00, 0x00, 0x00, 0x00, 0x00, 0x00, 0x00, 0x00,
	0x00, 0x00, 0x00, 0x00, 0x00, 0x00, 0x00, 0x00,
	0x00, 0x00, 0x00, 0x00, 0x00, 0x00, 0x00, 0x00,
	0x00, 0x00, 0x00, 0x00, 0x00, 0x00, 0x00, 0x00,
	0x00, 0x00, 0x00, 0x00, 0x00, 0x00, 0x00, 0x00,
	0x00, 0x00, 0x00, 0x00, 0x00, 0x00, 0x00, 0x00,
	0x00, 0x00, 0x00, 0x00, 0x00, 0x00, 0x00, 0x00,
	0x00, 0x00, 0x00, 0x00, 0x00, 0x00, 0x00, 0x00,
	0x00, 0x00, 0x00, 0x00, 0x00, 0x00, 0x00, 0x00,
	0x00, 0x00, 0x00, 0x00, 0x00, 0x00, 0x00, 0x00,
	0x00, 0x00, 0x00, 0x00, 0x00, 0x00, 0x00, 0x00,
	0x00, 0x00, 0x00, 0x00, 0x00, 0x00, 0x00, 0x00,
	0x00, 0x00, 0x00, 0x00, 0x00, 0x00, 0x00, 0x00,
	0x00, 0x00, 0x00, 0x00, 0x00, 0x00, 0x00, 0x00,
	0x00, 0x00, 0x00, 0x00, 0x00, 0x00, 0x00, 0x00,
	0x00, 0x00, 0x00, 0x00, 0x00, 0x00, 0x00, 0x00,
	0x00, 0x00, 0x00, 0x00, 0x00, 0x00, 0x00, 0x00,
	0x00, 0x00, 0x00, 0x00, 0x00, 0x00, 0x00, 0x00,
	0x00, 0x00, 0x00, 0x00, 0x00, 0x00, 0x00, 0x00,
	0x00, 0x00, 0x00, 0x00, 0x00, 0x00, 0x00, 0x00,
	0x00, 0x00, 0x00, 0x00, 0x00, 0x00, 0x00, 0x00,
	0x00, 0x00, 0x00, 0x00, 0x00, 0x00, 0x00, 0x00,
	0x00, 0x00, 0x00, 0x00, 0x00, 0x00, 0x00, 0x00,
	0x00, 0x00, 0x00, 0x00, 0x00, 0x00, 0x00, 0x00,
	0x00, 0x00, 0x00, 0x00, 0x00, 0x00, 0x00, 0x00,
	0x00, 0x00, 0x00, 0x00, 0x00, 0x00, 0x00, 0x00,
	0x00, 0x00, 0x00, 0x00, 0x00, 0x00, 0x00, 0x00,
	0x00, 0x00, 0x00, 0x00, 0x00, 0x00, 0x00, 0x00,
	0x00, 0x00, 0x00, 0x00, 0x00, 0x00, 0x00, 0x00,
	0x00, 0x00, 0x00, 0x00, 0x00, 0x00, 0x00, 0x00,
	0x00, 0x00, 0x00, 0x00, 0x00, 0x00, 0x00, 0x00,
	0x00, 0x00, 0x00, 0x00, 0x00, 0x00, 0x00, 0x00,
	0x00, 0x00, 0x00, 0x00, 0x00, 0x00, 0x00, 0x00,
	0x00, 0x00, 0x00, 0x00, 0x00, 0x00, 0x00, 0x00,
	0x00, 0x00, 0x00, 0x00, 0x00, 0x00, 0x00, 0x00,
	0x00, 0x00, 0x00, 0x00, 0x00, 0x00, 0x00, 0x00,
	0x00, 0x00, 0x00, 0x00, 0x00, 0x00, 0x00, 0x00,
	0x00, 0x00, 0x00, 0x00, 0x00, 0x00, 0x00, 0x00,
	0x00, 0x00, 0x00, 0x00, 0x00, 0x00, 0x00, 0x00,
	0x00, 0x00, 0x00, 0x00, 0x00, 0x00, 0x00, 0x00,
	0x00, 0x00, 0x00, 0x00, 0x00, 0x00, 0x00, 0x00,
	0x00, 0x00, 0x00, 0x00, 0x00, 0x00, 0x00, 0x00,
	0x00, 0x00, 0x00, 0x00, 0x00, 0x00, 0x00, 0x00,
	0x00, 0x00, 0x00, 0x00, 0x00, 0x00, 0x00, 0x00,
	0x00, 0x00, 0x00, 0x00, 0x00, 0x00, 0x00, 0x00,
	0x00, 0x00, 0x00, 0x00, 0x00, 0x00, 0x00, 0x00,
	0x00, 0x00, 0x00, 0x00, 0x00, 0x00, 0x00, 0x00,
	0x00, 0x00, 0x00, 0x00, 0x00, 0x00, 0x00, 0x00,
	0x00, 0x00, 0x00, 0x00, 0x00, 0x00, 0x00, 0x00,
	0x00, 0x00, 0x00, 0x00, 0x00, 0x00, 0x00, 0x00,
	0x00, 0x00, 0x00, 0x00, 0x00, 0x00, 0x00, 0x00,
	0x00, 0x00, 0x00, 0x00, 0x00, 0x00, 0x00, 0x00,
	0x00, 0x00, 0x00, 0x00, 0x00, 0x00, 0x00, 0x00,
	0x00, 0x00, 0x00, 0x00, 0x00, 0x00, 0x00, 0x00,
	0x00, 0x00, 0x00, 0x00, 0x00, 0x00, 0x00, 0x00,
	0x00, 0x00, 0x00, 0x00, 0x00, 0x00, 0x00, 0x00,
	0x00, 0x00, 0x00, 0x00, 0x00, 0x00, 0x00, 0x00,
	0x00, 0x00, 0x00, 0x00, 0x00, 0x00, 0x00, 0x00,
	0x00, 0x00, 0x00, 0x00, 0x00, 0x00, 0x00, 0x00,
	0x00, 0x00, 0x00, 0x00, 0x00, 0x00, 0x00, 0x00,
	0x00, 0x00, 0x00, 0x00, 0x00, 0x00, 0x00, 0x00,
	0x00, 0x00, 0x00, 0x00, 0x00, 0x00, 0x00, 0x00,
	0x00, 0x00, 0x00, 0x00, 0x00, 0x00, 0x00, 0x00,
	0x00, 0x00, 0x00, 0x00, 0x00, 0x00, 0x00, 0x00,
	0x00, 0x00, 0x00, 0x00, 0x00, 0x00, 0x00, 0x00,
	0x00, 0x00, 0x00, 0x00, 0x00, 0x00, 0x00, 0x00,
	0x00, 0x00, 0x00, 0x00, 0x00, 0x00, 0x00, 0x00,
	0x00, 0x00, 0x00, 0x00, 0x00, 0x00, 0x00, 0x00,
	0x00, 0x00, 0x00, 0x00, 0x00, 0x00, 0x00, 0x00,
	0x00, 0x00, 0x00, 0x00, 0x00, 0x00, 0x00, 0x00,
	0x00, 0x00, 0x00, 0x00, 0x00, 0x00, 0x00, 0x00,
	0x00, 0x00, 0x00, 0x00, 0x00, 0x00, 0x00, 0x00,
	0x00, 0x00, 0x00, 0x00, 0x00, 0x00, 0x00, 0x00,
	0x00, 0x00, 0x00, 0x00, 0x00, 0x00, 0x00, 0x00,
	0x00, 0x00, 0x00, 0x00, 0x00, 0x00, 0x00, 0x00,
	0x00, 0x00, 0x00, 0x00, 0x00, 0x00, 0x00, 0x00,
	0x00, 0x00, 0x00, 0x00, 0x00, 0x00, 0x00, 0x00,
	0x00, 0x00, 0x00, 0x00, 0x00, 0x00, 0x00, 0x00,
	0x00, 0x00, 0x00, 0x00, 0x00, 0x00, 0x00, 0x00,
	0x00, 0x00, 0x00, 0x00, 0x00, 0x00, 0x00, 0x00,
	0x00, 0x00, 0x00, 0x00, 0x00, 0x00, 0x00, 0x00,
	0x00, 0x00, 0x00, 0x00, 0x00, 0x00, 0x00, 0x00,
	0x00, 0x00, 0x00, 0x00, 0x00, 0x00, 0x00, 0x00,
	0x00, 0x00, 0x00, 0x00, 0x00, 0x00, 0x00, 0x00,
	0x00, 0x00, 0x00, 0x00, 0x00, 0x00, 0x00, 0x00,
	0x00, 0x00, 0x00, 0x00, 0x00, 0x00, 0x00, 0x00,
	0x00, 0x00, 0x00, 0x00, 0x00, 0x00, 0x00, 0x00,
	0x00, 0x00, 0x00, 0x00, 0x00, 0x00, 0x00, 0x00,
	0x00, 0x00, 0x00, 0x00, 0x00, 0x00, 0x00, 0x00,
	0x00, 0x00, 0x00, 0x00, 0x00, 0x00, 0x00, 0x00,
	0x00, 0x00, 0x00, 0x00, 0x00, 0x00, 0x00, 0x00,
	0x00, 0x00, 0x00, 0x00, 0x00, 0x00, 0x00, 0x00,
	0x00, 0x00, 0x00, 0x00, 0x00, 0x00, 0x00, 0x00,
	0x00, 0x00, 0x00, 0x00, 0x00, 0x00, 0x00, 0x00,
	0x00, 0x00, 0x00, 0x00, 0x00, 0x00, 0x00, 0x00,
	0x00, 0x00, 0x00, 0x00, 0x00, 0x00, 0x00, 0x00,
	0x00, 0x00, 0x00, 0x00, 0x00, 0x00, 0x00, 0x00,
	0x00, 0x00, 0x00, 0x00, 0x00, 0x00, 0x00, 0x00,
	0x00, 0x00, 0x00, 0x00, 0x00, 0x00, 0x00, 0x00,
	0x00, 0x00, 0x00, 0x00, 0x00, 0x00, 0x00, 0x00,
	0x00, 0x00, 0x00, 0x00, 0x00, 0x00, 0x00, 0x00,
	0x00, 0x00, 0x00, 0x00, 0x00, 0x00, 0x00, 0x00,
	0x00, 0x00, 0x00, 0x00, 0x00, 0x00, 0x00, 0x00,
	0x00, 0x00, 0x00, 0x00, 0x00, 0x00, 0x00, 0x00,
	0x00, 0x00, 0x00, 0x00, 0x00, 0x00, 0x00, 0x00,
	0x00, 0x00, 0x00, 0x00, 0x00, 0x00, 0x00, 0x00,
	0x00, 0x00, 0x00, 0x00, 0x00, 0x00, 0x00, 0x00,
	0x00, 0x00, 0x00, 0x00, 0x00, 0x00, 0x00, 0x00,
	0x00, 0x00, 0x00, 0x00, 0x00, 0x00, 0x00, 0x00,
	0x00, 0x00, 0x00, 0x00, 0x00, 0x00, 0x00, 0x00,
	0x00, 0x00, 0x00, 0x00, 0x00, 0x00, 0x00, 0x00,
	0x00, 0x00, 0x00, 0x00, 0x00, 0x00, 0x00, 0x00,
	0x00, 0x00, 0x00, 0x00, 0x00, 0x00, 0x00, 0x00,
	0x00, 0x00, 0x00, 0x00, 0x00, 0x00, 0x00, 0x00,
	0x00, 0x00, 0x00, 0x00, 0x00, 0x00, 0x00, 0x00,
	0x00, 0x00, 0x00, 0x00, 0x00, 0x00, 0x00, 0x00,
	0x00, 0x00, 0x00, 0x00, 0x00, 0x00, 0x00, 0x00,
	0x00, 0x00, 0x00, 0x00, 0x00, 0x00, 0x00, 0x00,
	0x00, 0x00, 0x00, 0x00, 0x00, 0x00, 0x00, 0x00,
	0x00, 0x00, 0x00, 0x00, 0x00, 0x00, 0x00, 0x00,
	0x00, 0x00, 0x00, 0x00, 0x00, 0x00, 0x00, 0x00,
	0x00, 0x00, 0x00, 0x00, 0x00, 0x00, 0x00, 0x00,
	0x00, 0x00, 0x00, 0x00, 0x00, 0x00, 0x00, 0x00,
	0x00, 0x00, 0x00, 0x00, 0x00, 0x00, 0x00, 0x00,
	0x00, 0x00, 0x00, 0x00, 0x00, 0x00, 0x00, 0x00,
	0x00, 0x00, 0x00, 0x00, 0x00, 0x00, 0x00, 0x00,
	0x00, 0x00, 0x00, 0x00, 0x00, 0x00, 0x00, 0x00,
	0x00, 0x00, 0x00, 0x00, 0x00, 0x00, 0x00, 0x00,
	0x00, 0x00, 0x00, 0x00, 0x00, 0x00, 0x00, 0x00,
	0x00, 0x00, 0x00, 0x00, 0x00, 0x00, 0x00, 0x00,
	0x00, 0x00, 0x00, 0x00, 0x00, 0x00, 0x00, 0x00,
	0x00, 0x00, 0x00, 0x00, 0x00, 0x00, 0x00, 0x00,
	0x00, 0x00, 0x00, 0x00, 0x00, 0x00, 0x00, 0x00,
	0x00, 0x00, 0x00, 0x00, 0x00, 0x00, 0x00, 0x00,
	0x00, 0x00, 0x00, 0x00, 0x00, 0x00, 0x00, 0x00,
	0x00, 0x00, 0x00, 0x00, 0x00, 0x00, 0x00, 0x00,
	0x00, 0x00, 0x00, 0x00, 0x00, 0x00, 0x00, 0x00,
	0x00, 0x00, 0x00, 0x00, 0x00, 0x00, 0x00, 0x00,
	0x00, 0x00, 0x00, 0x00, 0x00, 0x00, 0x00, 0x00,
	0x00, 0x00, 0x00, 0x00, 0x00, 0x00, 0x00, 0x00,
	0x00, 0x00, 0x00, 0x00, 0x00, 0x00, 0x00, 0x00,
	0x00, 0x00, 0x00, 0x00, 0x00, 0x00, 0x00, 0x00,
	0x00, 0x00, 0x00, 0x00, 0x00, 0x00, 0x00, 0x00,
	0x00, 0x00, 0x00, 0x00, 0x00, 0x00, 0x00, 0x00,
	0x00, 0x00, 0x00, 0x00, 0x00, 0x00, 0x00, 0x00,
	0x00, 0x00, 0x00, 0x00, 0x00, 0x00, 0x00, 0x00,
	0x00, 0x00, 0x00, 0x00, 0x00, 0x00, 0x00, 0x00,
	0x00, 0x00, 0x00, 0x00, 0x00, 0x00, 0x00, 0x00,
	0x00, 0x00, 0x00, 0x00, 0x00, 0x00, 0x00, 0x00,
	0x00, 0x00, 0x00, 0x00, 0x00, 0x00, 0x00, 0x00,
	0x00, 0x00, 0x00, 0x00, 0x00, 0x00, 0x00, 0x00,
	0x00, 0x00, 0x00, 0x00, 0x00, 0x00, 0x00, 0x00,
	0x00, 0x00, 0x00, 0x00, 0x00, 0x00, 0x00, 0x00,
	0x00, 0x00, 0x00, 0x00, 0x00, 0x00, 0x00, 0x00,
	0x00, 0x00, 0x00, 0x00, 0x00, 0x00, 0x00, 0x00,
	0x00, 0x00, 0x00, 0x00, 0x00, 0x00, 0x00, 0x00,
	0x00, 0x00, 0x00, 0x00, 0x00, 0x00, 0x00, 0x00,
	0x00, 0x00, 0x00, 0x00, 0x00, 0x00, 0x00, 0x00,
	0x00, 0x00, 0x00, 0x00, 0x00, 0x00, 0x00, 0x00,
	0x00, 0x00, 0x00, 0x00, 0x00, 0x00, 0x00, 0x00,
	0x00, 0x00, 0x00, 0x00, 0x00, 0x00, 0x00, 0x00,
	0x00, 0x00, 0x00, 0x00, 0x00, 0x00, 0x00, 0x00,
	0x00, 0x00, 0x00, 0x00, 0x00, 0x00, 0x00, 0x00,
	0x00, 0x00, 0x00, 0x00, 0x00, 0x00, 0x00, 0x00,
	0x00, 0x00, 0x00, 0x00, 0x00, 0x00, 0x00, 0x00,
	0x00, 0x00, 0x00, 0x00, 0x00, 0x00, 0x00, 0x00,
	0x00, 0x00, 0x00, 0x00, 0x00, 0x00, 0x00, 0x00,
	0x00, 0x00, 0x00, 0x00, 0x00, 0x00, 0x00, 0x00,
	0x00, 0x00, 0x00, 0x00, 0x00, 0x00, 0x00, 0x00,
	0x00, 0x00, 0x00, 0x00, 0x00, 0x00, 0x00, 0x00,
	0x00, 0x00, 0x00, 0x00, 0x00, 0x00, 0x00, 0x00,
	0x00, 0x00, 0x00, 0x00, 0x00, 0x00, 0x00, 0x00,
	0x00, 0x00, 0x00, 0x00, 0x00, 0x00, 0x00, 0x00,
	0x00, 0x00, 0x00, 0x00, 0x00, 0x00, 0x00, 0x00,
	0x00, 0x00, 0x00, 0x00, 0x00, 0x00, 0x00, 0x00,
	0x00, 0x00, 0x00, 0x00, 0x00, 0x00, 0x00, 0x00,
	0x00, 0x00, 0x00, 0x00, 0x00, 0x00, 0x00, 0x00,
	0x00, 0x00, 0x00, 0x00, 0x00, 0x00, 0x00, 0x00,
	0x00, 0x00, 0x00, 0x00, 0x00, 0x00, 0x00, 0x00,
	0x00, 0x00, 0x00, 0x00, 0x00, 0x00, 0x00, 0x00,
	0x00, 0x00, 0x00, 0x00, 0x00, 0x00, 0x00, 0x00,
	0x00, 0x00, 0x00, 0x00, 0x00, 0x00, 0x00, 0x00,
	0x00, 0x00, 0x00, 0x00, 0x00, 0x00, 0x00, 0x00,
	0x00, 0x00, 0x00, 0x00, 0x00, 0x00, 0x00, 0x00,
	0x00, 0x00, 0x00, 0x00, 0x00, 0x00, 0x00, 0x00,
	0x00, 0x00, 0x00, 0x00, 0x00, 0x00, 0x00, 0x00,
	0x00, 0x00, 0x00, 0x00, 0x00, 0x00, 0x00, 0x00,
	0x00, 0x00, 0x00, 0x00, 0x00, 0x00, 0x00, 0x00,
	0x00, 0x00, 0x00, 0x00, 0x00, 0x00, 0x00, 0x00,
	0x00, 0x00, 0x00, 0x00, 0x00, 0x00, 0x00, 0x00,
	0x00, 0x00, 0x00, 0x00, 0x00, 0x00, 0x00, 0x00,
	0x00, 0x00, 0x00, 0x00, 0x00, 0x00, 0x00, 0x00,
	0x00, 0x00, 0x00, 0x00, 0x00, 0x00, 0x00, 0x00,
	0x00, 0x00, 0x00, 0x00, 0x00, 0x00, 0x00, 0x00,
	0x00, 0x00, 0x00, 0x00, 0x00, 0x00, 0x00, 0x00,
	0x00, 0x00, 0x00, 0x00, 0x00, 0x00, 0x00, 0x00,
	0x00, 0x00, 0x00, 0x00, 0x00, 0x00, 0x00, 0x00,
	0x00, 0x00, 0x00, 0x00, 0x00, 0x00, 0x00, 0x00,
	0x00, 0x00, 0x00, 0x00, 0x00, 0x00, 0x00, 0x00,
	0x00, 0x00, 0x00, 0x00, 0x00, 0x00, 0x00, 0x00,
	0x00, 0x00, 0x00, 0x00, 0x00, 0x00, 0x00, 0x00,
	0x00, 0x00, 0x00, 0x00, 0x00, 0x00, 0x00, 0x00,
	0x00, 0x00, 0x00, 0x00, 0x00, 0x00, 0x00, 0x00,
	0x00, 0x00, 0x00, 0x00, 0x00, 0x00, 0x00, 0x00,
	0x00, 0x00, 0x00, 0x00, 0x00, 0x00, 0x00, 0x00,
	0x00, 0x00, 0x00, 0x00, 0x00, 0x00, 0x00, 0x00,
	0x00, 0x00, 0x00, 0x00, 0x00, 0x00, 0x00, 0x00,
	0x00, 0x00, 0x00, 0x00, 0x00, 0x00, 0x00, 0x00,
	0x00, 0x00, 0x00, 0x00, 0x00, 0x00, 0x00, 0x00,
	0x00, 0x00, 0x00, 0x00, 0x00, 0x00, 0x00, 0x00,
	0x00, 0x00, 0x00, 0x00, 0x00, 0x00, 0x00, 0x00,
	0x00, 0x00, 0x00, 0x00, 0x00, 0x00, 0x00, 0x00,
	0x00, 0x00, 0x00, 0x00, 0x00, 0x00, 0x00, 0x00,
	0x00, 0x00, 0x00, 0x00, 0x00, 0x00, 0x00, 0x00,
	0x00, 0x00, 0x00, 0x00, 0x00, 0x00, 0x00, 0x00,
	0x00, 0x00, 0x00, 0x00, 0x00, 0x00, 0x00, 0x00,
	0x00, 0x00, 0x00, 0x00, 0x00, 0x00, 0x00, 0x00,
	0x00, 0x00, 0x00, 0x00, 0x00, 0x00, 0x00, 0x00,
	0x00, 0x00, 0x00, 0x00, 0x00, 0x00, 0x00, 0x00,
	0x00, 0x00, 0x00, 0x00, 0x00, 0x00, 0x00, 0x00,
	0x00, 0x00, 0x00, 0x00, 0x00, 0x00, 0x00, 0x00,
	0x00, 0x00, 0x00, 0x00, 0x00, 0x00, 0x00, 0x00,
	0x00, 0x00, 0x00, 0x00, 0x00, 0x00, 0x00, 0x00,
	0x00, 0x00, 0x00, 0x00, 0x00, 0x00, 0x00, 0x00,
	0x00, 0x00, 0x00, 0x00, 0x00, 0x00, 0x00, 0x00,
	0x00, 0x00, 0x00, 0x00, 0x00, 0x00, 0x00, 0x00,
	0x00, 0x00, 0x00, 0x00, 0x00, 0x00, 0x00, 0x00,
	0x00, 0x00, 0x00, 0x00, 0x00, 0x00, 0x00, 0x00,
	0x00, 0x00, 0x00, 0x00, 0x00, 0x00, 0x00, 0x00,
	0x00, 0x00, 0x00, 0x00, 0x00, 0x00, 0x00, 0x00,
	0x00, 0x00, 0x00, 0x00, 0x00, 0x00, 0x00, 0x00,
	0x00, 0x00, 0x00, 0x00, 0x00, 0x00, 0x00, 0x00,
	0x00, 0x00, 0x00, 0x00, 0x00, 0x00, 0x00, 0x00,
	0x00, 0x00, 0x00, 0x00, 0x00, 0x00, 0x00, 0x00,
	0x00, 0x00, 0x00, 0x00, 0x00, 0x00, 0x00, 0x00,
	0x00, 0x00, 0x00, 0x00, 0x00, 0x00, 0x00, 0x00,
	0x00, 0x00, 0x00, 0x00, 0x00, 0x00, 0x00, 0x00,
	0x00, 0x00, 0x00, 0x00, 0x00, 0x00, 0x00, 0x00,
	0x00, 0x00, 0x00, 0x00, 0x00, 0x00, 0x00, 0x00,
	0x00, 0x00, 0x00, 0x00, 0x00, 0x00, 0x00, 0x00,
	0x00, 0x00, 0x00, 0x00, 0x00, 0x00, 0x00, 0x00,
	0x00, 0x00, 0x00, 0x00, 0x00, 0x00, 0x00, 0x00,
	0x00, 0x00, 0x00, 0x00, 0x00, 0x00, 0x00, 0x00,
	0x00, 0x00, 0x00, 0x00, 0x00, 0x00, 0x00, 0x00,
	0x00, 0x00, 0x00, 0x00, 0x00, 0x00, 0x00, 0x00,
	0x00, 0x00, 0x00, 0x00, 0x00, 0x00, 0x00, 0x00,
	0x00, 0x00, 0x00, 0x00, 0x00, 0x00, 0x00, 0x00,
	0x00, 0x00, 0x00, 0x00, 0x00, 0x00, 0x00, 0x00,
	0x00, 0x00, 0x00, 0x00, 0x00, 0x00, 0x00, 0x00,
	0x00, 0x00, 0x00, 0x00, 0x00, 0x00, 0x00, 0x00,
	0x00, 0x00, 0x00, 0x00, 0x00, 0x00, 0x00, 0x00,
	0x00, 0x00, 0x00, 0x00, 0x00, 0x00, 0x00, 0x00,
	0x00, 0x00, 0x00, 0x00, 0x00, 0x00, 0x00, 0x00,
	0x00, 0x00, 0x00, 0x00, 0x00, 0x00, 0x00, 0x00,
	0x00, 0x00, 0x00, 0x00, 0x00, 0x00, 0x00, 0x00,
	0x00, 0x00, 0x00, 0x00, 0x00, 0x00, 0x00, 0x00,
	0x00, 0x00, 0x00, 0x00, 0x00, 0x00, 0x00, 0x00,
	0x00, 0x00, 0x00, 0x00, 0x00, 0x00, 0x00, 0x00,
	0x00, 0x00, 0x00, 0x00, 0x00, 0x00, 0x00, 0x00,
	0x00, 0x00, 0x00, 0x00, 0x00, 0x00, 0x00, 0x00,
	0x00, 0x00, 0x00, 0x00, 0x00, 0x00, 0x00, 0x00,
	0x00, 0x00, 0x00, 0x00, 0x00, 0x00, 0x00, 0x00,
	0x00, 0x00, 0x00, 0x00, 0x00, 0x00, 0x00, 0x00,
	0x00, 0x00, 0x00, 0x00, 0x00, 0x00, 0x00, 0x00,
	0x00, 0x00, 0x00, 0x00, 0x00, 0x00, 0x00, 0x00,
	0x00, 0x00, 0x00, 0x00, 0x00, 0x00, 0x00, 0x00,
	0x00, 0x00, 0x00, 0x00, 0x00, 0x00, 0x00, 0x00,
	0x00, 0x00, 0x00, 0x00, 0x00, 0x00, 0x00, 0x00,
	0x00, 0x00, 0x00, 0x00, 0x00, 0x00, 0x00, 0x00,
	0x00, 0x00, 0x00, 0x00, 0x00, 0x00, 0x00, 0x00,
	0x00, 0x00, 0x00, 0x00, 0x00, 0x00, 0x00, 0x00,
	0x00, 0x00, 0x00, 0x00, 0x00, 0x00, 0x00, 0x00,
	0x00, 0x00, 0x00, 0x00, 0x00, 0x00, 0x00, 0x00,
	0x00, 0x00, 0x00, 0x00, 0x00, 0x00, 0x00, 0x00,
	0x00, 0x00, 0x00, 0x00, 0x00, 0x00, 0x00, 0x00,
	0x00, 0x00, 0x00, 0x00, 0x00, 0x00, 0x00, 0x00,
	0x00, 0x00, 0x00, 0x00, 0x00, 0x00, 0x00, 0x00,
	0x00, 0x00, 0x00, 0x00, 0x00, 0x00, 0x00, 0x00,
	0x00, 0x00, 0x00, 0x00, 0x00, 0x00, 0x00, 0x00,
	0x00, 0x00, 0x00, 0x00, 0x00, 0x00, 0x00, 0x00,
	0x00, 0x00, 0x00, 0x00, 0x00, 0x00, 0x00, 0x00,
	0x00, 0x00, 0x00, 0x00, 0x00, 0x00, 0x00, 0x00,
	0x00, 0x00, 0x00, 0x00, 0x00, 0x00, 0x00, 0x00,
	0x00, 0x00, 0x00, 0x00, 0x00, 0x00, 0x00, 0x00,
	0x00, 0x00, 0x00, 0x00, 0x00, 0x00, 0x00, 0x00,
	0x00, 0x00, 0x00, 0x00, 0x00, 0x00, 0x00, 0x00,
	0x00, 0x00, 0x00, 0x00, 0x00, 0x00, 0x00, 0x00,
	0x00, 0x00, 0x00, 0x00, 0x00, 0x00, 0x00, 0x00,
	0x00, 0x00, 0x00, 0x00, 0x00, 0x00, 0x00, 0x00,
	0x00, 0x00, 0x00, 0x00, 0x00, 0x00, 0x00, 0x00,
	0x00, 0x00, 0x00, 0x00, 0x00, 0x00, 0x00, 0x00,
	0x00, 0x00, 0x00, 0x00, 0x00, 0x00, 0x00, 0x00,
	0x00, 0x00, 0x00, 0x00, 0x00, 0x00, 0x00, 0x00,
	0x00, 0x00, 0x00, 0x00, 0x00, 0x00, 0x00, 0x00,
	0x00, 0x00, 0x00, 0x00, 0x00, 0x00, 0x00, 0x00,
	0x00, 0x00, 0x00, 0x00, 0x00, 0x00, 0x00, 0x00,
	0x00, 0x00, 0x00, 0x00, 0x00, 0x00, 0x00, 0x00,
	0x00, 0x00, 0x00, 0x00, 0x00, 0x00, 0x00, 0x00,
	0x00, 0x00, 0x00, 0x00, 0x00, 0x00, 0x00, 0x00,
	0x00, 0x00, 0x00, 0x00, 0x00, 0x00, 0x00, 0x00,
	0x00, 0x00, 0x00, 0x00, 0x00, 0x00, 0x00, 0x00,
	0x00, 0x00, 0x00, 0x00, 0x00, 0x00, 0x00, 0x00,
	0x00, 0x00, 0x00, 0x00, 0x00, 0x00, 0x00, 0x00,
	0x00, 0x00, 0x00, 0x00, 0x00, 0x00, 0x00, 0x00,
	0x00, 0x00, 0x00, 0x00, 0x00, 0x00, 0x00, 0x00,
	0x00, 0x00, 0x00, 0x00, 0x00, 0x00, 0x00, 0x00,
	0x00, 0x00, 0x00, 0x00, 0x00, 0x00, 0x00, 0x00,
	0x00, 0x00, 0x00, 0x00, 0x00, 0x00, 0x00, 0x00,
	0x00, 0x00, 0x00, 0x00, 0x00, 0x00, 0x00, 0x00,
	0x00, 0x00, 0x00, 0x00, 0x00, 0x00, 0x00, 0x00,
	0x00, 0x00, 0x00, 0x00, 0x00, 0x00, 0x00, 0x00,
	0x00, 0x00, 0x00, 0x00, 0x00, 0x00, 0x00, 0x00,
	0x00, 0x00, 0x00, 0x00, 0x00, 0x00, 0x00, 0x00,
	0x00, 0x00, 0x00, 0x00, 0x00, 0x00, 0x00, 0x00,
	0x00, 0x00, 0x00, 0x00, 0x00, 0x00, 0x00, 0x00,
	0x00, 0x00, 0x00, 0x00, 0x00, 0x00, 0x00, 0x00,
	0x00, 0x00, 0x00, 0x00, 0x00, 0x00, 0x00, 0x00,
	0x00, 0x00, 0x00, 0x00, 0x00, 0x00, 0x00, 0x00,
	0x00, 0x00, 0x00, 0x00, 0x00, 0x00, 0x00, 0x00,
	0x00, 0x00, 0x00, 0x00, 0x00, 0x00, 0x00, 0x00,
	0x00, 0x00, 0x00, 0x00, 0x00, 0x00, 0x00, 0x00,
	0x00, 0x00, 0x00, 0x00, 0x00, 0x00, 0x00, 0x00,
	0x00, 0x00, 0x00, 0x00, 0x00, 0x00, 0x00, 0x00,
	0x00, 0x00, 0x00, 0x00, 0x00, 0x00, 0x00, 0x00,
	0x00, 0x00, 0x00, 0x00, 0x00, 0x00, 0x00, 0x00,
	0x00, 0x00, 0x00, 0x00, 0x00, 0x00, 0x00, 0x00,
	0x00, 0x00, 0x00, 0x00, 0x00, 0x00, 0x00, 0x00,
	0x00, 0x00, 0x00, 0x00, 0x00, 0x00, 0x00, 0x00,
	0x00, 0x00, 0x00, 0x00, 0x00, 0x00, 0x00, 0x00,
	0x00, 0x00, 0x00, 0x00, 0x00, 0x00, 0x00, 0x00,
	0x00, 0x00, 0x00, 0x00, 0x00, 0x00, 0x00, 0x00,
	0x00, 0x00, 0x00, 0x00, 0x00, 0x00, 0x00, 0x00,
	0x00, 0x00, 0x00, 0x00, 0x00, 0x00, 0x00, 0x00,
	0x00, 0x00, 0x00, 0x00, 0x00, 0x00, 0x00, 0x00,
	0x00, 0x00, 0x00, 0x00, 0x00, 0x00, 0x00, 0x00,
	0x00, 0x00, 0x00, 0x00, 0x00, 0x00, 0x00, 0x00,
	0x00, 0x00, 0x00, 0x00, 0x00, 0x00, 0x00, 0x00,
	0x00, 0x00, 0x00, 0x00, 0x00, 0x00, 0x00, 0x00,
	0x00, 0x00, 0x00, 0x00, 0x00, 0x00, 0x00, 0x00,
	0x00, 0x00, 0x00, 0x00, 0x00, 0x00, 0x00, 0x00,
	0x00, 0x00, 0x00, 0x00, 0x00, 0x00, 0x00, 0x00,
	0x00, 0x00, 0x00, 0x00, 0x00, 0x00, 0x00, 0x00,
	0x00, 0x00, 0x00, 0x00, 0x00, 0x00, 0x00, 0x00,
	0x00, 0x00, 0x00, 0x00, 0x00, 0x00, 0x00, 0x00,
	0x00, 0x00, 0x00, 0x00, 0x00, 0x00, 0x00, 0x00,
	0x00, 0x00, 0x00, 0x00, 0x00, 0x00, 0x00, 0x00,
	0x00, 0x00, 0x00, 0x00, 0x00, 0x00, 0x00, 0x00,
	0x00, 0x00, 0x00, 0x00, 0x00, 0x00, 0x00, 0x00,
	0x00, 0x00, 0x00, 0x00, 0x00, 0x00, 0x00, 0x00,
	0x00, 0x00, 0x00, 0x00, 0x00, 0x00, 0x00, 0x00,
	0x00, 0x00, 0x00, 0x00, 0x00, 0x00, 0x00, 0x00,
	0x00, 0x00, 0x00, 0x00, 0x00, 0x00, 0x00, 0x00,
	0x00, 0x00, 0x00, 0x00, 0x00, 0x00, 0x00, 0x00,
	0x00, 0x00, 0x00, 0x00, 0x00, 0x00, 0x00, 0x00,
	0x00, 0x00, 0x00, 0x00, 0x00, 0x00, 0x00, 0x00,
	0x00, 0x00, 0x00, 0x00, 0x00, 0x00, 0x00, 0x00,
	0x00, 0x00, 0x00, 0x00, 0x00, 0x00, 0x00, 0x00,
	0x00, 0x00, 0x00, 0x00, 0x00, 0x00, 0x00, 0x00,
	0x00, 0x00, 0x00, 0x00, 0x00, 0x00, 0x00, 0x00,
	0x00, 0x00, 0x00, 0x00, 0x00, 0x00, 0x00, 0x00,
	0x00, 0x00, 0x00, 0x00, 0x00, 0x00, 0x00, 0x00,
	0x00, 0x00, 0x00, 0x00, 0x00, 0x00, 0x00, 0x00,
	0x00, 0x00, 0x00, 0x00, 0x00, 0x00, 0x00, 0x00,
	0x00, 0x00, 0x00, 0x00, 0x00, 0x00, 0x00, 0x00,
	0x00, 0x00, 0x00, 0x00, 0x00, 0x00, 0x00, 0x00,
	0x00, 0x00, 0x00, 0x00, 0x00, 0x00, 0x00, 0x00,
	0x00, 0x00, 0x00, 0x00, 0x00, 0x00, 0x00, 0x00,
	0x00, 0x00, 0x00, 0x00, 0x00, 0x00, 0x00, 0x00,
	0x00, 0x00, 0x00, 0x00, 0x00, 0x00, 0x00, 0x00,
	0x00, 0x00, 0x00, 0x00, 0x00, 0x00, 0x00, 0x00,
	0x00, 0x00, 0x00, 0x00, 0x00, 0x00, 0x00, 0x00,
	0x00, 0x00, 0x00, 0x00, 0x00, 0x00, 0x00, 0x00,
	0x00, 0x00, 0x00, 0x00, 0x00, 0x00, 0x00, 0x00,
	0x00, 0x00, 0x00, 0x00, 0x00, 0x00, 0x00, 0x00,
	0x00, 0x00, 0x00, 0x00, 0x00, 0x00, 0x00, 0x00,
	0x00, 0x00, 0x00, 0x00, 0x00, 0x00, 0x00, 0x00,
	0x00, 0x00, 0x00, 0x00, 0x00, 0x00, 0x00, 0x00,
	0x00, 0x00, 0x00, 0x00, 0x00, 0x00, 0x00, 0x00,
	0x00, 0x00, 0x00, 0x00, 0x00, 0x00, 0x00, 0x00,
	0x00, 0x00, 0x00, 0x00, 0x00, 0x00, 0x00, 0x00,
	0x00, 0x00, 0x00, 0x00, 0x00, 0x00, 0x00, 0x00,
	0x00, 0x00, 0x00, 0x00, 0x00, 0x00, 0x00, 0x00,
	0x00, 0x00, 0x00, 0x00, 0x00, 0x00, 0x00, 0x00,
	0x00, 0x00, 0x00, 0x00, 0x00, 0x00, 0x00, 0x00,
	0x00, 0x00, 0x00, 0x00, 0x00, 0x00, 0x00, 0x00,
	0x00, 0x00, 0x00, 0x00, 0x00, 0x00, 0x00, 0x00,
	0x00, 0x00, 0x00, 0x00, 0x00, 0x00, 0x00, 0x00,
	0x00, 0x00, 0x00, 0x00, 0x00, 0x00, 0x00, 0x00,
	0x00, 0x00, 0x00, 0x00, 0x00, 0x00, 0x00, 0x00,
	0x00, 0x00, 0x00, 0x00, 0x00, 0x00, 0x00, 0x00,
	0x00, 0x00, 0x00, 0x00, 0x00, 0x00, 0x00, 0x00,
	0x00, 0x00, 0x00, 0x00, 0x00, 0x00, 0x00, 0x00,
	0x00, 0x00, 0x00, 0x00, 0x00, 0x00, 0x00, 0x00,
	0x00, 0x00, 0x00, 0x00, 0x00, 0x00, 0x00, 0x00,
	0x00, 0x00, 0x00, 0x00, 0x00, 0x00, 0x00, 0x00,
	0x00, 0x00, 0x00, 0x00, 0x00, 0x00, 0x00, 0x00,
	0x00, 0x00, 0x00, 0x00, 0x00, 0x00, 0x00, 0x00,
	0x00, 0x00, 0x00, 0x00, 0x00, 0x00, 0x00, 0x00,
	0x00, 0x00, 0x00, 0x00, 0x00, 0x00, 0x00, 0x00,
	0x00, 0x00, 0x00, 0x00, 0x00, 0x00, 0x00, 0x00,
	0x00, 0x00, 0x00, 0x00, 0x00, 0x00, 0x00, 0x00,
	0x00, 0x00, 0x00, 0x00, 0x00, 0x00, 0x00, 0x00,
	0x00, 0x00, 0x00, 0x00, 0x00, 0x00, 0x00, 0x00,
	0x00, 0x00, 0x00, 0x00, 0x00, 0x00, 0x00, 0x00,
	0x00, 0x00, 0x00, 0x00, 0x00, 0x00, 0x00, 0x00,
	0x00, 0x00, 0x00, 0x00, 0x00, 0x00, 0x00, 0x00,
	0x00, 0x00, 0x00, 0x00, 0x00, 0x00, 0x00, 0x00,
	0x00, 0x00, 0x00, 0x00, 0x00, 0x00, 0x00, 0x00,
	0x00, 0x00, 0x00, 0x00, 0x00, 0x00, 0x00, 0x00,
	0x00, 0x00, 0x00, 0x00, 0x00, 0x00, 0x00, 0x00,
	0x00, 0x00, 0x00, 0x00, 0x00, 0x00, 0x00, 0x00,
	0x00, 0x00, 0x00, 0x00, 0x00, 0x00, 0x00, 0x00,
	0x00, 0x00, 0x00, 0x00, 0x00, 0x00, 0x00, 0x00,
	0x00, 0x00, 0x00, 0x00, 0x00, 0x00, 0x00, 0x00,
	0x00, 0x00, 0x00, 0x00, 0x00, 0x00, 0x00, 0x00,
	0x00, 0x00, 0x00, 0x00, 0x00, 0x00, 0x00, 0x00,
	0x00, 0x00, 0x00, 0x00, 0x00, 0x00, 0x00, 0x00,
	0x00, 0x00, 0x00, 0x00, 0x00, 0x00, 0x00, 0x00,
	0x00, 0x00, 0x00, 0x00, 0x00, 0x00, 0x00, 0x00,
	0x00, 0x00, 0x00, 0x00, 0x00, 0x00, 0x00, 0x00,
	0x00, 0x00, 0x00, 0x00, 0x00, 0x00, 0x00, 0x00,
	0x00, 0x00, 0x00, 0x00, 0x00, 0x00, 0x00, 0x00,
	0x00, 0x00, 0x00, 0x00, 0x00, 0x00, 0x00, 0x00,
	0x00, 0x00, 0x00, 0x00, 0x00, 0x00, 0x00, 0x00,
	0x00, 0x00, 0x00, 0x00, 0x00, 0x00, 0x00, 0x00,
	0x00, 0x00, 0x00, 0x00, 0x00, 0x00, 0x00, 0x00,
	0x00, 0x00, 0x00, 0x00, 0x00, 0x00, 0x00, 0x00,
	0x00, 0x00, 0x00, 0x00, 0x00, 0x00, 0x00, 0x00,
	0x00, 0x00, 0x00, 0x00, 0x00, 0x00, 0x00, 0x00,
	0x00, 0x00, 0x00, 0x00, 0x00, 0x00, 0x00, 0x00,
	0x00, 0x00, 0x00, 0x00, 0x00, 0x00, 0x00, 0x00,
	0x00, 0x00, 0x00, 0x00, 0x00, 0x00, 0x00, 0x00,
	0x00, 0x00, 0x00, 0x00, 0x00, 0x00, 0x00, 0x00,
	0x00, 0x00, 0x00, 0x00, 0x00, 0x00, 0x00, 0x00,
	0x00, 0x00, 0x00, 0x00, 0x00, 0x00, 0x00, 0x00,
	0x00, 0x00, 0x00, 0x00, 0x00, 0x00, 0x00, 0x00,
	0x00, 0x00, 0x00, 0x00, 0x00, 0x00, 0x00, 0x00,
	0x00, 0x00, 0x00, 0x00, 0x00, 0x00, 0x00, 0x00,
	0x00, 0x00, 0x00, 0x00, 0x00, 0x00, 0x00, 0x00,
	0x00, 0x00, 0x00, 0x00, 0x00, 0x00, 0x00, 0x00,
	0x00, 0x00, 0x00, 0x00, 0x00, 0x00, 0x00, 0x00,
	0x00, 0x00, 0x00, 0x00, 0x00, 0x00, 0x00, 0x00,
	0x00, 0x00, 0x00, 0x00, 0x00, 0x00, 0x00, 0x00,
	0x00, 0x00, 0x00, 0x00, 0x00, 0x00, 0x00, 0x00,
	0x00, 0x00, 0x00, 0x00, 0x00, 0x00, 0x00, 0x00,
	0x00, 0x00, 0x00, 0x00, 0x00, 0x00, 0x00, 0x00,
	0x00, 0x00, 0x00, 0x00, 0x00, 0x00, 0x00, 0x00,
	0x00, 0x00, 0x00, 0x00, 0x00, 0x00, 0x00, 0x00,
	0x00, 0x00, 0x00, 0x00, 0x00, 0x00, 0x00, 0x00,
	0x00, 0x00, 0x00, 0x00, 0x00, 0x00, 0x00, 0x00,
	0x00, 0x00, 0x00, 0x00, 0x00, 0x00, 0x00, 0x00,
	0x00, 0x00, 0x00, 0x00, 0x00, 0x00, 0x00, 0x00,
	0x00, 0x00, 0x00, 0x00, 0x00, 0x00, 0x00, 0x00,
	0x00, 0x00, 0x00, 0x00, 0x00, 0x00, 0x00, 0x00,
	0x00, 0x00, 0x00, 0x00, 0x00, 0x00, 0x00, 0x00,
	0x00, 0x00, 0x00, 0x00, 0x00, 0x00, 0x00, 0x00,
	0x00, 0x00, 0x00, 0x00, 0x00, 0x00, 0x00, 0x00,
	0x00, 0x00, 0x00, 0x00, 0x00, 0x00, 0x00, 0x00,
	0x00, 0x00, 0x00, 0x00, 0x00, 0x00, 0x00, 0x00,
	0x00, 0x00, 0x00, 0x00, 0x00, 0x00, 0x00, 0x00,
	0x00, 0x00, 0x00, 0x00, 0x00, 0x00, 0x00, 0x00,
	0x00, 0x00, 0x00, 0x00, 0x00, 0x00, 0x00, 0x00,
	0x00, 0x00, 0x00, 0x00, 0x00, 0x00, 0x00, 0x00,
	0x00, 0x00, 0x00, 0x00, 0x00, 0x00, 0x00, 0x00,
	0x00, 0x00, 0x00, 0x00, 0x00, 0x00, 0x00, 0x00,
	0x00, 0x00, 0x00, 0x00, 0x00, 0x00, 0x00, 0x00,
	0x00, 0x00, 0x00, 0x00, 0x00, 0x00, 0x00, 0x00,
	0x00, 0x00, 0x00, 0x00, 0x00, 0x00, 0x00, 0x00,
	0x00, 0x00, 0x00, 0x00, 0x00, 0x00, 0x00, 0x00,
	0x00, 0x00, 0x00, 0x00, 0x00, 0x00, 0x00, 0x00,
	0x00, 0x00, 0x00, 0x00, 0x00, 0x00, 0x00, 0x00,
	0x00, 0x00, 0x00, 0x00, 0x00, 0x00, 0x00, 0x00,
	0x00, 0x00, 0x00, 0x00, 0x00, 0x00, 0x00, 0x00,
	0x00, 0x00, 0x00, 0x00, 0x00, 0x00, 0x00, 0x00,
	0x00, 0x00, 0x00, 0x00, 0x00, 0x00, 0x00, 0x00,
	0x00, 0x00, 0x00, 0x00, 0x00, 0x00, 0x00, 0x00,
	0x00, 0x00, 0x00, 0x00, 0x00, 0x00, 0x00, 0x00,
	0x00, 0x00, 0x00, 0x00, 0x00, 0x00, 0x00, 0x00,
	0x00, 0x00, 0x00, 0x00, 0x00, 0x00, 0x00, 0x00,
	0x00, 0x00, 0x00, 0x00, 0x00, 0x00, 0x00, 0x00,
	0x00, 0x00, 0x00, 0x00, 0x00, 0x00, 0x00, 0x00,
	0x00, 0x00, 0x00, 0x00, 0x00, 0x00, 0x00, 0x00,
	0x00, 0x00, 0x00, 0x00, 0x00, 0x00, 0x00, 0x00,
	0x00, 0x00, 0x00, 0x00, 0x00, 0x00, 0x00, 0x00,
	0x00, 0x00, 0x00, 0x00, 0x00, 0x00, 0x00, 0x00,
	0x00, 0x00, 0x00, 0x00, 0x00, 0x00, 0x00, 0x00,
	0x00, 0x00, 0x00, 0x00, 0x00, 0x00, 0x00, 0x00,
	0x00, 0x00, 0x00, 0x00, 0x00, 0x00, 0x00, 0x00,
	0x00, 0x00, 0x00, 0x00, 0x00, 0x00, 0x00, 0x00,
	0x00, 0x00, 0x00, 0x00, 0x00, 0x00, 0x00, 0x00,
	0x00, 0x00, 0x00, 0x00, 0x00, 0x00, 0x00, 0x00,
	0x00, 0x00, 0x00, 0x00, 0x00, 0x00, 0x00, 0x00,
	0x00, 0x00, 0x00, 0x00, 0x00, 0x00, 0x00, 0x00,
	0x00, 0x00, 0x00, 0x00, 0x00, 0x00, 0x00, 0x00,
	0x00, 0x00, 0x00, 0x00, 0x00, 0x00, 0x00, 0x00,
	0x00, 0x00, 0x00, 0x00, 0x00, 0x00, 0x00, 0x00,
	0x00, 0x00, 0x00, 0x00, 0x00, 0x00, 0x00, 0x00,
	0x00, 0x00, 0x00, 0x00, 0x00, 0x00, 0x00, 0x00,
	0x00, 0x00, 0x00, 0x00, 0x00, 0x00, 0x00, 0x00,
	0x00, 0x00, 0x00, 0x00, 0x00, 0x00, 0x00, 0x00,
	0x00, 0x00, 0x00, 0x00, 0x00, 0x00, 0x00, 0x00,
	0x00, 0x00, 0x00, 0x00, 0x00, 0x00, 0x00, 0x00,
	0x00, 0x00, 0x00, 0x00, 0x00, 0x00, 0x00, 0x00,
	0x00, 0x00, 0x00, 0x00, 0x00, 0x00, 0x00, 0x00,
	0x00, 0x00, 0x00, 0x00, 0x00, 0x00, 0x00, 0x00,
	0x00, 0x00, 0x00, 0x00, 0x00, 0x00, 0x00, 0x00,
	0x00, 0x00, 0x00, 0x00, 0x00, 0x00, 0x00, 0x00,
	0x00, 0x00, 0x00, 0x00, 0x00, 0x00, 0x00, 0x00,
	0x00, 0x00, 0x00, 0x00, 0x00, 0x00, 0x00, 0x00,
	0x00, 0x00, 0x00, 0x00, 0x00, 0x00, 0x00, 0x00,
	0x00, 0x00, 0x00, 0x00, 0x00, 0x00, 0x00, 0x00,
	0x00, 0x00, 0x00, 0x00, 0x00, 0x00, 0x00, 0x00,
	0x00, 0x00, 0x00, 0x00, 0x00, 0x00, 0x00, 0x00,
	0x00, 0x00, 0x00, 0x00, 0x00, 0x00, 0x00, 0x00,
	0x00, 0x00, 0x00, 0x00, 0x00, 0x00, 0x00, 0x00,
	0x00, 0x00, 0x00, 0x00, 0x00, 0x00, 0x00, 0x00,
	0x00, 0x00, 0x00, 0x00, 0x00, 0x00, 0x00, 0x00,
	0x00, 0x00, 0x00, 0x00, 0x00, 0x00, 0x00, 0x00,
	0x00, 0x00, 0x00, 0x00, 0x00, 0x00, 0x00, 0x00,
	0x00, 0x00, 0x00, 0x00, 0x00, 0x00, 0x00, 0x00,
	0x00, 0x00, 0x00, 0x00, 0x00, 0x00, 0x00, 0x00,
	0x00, 0x00, 0x00, 0x00, 0x00, 0x00, 0x00, 0x00,
	0x00, 0x00, 0x00, 0x00, 0x00, 0x00, 0x00, 0x00,
	0x00, 0x00, 0x00, 0x00, 0x00, 0x00, 0x00, 0x00,
	0x00, 0x00, 0x00, 0x00, 0x00, 0x00, 0x00, 0x00,
	0x00, 0x00, 0x00, 0x00, 0x00, 0x00, 0x00, 0x00,
	0x00, 0x00, 0x00, 0x00, 0x00, 0x00, 0x00, 0x00,
	0x00, 0x00, 0x00, 0x00, 0x00, 0x00, 0x00, 0x00,
	0x00, 0x00, 0x00, 0x00, 0x00, 0x00, 0x00, 0x00,
	0x00, 0x00, 0x00, 0x00, 0x00, 0x00, 0x00, 0x00,
	0x00, 0x00, 0x00, 0x00, 0x00, 0x00, 0x00, 0x00,
	0x00, 0x00, 0x00, 0x00, 0x00, 0x00, 0x00, 0x00,
	0x00, 0x00, 0x00, 0x00, 0x00, 0x00, 0x00, 0x00,
	0x00, 0x00, 0x00, 0x00, 0x00, 0x00, 0x00, 0x00,
	0x00, 0x00, 0x00, 0x00, 0x00, 0x00, 0x00, 0x00,
	0x00, 0x00, 0x00, 0x00, 0x00, 0x00, 0x00, 0x00,
	0x00, 0x00, 0x00, 0x00, 0x00, 0x00, 0x00, 0x00,
	0x00, 0x00, 0x00, 0x00, 0x00, 0x00, 0x00, 0x00,
	0x00, 0x00, 0x00, 0x00, 0x00, 0x00, 0x00, 0x00,
	0x00, 0x00, 0x00, 0x00, 0x00, 0x00, 0x00, 0x00,
	0x00, 0x00, 0x00, 0x00, 0x00, 0x00, 0x00, 0x00,
	0x00, 0x00, 0x00, 0x00, 0x00, 0x00, 0x00, 0x00,
	0x00, 0x00, 0x00, 0x00, 0x00, 0x00, 0x00, 0x00,
	0x00, 0x00, 0x00, 0x00, 0x00, 0x00, 0x00, 0x00,
	0x00, 0x00, 0x00, 0x00, 0x00, 0x00, 0x00, 0x00,
	0x00, 0x00, 0x00, 0x00, 0x00, 0x00, 0x00, 0x00,
	0x00, 0x00, 0x00, 0x00, 0x00, 0x00, 0x00, 0x00,
	0x00, 0x00, 0x00, 0x00, 0x00, 0x00, 0x00, 0x00,
	0x00, 0x00, 0x00, 0x00, 0x00, 0x00, 0x00, 0x00,
	0x00, 0x00, 0x00, 0x00, 0x00, 0x00, 0x00, 0x00,
	0x00, 0x00, 0x00, 0x00, 0x00, 0x00, 0x00, 0x00,
	0x00, 0x00, 0x00, 0x00, 0x00, 0x00, 0x00, 0x00,
	0x00, 0x00, 0x00, 0x00, 0x00, 0x00, 0x00, 0x00,
	0x00, 0x00, 0x00, 0x00, 0x00, 0x00, 0x00, 0x00,
	0x00, 0x00, 0x00, 0x00, 0x00, 0x00, 0x00, 0x00,
	0x00, 0x00, 0x00, 0x00, 0x00, 0x00, 0x00, 0x00,
	0x00, 0x00, 0x00, 0x00, 0x00, 0x00, 0x00, 0x00,
	0x00, 0x00, 0x00, 0x00, 0x00, 0x00, 0x00, 0x00,
	0x00, 0x00, 0x00, 0x00, 0x00, 0x00, 0x00, 0x00,
	0x00, 0x00, 0x00, 0x00, 0x00, 0x00, 0x00, 0x00,
	0x00, 0x00, 0x00, 0x00, 0x00, 0x00, 0x00, 0x00,
	0x00, 0x00, 0x00, 0x00, 0x00, 0x00, 0x00, 0x00,
	0x00, 0x00, 0x00, 0x00, 0x00, 0x00, 0x00, 0x00,
	0x00, 0x00, 0x00, 0x00, 0x00, 0x00, 0x00, 0x00,
	0x00, 0x00, 0x00, 0x00, 0x00, 0x00, 0x00, 0x00,
	0x00, 0x00, 0x00, 0x00, 0x00, 0x00, 0x00, 0x00,
	0x00, 0x00, 0x00, 0x00, 0x00, 0x00, 0x00, 0x00,
	0x00, 0x00, 0x00, 0x00, 0x00, 0x00, 0x00, 0x00,
	0x00, 0x00, 0x00, 0x00, 0x00, 0x00, 0x00, 0x00,
	0x00, 0x00, 0x00, 0x00, 0x00, 0x00, 0x00, 0x00,
	0x00, 0x00, 0x00, 0x00, 0x00, 0x00, 0x00, 0x00,
	0x00, 0x00, 0x00, 0x00, 0x00, 0x00, 0x00, 0x00,
	0x00, 0x00, 0x00, 0x00, 0x00, 0x00, 0x00, 0x00,
	0x00, 0x00, 0x00, 0x00, 0x00, 0x00, 0x00, 0x00,
	0x00, 0x00, 0x00, 0x00, 0x00, 0x00, 0x00, 0x00,
	0x00, 0x00, 0x00, 0x00, 0x00, 0x00, 0x00, 0x00,
	0x00, 0x00, 0x00, 0x00, 0x00, 0x00, 0x00, 0x00,
	0x00, 0x00, 0x00, 0x00, 0x00, 0x00, 0x00, 0x00,
	0x00, 0x00, 0x00, 0x00, 0x00, 0x00, 0x00, 0x00,
	0x00, 0x00, 0x00, 0x00, 0x00, 0x00, 0x00, 0x00,
	0x00, 0x00, 0x00, 0x00, 0x00, 0x00, 0x00, 0x00,
	0x00, 0x00, 0x00, 0x00, 0x00, 0x00, 0x00, 0x00,
	0x00, 0x00, 0x00, 0x00, 0x00, 0x00, 0x00, 0x00,
	0x00, 0x00, 0x00, 0x00, 0x00, 0x00, 0x00, 0x00,
	0x00, 0x00, 0x00, 0x00, 0x00, 0x00, 0x00, 0x00,
	0x00, 0x00, 0x00, 0x00, 0x00, 0x00, 0x00, 0x00,
	0x00, 0x00, 0x00, 0x00, 0x00, 0x00, 0x00, 0x00,
	0x00, 0x00, 0x00, 0x00, 0x00, 0x00, 0x00, 0x00,
	0x00, 0x00, 0x00, 0x00, 0x00, 0x00, 0x00, 0x00,
	0x00, 0x00, 0x00, 0x00, 0x00, 0x00, 0x00, 0x00,
	0x00, 0x00, 0x00, 0x00, 0x00, 0x00, 0x00, 0x00,
	0x00, 0x00, 0x00, 0x00, 0x00, 0x00, 0x00, 0x00,
	0x00, 0x00, 0x00, 0x00, 0x00, 0x00, 0x00, 0x00,
	0x00, 0x00, 0x00, 0x00, 0x00, 0x00, 0x00, 0x00,
	0x00, 0x00, 0x00, 0x00, 0x00, 0x00, 0x00, 0x00,
	0x00, 0x00, 0x00, 0x00, 0x00, 0x00, 0x00, 0x00,
	0x00, 0x00, 0x00, 0x00, 0x00, 0x00, 0x00, 0x00,
	0x00, 0x00, 0x00, 0x00, 0x00, 0x00, 0x00, 0x00,
	0x00, 0x00, 0x00, 0x00, 0x00, 0x00, 0x00, 0x00,
	0x00, 0x00, 0x00, 0x00, 0x00, 0x00, 0x00, 0x00,
	0x00, 0x00, 0x00, 0x00, 0x00, 0x00, 0x00, 0x00,
	0x00, 0x00, 0x00, 0x00, 0x00, 0x00, 0x00, 0x00,
	0x00, 0x00, 0x00, 0x00, 0x00, 0x00, 0x00, 0x00,
	0x00, 0x00, 0x00, 0x00, 0x00, 0x00, 0x00, 0x00,
	0x00, 0x00, 0x00, 0x00, 0x00, 0x00, 0x00, 0x00,
	0x00, 0x00, 0x00, 0x00, 0x00, 0x00, 0x00, 0x00,
	0x00, 0x00, 0x00, 0x00, 0x00, 0x00, 0x00, 0x00,
	0x00, 0x00, 0x00, 0x00, 0x00, 0x00, 0x00, 0x00,
	0x00, 0x00, 0x00, 0x00, 0x00, 0x00, 0x00, 0x00,
	0x00, 0x00, 0x00, 0x00, 0x00, 0x00, 0x00, 0x00,
	0x00, 0x00, 0x00, 0x00, 0x00, 0x00, 0x00, 0x00,
	0x00, 0x00, 0x00, 0x00, 0x00, 0x00, 0x00, 0x00,
	0x00, 0x00, 0x00, 0x00, 0x00, 0x00, 0x00, 0x00,
	0x00, 0x00, 0x00, 0x00, 0x00, 0x00, 0x00, 0x00,
	0x00, 0x00, 0x00, 0x00, 0x00, 0x00, 0x00, 0x00,
	0x00, 0x00, 0x00, 0x00, 0x00, 0x00, 0x00, 0x00,
	0x00, 0x00, 0x00, 0x00, 0x00, 0x00, 0x00, 0x00,
	0x00, 0x00, 0x00, 0x00, 0x00, 0x00, 0x00, 0x00,
	0x00, 0x00, 0x00, 0x00, 0x00, 0x00, 0x00, 0x00,
	0x00, 0x00, 0x00, 0x00, 0x00, 0x00, 0x00, 0x00,
	0x00, 0x00, 0x00, 0x00, 0x00, 0x00, 0x00, 0x00,
	0x00, 0x00, 0x00, 0x00, 0x00, 0x00, 0x00, 0x00,
	0x00, 0x00, 0x00, 0x00, 0x00, 0x00, 0x00, 0x00,
	0x00, 0x00, 0x00, 0x00, 0x00, 0x00, 0x00, 0x00,
	0x00, 0x00, 0x00, 0x00, 0x00, 0x00, 0x00, 0x00,
	0x00, 0x00, 0x00, 0x00, 0x00, 0x00, 0x00, 0x00,
	0x00, 0x00, 0x00, 0x00, 0x00, 0x00, 0x00, 0x00,
	0x00, 0x00, 0x00, 0x00, 0x00, 0x00, 0x00, 0x00,
	0x00, 0x00, 0x00, 0x00, 0x00, 0x00, 0x00, 0x00,
	0x00, 0x00, 0x00, 0x00, 0x00, 0x00, 0x00, 0x00,
	0x00, 0x00, 0x00, 0x00, 0x00, 0x00, 0x00, 0x00,
	0x00, 0x00, 0x00, 0x00, 0x00, 0x00, 0x00, 0x00,
	0x00, 0x00, 0x00, 0x00, 0x00, 0x00, 0x00, 0x00,
	0x00, 0x00, 0x00, 0x00, 0x00, 0x00, 0x00, 0x00,
	0x00, 0x00, 0x00, 0x00, 0x00, 0x00, 0x00, 0x00,
	0x00, 0x00, 0x00, 0x00, 0x00, 0x00, 0x00, 0x00,
	0x00, 0x00, 0x00, 0x00, 0x00, 0x00, 0x00, 0x00,
	0x00, 0x00, 0x00, 0x00, 0x00, 0x00, 0x00, 0x00,
	0x00, 0x00, 0x00, 0x00, 0x00, 0x00, 0x00, 0x00,
	0x00, 0x00, 0x00, 0x00, 0x00, 0x00, 0x00, 0x00,
	0x00, 0x00, 0x00, 0x00, 0x00, 0x00, 0x00, 0x00,
	0x00, 0x00, 0x00, 0x00, 0x00, 0x00, 0x00, 0x00,
	0x00, 0x00, 0x00, 0x00, 0x00, 0x00, 0x00, 0x00,
	0x00, 0x00, 0x00, 0x00, 0x00, 0x00, 0x00, 0x00,
	0x00, 0x00, 0x00, 0x00, 0x00, 0x00, 0x00, 0x00,
	0x00, 0x00, 0x00, 0x00, 0x00, 0x00, 0x00, 0x00,
	0x00, 0x00, 0x00, 0x00, 0x00, 0x00, 0x00, 0x00,
	0x00, 0x00, 0x00, 0x00, 0x00, 0x00, 0x00, 0x00,
	0x00, 0x00, 0x00, 0x00, 0x00, 0x00, 0x00, 0x00,
	0x00, 0x00, 0x00, 0x00, 0x00, 0x00, 0x00, 0x00,
	0x00, 0x00, 0x00, 0x00, 0x00, 0x00, 0x00, 0x00,
	0x00, 0x00, 0x00, 0x00, 0x00, 0x00, 0x00, 0x00,
	0x00, 0x00, 0x00, 0x00, 0x00, 0x00, 0x00, 0x00,
	0x00, 0x00, 0x00, 0x00, 0x00, 0x00, 0x00, 0x00,
	0x00, 0x00, 0x00, 0x00, 0x00, 0x00, 0x00, 0x00,
	0x00, 0x00, 0x00, 0x00, 0x00, 0x00, 0x00, 0x00,
	0x00, 0x00, 0x00, 0x00, 0x00, 0x00, 0x00, 0x00,
	0x00, 0x00, 0x00, 0x00, 0x00, 0x00, 0x00, 0x00,
	0x00, 0x00, 0x00, 0x00, 0x00, 0x00, 0x00, 0x00,
	0x00, 0x00, 0x00, 0x00, 0x00, 0x00, 0x00, 0x00,
	0x00, 0x00, 0x00, 0x00, 0x00, 0x00, 0x00, 0x00,
	0x00, 0x00, 0x00, 0x00, 0x00, 0x00, 0x00, 0x00,
	0x00, 0x00, 0x00, 0x00, 0x00, 0x00, 0x00, 0x00,
	0x00, 0x00, 0x00, 0x00, 0x00, 0x00, 0x00, 0x00,
	0x00, 0x00, 0x00, 0x00, 0x00, 0x00, 0x00, 0x00,
	0x00, 0x00, 0x00, 0x00, 0x00, 0x00, 0x00, 0x00,
	0x00, 0x00, 0x00, 0x00, 0x00, 0x00, 0x00, 0x00,
	0x00, 0x00, 0x00, 0x00, 0x00, 0x00, 0x00, 0x00,
	0x00, 0x00, 0x00, 0x00, 0x00, 0x00, 0x00, 0x00,
	0x00, 0x00, 0x00, 0x00, 0x00, 0x00, 0x00, 0x00,
	0x00, 0x00, 0x00, 0x00, 0x00, 0x00, 0x00, 0x00,
	0x00, 0x00, 0x00, 0x00, 0x00, 0x00, 0x00, 0x00,
	0x00, 0x00, 0x00, 0x00, 0x00, 0x00, 0x00, 0x00,
	0x00, 0x00, 0x00, 0x00, 0x00, 0x00, 0x00, 0x00,
	0x00, 0x00, 0x00, 0x00, 0x00, 0x00, 0x00, 0x00,
	0x00, 0x00, 0x00, 0x00, 0x00, 0x00, 0x00, 0x00,
	0x00, 0x00, 0x00, 0x00, 0x00, 0x00, 0x00, 0x00,
	0x00, 0x00, 0x00, 0x00, 0x00, 0x00, 0x00, 0x00,
	0x00, 0x00, 0x00, 0x00, 0x00, 0x00, 0x00, 0x00,
	0x00, 0x00, 0x00, 0x00, 0x00, 0x00, 0x00, 0x00,
	0x00, 0x00, 0x00, 0x00, 0x00, 0x00, 0x00, 0x00,
	0x00, 0x00, 0x00, 0x00, 0x00, 0x00, 0x00, 0x00,
	0x00, 0x00, 0x00, 0x00, 0x00, 0x00, 0x00, 0x00,
	0x00, 0x00, 0x00, 0x00, 0x00, 0x00, 0x00, 0x00,
	0x00, 0x00, 0x00, 0x00, 0x00, 0x00, 0x00, 0x00,
	0x00, 0x00, 0x00, 0x00, 0x00, 0x00, 0x00, 0x00,
	0x00, 0x00, 0x00, 0x00, 0x00, 0x00, 0x00, 0x00,
	0x00, 0x00, 0x00, 0x00, 0x00, 0x00, 0x00, 0x00,
	0x00, 0x00, 0x00, 0x00, 0x00, 0x00, 0x00, 0x00,
	0x00, 0x00, 0x00, 0x00, 0x00, 0x00, 0x00, 0x00,
	0x00, 0x00, 0x00, 0x00, 0x00, 0x00, 0x00, 0x00,
	0x00, 0x00, 0x00, 0x00, 0x00, 0x00, 0x00, 0x00,
	0x00, 0x00, 0x00, 0x00, 0x00, 0x00, 0x00, 0x00,
	0x00, 0x00, 0x00, 0x00, 0x00, 0x00, 0x00, 0x00,
	0x00, 0x00, 0x00, 0x00, 0x00, 0x00, 0x00, 0x00,
	0x00, 0x00, 0x00, 0x00, 0x00, 0x00, 0x00, 0x00,
	0x00, 0x00, 0x00, 0x00, 0x00, 0x00, 0x00, 0x00,
	0x00, 0x00, 0x00, 0x00, 0x00, 0x00, 0x00, 0x00,
	0x00, 0x00, 0x00, 0x00, 0x00, 0x00, 0x00, 0x00,
	0x00, 0x00, 0x00, 0x00, 0x00, 0x00, 0x00, 0x00,
	0x00, 0x00, 0x00, 0x00, 0x00, 0x00, 0x00, 0x00,
	0x00, 0x00, 0x00, 0x00, 0x00, 0x00, 0x00, 0x00,
	0x00, 0x00, 0x00, 0x00, 0x00, 0x00, 0x00, 0x00,
	0x00, 0x00, 0x00, 0x00, 0x00, 0x00, 0x00, 0x00,
	0x00, 0x00, 0x00, 0x00, 0x00, 0x00, 0x00, 0x00,
	0x00, 0x00, 0x00, 0x00, 0x00, 0x00, 0x00, 0x00,
	0x00, 0x00, 0x00, 0x00, 0x00, 0x00, 0x00, 0x00,
	0x00, 0x00, 0x00, 0x00, 0x00, 0x00, 0x00, 0x00,
	0x00, 0x00, 0x00, 0x00, 0x00, 0x00, 0x00, 0x00,
	0x00, 0x00, 0x00, 0x00, 0x00, 0x00, 0x00, 0x00,
	0x00, 0x00, 0x00, 0x00, 0x00, 0x00, 0x00, 0x00,
	0x00, 0x00, 0x00, 0x00, 0x00, 0x00, 0x00, 0x00,
	0x00, 0x00, 0x00, 0x00, 0x00, 0x00, 0x00, 0x00,
	0x00, 0x00, 0x00, 0x00, 0x00, 0x00, 0x00, 0x00,
	0x00, 0x00, 0x00, 0x00, 0x00, 0x00, 0x00, 0x00,
	0x00, 0x00, 0x00, 0x00, 0x00, 0x00, 0x00, 0x00,
	0x00, 0x00, 0x00, 0x00, 0x00, 0x00, 0x00, 0x00,
	0x00, 0x00, 0x00, 0x00, 0x00, 0x00, 0x00, 0x00,
	0x00, 0x00, 0x00, 0x00, 0x00, 0x00, 0x00, 0x00,
	0x00, 0x00, 0x00, 0x00, 0x00, 0x00, 0x00, 0x00,
	0x00, 0x00, 0x00, 0x00, 0x00, 0x00, 0x00, 0x00,
	0x00, 0x00, 0x00, 0x00, 0x00, 0x00, 0x00, 0x00,
	0x00, 0x00, 0x00, 0x00, 0x00, 0x00, 0x00, 0x00,
	0x00, 0x00, 0x00, 0x00, 0x00, 0x00, 0x00, 0x00,
	0x00, 0x00, 0x00, 0x00, 0x00, 0x00, 0x00, 0x00,
	0x00, 0x00, 0x00, 0x00, 0x00, 0x00, 0x00, 0x00,
	0x00, 0x00, 0x00, 0x00, 0x00, 0x00, 0x00, 0x00,
	0x00, 0x00, 0x00, 0x00, 0x00, 0x00, 0x00, 0x00,
	0x00, 0x00, 0x00, 0x00, 0x00, 0x00, 0x00, 0x00,
	0x00, 0x00, 0x00, 0x00, 0x00, 0x00, 0x00, 0x00,
	0x00, 0x00, 0x00, 0x00, 0x00, 0x00, 0x00, 0x00,
	0x00, 0x00, 0x00, 0x00, 0x00, 0x00, 0x00, 0x00,
	0x00, 0x00, 0x00, 0x00, 0x00, 0x00, 0x00, 0x00,
	0x00, 0x00, 0x00, 0x00, 0x00, 0x00, 0x00, 0x00,
	0x00, 0x00, 0x00, 0x00, 0x00, 0x00, 0x00, 0x00,
	0x00, 0x00, 0x00, 0x00, 0x00, 0x00, 0x00, 0x00,
	0x00, 0x00, 0x00, 0x00, 0x00, 0x00, 0x00, 0x00,
	0x00, 0x00, 0x00, 0x00, 0x00, 0x00, 0x00, 0x00,
	0x00, 0x00, 0x00, 0x00, 0x00, 0x00, 0x00, 0x00,
	0x00, 0x00, 0x00, 0x00, 0x00, 0x00, 0x00, 0x00,
	0x00, 0x00, 0x00, 0x00, 0x00, 0x00, 0x00, 0x00,
	0x00, 0x00, 0x00, 0x00, 0x00, 0x00, 0x00, 0x00,
	0x00, 0x00, 0x00, 0x00, 0x00, 0x00, 0x00, 0x00,
	0x00, 0x00, 0x00, 0x00, 0x00, 0x00, 0x00, 0x00,
	0x00, 0x00, 0x00, 0x00, 0x00, 0x00, 0x00, 0x00,
	0x00, 0x00, 0x00, 0x00, 0x00, 0x00, 0x00, 0x00,
	0x00, 0x00, 0x00, 0x00, 0x00, 0x00, 0x00, 0x00,
	0x00, 0x00, 0x00, 0x00, 0x00, 0x00, 0x00, 0x00,
	0x00, 0x00, 0x00, 0x00, 0x00, 0x00, 0x00, 0x00,
	0x00, 0x00, 0x00, 0x00, 0x00, 0x00, 0x00, 0x00,
	0x00, 0x00, 0x00, 0x00, 0x00, 0x00, 0x00, 0x00,
	0x00, 0x00, 0x00, 0x00, 0x00, 0x00, 0x00, 0x00,
	0x00, 0x00, 0x00, 0x00, 0x00, 0x00, 0x00, 0x00,
	0x00, 0x00, 0x00, 0x00, 0x00, 0x00, 0x00, 0x00,
	0x00, 0x00, 0x00, 0x00, 0x00, 0x00, 0x00, 0x00,
	0x00, 0x00, 0x00, 0x00, 0x00, 0x00, 0x00, 0x00,
	0x00, 0x00, 0x00, 0x00, 0x00, 0x00, 0x00, 0x00,
	0x00, 0x00, 0x00, 0x00, 0x00, 0x00, 0x00, 0x00,
	0x00, 0x00, 0x00, 0x00, 0x00, 0x00, 0x00, 0x00,
	0x00, 0x00, 0x00, 0x00, 0x00, 0x00, 0x00, 0x00,
	0x00, 0x00, 0x00, 0x00, 0x00, 0x00, 0x00, 0x00,
	0x00, 0x00, 0x00, 0x00, 0x00, 0x00, 0x00, 0x00,
	0x00, 0x00, 0x00, 0x00, 0x00, 0x00, 0x00, 0x00,
	0x00, 0x00, 0x00, 0x00, 0x00, 0x00, 0x00, 0x00,
	0x00, 0x00, 0x00, 0x00, 0x00, 0x00, 0x00, 0x00,
	0x00, 0x00, 0x00, 0x00, 0x00, 0x00, 0x00, 0x00,
	0x00, 0x00, 0x00, 0x00, 0x00, 0x00, 0x00, 0x00,
	0x00, 0x00, 0x00, 0x00, 0x00, 0x00, 0x00, 0x00,
	0x00, 0x00, 0x00, 0x00, 0x00, 0x00, 0x00, 0x00,
	0x00, 0x00, 0x00, 0x00, 0x00, 0x00, 0x00, 0x00,
	0x00, 0x00, 0x00, 0x00, 0x00, 0x00, 0x00, 0x00,
	0x00, 0x00, 0x00, 0x00, 0x00, 0x00, 0x00, 0x00,
	0x00, 0x00, 0x00, 0x00, 0x00, 0x00, 0x00, 0x00,
	0x00, 0x00, 0x00, 0x00, 0x00, 0x00, 0x00, 0x00,
	0x00, 0x00, 0x00, 0x00, 0x00, 0x00, 0x00, 0x00,
	0x00, 0x00, 0x00, 0x00, 0x00, 0x00, 0x00, 0x00,
	0x00, 0x00, 0x00, 0x00, 0x00, 0x00, 0x00, 0x00,
	0x00, 0x00, 0x00, 0x00, 0x00, 0x00, 0x00, 0x00,
	0x00, 0x00, 0x00, 0x00, 0x00, 0x00, 0x00, 0x00,
	0x00, 0x00, 0x00, 0x00, 0x00, 0x00, 0x00, 0x00,
	0x00, 0x00, 0x00, 0x00, 0x00, 0x00, 0x00, 0x00,
	0x00, 0x00, 0x00, 0x00, 0x00, 0x00, 0x00, 0x00,
	0x00, 0x00, 0x00, 0x00, 0x00, 0x00, 0x00, 0x00,
	0x00, 0x00, 0x00, 0x00, 0x00, 0x00, 0x00, 0x00,
	0x00, 0x00, 0x00, 0x00, 0x00, 0x00, 0x00, 0x00,
	0x00, 0x00, 0x00, 0x00, 0x00, 0x00, 0x00, 0x00,
	0x00, 0x00, 0x00, 0x00, 0x00, 0x00, 0x00, 0x00,
	0x00, 0x00, 0x00, 0x00, 0x00, 0x00, 0x00, 0x00,
	0x00, 0x00, 0x00, 0x00, 0x00, 0x00, 0x00, 0x00,
	0x00, 0x00, 0x00, 0x00, 0x00, 0x00, 0x00, 0x00,
	0x00, 0x00, 0x00, 0x00, 0x00, 0x00, 0x00, 0x00,
	0x00, 0x00, 0x00, 0x00, 0x00, 0x00, 0x00, 0x00,
	0x00, 0x00, 0x00, 0x00, 0x00, 0x00, 0x00, 0x00,
	0x00, 0x00, 0x00, 0x00, 0x00, 0x00, 0x00, 0x00,
	0x00, 0x00, 0x00, 0x00, 0x00, 0x00, 0x00, 0x00,
	0x00, 0x00, 0x00, 0x00, 0x00, 0x00, 0x00, 0x00,
	0x00, 0x00, 0x00, 0x00, 0x00, 0x00, 0x00, 0x00,
	0x00, 0x00, 0x00, 0x00, 0x00, 0x00, 0x00, 0x00,
	0x00, 0x00, 0x00, 0x00, 0x00, 0x00, 0x00, 0x00,
	0x00, 0x00, 0x00, 0x00, 0x00, 0x00, 0x00, 0x00,
	0x00, 0x00, 0x00, 0x00, 0x00, 0x00, 0x00, 0x00,
	0x00, 0x00, 0x00, 0x00, 0x00, 0x00, 0x00, 0x00,
	0x00, 0x00, 0x00, 0x00, 0x00, 0x00, 0x00, 0x00,
	0x00, 0x00, 0x00, 0x00, 0x00, 0x00, 0x00, 0x00,
	0x00, 0x00, 0x00, 0x00, 0x00, 0x00, 0x00, 0x00,
	0x00, 0x00, 0x00, 0x00, 0x00, 0x00, 0x00, 0x00,
	0x00, 0x00, 0x00, 0x00, 0x00, 0x00, 0x00, 0x00,
	0x00, 0x00, 0x00, 0x00, 0x00, 0x00, 0x00, 0x00,
	0x00, 0x00, 0x00, 0x00, 0x00, 0x00, 0x00, 0x00,
	0x00, 0x00, 0x00, 0x00, 0x00, 0x00, 0x00, 0x00,
	0x00, 0x00, 0x00, 0x00, 0x00, 0x00, 0x00, 0x00,
	0x00, 0x00, 0x00, 0x00, 0x00, 0x00, 0x00, 0x00,
	0x00, 0x00, 0x00, 0x00, 0x00, 0x00, 0x00, 0x00,
	0x00, 0x00, 0x00, 0x00, 0x00, 0x00, 0x00, 0x00,
	0x00, 0x00, 0x00, 0x00, 0x00, 0x00, 0x00, 0x00,
	0x00, 0x00, 0x00, 0x00, 0x00, 0x00, 0x00, 0x00,
	0x00, 0x00, 0x00, 0x00, 0x00, 0x00, 0x00, 0x00,
	0x00, 0x00, 0x00, 0x00, 0x00, 0x00, 0x00, 0x00,
	0x00, 0x00, 0x00, 0x00, 0x00, 0x00, 0x00, 0x00,
	0x00, 0x00, 0x00, 0x00, 0x00, 0x00, 0x00, 0x00,
	0x00, 0x00, 0x00, 0x00, 0x00, 0x00, 0x00, 0x00,
	0x00, 0x00, 0x00, 0x00, 0x00, 0x00, 0x00, 0x00,
	0x00, 0x00, 0x00, 0x00, 0x00, 0x00, 0x00, 0x00,
	0x00, 0x00, 0x00, 0x00, 0x00, 0x00, 0x00, 0x00,
	0x00, 0x00, 0x00, 0x00, 0x00, 0x00, 0x00, 0x00,
	0x00, 0x00, 0x00, 0x00, 0x00, 0x00, 0x00, 0x00,
	0x00, 0x00, 0x00, 0x00, 0x00, 0x00, 0x00, 0x00,
	0x00, 0x00, 0x00, 0x00, 0x00, 0x00, 0x00, 0x00,
	0x00, 0x00, 0x00, 0x00, 0x00, 0x00, 0x00, 0x00,
	0x00, 0x00, 0x00, 0x00, 0x00, 0x00, 0x00, 0x00,
	0x00, 0x00, 0x00, 0x00, 0x00, 0x00, 0x00, 0x00,
	0x00, 0x00, 0x00, 0x00, 0x00, 0x00, 0x00, 0x00,
	0x00, 0x00, 0x00, 0x00, 0x00, 0x00, 0x00, 0x00,
	0x00, 0x00, 0x00, 0x00, 0x00, 0x00, 0x00, 0x00,
	0x00, 0x00, 0x00, 0x00, 0x00, 0x00, 0x00, 0x00,
	0x00, 0x00, 0x00, 0x00, 0x00, 0x00, 0x00, 0x00,
	0x00, 0x00, 0x00, 0x00, 0x00, 0x00, 0x00, 0x00,
	0x00, 0x00, 0x00, 0x00, 0x00, 0x00, 0x00, 0x00,
	0x00, 0x00, 0x00, 0x00, 0x00, 0x00, 0x00, 0x00,
	0x00, 0x00, 0x00, 0x00, 0x00, 0x00, 0x00, 0x00,
	0x00, 0x00, 0x00, 0x00, 0x00, 0x00, 0x00, 0x00,
	0x00, 0x00, 0x00, 0x00, 0x00, 0x00, 0x00, 0x00,
	0x00, 0x00, 0x00, 0x00, 0x00, 0x00, 0x00, 0x00,
	0x00, 0x00, 0x00, 0x00, 0x00, 0x00, 0x00, 0x00,
	0x00, 0x00, 0x00, 0x00, 0x00, 0x00, 0x00, 0x00,
	0x00, 0x00, 0x00, 0x00, 0x00, 0x00, 0x00, 0x00,
	0x00, 0x00, 0x00, 0x00, 0x00, 0x00, 0x00, 0x00,
	0x00, 0x00, 0x00, 0x00, 0x00, 0x00, 0x00, 0x00,
	0x00, 0x00, 0x00, 0x00, 0x00, 0x00, 0x00, 0x00,
	0x00, 0x00, 0x00, 0x00, 0x00, 0x00, 0x00, 0x00,
	0x00, 0x00, 0x00, 0x00, 0x00, 0x00, 0x00, 0x00,
	0x00, 0x00, 0x00, 0x00, 0x00, 0x00, 0x00, 0x00,
	0x00, 0x00, 0x00, 0x00, 0x00, 0x00, 0x00, 0x00,
	0x00, 0x00, 0x00, 0x00, 0x00, 0x00, 0x00, 0x00,
	0x00, 0x00, 0x00, 0x00, 0x00, 0x00, 0x00, 0x00,
	0x00, 0x00, 0x00, 0x00, 0x00, 0x00, 0x00, 0x00,
	0x00, 0x00, 0x00, 0x00, 0x00, 0x00, 0x00, 0x00,
	0x00, 0x00, 0x00, 0x00, 0x00, 0x00, 0x00, 0x00,
	0x00, 0x00, 0x00, 0x00, 0x00, 0x00, 0x00, 0x00,
	0x00, 0x00, 0x00, 0x00, 0x00, 0x00, 0x00, 0x00,
	0x00, 0x00, 0x00, 0x00, 0x00, 0x00, 0x00, 0x00,
	0x00, 0x00, 0x00, 0x00, 0x00, 0x00, 0x00, 0x00,
	0x00, 0x00, 0x00, 0x00, 0x00, 0x00, 0x00, 0x00,
	0x00, 0x00, 0x00, 0x00, 0x00, 0x00, 0x00, 0x00,
	0x00, 0x00, 0x00, 0x00, 0x00, 0x00, 0x00, 0x00,
	0x00, 0x00, 0x00, 0x00, 0x00, 0x00, 0x00, 0x00,
	0x00, 0x00, 0x00, 0x00, 0x00, 0x00, 0x00, 0x00,
	0x00, 0x00, 0x00, 0x00, 0x00, 0x00, 0x00, 0x00,
	0x00, 0x00, 0x00, 0x00, 0x00, 0x00, 0x00, 0x00,
	0x00, 0x00, 0x00, 0x00, 0x00, 0x00, 0x00, 0x00,
	0x00, 0x00, 0x00, 0x00, 0x00, 0x00, 0x00, 0x00,
	0x00, 0x00, 0x00, 0x00, 0x00, 0x00, 0x00, 0x00,
	0x00, 0x00, 0x00, 0x00, 0x00, 0x00, 0x00, 0x00,
	0x00, 0x00, 0x00, 0x00, 0x00, 0x00, 0x00, 0x00,
	0x00, 0x00, 0x00, 0x00, 0x00, 0x00, 0x00, 0x00,
	0x00, 0x00, 0x00, 0x00, 0x00, 0x00, 0x00, 0x00,
	0x00, 0x00, 0x00, 0x00, 0x00, 0x00, 0x00, 0x00,
	0x00, 0x00, 0x00, 0x00, 0x00, 0x00, 0x00, 0x00,
	0x00, 0x00, 0x00, 0x00, 0x00, 0x00, 0x00, 0x00,
	0x00, 0x00, 0x00, 0x00, 0x00, 0x00, 0x00, 0x00,
	0x00, 0x00, 0x00, 0x00, 0x00, 0x00, 0x00, 0x00,
	0x00, 0x00, 0x00, 0x00, 0x00, 0x00, 0x00, 0x00,
	0x00, 0x00, 0x00, 0x00, 0x00, 0x00, 0x00, 0x00,
	0x00, 0x00, 0x00, 0x00, 0x00, 0x00, 0x00, 0x00,
	0x00, 0x00, 0x00, 0x00, 0x00, 0x00, 0x00, 0x00,
	0x00, 0x00, 0x00, 0x00, 0x00, 0x00, 0x00, 0x00,
	0x00, 0x00, 0x00, 0x00, 0x00, 0x00, 0x00, 0x00,
	0x00, 0x00, 0x00, 0x00, 0x00, 0x00, 0x00, 0x00,
	0x00, 0x00, 0x00, 0x00, 0x00, 0x00, 0x00, 0x00,
	0x00, 0x00, 0x00, 0x00, 0x00, 0x00, 0x00, 0x00,
	0x00, 0x00, 0x00, 0x00, 0x00, 0x00, 0x00, 0x00,
	0x00, 0x00, 0x00, 0x00, 0x00, 0x00, 0x00, 0x00,
	0x00, 0x00, 0x00, 0x00, 0x00, 0x00, 0x00, 0x00,
	0x00, 0x00, 0x00, 0x00, 0x00, 0x00, 0x00, 0x00,
	0x00, 0x00, 0x00, 0x00, 0x00, 0x00, 0x00, 0x00,
	0x00, 0x00, 0x00, 0x00, 0x00, 0x00, 0x00, 0x00,
	0x00, 0x00, 0x00, 0x00, 0x00, 0x00, 0x00, 0x00,
	0x00, 0x00, 0x00, 0x00, 0x00, 0x00, 0x00, 0x00,
	0x00, 0x00, 0x00, 0x00, 0x00, 0x00, 0x00, 0x00,
	0x00, 0x00, 0x00, 0x00, 0x00, 0x00, 0x00, 0x00,
	0x00, 0x00, 0x00, 0x00, 0x00, 0x00, 0x00, 0x00,
	0x00, 0x00, 0x00, 0x00, 0x00, 0x00, 0x00, 0x00,
	0x00, 0x00, 0x00, 0x00, 0x00, 0x00, 0x00, 0x00,
	0x00, 0x00, 0x00, 0x00, 0x00, 0x00, 0x00, 0x00,
	0x00, 0x00, 0x00, 0x00, 0x00, 0x00, 0x00, 0x00,
	0x00, 0x00, 0x00, 0x00, 0x00, 0x00, 0x00, 0x00,
	0x00, 0x00, 0x00, 0x00, 0x00, 0x00, 0x00, 0x00,
	0x00, 0x00, 0x00, 0x00, 0x00, 0x00, 0x00, 0x00,
	0x00, 0x00, 0x00, 0x00, 0x00, 0x00, 0x00, 0x00,
	0x00, 0x00, 0x00, 0x00, 0x00, 0x00, 0x00, 0x00,
	0x00, 0x00, 0x00, 0x00, 0x00, 0x00, 0x00, 0x00,
	0x00, 0x00, 0x00, 0x00, 0x00, 0x00, 0x00, 0x00,
	0x00, 0x00, 0x00, 0x00, 0x00, 0x00, 0x00, 0x00,
	0x00, 0x00, 0x00, 0x00, 0x00, 0x00, 0x00, 0x00,
	0x00, 0x00, 0x00, 0x00, 0x00, 0x00, 0x00, 0x00,
	0x00, 0x00, 0x00, 0x00, 0x00, 0x00, 0x00, 0x00,
	0x00, 0x00, 0x00, 0x00, 0x00, 0x00, 0x00, 0x00,
	0x00, 0x00, 0x00, 0x00, 0x00, 0x00, 0x00, 0x00,
	0x00, 0x00, 0x00, 0x00, 0x00, 0x00, 0x00, 0x00,
	0x00, 0x00, 0x00, 0x00, 0x00, 0x00, 0x00, 0x00,
	0x00, 0x00, 0x00, 0x00, 0x00, 0x00, 0x00, 0x00,
	0x00, 0x00, 0x00, 0x00, 0x00, 0x00, 0x00, 0x00,
	0x00, 0x00, 0x00, 0x00, 0x00, 0x00, 0x00, 0x00,
	0x00, 0x00, 0x00, 0x00, 0x00, 0x00, 0x00, 0x00,
	0x00, 0x00, 0x00, 0x00, 0x00, 0x00, 0x00, 0x00,
	0x00, 0x00, 0x00, 0x00, 0x00, 0x00, 0x00, 0x00,
	0x00, 0x00, 0x00, 0x00, 0x00, 0x00, 0x00, 0x00,
	0x00, 0x00, 0x00, 0x00, 0x00, 0x00, 0x00, 0x00,
	0x00, 0x00, 0x00, 0x00, 0x00, 0x00, 0x00, 0x00,
	0x00, 0x00, 0x00, 0x00, 0x00, 0x00, 0x00, 0x00,
	0x00, 0x00, 0x00, 0x00, 0x00, 0x00, 0x00, 0x00,
	0x00, 0x00, 0x00, 0x00, 0x00, 0x00, 0x00, 0x00,
	0x00, 0x00, 0x00, 0x00, 0x00, 0x00, 0x00, 0x00,
	0x00, 0x00, 0x00, 0x00, 0x00, 0x00, 0x00, 0x00,
	0x00, 0x00, 0x00, 0x00, 0x00, 0x00, 0x00, 0x00,
	0x00, 0x00, 0x00, 0x00, 0x00, 0x00, 0x00, 0x00,
	0x00, 0x00, 0x00, 0x00, 0x00, 0x00, 0x00, 0x00,
	0x00, 0x00, 0x00, 0x00, 0x00, 0x00, 0x00, 0x00,
	0x00, 0x00, 0x00, 0x00, 0x00, 0x00, 0x00, 0x00,
	0x00, 0x00, 0x00, 0x00, 0x00, 0x00, 0x00, 0x00,
	0x00, 0x00, 0x00, 0x00, 0x00, 0x00, 0x00, 0x00,
	0x00, 0x00, 0x00, 0x00, 0x00, 0x00, 0x00, 0x00,
	0x00, 0x00, 0x00, 0x00, 0x00, 0x00, 0x00, 0x00,
	0x00, 0x00, 0x00, 0x00, 0x00, 0x00, 0x00, 0x00,
	0x00, 0x00, 0x00, 0x00, 0x00, 0x00, 0x00, 0x00,
	0x00, 0x00, 0x00, 0x00, 0x00, 0x00, 0x00, 0x00,
	0x00, 0x00, 0x00, 0x00, 0x00, 0x00, 0x00, 0x00,
	0x00, 0x00, 0x00, 0x00, 0x00, 0x00, 0x00, 0x00,
	0x00, 0x00, 0x00, 0x00, 0x00, 0x00, 0x00, 0x00,
	0x00, 0x00, 0x00, 0x00, 0x00, 0x00, 0x00, 0x00,
	0x00, 0x00, 0x00, 0x00, 0x00, 0x00, 0x00, 0x00,
	0x00, 0x00, 0x00, 0x00, 0x00, 0x00, 0x00, 0x00,
	0x00, 0x00, 0x00, 0x00, 0x00, 0x00, 0x00, 0x00,
	0x00, 0x00, 0x00, 0x00, 0x00, 0x00, 0x00, 0x00,
	0x00, 0x00, 0x00, 0x00, 0x00, 0x00, 0x00, 0x00,
	0x00, 0x00, 0x00, 0x00, 0x00, 0x00, 0x00, 0x00,
	0x00, 0x00, 0x00, 0x00, 0x00, 0x00, 0x00, 0x00,
	0x00, 0x00, 0x00, 0x00, 0x00, 0x00, 0x00, 0x00,
	0x00, 0x00, 0x00, 0x00, 0x00, 0x00, 0x00, 0x00,
	0x00, 0x00, 0x00, 0x00, 0x00, 0x00, 0x00, 0x00,
	0x00, 0x00, 0x00, 0x00, 0x00, 0x00, 0x00, 0x00,
	0x00, 0x00, 0x00, 0x00, 0x00, 0x00, 0x00, 0x00,
	0x00, 0x00, 0x00, 0x00, 0x00, 0x00, 0x00, 0x00,
	0x00, 0x00, 0x00, 0x00, 0x00, 0x00, 0x00, 0x00,
	0x00, 0x00, 0x00, 0x00, 0x00, 0x00, 0x00, 0x00,
	0x00, 0x00, 0x00, 0x00, 0x00, 0x00, 0x00, 0x00,
	0x00, 0x00, 0x00, 0x00, 0x00, 0x00, 0x00, 0x00,
	0x00, 0x00, 0x00, 0x00, 0x00, 0x00, 0x00, 0x00,
	0x00, 0x00, 0x00, 0x00, 0x00, 0x00, 0x00, 0x00,
	0x00, 0x00, 0x00, 0x00, 0x00, 0x00, 0x00, 0x00,
	0x00, 0x00, 0x00, 0x00, 0x00, 0x00, 0x00, 0x00,
	0x00, 0x00, 0x00, 0x00, 0x00, 0x00, 0x00, 0x00,
	0x00, 0x00, 0x00, 0x00, 0x00, 0x00, 0x00, 0x00,
	0x00, 0x00, 0x00, 0x00, 0x00, 0x00, 0x00, 0x00,
	0x00, 0x00, 0x00, 0x00, 0x00, 0x00, 0x00, 0x00,
	0x00, 0x00, 0x00, 0x00, 0x00, 0x00, 0x00, 0x00,
	0x00, 0x00, 0x00, 0x00, 0x00, 0x00, 0x00, 0x00,
	0x00, 0x00, 0x00, 0x00, 0x00, 0x00, 0x00, 0x00,
	0x00, 0x00, 0x00, 0x00, 0x00, 0x00, 0x00, 0x00,
	0x00, 0x00, 0x00, 0x00, 0x00, 0x00, 0x00, 0x00,
	0x00, 0x00, 0x00, 0x00, 0x00, 0x00, 0x00, 0x00,
	0x00, 0x00, 0x00, 0x00, 0x00, 0x00, 0x00, 0x00,
	0x00, 0x00, 0x00, 0x00, 0x00, 0x00, 0x00, 0x00,
	0x00, 0x00, 0x00, 0x00, 0x00, 0x00, 0x00, 0x00,
	0x00, 0x00, 0x00, 0x00, 0x00, 0x00, 0x00, 0x00,
	0x00, 0x00, 0x00, 0x00, 0x00, 0x00, 0x00, 0x00,
	0x00, 0x00, 0x00, 0x00, 0x00, 0x00, 0x00, 0x00,
	0x00, 0x00, 0x00, 0x00, 0x00, 0x00, 0x00, 0x00,
	0x00, 0x00, 0x00, 0x00, 0x00, 0x00, 0x00, 0x00,
	0x00, 0x00, 0x00, 0x00, 0x00, 0x00, 0x00, 0x00,
	0x00, 0x00, 0x00, 0x00, 0x00, 0x00, 0x00, 0x00,
	0x00, 0x00, 0x00, 0x00, 0x00, 0x00, 0x00, 0x00,
	0x00, 0x00, 0x00, 0x00, 0x00, 0x00, 0x00, 0x00,
	0x00, 0x00, 0x00, 0x00, 0x00, 0x00, 0x00, 0x00,
	0x00, 0x00, 0x00, 0x00, 0x00, 0x00, 0x00, 0x00,
	0x00, 0x00, 0x00, 0x00, 0x00, 0x00, 0x00, 0x00,
	0x00, 0x00, 0x00, 0x00, 0x00, 0x00, 0x00, 0x00,
	0x00, 0x00, 0x00, 0x00, 0x00, 0x00, 0x00, 0x00,
	0x00, 0x00, 0x00, 0x00, 0x00, 0x00, 0x00, 0x00,
	0x00, 0x00, 0x00, 0x00, 0x00, 0x00, 0x00, 0x00,
	0x00, 0x00, 0x00, 0x00, 0x00, 0x00, 0x00, 0x00,
	0x00, 0x00, 0x00, 0x00, 0x00, 0x00, 0x00, 0x00,
	0x00, 0x00, 0x00, 0x00, 0x00, 0x00, 0x00, 0x00,
	0x00, 0x00, 0x00, 0x00, 0x00, 0x00, 0x00, 0x00,
	0x00, 0x00, 0x00, 0x00, 0x00, 0x00, 0x00, 0x00,
	0x00, 0x00, 0x00, 0x00, 0x00, 0x00, 0x00, 0x00,
	0x00, 0x00, 0x00, 0x00, 0x00, 0x00, 0x00, 0x00,
	0x00, 0x00, 0x00, 0x00, 0x00, 0x00, 0x00, 0x00,
	0x00, 0x00, 0x00, 0x00, 0x00, 0x00, 0x00, 0x00,
	0x00, 0x00, 0x00, 0x00, 0x00, 0x00, 0x00, 0x00,
	0x00, 0x00, 0x00, 0x00, 0x00, 0x00, 0x00, 0x00,
	0x00, 0x00, 0x00, 0x00, 0x00, 0x00, 0x00, 0x00,
	0x00, 0x00, 0x00, 0x00, 0x00, 0x00, 0x00, 0x00,
	0x00, 0x00, 0x00, 0x00, 0x00, 0x00, 0x00, 0x00,
	0x00, 0x00, 0x00, 0x00, 0x00, 0x00, 0x00, 0x00,
	0x00, 0x00, 0x00, 0x00, 0x00, 0x00, 0x00, 0x00,
	0x00, 0x00, 0x00, 0x00, 0x00, 0x00, 0x00, 0x00,
	0x00, 0x00, 0x00, 0x00, 0x00, 0x00, 0x00, 0x00,
	0x00, 0x00, 0x00, 0x00, 0x00, 0x00, 0x00, 0x00,
	0x00, 0x00, 0x00, 0x00, 0x00, 0x00, 0x00, 0x00,
	0x00, 0x00, 0x00, 0x00, 0x00, 0x00, 0x00, 0x00,
	0x00, 0x00, 0x00, 0x00, 0x00, 0x00, 0x00, 0x00,
	0x00, 0x00, 0x00, 0x00, 0x00, 0x00, 0x00, 0x00,
	0x00, 0x00, 0x00, 0x00, 0x00, 0x00, 0x00, 0x00,
	0x00, 0x00, 0x00, 0x00, 0x00, 0x00, 0x00, 0x00,
	0x00, 0x00, 0x00, 0x00, 0x00, 0x00, 0x00, 0x00,
	0x00, 0x00, 0x00, 0x00, 0x00, 0x00, 0x00, 0x00,
	0x00, 0x00, 0x00, 0x00, 0x00, 0x00, 0x00, 0x00,
	0x00, 0x00, 0x00, 0x00, 0x00, 0x00, 0x00, 0x00,
	0x00, 0x00, 0x00, 0x00, 0x00, 0x00, 0x00, 0x00,
	0x00, 0x00, 0x00, 0x00, 0x00, 0x00, 0x00, 0x00,
	0x00, 0x00, 0x00, 0x00, 0x00, 0x00, 0x00, 0x00,
	0x00, 0x00, 0x00, 0x00, 0x00, 0x00, 0x00, 0x00,
	0x00, 0x00, 0x00, 0x00, 0x00, 0x00, 0x00, 0x00,
	0x00, 0x00, 0x00, 0x00, 0x00, 0x00, 0x00, 0x00,
	0x00, 0x00, 0x00, 0x00, 0x00, 0x00, 0x00, 0x00,
	0x00, 0x00, 0x00, 0x00, 0x00, 0x00, 0x00, 0x00,
	0x00, 0x00, 0x00, 0x00, 0x00, 0x00, 0x00, 0x00,
	0x00, 0x00, 0x00, 0x00, 0x00, 0x00, 0x00, 0x00,
	0x00, 0x00, 0x00, 0x00, 0x00, 0x00, 0x00, 0x00,
	0x00, 0x00, 0x00, 0x00, 0x00, 0x00, 0x00, 0x00,
	0x00, 0x00, 0x00, 0x00, 0x00, 0x00, 0x00, 0x00,
	0x00, 0x00, 0x00, 0x00, 0x00, 0x00, 0x00, 0x00,
	0x00, 0x00, 0x00, 0x00, 0x00, 0x00, 0x00, 0x00,
	0x00, 0x00, 0x00, 0x00, 0x00, 0x00, 0x00, 0x00,
	0x00, 0x00, 0x00, 0x00, 0x00, 0x00, 0x00, 0x00,
	0x00, 0x00, 0x00, 0x00, 0x00, 0x00, 0x00, 0x00,
	0x00, 0x00, 0x00, 0x00, 0x00, 0x00, 0x00, 0x00,
	0x00, 0x00, 0x00, 0x00, 0x00, 0x00, 0x00, 0x00,
	0x00, 0x00, 0x00, 0x00, 0x00, 0x00, 0x00, 0x00,
	0x00, 0x00, 0x00, 0x00, 0x00, 0x00, 0x00, 0x00,
	0x00, 0x00, 0x00, 0x00, 0x00, 0x00, 0x00, 0x00,
	0x00, 0x00, 0x00, 0x00, 0x00, 0x00, 0x00, 0x00,
	0x00, 0x00, 0x00, 0x00, 0x00, 0x00, 0x00, 0x00,
	0x00, 0x00, 0x00, 0x00, 0x00, 0x00, 0x00, 0x00,
	0x00, 0x00, 0x00, 0x00, 0x00, 0x00, 0x00, 0x00,
	0x00, 0x00, 0x00, 0x00, 0x00, 0x00, 0x00, 0x00,
	0x00, 0x00, 0x00, 0x00, 0x00, 0x00, 0x00, 0x00,
	0x00, 0x00, 0x00, 0x00, 0x00, 0x00, 0x00, 0x00,
	0x00, 0x00, 0x00, 0x00, 0x00, 0x00, 0x00, 0x00,
	0x00, 0x00, 0x00, 0x00, 0x00, 0x00, 0x00, 0x00,
	0x00, 0x00, 0x00, 0x00, 0x00, 0x00, 0x00, 0x00,
	0x00, 0x00, 0x00, 0x00, 0x00, 0x00, 0x00, 0x00,
	0x00, 0x00, 0x00, 0x00, 0x00, 0x00, 0x00, 0x00,
	0x00, 0x00, 0x00, 0x00, 0x00, 0x00, 0x00, 0x00,
	0x00, 0x00, 0x00, 0x00, 0x00, 0x00, 0x00, 0x00,
	0x00, 0x00, 0x00, 0x00, 0x00, 0x00, 0x00, 0x00,
	0x00, 0x00, 0x00, 0x00, 0x00, 0x00, 0x00, 0x00,
	0x00, 0x00, 0x00, 0x00, 0x00, 0x00, 0x00, 0x00,
	0x00, 0x00, 0x00, 0x00, 0x00, 0x00, 0x00, 0x00,
	0x00, 0x00, 0x00, 0x00, 0x00, 0x00, 0x00, 0x00,
	0x00, 0x00, 0x00, 0x00, 0x00, 0x00, 0x00, 0x00,
	0x00, 0x00, 0x00, 0x00, 0x00, 0x00, 0x00, 0x00,
	0x00, 0x00, 0x00, 0x00, 0x00, 0x00, 0x00, 0x00,
	0x00, 0x00, 0x00, 0x00, 0x00, 0x00, 0x00, 0x00,
	0x00, 0x00, 0x00, 0x00, 0x00, 0x00, 0x00, 0x00,
	0x00, 0x00, 0x00, 0x00, 0x00, 0x00, 0x00, 0x00,
	0x00, 0x00, 0x00, 0x00, 0x00, 0x00, 0x00, 0x00,
	0x00, 0x00, 0x00, 0x00, 0x00, 0x00, 0x00, 0x00,
	0x00, 0x00, 0x00, 0x00, 0x00, 0x00, 0x00, 0x00,
	0x00, 0x00, 0x00, 0x00, 0x00, 0x00, 0x00, 0x00,
	0x00, 0x00, 0x00, 0x00, 0x00, 0x00, 0x00, 0x00,
	0x00, 0x00, 0x00, 0x00, 0x00, 0x00, 0x00, 0x00,
	0x00, 0x00, 0x00, 0x00, 0x00, 0x00, 0x00, 0x00,
	0x00, 0x00, 0x00, 0x00, 0x00, 0x00, 0x00, 0x00,
	0x00, 0x00, 0x00, 0x00, 0x00, 0x00, 0x00, 0x00,
	0x00, 0x00, 0x00, 0x00, 0x00, 0x00, 0x00, 0x00,
	0x00, 0x00, 0x00, 0x00, 0x00, 0x00, 0x00, 0x00,
	0x00, 0x00, 0x00, 0x00, 0x00, 0x00, 0x00, 0x00,
	0x00, 0x00, 0x00, 0x00, 0x00, 0x00, 0x00, 0x00,
	0x00, 0x00, 0x00, 0x00, 0x00, 0x00, 0x00, 0x00,
	0x00, 0x00, 0x00, 0x00, 0x00, 0x00, 0x00, 0x00,
	0x00, 0x00, 0x00, 0x00, 0x00, 0x00, 0x00, 0x00,
	0x00, 0x00, 0x00, 0x00, 0x00, 0x00, 0x00, 0x00,
	0x00, 0x00, 0x00, 0x00, 0x00, 0x00, 0x00, 0x00,
	0x00, 0x00, 0x00, 0x00, 0x00, 0x00, 0x00, 0x00,
	0x00, 0x00, 0x00, 0x00, 0x00, 0x00, 0x00, 0x00,
	0x00, 0x00, 0x00, 0x00, 0x00, 0x00, 0x00, 0x00,
	0x00, 0x00, 0x00, 0x00, 0x00, 0x00, 0x00, 0x00,
	0x00, 0x00, 0x00, 0x00, 0x00, 0x00, 0x00, 0x00,
	0x00, 0x00, 0x00, 0x00, 0x00, 0x00, 0x00, 0x00,
	0x00, 0x00, 0x00, 0x00, 0x00, 0x00, 0x00, 0x00,
	0x00, 0x00, 0x00, 0x00, 0x00, 0x00, 0x00, 0x00,
	0x00, 0x00, 0x00, 0x00, 0x00, 0x00, 0x00, 0x00,
	0x00, 0x00, 0x00, 0x00, 0x00, 0x00, 0x00, 0x00,
	0x00, 0x00, 0x00, 0x00, 0x00, 0x00, 0x00, 0x00,
	0x00, 0x00, 0x00, 0x00, 0x00, 0x00, 0x00, 0x00,
	0x00, 0x00, 0x00, 0x00, 0x00, 0x00, 0x00, 0x00,
	0x00, 0x00, 0x00, 0x00, 0x00, 0x00, 0x00, 0x00,
	0x00, 0x00, 0x00, 0x00, 0x00, 0x00, 0x00, 0x00,
	0x00, 0x00, 0x00, 0x00, 0x00, 0x00, 0x00, 0x00,
	0x00, 0x00, 0x00, 0x00, 0x00, 0x00, 0x00, 0x00,
	0x00, 0x00, 0x00, 0x00, 0x00, 0x00, 0x00, 0x00,
	0x00, 0x00, 0x00, 0x00, 0x00, 0x00, 0x00, 0x00,
	0x00, 0x00, 0x00, 0x00, 0x00, 0x00, 0x00, 0x00,
	0x00, 0x00, 0x00, 0x00, 0x00, 0x00, 0x00, 0x00,
	0x00, 0x00, 0x00, 0x00, 0x00, 0x00, 0x00, 0x00,
	0x00, 0x00, 0x00, 0x00, 0x00, 0x00, 0x00, 0x00,
	0x00, 0x00, 0x00, 0x00, 0x00, 0x00, 0x00, 0x00,
	0x00, 0x00, 0x00, 0x00, 0x00, 0x00, 0x00, 0x00,
	0x00, 0x00, 0x00, 0x00, 0x00, 0x00, 0x00, 0x00,
	0x00, 0x00, 0x00, 0x00, 0x00, 0x00, 0x00, 0x00,
	0x00, 0x00, 0x00, 0x00, 0x00, 0x00, 0x00, 0x00,
	0x00, 0x00, 0x00, 0x00, 0x00, 0x00, 0x00, 0x00,
	0x00, 0x00, 0x00, 0x00, 0x00, 0x00, 0x00, 0x00,
	0x00, 0x00, 0x00, 0x00, 0x00, 0x00, 0x00, 0x00,
	0x00, 0x00, 0x00, 0x00, 0x00, 0x00, 0x00, 0x00,
	0x00, 0x00, 0x00, 0x00, 0x00, 0x00, 0x00, 0x00,
	0x00, 0x00, 0x00, 0x00, 0x00, 0x00, 0x00, 0x00,
	0x00, 0x00, 0x00, 0x00, 0x00, 0x00, 0x00, 0x00,
	0x00, 0x00, 0x00, 0x00, 0x00, 0x00, 0x00, 0x00,
	0x00, 0x00, 0x00, 0x00, 0x00, 0x00, 0x00, 0x00,
	0x00, 0x00, 0x00, 0x00, 0x00, 0x00, 0x00, 0x00,
	0x00, 0x00, 0x00, 0x00, 0x00, 0x00, 0x00, 0x00,
	0x00, 0x00, 0x00, 0x00, 0x00, 0x00, 0x00, 0x00,
	0x00, 0x00, 0x00, 0x00, 0x00, 0x00, 0x00, 0x00,
	0x00, 0x00, 0x00, 0x00, 0x00, 0x00, 0x00, 0x00,
	0x00, 0x00, 0x00, 0x00, 0x00, 0x00, 0x00, 0x00,
	0x00, 0x00, 0x00, 0x00, 0x00, 0x00, 0x00, 0x00,
	0x00, 0x00, 0x00, 0x00, 0x00, 0x00, 0x00, 0x00,
	0x00, 0x00, 0x00, 0x00, 0x00, 0x00, 0x00, 0x00,
	0x00, 0x00, 0x00, 0x00, 0x00, 0x00, 0x00, 0x00,
	0x00, 0x00, 0x00, 0x00, 0x00, 0x00, 0x00, 0x00,
	0x00, 0x00, 0x00, 0x00, 0x00, 0x00, 0x00, 0x00,
	0x00, 0x00, 0x00, 0x00, 0x00, 0x00, 0x00, 0x00,
	0x00, 0x00, 0x00, 0x00, 0x00, 0x00, 0x00, 0x00,
	0x00, 0x00, 0x00, 0x00, 0x00, 0x00, 0x00, 0x00,
	0x00, 0x00, 0x00, 0x00, 0x00, 0x00, 0x00, 0x00,
	0x00, 0x00, 0x00, 0x00, 0x00, 0x00, 0x00, 0x00,
	0x00, 0x00, 0x00, 0x00, 0x00, 0x00, 0x00, 0x00,
	0x00, 0x00, 0x00, 0x00, 0x00, 0x00, 0x00, 0x00,
	0x00, 0x00, 0x00, 0x00, 0x00, 0x00, 0x00, 0x00,
	0x00, 0x00, 0x00, 0x00, 0x00, 0x00, 0x00, 0x00,
	0x00, 0x00, 0x00, 0x00, 0x00, 0x00, 0x00, 0x00,
	0x00, 0x00, 0x00, 0x00, 0x00, 0x00, 0x00, 0x00,
	0x00, 0x00, 0x00, 0x00, 0x00, 0x00, 0x00, 0x00,
	0x00, 0x00, 0x00, 0x00, 0x00, 0x00, 0x00, 0x00,
	0x00, 0x00, 0x00, 0x00
};

static void reset_sspm(struct mtk_mcu *mcu)
{
	mmio_write_32(SSPM_SW_RSTN, 0x1);
}

static struct mtk_mcu sspm = {
	.firmware_name = CONFIG_SSPM_FIRMWARE,
	.load_buffer = sspm_binary,
	.run_address = (void *) SSPM_SRAM_BASE,
	.run_size = 137348,
	.reset = reset_sspm,
};

int sspm_init(void)
{
	NOTICE("MT8188 %s\n", __func__);

	if (mtk_init_mcu(&sspm))
		ERROR("%s() failed\n", __func__);
	return 0;
}

MTK_PLAT_SETUP_0_INIT(sspm_init);